tx,block,ts,recipe,kind,wallet,owner,pool,out_tokens,in_tokens,v_out_usd,v_in_usd,leak,fee_service_usd,fee_gas_usd,bot_gas_usd,hf_before,hf_after,sr_before,sr_after,error
0x333a8d788a1591005b76868ff0d25caa213c6e0dc291b75d2fe7359886e6ee6d,23422965,1758597155,AaveV3Repay,repay,0xfb64077abffffd8b94309ebe464a4756dc09dfe2,0xfb64077abffffd8b94309ebe464a4756dc09dfe2,0x87870bca3f3fd6335c3f4ce8392d69350b4fa4e2,0xc02aaa39b223fe8d0a0e5c4f27ead9083c756cc2,0xa0b86991c6218b36c1d19d4a2e9eb0ce3606eb48,149142.0478,148677.3279,0.003116,372.8551,85.4089,11.5509,1.3893535616510966,1.545846717179333,1.3475055628061812,1.4992850690715152,
0x956178bb970d90efb56e1844ecbd87f99b9a6343d8f355555f3fabd34f5c4822,23433612,1758725567,AaveV3Boost,boost,0x374dc0be7a30933ffd4b38d1c0d571a9e04d6b5c,0x374dc0be7a30933ffd4b38d1c0d571a9e04d6b5c,0x87870bca3f3fd6335c3f4ce8392d69350b4fa4e2,0xdac17f958d2ee523a2206206994597c13d831ec7,0x7fc66500c84a76ad7e9c93437bfc5ac33e2ddae9,21638.8396,21538.0959,0.004656,54.0971,19.5608,8.6596,1.268577351488671,1.211626685043252,1.1517346984195298,1.100029488346983,
0xd37f2a23cc5c6748659cc99972835b852d9870169f2198cdcc1be25fa451c9d0,23436772,1758763667,AaveV3Repay,repay,0x9b94570ca357d3d051839f58b4356c87daceaf6c,0x9b94570ca357d3d051839f58b4356c87daceaf6c,0x87870bca3f3fd6335c3f4ce8392d69350b4fa4e2,0xae78736cd615f374d3085123a210448e74fc6393,0xa0b86991c6218b36c1d19d4a2e9eb0ce3606eb48,21686.482,21536.6069,0.006911,54.2162,23.1196,12.4234,1.4266882133297656,1.585398746059142,1.3487720002367407,1.4979675707036433,
0xe2bbb389131614f82a39220c703134508caf55f10cb8f36b692f816f5f3f5ec9,23437801,1758776123,AaveV3Repay,repay,0xb68ee3777f2f3c0b877df9b7371a304a1bf64991,0xb68ee3777f2f3c0b877df9b7371a304a1bf64991,0x87870bca3f3fd6335c3f4ce8392d69350b4fa4e2,0xc02aaa39b223fe8d0a0e5c4f27ead9083c756cc2,0x6b175474e89094c44da98b954eedeac495271d0f,10862.4295,10216.6431,0.059451,27.1561,621.7854,616.5313,1.3834510743033195,1.528119813332166,1.3417808612217255,1.4820921081111567,
0x964e5749ec95c6a4eb6494b8b8bcefd4ff2ec8cccb3ed3bd838a6bb7ed00735b,23440422,1758807743,AaveV3Repay,repay,0x4a601d914e74848a4e775ad47d095ef9e7752e44,0x4a601d914e74848a4e775ad47d095ef9e7752e44,0x87870bca3f3fd6335c3f4ce8392d69350b4fa4e2,0xa35b1b31ce002fbf2058d22f30f95d405200a15b,0xa0b86991c6218b36c1d19d4a2e9eb0ce3606eb48,44637.9479,44418.7254,0.004911,111.5949,55.7107,33.4246,1.4026685432791826,1.5620579695485988,1.3448801295313226,1.4960049614223665,
0x72b230b49bb942be7a8878e358078ebf59d33c0caf4fa2650b74e0dc23f88b0d,23441344,1758818903,AaveV3Repay,repay,0x877fc51036b47bd059737266ad3f8db6180b6e19,0x877fc51036b47bd059737266ad3f8db6180b6e19,0x87870bca3f3fd6335c3f4ce8392d69350b4fa4e2,0xc02aaa39b223fe8d0a0e5c4f27ead9083c756cc2,0x6b175474e89094c44da98b954eedeac495271d0f,18326.9818,18261.0229,0.003599,45.8175,28.8895,19.5294,1.399292519076634,1.5575417181855788,1.347337058399192,1.4980503916743633,
0x2720807574a4ffcd53f1d9e48c25c7d353b9f668b98f74c3e0283b9eaf7161d2,23441344,1758818903,AaveV3Repay,repay,0x30dee05ccf2472306f6013e1740ed762e4689f5c,0x30dee05ccf2472306f6013e1740ed762e4689f5c,0x87870bca3f3fd6335c3f4ce8392d69350b4fa4e2,0xc02aaa39b223fe8d0a0e5c4f27ead9083c756cc2,0x6b175474e89094c44da98b954eedeac495271d0f,38517.9916,38411.2281,0.002772,96.295,37.6798,18.0764,1.3896245643697804,1.5448837918048202,1.3477684027923689,1.4983511474732913,
0x08bf1db23b45935803d0010e430a0a9609dbbdd0edd8229b9f3585a95dd06cc0,23441489,1758820655,AaveV3Repay,repay,0xe6d0f3ca19ff7d0767272c22f2c9a4a42bfe41aa,0xe6d0f3ca19ff7d0767272c22f2c9a4a42bfe41aa,0x87870bca3f3fd6335c3f4ce8392d69350b4fa4e2,0x2260fac5e5542a773aa44fbcfedf7c193bc2c599,0xa0b86991c6218b36c1d19d4a2e9eb0ce3606eb48,47640.5367,47227.1364,0.008677,119.1007,92.2785,68.9167,1.3821384094481504,1.4931287875726444,1.2935397934578816,1.3974154037538729,
0x6d61753a055caeb5e5a6c88c4829e3430e5c678282877c01961efe61bb82a28d,23447159,1758889343,AaveV3Boost,boost,0xee60f36b6e97f4a57f1e87c1fcb1f0ddbd9a3782,0xee60f36b6e97f4a57f1e87c1fcb1f0ddbd9a3782,0x87870bca3f3fd6335c3f4ce8392d69350b4fa4e2,0xdac17f958d2ee523a2206206994597c13d831ec7,0x7f39c581f595b53c5cb19bd0b3f8da6c935e2ca0,20104.9569,20133.8231,-0.001436,50.2624,16.492,6.6025,1.4714410558785656,1.3427913109178493,1.4242092852104444,1.299801252131522,
0x72ef928f58be1b1f01855c77eda8fa67ea75a350c5b86eaf0fabb62cb2fb132c,23471075,1759178171,AaveV3Boost,boost,0x30dee05ccf2472306f6013e1740ed762e4689f5c,0x30dee05ccf2472306f6013e1740ed762e4689f5c,0x87870bca3f3fd6335c3f4ce8392d69350b4fa4e2,0x6b175474e89094c44da98b954eedeac495271d0f,0xc02aaa39b223fe8d0a0e5c4f27ead9083c756cc2,20347.5195,20247.1649,0.004932,50.8688,21.3555,10.8726,1.6537030360037532,1.5473261480951759,1.6038927035939559,1.5007199388151882,
0x1909c62802c5d9a68ab8e4460e038876fb35ddfaa9e094683fcd6f0cc8b2fd2f,23471076,1759178183,AaveV3Boost,boost,0xee60f36b6e97f4a57f1e87c1fcb1f0ddbd9a3782,0xee60f36b6e97f4a57f1e87c1fcb1f0ddbd9a3782,0x87870bca3f3fd6335c3f4ce8392d69350b4fa4e2,0xdac17f958d2ee523a2206206994597c13d831ec7,0x7f39c581f595b53c5cb19bd0b3f8da6c935e2ca0,20787.9292,20665.9474,0.005868,51.9698,38.2795,30.607,1.449574238181862,1.341540695979739,1.403270265671444,1.2989056144084656,
0x15539235a121c60826b0af417d309032ff88a9d389fbe44a5d5c1eeaca9fb484,23471148,1759179047,AaveV3Boost,boost,0x374dc0be7a30933ffd4b38d1c0d571a9e04d6b5c,0x374dc0be7a30933ffd4b38d1c0d571a9e04d6b5c,0x87870bca3f3fd6335c3f4ce8392d69350b4fa4e2,0xdac17f958d2ee523a2206206994597c13d831ec7,0x7fc66500c84a76ad7e9c93437bfc5ac33e2ddae9,21090.5753,21010.7717,0.003784,52.7264,20.8699,10.2411,1.2696919858370341,1.212490492281012,1.1527466689969217,1.1008137343207056,
0x126d939c3ae24046a0ff052bfc05e5bc0295c140b21b269e0c7abe26355120c3,23472934,1759200623,AaveV3Boost,boost,0xe6d0f3ca19ff7d0767272c22f2c9a4a42bfe41aa,0xe6d0f3ca19ff7d0767272c22f2c9a4a42bfe41aa,0x87870bca3f3fd6335c3f4ce8392d69350b4fa4e2,0xa0b86991c6218b36c1d19d4a2e9eb0ce3606eb48,0x2260fac5e5542a773aa44fbcfedf7c193bc2c599,48292.6176,48194.3578,0.002035,120.7315,27.144,3.1465,1.4971261050585682,1.3892626720896055,1.4011564829394245,1.3002073725966694,
0x49ebbc8e08e73c2cb62791739c5cd53b801cd6dc2fb1b2494d194450fe4bdd85,23482131,1759311743,AaveV3Boost,boost,0x374dc0be7a30933ffd4b38d1c0d571a9e04d6b5c,0x374dc0be7a30933ffd4b38d1c0d571a9e04d6b5c,0x87870bca3f3fd6335c3f4ce8392d69350b4fa4e2,0xdac17f958d2ee523a2206206994597c13d831ec7,0x7fc66500c84a76ad7e9c93437bfc5ac33e2ddae9,28643.4583,28333.604,0.010818,71.6086,22.337,8.3663,1.2400498489353016,1.1757965859316126,1.163148774168562,1.099963283031194,
0x4f170a8dee515242fc4af1edc5b0898c0e955055a3173a6079cd659d22b9153e,23486404,1759363451,AaveV3Boost,boost,0x366d1115ccb1ccbb4b14d34df0cde3d5e5df5922,0x366d1115ccb1ccbb4b14d34df0cde3d5e5df5922,0x87870bca3f3fd6335c3f4ce8392d69350b4fa4e2,0xa0b86991c6218b36c1d19d4a2e9eb0ce3606eb48,0xc02aaa39b223fe8d0a0e5c4f27ead9083c756cc2,19159.4132,19102.7627,0.002957,47.8985,18.5088,9.1768,1.4440871817300538,1.289856967401739,1.4005905798705451,1.2510058539256543,
0x8d802874fc97ffa9d6b738f8a701ccda2ab2578f81c623e106d7e31f0ca5f464,23486931,1759369799,AaveV3Boost,boost,0x877fc51036b47bd059737266ad3f8db6180b6e19,0x877fc51036b47bd059737266ad3f8db6180b6e19,0x87870bca3f3fd6335c3f4ce8392d69350b4fa4e2,0x6b175474e89094c44da98b954eedeac495271d0f,0xc02aaa39b223fe8d0a0e5c4f27ead9083c756cc2,14343.1952,14279.3259,0.004453,35.858,17.9616,10.2441,1.7168408405989768,1.556707887872779,1.6516925508452343,1.4988072481372738,
0xf9830c016e0aa4951387311c41719599d947a4b89f3c91b55096534351c3de36,23488335,1759386743,AaveV3Boost,boost,0x55fe70792bfa23a8907e6e666f5e3415f2fd3ab5,0x55fe70792bfa23a8907e6e666f5e3415f2fd3ab5,0x87870bca3f3fd6335c3f4ce8392d69350b4fa4e2,0xdac17f958d2ee523a2206206994597c13d831ec7,0xc02aaa39b223fe8d0a0e5c4f27ead9083c756cc2,1936645.4488,1931391.9341,0.002713,4841.6136,979.2052,14.0164,1.3324161914007575,1.2375217835212695,1.2918339316505254,1.1999744498827425,
0x652a5f070882ebd20c087375f0bc2c46d018f9d95fe9537833147c3b78d254d0,23492097,1759432175,AaveV3Boost,boost,0x4f9dee86469f70f56d9d8fd501f20d9ce78fa3fd,0x4f9dee86469f70f56d9d8fd501f20d9ce78fa3fd,0x87870bca3f3fd6335c3f4ce8392d69350b4fa4e2,0xa0b86991c6218b36c1d19d4a2e9eb0ce3606eb48,0xc02aaa39b223fe8d0a0e5c4f27ead9083c756cc2,6607.5852,6563.6811,0.006644,16.519,20.7293,18.0497,2.0640854619850315,1.9078982631167636,2.0019142131299557,1.8504314479626367,
0xc889aa240ea94d0efe8aa7591e6acbd2c38a50c2b5efc921b322d65c0e0b8bb5,23492097,1759432175,AaveV3Boost,boost,0x30dee05ccf2472306f6013e1740ed762e4689f5c,0x30dee05ccf2472306f6013e1740ed762e4689f5c,0x87870bca3f3fd6335c3f4ce8392d69350b4fa4e2,0x6b175474e89094c44da98b954eedeac495271d0f,0xc02aaa39b223fe8d0a0e5c4f27ead9083c756cc2,23456.9159,23357.8352,0.004224,58.6423,22.6519,11.6454,1.6538395175430498,1.5471353722849444,1.6040250742435491,1.50053490926431,
0xf815581ebf966e700596937229fb3c418099901974dad726c7ef062b4e4f0d65,23494468,1759460939,AaveV3Boost,boost,0xee60f36b6e97f4a57f1e87c1fcb1f0ddbd9a3782,0xee60f36b6e97f4a57f1e87c1fcb1f0ddbd9a3782,0x87870bca3f3fd6335c3f4ce8392d69350b4fa4e2,0xdac17f958d2ee523a2206206994597c13d831ec7,0x7f39c581f595b53c5cb19bd0b3f8da6c935e2ca0,24873.1075,24830.7712,0.001702,62.1828,31.8368,20.8373,1.4488698509682156,1.3419482655299966,1.402770003488253,1.2994011989371168,
0x590c818ae4a4bf53d1f1d3d9bf62d6a51c19cf844322e7a33c7c8305d3a6eddf,23494468,1759460939,AaveV3Boost,boost,0x0794defcc715d29be0b2932bd27a575a31c2a86b,0x0794defcc715d29be0b2932bd27a575a31c2a86b,0x87870bca3f3fd6335c3f4ce8392d69350b4fa4e2,0xa0b86991c6218b36c1d19d4a2e9eb0ce3606eb48,0xcd5fe23c85820f7b72d0926fc9b05b43e359b7ee,4521.8777,4504.7528,0.003787,11.3047,14.8932,12.7646,1.7045015301591515,1.548527560826857,1.6512358573416095,1.500136074550761,
0xea8de92ccd550eede6914e1da33cb6296bf22217f18a4df99d94ffbb0f5e442f,23494469,1759460951,AaveV3Boost,boost,0xfb64077abffffd8b94309ebe464a4756dc09dfe2,0xfb64077abffffd8b94309ebe464a4756dc09dfe2,0x87870bca3f3fd6335c3f4ce8392d69350b4fa4e2,0xa0b86991c6218b36c1d19d4a2e9eb0ce3606eb48,0xc02aaa39b223fe8d0a0e5c4f27ead9083c756cc2,117603.3318,117476.4359,0.001079,294.0083,62.0774,3.4405,1.7059406821823577,1.5466624344079263,1.65455692669493,1.500076216504065,
0x23ec0d95f14f5abe1e3d36406aed75f369457b395ca296f26bf51862326672c8,23498513,1759509695,AaveV3Boost,boost,0x374dc0be7a30933ffd4b38d1c0d571a9e04d6b5c,0x374dc0be7a30933ffd4b38d1c0d571a9e04d6b5c,0x87870bca3f3fd6335c3f4ce8392d69350b4fa4e2,0xdac17f958d2ee523a2206206994597c13d831ec7,0x7fc66500c84a76ad7e9c93437bfc5ac33e2ddae9,25579.4717,25536.2367,0.00169,63.9487,38.8265,26.3994,1.2732508705521812,1.2126054217493454,1.1559777628524448,1.1009180792125346,
0x64455ad778f4fb0db17d26d71c1dd78390f42e87335a8b68b2e931a81898c86b,23509280,1759639691,AaveV3Boost,boost,0xe3c62c987c73c999b8b68cd255092bede819f9c0,0xe3c62c987c73c999b8b68cd255092bede819f9c0,0x87870bca3f3fd6335c3f4ce8392d69350b4fa4e2,0xa0b86991c6218b36c1d19d4a2e9eb0ce3606eb48,0x18084fba666a33d37592fa2633fd49a74dd93a88,27440.2479,27335.719,0.003809,68.6006,34.329,22.0429,1.765830776023372,1.6024850481287525,1.652636495509023,1.4997616476076412,
0x24fb1b3ab62d4802670a8992b3dfe4c420a84870ad8531f63b90f4a91fcbe55a,23510218,1759651055,AaveV3Boost,boost,0xb68ee3777f2f3c0b877df9b7371a304a1bf64991,0xb68ee3777f2f3c0b877df9b7371a304a1bf64991,0x87870bca3f3fd6335c3f4ce8392d69350b4fa4e2,0x6b175474e89094c44da98b954eedeac495271d0f,0xc02aaa39b223fe8d0a0e5c4f27ead9083c756cc2,10702.7514,10672.8926,0.00279,26.7569,9.1414,3.7492,1.7636533093310118,1.5465590697821645,1.7105312217003057,1.4999759652704467,
0xe34aff1ac1a583031267f72dac807da27480efaedb4ef05ccde48d5144f66dcc,23548255,1760110475,AaveV3Repay,repay,0x4f9dee86469f70f56d9d8fd501f20d9ce78fa3fd,0x4f9dee86469f70f56d9d8fd501f20d9ce78fa3fd,0x87870bca3f3fd6335c3f4ce8392d69350b4fa4e2,0xc02aaa39b223fe8d0a0e5c4f27ead9083c756cc2,0xa0b86991c6218b36c1d19d4a2e9eb0ce3606eb48,8371.3809,8295.923,0.009014,20.9285,97.9852,92.095,1.7367849938100528,1.9055390704668127,1.6844721927916328,1.8481433153321718,
0x8f7b1423afad0efda5f6a5c953ca30aee34c37dd41e57b7c0bcb4ff05e012ad7,23548261,1760110547,AaveV3Repay,repay,0x9b94570ca357d3d051839f58b4356c87daceaf6c,0x9b94570ca357d3d051839f58b4356c87daceaf6c,0x87870bca3f3fd6335c3f4ce8392d69350b4fa4e2,0xae78736cd615f374d3085123a210448e74fc6393,0xa0b86991c6218b36c1d19d4a2e9eb0ce3606eb48,19539.1248,19186.7173,0.018036,48.8478,181.9473,165.3467,1.427032743013286,1.5851697664750626,1.3484777141673785,1.4970617496065932,
0xa99d8dbd0f9d3d5346307decb090243c9de2b6458068c68bb5e77269e62964f3,23548262,1760110559,AaveV3Repay,repay,0xb68ee3777f2f3c0b877df9b7371a304a1bf64991,0xb68ee3777f2f3c0b877df9b7371a304a1bf64991,0x87870bca3f3fd6335c3f4ce8392d69350b4fa4e2,0xc02aaa39b223fe8d0a0e5c4f27ead9083c756cc2,0x6b175474e89094c44da98b954eedeac495271d0f,11330.8488,11204.9632,0.01111,28.3271,99.5005,97.1004,1.3749282270357635,1.5465183433674181,1.3335147262213585,1.499936465555041,
0x10d65a2fa1f90513972a93c45176a835bde41e640bfd9ea8070dbed2bdd2c228,23548295,1760110955,AaveV3Repay,repay,0xfb64077abffffd8b94309ebe464a4756dc09dfe2,0xfb64077abffffd8b94309ebe464a4756dc09dfe2,0x87870bca3f3fd6335c3f4ce8392d69350b4fa4e2,0xc02aaa39b223fe8d0a0e5c4f27ead9083c756cc2,0xa0b86991c6218b36c1d19d4a2e9eb0ce3606eb48,141270.8657,140984.5291,0.002027,353.1772,199.2018,135.5213,1.3905838829237056,1.545957147986994,1.348698826209132,1.4993921736500353,
0xc5cc887a48a57d69c1da8fb12b3e5cddd881b6cbb9a056b5a945da9045d902e3,23548295,1760110955,AaveV3Repay,repay,0x0794defcc715d29be0b2932bd27a575a31c2a86b,0x0794defcc715d29be0b2932bd27a575a31c2a86b,0x87870bca3f3fd6335c3f4ce8392d69350b4fa4e2,0xcd5fe23c85820f7b72d0926fc9b05b43e359b7ee,0xa0b86991c6218b36c1d19d4a2e9eb0ce3606eb48,5698.7132,5604.7786,0.016483,14.2468,99.7037,94.5465,1.3925116593346207,1.5490496661171225,1.348995669980224,1.5006418640508419,
0x4bda749cd940cc3ba5a9bc2d3a5c4874ed2d743200b75115b06bfafe6ee23ab7,23549304,1760123195,AaveV3Repay,repay,0x30dee05ccf2472306f6013e1740ed762e4689f5c,0x30dee05ccf2472306f6013e1740ed762e4689f5c,0x87870bca3f3fd6335c3f4ce8392d69350b4fa4e2,0xc02aaa39b223fe8d0a0e5c4f27ead9083c756cc2,0x6b175474e89094c44da98b954eedeac495271d0f,40008.3527,39759.8407,0.006212,100.0209,36.8475,17.1335,1.3897908638329193,1.5447270608634818,1.3479296932355374,1.4981991373434724,
0xd418840edc338267e0711038176df9061b12f1b693c9c9f39531641fec328344,23550001,1760131595,AaveV3Repay,repay,0xe3c62c987c73c999b8b68cd255092bede819f9c0,0xe3c62c987c73c999b8b68cd255092bede819f9c0,0x87870bca3f3fd6335c3f4ce8392d69350b4fa4e2,0x18084fba666a33d37592fa2633fd49a74dd93a88,0xa0b86991c6218b36c1d19d4a2e9eb0ce3606eb48,46350.789,40209.049,0.132506,115.877,1688.7215,1720.1116,1.3936127797555182,1.551325611962615,1.3042786272070617,1.4518816624777884,
0xe5f6f6ae4764d4abddef68ba2b3d0a149816875590c1cde8880ab5da992180e0,23550006,1760131655,AaveV3Repay,repay,0x92bd75505b06391d9ed922a8c4c0c70980c26bc0,0x92bd75505b06391d9ed922a8c4c0c70980c26bc0,0x87870bca3f3fd6335c3f4ce8392d69350b4fa4e2,0x2260fac5e5542a773aa44fbcfedf7c193bc2c599,0x6b175474e89094c44da98b954eedeac495271d0f,70668.2154,67817.0606,0.040346,176.6704,2414.3472,2401.3472,1.621609636195502,1.7535201907446034,1.5176603005419271,1.6411150503122405,
0xb69b9a374c92a950a6842f6adee3ce3c5fa1b8529ad3af7cec86466067a8272b,23550016,1760131775,AaveV3Repay,repay,0x30dee05ccf2472306f6013e1740ed762e4689f5c,0x30dee05ccf2472306f6013e1740ed762e4689f5c,0x87870bca3f3fd6335c3f4ce8392d69350b4fa4e2,0xc02aaa39b223fe8d0a0e5c4f27ead9083c756cc2,0x6b175474e89094c44da98b954eedeac495271d0f,38308.8966,36058.1805,0.058752,95.7722,2107.2308,1931.4714,1.3620134817234892,1.5249245231614776,1.320988979261878,1.4789930616204363,
0x4b9b0fedb498f69cf11c6724ea2e1c60734316b312e878b93a59673533230dfb,23550021,1760131835,AaveV3Repay,repay,0x4a601d914e74848a4e775ad47d095ef9e7752e44,0x4a601d914e74848a4e775ad47d095ef9e7752e44,0x87870bca3f3fd6335c3f4ce8392d69350b4fa4e2,0xae78736cd615f374d3085123a210448e74fc6393,0xa0b86991c6218b36c1d19d4a2e9eb0ce3606eb48,44232.4474,38492.9824,0.129757,110.5811,2875.1155,2860.5935,1.40701541771133,1.547111255387929,1.3475195372888495,1.4837976071293997,
0xf0d469d63b5e67a64fb3f576822531ca97ddae7582a50dab79230f79bc0748e5,23550026,1760131895,AaveV3Repay,repay,0xfb64077abffffd8b94309ebe464a4756dc09dfe2,0xfb64077abffffd8b94309ebe464a4756dc09dfe2,0x87870bca3f3fd6335c3f4ce8392d69350b4fa4e2,0xc02aaa39b223fe8d0a0e5c4f27ead9083c756cc2,0xa0b86991c6218b36c1d19d4a2e9eb0ce3606eb48,150701.9479,138070.7868,0.083816,376.7549,2088.0069,2058.8067,1.3584145809347379,1.5276825086567,1.3174984790993425,1.4816679752634259,
0x645f727c6f1fbd04f44251f982a4cbd22df257814bd1694ee96ac708566c40d7,23550660,1760139563,AaveV3Boost,boost,0x374dc0be7a30933ffd4b38d1c0d571a9e04d6b5c,0x374dc0be7a30933ffd4b38d1c0d571a9e04d6b5c,0x87870bca3f3fd6335c3f4ce8392d69350b4fa4e2,0xdac17f958d2ee523a2206206994597c13d831ec7,0x7fc66500c84a76ad7e9c93437bfc5ac33e2ddae9,2303.0357,2162.0719,0.061208,5.7576,140.5797,138.7926,1.380128173722049,1.3238736638006463,1.2530110972682493,1.201937924446798,
0x0fd68a748cb10e35bc02325d3b2d893d8f6179e6942919ee0a054ffbd18d7e0b,23551169,1760145695,AaveV3Repay,repay,0x4f9dee86469f70f56d9d8fd501f20d9ce78fa3fd,0x4f9dee86469f70f56d9d8fd501f20d9ce78fa3fd,0x87870bca3f3fd6335c3f4ce8392d69350b4fa4e2,0xc02aaa39b223fe8d0a0e5c4f27ead9083c756cc2,0xa0b86991c6218b36c1d19d4a2e9eb0ce3606eb48,6432.4542,6403.4831,0.004504,16.0811,45.7166,41.0432,1.7525343810832,1.9079209913537356,1.699747200930007,1.8504534916139912,
0xb468088feb5709dbb38de9408c6a3f05c9fc2a999f22e69025daa02c127796d6,23553254,1760170895,AaveV3Boost,boost,0x8073b07c2c42319f60f24ac212a1094dcc14cf91,0x8073b07c2c42319f60f24ac212a1094dcc14cf91,0x87870bca3f3fd6335c3f4ce8392d69350b4fa4e2,0x40d16fc0246ad3160ccc09b8d0d3a2cd28ae6c2f,0x514910771af9ca656af840dff83e8264ecf986ca,9987.841,9918.9972,0.006893,24.9696,32.6328,26.4632,1.5118567919744565,1.3444309637287606,1.4053880038071418,1.2497527268464035,
0xd5fe4d66951940531bc086fd86d0d29229ad912e3fc2f3eabbef104b81373dec,23557003,1760216135,AaveV3Repay,repay,0xb68ee3777f2f3c0b877df9b7371a304a1bf64991,0xb68ee3777f2f3c0b877df9b7371a304a1bf64991,0x87870bca3f3fd6335c3f4ce8392d69350b4fa4e2,0xc02aaa39b223fe8d0a0e5c4f27ead9083c756cc2,0x6b175474e89094c44da98b954eedeac495271d0f,7754.5162,7705.718,0.006293,19.3863,18.0198,14.6218,1.3885934433921034,1.544877753988515,1.3467683396753867,1.4983452915188842,
0x68ed54d366edf00f4e3565a64da4c594490a8eb778a3be67d1493f4f22b4c1bc,23557003,1760216135,AaveV3Repay,repay,0x0794defcc715d29be0b2932bd27a575a31c2a86b,0x0794defcc715d29be0b2932bd27a575a31c2a86b,0x87870bca3f3fd6335c3f4ce8392d69350b4fa4e2,0xcd5fe23c85820f7b72d0926fc9b05b43e359b7ee,0xa0b86991c6218b36c1d19d4a2e9eb0ce3606eb48,4386.3556,4365.1698,0.00483,10.9659,18.8201,15.4543,1.3908231037815806,1.5470429699780623,1.347359881788033,1.4986978771661565,
0x2f1a223cd6e65666f8cd9636bc26075be02f9542ff377a4843f226082bf9214c,23562367,1760280839,AaveV3Boost,boost,0x366d1115ccb1ccbb4b14d34df0cde3d5e5df5922,0x366d1115ccb1ccbb4b14d34df0cde3d5e5df5922,0x87870bca3f3fd6335c3f4ce8392d69350b4fa4e2,0xa0b86991c6218b36c1d19d4a2e9eb0ce3606eb48,0xc02aaa39b223fe8d0a0e5c4f27ead9083c756cc2,10110.3199,10070.7998,0.003909,25.2758,26.4648,21.2273,1.4503740024496443,1.2885953082700787,1.4066880385200968,1.2497821965751457,
0xc695d644d0a0448b67b47ed1766965c286af7a2f34d77fb64e1f69cd1fa93180,23562367,1760280839,AaveV3Boost,boost,0x9cd9db65aacf2f981d5daac0d1a3daed9e6b0cbc,0x9cd9db65aacf2f981d5daac0d1a3daed9e6b0cbc,0x87870bca3f3fd6335c3f4ce8392d69350b4fa4e2,0xa0b86991c6218b36c1d19d4a2e9eb0ce3606eb48,0xc02aaa39b223fe8d0a0e5c4f27ead9083c756cc2,211632.7992,210717.1181,0.004327,529.082,120.177,14.5501,1.3930938006345677,1.288835507456102,1.3509653015525482,1.2498598796147262,
0xa6d1e71678da9f707ab95153db504ed8b950e5e0ac101c76a4b0eef893dcac87,23562469,1760282075,AaveV3Boost,boost,0xfb64077abffffd8b94309ebe464a4756dc09dfe2,0xfb64077abffffd8b94309ebe464a4756dc09dfe2,0x87870bca3f3fd6335c3f4ce8392d69350b4fa4e2,0xa0b86991c6218b36c1d19d4a2e9eb0ce3606eb48,0xc02aaa39b223fe8d0a0e5c4f27ead9083c756cc2,83354.517,82955.6858,0.004785,208.3863,81.8298,39.9812,1.7091076244074324,1.5464749937343836,1.6576284790939415,1.4998944216339383,
0x5a65e0eb0963e20009b750e258e8b6677ffb9234cc32069b341c52ff9cfb4d03,23562501,1760282459,AaveV3Boost,boost,0x0794defcc715d29be0b2932bd27a575a31c2a86b,0x0794defcc715d29be0b2932bd27a575a31c2a86b,0x87870bca3f3fd6335c3f4ce8392d69350b4fa4e2,0xa0b86991c6218b36c1d19d4a2e9eb0ce3606eb48,0xcd5fe23c85820f7b72d0926fc9b05b43e359b7ee,3563.2875,3513.2643,0.014039,8.9082,45.6484,45.6017,1.713417995448675,1.5482419977806885,1.6598736830904157,1.4998594353496784,
0x0a7a1ee5e115f699d95ac62eb5d8f0c84de674f4f741841433e847c9fd3b26e0,23562733,1760285255,AaveV3Boost,boost,0x4f9dee86469f70f56d9d8fd501f20d9ce78fa3fd,0x4f9dee86469f70f56d9d8fd501f20d9ce78fa3fd,0x87870bca3f3fd6335c3f4ce8392d69350b4fa4e2,0xa0b86991c6218b36c1d19d4a2e9eb0ce3606eb48,0xc02aaa39b223fe8d0a0e5c4f27ead9083c756cc2,5785.4741,5734.5289,0.008806,14.4637,48.9402,47.9666,2.072782366979661,1.906960952925786,2.0103491631547263,1.8495223700062373,
0xf6d6ca45024758e4cb67edad1358b6cb1e50588562d6043e13f9996b8d226760,23562933,1760287655,AaveV3Boost,boost,0x2468bcf9aa000c8f0b604224657aad5e583c71e3,0x2468bcf9aa000c8f0b604224657aad5e583c71e3,0x87870bca3f3fd6335c3f4ce8392d69350b4fa4e2,0xa0b86991c6218b36c1d19d4a2e9eb0ce3606eb48,0xc02aaa39b223fe8d0a0e5c4f27ead9083c756cc2,24291.6311,24164.4659,0.005235,60.7291,93.1727,78.376,1.4005217642492829,1.2944031678765526,1.3511935303166038,1.2495287394455317,
0x54b8bd3fb383d9c862edad65f4b32cc63e1b70cdce70e44ec7b52440e2b4ef86,23562935,1760287679,AaveV3Boost,boost,0xee60f36b6e97f4a57f1e87c1fcb1f0ddbd9a3782,0xee60f36b6e97f4a57f1e87c1fcb1f0ddbd9a3782,0x87870bca3f3fd6335c3f4ce8392d69350b4fa4e2,0xdac17f958d2ee523a2206206994597c13d831ec7,0x7f39c581f595b53c5cb19bd0b3f8da6c935e2ca0,19283.2137,19155.8161,0.006607,48.208,99.3322,88.7206,1.4592809878858903,1.3423159930536839,1.412502851200843,1.2993267199793106,
0x64f29b8ae0c043128f06b98445d3c2d69d5d58f125acd626ca2a6e69a4f9e1e0,23564062,1760301275,AaveV3Boost,boost,0x877fc51036b47bd059737266ad3f8db6180b6e19,0x877fc51036b47bd059737266ad3f8db6180b6e19,0x87870bca3f3fd6335c3f4ce8392d69350b4fa4e2,0x6b175474e89094c44da98b954eedeac495271d0f,0xc02aaa39b223fe8d0a0e5c4f27ead9083c756cc2,11203.6297,11114.4198,0.007963,28.0091,35.3727,30.6129,1.7199245240102443,1.5600429620121128,1.6516602178655975,1.4994577993355327,
0x14b740b4912f18dc6febede6c51eeb563fd10f62eb92e3e22dc3f8cb4bfd3dc1,23564150,1760302355,AaveV3Boost,boost,0xb68ee3777f2f3c0b877df9b7371a304a1bf64991,0xb68ee3777f2f3c0b877df9b7371a304a1bf64991,0x87870bca3f3fd6335c3f4ce8392d69350b4fa4e2,0x6b175474e89094c44da98b954eedeac495271d0f,0xc02aaa39b223fe8d0a0e5c4f27ead9083c756cc2,7846.621,7830.6027,0.002041,19.6166,16.0847,11.7447,1.7533849841484486,1.5468054157862607,1.7005721834208383,1.5002148912142759,
0x4d20c7e0b357d9d3abdeb1e787839ee48e6dbbb0fa609a8ede407d0580f1149d,23576884,1760456339,AaveV3Boost,boost,0x9cd9db65aacf2f981d5daac0d1a3daed9e6b0cbc,0x9cd9db65aacf2f981d5daac0d1a3daed9e6b0cbc,0x87870bca3f3fd6335c3f4ce8392d69350b4fa4e2,0xa0b86991c6218b36c1d19d4a2e9eb0ce3606eb48,0xc02aaa39b223fe8d0a0e5c4f27ead9083c756cc2,243593.7227,243442.4887,0.000621,608.9843,132.5659,10.9383,1.393201963747904,1.2887574007460205,1.3510701936855478,1.2497841349074263,
0x7ff180e38b11968e3a915d0e24263c86b6895dac0558c9d9d7b385fdb481d38e,23591404,1760632007,AaveV3Repay,repay,0x877fc51036b47bd059737266ad3f8db6180b6e19,0x877fc51036b47bd059737266ad3f8db6180b6e19,0x87870bca3f3fd6335c3f4ce8392d69350b4fa4e2,0xc02aaa39b223fe8d0a0e5c4f27ead9083c756cc2,0x6b175474e89094c44da98b954eedeac495271d0f,14458.7467,14377.6507,0.005609,36.1469,30.0802,24.2318,1.4019677661133445,1.5619812541344067,1.3474879635786667,1.499175412242784,
0x380e36d01ed2284cd0859f46dd4949632d9d649e6098cc2fb989c500bcea1875,23595641,1760683115,AaveV3Repay,repay,0xf380b8f1e63e2bed7ca329ca1fddbc39b52cc0d3,0xf380b8f1e63e2bed7ca329ca1fddbc39b52cc0d3,0x87870bca3f3fd6335c3f4ce8392d69350b4fa4e2,0x2260fac5e5542a773aa44fbcfedf7c193bc2c599,0xa0b86991c6218b36c1d19d4a2e9eb0ce3606eb48,25351.0016,25290.7201,0.002378,63.3775,21.4191,9.0356,1.744004413712295,1.9054034673960392,1.6462954484825025,1.799873429201749,
0x1f012d9784b23ea4c0f3aac50baf1f30869f050b429e1b4321d66dcd3bf878c1,23596033,1760687843,AaveV3Repay,repay,0x4f9dee86469f70f56d9d8fd501f20d9ce78fa3fd,0x4f9dee86469f70f56d9d8fd501f20d9ce78fa3fd,0x87870bca3f3fd6335c3f4ce8392d69350b4fa4e2,0xc02aaa39b223fe8d0a0e5c4f27ead9083c756cc2,0xa0b86991c6218b36c1d19d4a2e9eb0ce3606eb48,6600.1519,6563.9543,0.005484,16.5004,20.1719,17.2983,1.746130384003262,1.9075173407960668,1.693536095328245,1.8500619992057064,
0x8a0fcc8504b1ef0799b22fb94077f52ba65bb22ccdb988b6229f170693f7da9b,23596035,1760687867,AaveV3Repay,repay,0xb68ee3777f2f3c0b877df9b7371a304a1bf64991,0xb68ee3777f2f3c0b877df9b7371a304a1bf64991,0x87870bca3f3fd6335c3f4ce8392d69350b4fa4e2,0xc02aaa39b223fe8d0a0e5c4f27ead9083c756cc2,0x6b175474e89094c44da98b954eedeac495271d0f,7860.0204,7819.7507,0.005123,19.6501,21.6118,16.4082,1.3882027522816296,1.5466215666356644,1.3463894163693888,1.500036579688679,
0xf45dfeef9243e4574cf4c9228de67e1a15f76db5c6127b044a4bb2244aae86cf,23599898,1760734499,AaveV3Boost,boost,0x2468bcf9aa000c8f0b604224657aad5e583c71e3,0x2468bcf9aa000c8f0b604224657aad5e583c71e3,0x87870bca3f3fd6335c3f4ce8392d69350b4fa4e2,0xa0b86991c6218b36c1d19d4a2e9eb0ce3606eb48,0xc02aaa39b223fe8d0a0e5c4f27ead9083c756cc2,16811.7794,16750.3549,0.003654,42.0294,17.8143,10.0038,1.3722885239615599,1.2949976153635125,1.3238759068324113,1.2499298241555399,
0x5fc62561e8dbde712e64b4a2433e88507e72b65e7b3faacddf640fb39a39e143,23616283,1760932571,AaveV3Boost,boost,0x84b045b0765a4182f6f30a11fbdf584ae3974b25,0x84b045b0765a4182f6f30a11fbdf584ae3974b25,0x87870bca3f3fd6335c3f4ce8392d69350b4fa4e2,0xdac17f958d2ee523a2206206994597c13d831ec7,0xc02aaa39b223fe8d0a0e5c4f27ead9083c756cc2,3773.8559,3763.8717,0.002646,9.4346,6.2107,4.3871,1.2391641364826071,1.185815227475228,1.2018399155038264,1.1500979013462174,
0x23e3526e36a226dda2aee489e0f671eb4bd18b2eb8c1e0c06f222f2f97b10aa7,23616862,1760939603,AaveV3Boost,boost,0x4f9dee86469f70f56d9d8fd501f20d9ce78fa3fd,0x4f9dee86469f70f56d9d8fd501f20d9ce78fa3fd,0x87870bca3f3fd6335c3f4ce8392d69350b4fa4e2,0xa0b86991c6218b36c1d19d4a2e9eb0ce3606eb48,0xc02aaa39b223fe8d0a0e5c4f27ead9083c756cc2,5370.2953,5349.9117,0.003796,13.4257,6.664,4.3002,2.0638008462824797,1.9073752669320754,2.0016381701896337,1.8499242046749802,
0xeb78d1cb00aff35cbf26171d6fc5ecca52fe773d12b5194196c77b0e47362671,23616862,1760939603,AaveV3Boost,boost,0x2d00b8ad759162cef30d8b871fc0056dbc8ba6a7,0x2d00b8ad759162cef30d8b871fc0056dbc8ba6a7,0x87870bca3f3fd6335c3f4ce8392d69350b4fa4e2,0xa0b86991c6218b36c1d19d4a2e9eb0ce3606eb48,0xc02aaa39b223fe8d0a0e5c4f27ead9083c756cc2,10500.6187,10460.9481,0.003778,26.2515,7.634,2.4718,1.7046928116344116,1.5465122627727703,1.6533466426092243,1.4999305681109054,
0x59fe2aa324f07ff519f9b9eee2bdcd68d2fdd639b46bb0579f592cfdd15bd2d8,23626354,1761054743,AaveV3GenericFLBoostStrategy,boost,0x13a1a69701763c9900e17f3a995492d7b1415b0f,0x28cd8363cbeae51faf8ae752aee7c37bc2a85120,0x87870bca3f3fd6335c3f4ce8392d69350b4fa4e2,0xa0b86991c6218b36c1d19d4a2e9eb0ce3606eb48,0xc02aaa39b223fe8d0a0e5c4f27ead9083c756cc2,1971.1853,1962.7162,0.004296,4.928,6.9366,5.9298,1.5364234243582027,1.1343985700270782,1.4901456103649866,1.1002299383969272,
0x7ad29120ac2a2cccc6ceb9e1e0e75081403fb323f77c6406a1c5f8c305d8e7d3,23626394,1761055223,AaveV3GenericFLRepayStrategy,repay,0x13a1a69701763c9900e17f3a995492d7b1415b0f,0x28cd8363cbeae51faf8ae752aee7c37bc2a85120,0x87870bca3f3fd6335c3f4ce8392d69350b4fa4e2,0xc02aaa39b223fe8d0a0e5c4f27ead9083c756cc2,0xa0b86991c6218b36c1d19d4a2e9eb0ce3606eb48,668.02,657.8525,0.01522,1.67,7.6863,7.3481,1.0789994671413077,1.1340287459299856,1.0464994831905787,1.099871253581581,
0xad41630b1189c9a507548a2caab7bf49d14795a6b20edae85fcfe542a8d6bfe2,23626569,1761057347,AaveV3GenericRepayStrategy,repay,0x13a1a69701763c9900e17f3a995492d7b1415b0f,0x28cd8363cbeae51faf8ae752aee7c37bc2a85120,0x87870bca3f3fd6335c3f4ce8392d69350b4fa4e2,0xc02aaa39b223fe8d0a0e5c4f27ead9083c756cc2,0xa0b86991c6218b36c1d19d4a2e9eb0ce3606eb48,390.4035,379.2601,0.028543,0.976,9.5854,9.4864,1.3748920154525885,1.551062240915815,1.333479605344461,1.5043434987164765,
0xd64048c2757bb1c63898f957089e5fc6a7c5bbb9ccb2c894c51ee6a69f0cec7d,23626585,1761057539,AaveV3GenericBoostStrategy,boost,0x13a1a69701763c9900e17f3a995492d7b1415b0f,0x28cd8363cbeae51faf8ae752aee7c37bc2a85120,0x87870bca3f3fd6335c3f4ce8392d69350b4fa4e2,0xa0b86991c6218b36c1d19d4a2e9eb0ce3606eb48,0xc02aaa39b223fe8d0a0e5c4f27ead9083c756cc2,442.0673,432.9845,0.020546,1.1052,7.8546,7.4399,1.5510619209204481,1.3422472141124262,1.5043431883578737,1.3018180811518252,
0x4be59d73fcba1cdeb496fa6fdc253c1540362ef29fdf386966a06ca2e3a1b884,23626744,1761059459,AaveV3Boost,boost,0x84b045b0765a4182f6f30a11fbdf584ae3974b25,0x84b045b0765a4182f6f30a11fbdf584ae3974b25,0x87870bca3f3fd6335c3f4ce8392d69350b4fa4e2,0xdac17f958d2ee523a2206206994597c13d831ec7,0xc02aaa39b223fe8d0a0e5c4f27ead9083c756cc2,3907.7281,3870.0115,0.009652,9.7693,22.6315,20.7181,1.2428805996303411,1.1854231283065417,1.2054444369908468,1.1497176123936592,
0x19e9d6708cf6c3eed505853b294012b5ca52bca0d5c9a0338008f3c4a582cd98,23626927,1761061679,AaveV3Boost,boost,0x2468bcf9aa000c8f0b604224657aad5e583c71e3,0x2468bcf9aa000c8f0b604224657aad5e583c71e3,0x87870bca3f3fd6335c3f4ce8392d69350b4fa4e2,0xa0b86991c6218b36c1d19d4a2e9eb0ce3606eb48,0xc02aaa39b223fe8d0a0e5c4f27ead9083c756cc2,18784.7147,18705.1544,0.004235,46.9618,23.3137,13.9735,1.3685110451439744,1.294448159715192,1.3207562071541037,1.2498888734815903,
0xc354b95246fcf4cbb45059fcd6569fe799a51650e19f6ebde8d80b1b65939435,23635662,1761167567,AaveV3Repay,repay,0x4f9dee86469f70f56d9d8fd501f20d9ce78fa3fd,0x4f9dee86469f70f56d9d8fd501f20d9ce78fa3fd,0x87870bca3f3fd6335c3f4ce8392d69350b4fa4e2,0xc02aaa39b223fe8d0a0e5c4f27ead9083c756cc2,0xa0b86991c6218b36c1d19d4a2e9eb0ce3606eb48,6751.4821,6440.2661,0.046096,16.8787,309.5099,309.2164,1.7483460854456894,1.9052890140365375,1.695685058775509,1.8479007907221479,
0x434f15e1a6afb03c5e939e3b5162a0e3bd2a314fba8889772224d6aff7717cee,23661418,1761479123,AaveV3Boost,boost,0x84b045b0765a4182f6f30a11fbdf584ae3974b25,0x84b045b0765a4182f6f30a11fbdf584ae3974b25,0x87870bca3f3fd6335c3f4ce8392d69350b4fa4e2,0xdac17f958d2ee523a2206206994597c13d831ec7,0xc02aaa39b223fe8d0a0e5c4f27ead9083c756cc2,3619.5657,3589.9867,0.008172,9.0489,10.3047,8.8051,1.2393910777381287,1.1854910695136573,1.202060021179591,1.1497835071786977,
0x1ddd95a08e798f892a04993540da7a7cb154b73e35d408993a81f2ba1fcfb0d2,23661508,1761480203,AaveV3Boost,boost,0x4f9dee86469f70f56d9d8fd501f20d9ce78fa3fd,0x4f9dee86469f70f56d9d8fd501f20d9ce78fa3fd,0x87870bca3f3fd6335c3f4ce8392d69350b4fa4e2,0xa0b86991c6218b36c1d19d4a2e9eb0ce3606eb48,0xc02aaa39b223fe8d0a0e5c4f27ead9083c756cc2,5476.8305,5457.9338,0.00345,13.6921,5.2671,2.617,2.0715634385636394,1.9074690354168935,2.00916694945003,1.8500151488077292,
0x089e47df83545a1c1951123d847ec1804efbbb28be14711e57c6adbbe8bf7942,23665489,1761528263,AaveV3Boost,boost,0x3a073d89de65dcda4ac668d50ab130dc5d46006d,0x3a073d89de65dcda4ac668d50ab130dc5d46006d,0x87870bca3f3fd6335c3f4ce8392d69350b4fa4e2,0x1abaea1f7c830bd89acc67ec4af516284b1bc33c,0xc02aaa39b223fe8d0a0e5c4f27ead9083c756cc2,4021.0199,4012.3742,0.00215,10.0525,4.8644,2.7967,1.7065253537080471,1.5465871918269414,1.6551239876322488,1.5000032402656152,
0xb6b1ad2142bd924327e230410b5a85b58d5372586125c00b3e97cad8a4fada9b,23665551,1761529019,AaveV3Boost,boost,0xd5c00965fce4470f37efff93ab5bb83eaef6c33c,0xd5c00965fce4470f37efff93ab5bb83eaef6c33c,0x87870bca3f3fd6335c3f4ce8392d69350b4fa4e2,0xa0b86991c6218b36c1d19d4a2e9eb0ce3606eb48,0x1f9840a85d5af5bf1d1762f925bdaddc4201f984,15386.1947,15343.1483,0.002798,38.4655,12.6914,5.2241,2.458987212478369,2.2768266074483536,2.1599212001498804,1.9999152632992194,
0xb401c7deabecb5543dbbdb6dae959c6cd8d103d079b8683093e604db4eb99f97,23666635,1761542159,AaveV3Boost,boost,0x84b045b0765a4182f6f30a11fbdf584ae3974b25,0x84b045b0765a4182f6f30a11fbdf584ae3974b25,0x87870bca3f3fd6335c3f4ce8392d69350b4fa4e2,0xdac17f958d2ee523a2206206994597c13d831ec7,0xc02aaa39b223fe8d0a0e5c4f27ead9083c756cc2,4513.6513,4497.4392,0.003592,11.2841,3.5364,1.2995,1.2436493908222432,1.1857227392064007,1.206190071821518,1.1500081988685813,
0x0fae3cb83cc51cd3243c4e5e922f0692e4501613ad1bde017951ae0680136f20,23667905,1761557483,AaveV3Boost,boost,0xd5c00965fce4470f37efff93ab5bb83eaef6c33c,0xd5c00965fce4470f37efff93ab5bb83eaef6c33c,0x87870bca3f3fd6335c3f4ce8392d69350b4fa4e2,0xa0b86991c6218b36c1d19d4a2e9eb0ce3606eb48,0x1f9840a85d5af5bf1d1762f925bdaddc4201f984,192832.7492,192203.0875,0.003265,482.0819,98.741,2.4754,25.72540811845854,2.2765700125127073,22.596642266213028,1.99968987585572,
0x24c51aeab95391a21fed1af381941ffd865135371c9215084720b7207b062cb8,23691656,1761844895,AaveV3GenericFLRepayStrategy,repay,0xdcb46b86c7578c64e8589a4a0882a835892f893c,0xb2148a0ea67723039631d706bc224f43a3fddd1d,0x87870bca3f3fd6335c3f4ce8392d69350b4fa4e2,0x2260fac5e5542a773aa44fbcfedf7c193bc2c599,0xa0b86991c6218b36c1d19d4a2e9eb0ce3606eb48,305665.3411,304801.6228,0.002826,764.1626,166.6922,13.7546,1.2796787539389174,1.492612133626145,1.19923845671915,1.3990411559259626,
0xdfa82dbeb0855aa772af73ff83d5d6398fa1c7898e64d1b8c1bca5cd06449e4a,23692158,1761850979,AaveV3Repay,repay,0x4f9dee86469f70f56d9d8fd501f20d9ce78fa3fd,0x4f9dee86469f70f56d9d8fd501f20d9ce78fa3fd,0x87870bca3f3fd6335c3f4ce8392d69350b4fa4e2,0xc02aaa39b223fe8d0a0e5c4f27ead9083c756cc2,0xa0b86991c6218b36c1d19d4a2e9eb0ce3606eb48,6221.793,6203.9139,0.002874,15.5545,9.284,6.0782,1.7468946495527642,1.907362841052867,1.6942773408311942,1.8499121530692364,
0x0ff70ff96ac16d70c02985cb66b6cbcede5217205377fc4b5247d0ede3caa35e,23694012,1761873467,AaveV3Boost,boost,0x84b045b0765a4182f6f30a11fbdf584ae3974b25,0x84b045b0765a4182f6f30a11fbdf584ae3974b25,0x87870bca3f3fd6335c3f4ce8392d69350b4fa4e2,0xdac17f958d2ee523a2206206994597c13d831ec7,0xc02aaa39b223fe8d0a0e5c4f27ead9083c756cc2,3106.5463,3094.8222,0.003774,7.7664,4.1995,2.7157,1.2425789678242862,1.1857742594652345,1.2051518904799368,1.1500581673124493,
0x82db02e39dcc5273c5c6ea7f19b6fb5864f61109ec980c1cfe4de3959450c121,23718365,1762167647,AaveV3Repay,repay,0x0794defcc715d29be0b2932bd27a575a31c2a86b,0x0794defcc715d29be0b2932bd27a575a31c2a86b,0x87870bca3f3fd6335c3f4ce8392d69350b4fa4e2,0xcd5fe23c85820f7b72d0926fc9b05b43e359b7ee,0xa0b86991c6218b36c1d19d4a2e9eb0ce3606eb48,4192.6028,4172.7579,0.004733,10.4815,10.6003,8.3754,1.392632766670409,1.5477949130622146,1.3491129927117211,1.4994263220286888,
0x0573cc482514c6df1b456909ec0842936443bb67eed1b8ee9b0e8b222d39c01d,23719726,1762184039,AaveV3Repay,repay,0xfb64077abffffd8b94309ebe464a4756dc09dfe2,0xfb64077abffffd8b94309ebe464a4756dc09dfe2,0x87870bca3f3fd6335c3f4ce8392d69350b4fa4e2,0xc02aaa39b223fe8d0a0e5c4f27ead9083c756cc2,0xa0b86991c6218b36c1d19d4a2e9eb0ce3606eb48,100795.7901,99981.0921,0.008083,251.9895,125.1468,78.98,1.3800188081166043,1.5334430573084026,1.3384519765468166,1.4872550134135496,
0xb25270b16d3cb7068d0b9c9c43693021a9fcebb54b67a213e318f633e2cc4f2f,23721166,1762201487,AaveV3GenericFLRepayStrategy,repay,0x92e07922fa76bb4c37886e5484ef172f207d945b,0xf0198efbd69e1e59152c681095eece4935c9c76d,0x87870bca3f3fd6335c3f4ce8392d69350b4fa4e2,0xcd5fe23c85820f7b72d0926fc9b05b43e359b7ee,0x6c3ea9036406852006290770bedfcaba0e23a0e8,107488.6956,106804.2665,0.006367,268.7217,72.4742,18.4031,1.0726152742531903,1.1352777273156502,1.0390960469258799,1.0998002983285116,
0x070b0e673f1a173fa83b2f13d1c022b442b1e4ce02256b7619ee0e1a5705eae0,23723785,1762233095,AaveV3Boost,boost,0x3776a2d23e9a8a0ddb1155417da576e755d35a87,0x3776a2d23e9a8a0ddb1155417da576e755d35a87,0x87870bca3f3fd6335c3f4ce8392d69350b4fa4e2,0x6c3ea9036406852006290770bedfcaba0e23a0e8,0x2260fac5e5542a773aa44fbcfedf7c193bc2c599,16943.7279,16874.1126,0.004109,42.3593,9.8164,1.3385,1.4986156040469443,1.3356129049851784,1.4023588385086754,1.2498258226246808,
0xbd7f7270cdcabc85fda3b12a3c1be93be045a360d5197c656688e5001e33e9ab,23724037,1762236131,AaveV3Repay,repay,0x92bd75505b06391d9ed922a8c4c0c70980c26bc0,0x92bd75505b06391d9ed922a8c4c0c70980c26bc0,0x87870bca3f3fd6335c3f4ce8392d69350b4fa4e2,0x2260fac5e5542a773aa44fbcfedf7c193bc2c599,0x6b175474e89094c44da98b954eedeac495271d0f,48973.3209,48856.46,0.002386,122.4333,44.9367,20.0397,1.6522651866219635,1.7631085189553226,1.5463507515820911,1.6500887420991905,
0xfb8646ed04e47e54e8837a11bda83a27a43e61bc26fa1ecacc5a737e1dce87e7,23727129,1762273499,AaveV3GenericFLRepayStrategy,repay,0x13a1a69701763c9900e17f3a995492d7b1415b0f,0x28cd8363cbeae51faf8ae752aee7c37bc2a85120,0x87870bca3f3fd6335c3f4ce8392d69350b4fa4e2,0xc02aaa39b223fe8d0a0e5c4f27ead9083c756cc2,0xa0b86991c6218b36c1d19d4a2e9eb0ce3606eb48,554.4667,526.8407,0.049824,1.3862,28.1558,27.9701,1.1832908887512046,1.3433859937419734,1.1476495969185359,1.3029225601885144,
0x203f746e6303913ec0ffbb8ccc3e9e60f9940bcf4f59cddb165d379264fb3f32,23727318,1762275779,AaveV3Repay,repay,0x877fc51036b47bd059737266ad3f8db6180b6e19,0x877fc51036b47bd059737266ad3f8db6180b6e19,0x87870bca3f3fd6335c3f4ce8392d69350b4fa4e2,0xc02aaa39b223fe8d0a0e5c4f27ead9083c756cc2,0x6b175474e89094c44da98b954eedeac495271d0f,11264.0519,11119.6719,0.012818,28.1601,33.8494,28.5649,1.4069066801169745,1.5581825654715933,1.3498204078821237,1.4924739451822118,
0x42ab7c01714ef883d9619fe9acd427f784bbb739ee2a7de7539078bb9148b29f,23727353,1762276199,AaveV3Repay,repay,0x4f9dee86469f70f56d9d8fd501f20d9ce78fa3fd,0x4f9dee86469f70f56d9d8fd501f20d9ce78fa3fd,0x87870bca3f3fd6335c3f4ce8392d69350b4fa4e2,0xc02aaa39b223fe8d0a0e5c4f27ead9083c756cc2,0xa0b86991c6218b36c1d19d4a2e9eb0ce3606eb48,5498.6876,5443.7792,0.009986,13.7467,34.6612,32.0126,1.7424392039079737,1.9068425814954109,1.689956095356325,1.849407563980447,
0xf4bbbca3b8f5a4bc86a5de6bfe598fdff7f616045f6317ea0b2945b7fe2cb9d3,23727355,1762276223,AaveV3Repay,repay,0xe3c62c987c73c999b8b68cd255092bede819f9c0,0xe3c62c987c73c999b8b68cd255092bede819f9c0,0x87870bca3f3fd6335c3f4ce8392d69350b4fa4e2,0x18084fba666a33d37592fa2633fd49a74dd93a88,0xa0b86991c6218b36c1d19d4a2e9eb0ce3606eb48,24984.304,24883.6728,0.004028,62.4608,54.2621,42.9394,1.4416046003142475,1.602800840796948,1.3491940490120014,1.5000571971560352,
0x9a381833e740fc6faaf5f23584b43c89d9bdf4f8c784a151c460632aef324499,23727393,1762276679,AaveV3Repay,repay,0xb68ee3777f2f3c0b877df9b7371a304a1bf64991,0xb68ee3777f2f3c0b877df9b7371a304a1bf64991,0x87870bca3f3fd6335c3f4ce8392d69350b4fa4e2,0xc02aaa39b223fe8d0a0e5c4f27ead9083c756cc2,0x6b175474e89094c44da98b954eedeac495271d0f,6245.443,6144.675,0.016135,15.6136,55.3216,53.0902,1.3876534076482212,1.5447940206277504,1.345856618261128,1.4982640802470297,
0x5845ea9f1a753b1b405ae049d0739ba5ad216b31871f0e7a74f6a60123010db3,23727764,1762281179,AaveV3Repay,repay,0x0794defcc715d29be0b2932bd27a575a31c2a86b,0x0794defcc715d29be0b2932bd27a575a31c2a86b,0x87870bca3f3fd6335c3f4ce8392d69350b4fa4e2,0xcd5fe23c85820f7b72d0926fc9b05b43e359b7ee,0xa0b86991c6218b36c1d19d4a2e9eb0ce3606eb48,3459.1466,3387.907,0.020595,8.6479,49.4573,46.5725,1.390811973896247,1.5470056331515412,1.3473490997114683,1.4986617071155355,
0xdf91a802d53bdc107d1ba09e843cefb5cd48c1cff1501db8aaf6bcfff2211561,23728149,1762285835,AaveV3Repay,repay,0x30dee05ccf2472306f6013e1740ed762e4689f5c,0x30dee05ccf2472306f6013e1740ed762e4689f5c,0x87870bca3f3fd6335c3f4ce8392d69350b4fa4e2,0xc02aaa39b223fe8d0a0e5c4f27ead9083c756cc2,0x6b175474e89094c44da98b954eedeac495271d0f,24011.8222,23896.7032,0.004794,60.0296,37.0611,23.3576,1.3866789637183838,1.546143351864732,1.344911525052131,1.4995727689772342,
0xd28592d4dde9db2f81b94db40f09f8bdd576d28a6c494a0abb030c40154970e9,23728149,1762285835,AaveV3Repay,repay,0xfb64077abffffd8b94309ebe464a4756dc09dfe2,0xfb64077abffffd8b94309ebe464a4756dc09dfe2,0x87870bca3f3fd6335c3f4ce8392d69350b4fa4e2,0xc02aaa39b223fe8d0a0e5c4f27ead9083c756cc2,0xa0b86991c6218b36c1d19d4a2e9eb0ce3606eb48,80263.0457,79924.751,0.004215,200.6576,60.1814,21.0895,1.385198920500244,1.5460360903159232,1.3434760614490264,1.4994687381979441,
0xefc8d620fba666f040ff88eebd80abcb9d4f5b0bdb79d6714d097782a24ed63e,23728226,1762286759,AaveV3Repay,repay,0xf8f6d28d4a3aa8709d1bd244f261ef3e11e8a0e0,0xf8f6d28d4a3aa8709d1bd244f261ef3e11e8a0e0,0x87870bca3f3fd6335c3f4ce8392d69350b4fa4e2,0xcd5fe23c85820f7b72d0926fc9b05b43e359b7ee,0xc139190f447e929f090edeb554d95abb8b18ac1c,29830.5977,29650.6608,0.006032,74.5765,45.143,30.2415,1.4108282009556032,1.5742779088891588,1.3472181119560676,1.5003256387812771,
0x6ec38374426b80642e25e272490b5311bb6a19d043f6b7e15ee1d799d5f780f8,23728289,1762287515,AaveV3Repay,repay,0x9b94570ca357d3d051839f58b4356c87daceaf6c,0x9b94570ca357d3d051839f58b4356c87daceaf6c,0x87870bca3f3fd6335c3f4ce8392d69350b4fa4e2,0xae78736cd615f374d3085123a210448e74fc6393,0xa0b86991c6218b36c1d19d4a2e9eb0ce3606eb48,13475.2819,13290.0475,0.013746,33.6882,108.2626,104.4597,1.4199865360761548,1.5824740577072098,1.3417048135268543,1.494426110784143,
0x02862dd1fa53ef30403bf400836552d64efccfe868f964f19d0e31456e59864b,23728691,1762292363,AaveV3Repay,repay,0x4f9dee86469f70f56d9d8fd501f20d9ce78fa3fd,0x4f9dee86469f70f56d9d8fd501f20d9ce78fa3fd,0x87870bca3f3fd6335c3f4ce8392d69350b4fa4e2,0xc02aaa39b223fe8d0a0e5c4f27ead9083c756cc2,0xa0b86991c6218b36c1d19d4a2e9eb0ce3606eb48,4812.9423,4773.3217,0.008232,12.0324,53.0335,51.0917,1.7277441473435917,1.8967338402218112,1.6757036609776421,1.8396033028656054,
0x02c3d3f5c14d5532936705f3d281bf688f7b30d207de2cbeae9e9fb0fc8e750d,23728964,1762295699,AaveV3Boost,boost,0x84b045b0765a4182f6f30a11fbdf584ae3974b25,0x84b045b0765a4182f6f30a11fbdf584ae3974b25,0x87870bca3f3fd6335c3f4ce8392d69350b4fa4e2,0xdac17f958d2ee523a2206206994597c13d831ec7,0xc02aaa39b223fe8d0a0e5c4f27ead9083c756cc2,1594.1226,1574.7972,0.012123,3.9853,21.0564,20.9119,1.2419697614612557,1.186468547974662,1.2045610337063417,1.150731543517404,
0x7bb983cb532426aca9f2b038a205805d738d448f4231f3bf3bf9833295868fee,23733094,1762345631,AaveV3Boost,boost,0x4f9dee86469f70f56d9d8fd501f20d9ce78fa3fd,0x4f9dee86469f70f56d9d8fd501f20d9ce78fa3fd,0x87870bca3f3fd6335c3f4ce8392d69350b4fa4e2,0xa0b86991c6218b36c1d19d4a2e9eb0ce3606eb48,0xc02aaa39b223fe8d0a0e5c4f27ead9083c756cc2,3621.6545,3595.7556,0.007151,9.0541,7.5008,5.9326,2.062889251079257,1.9070410421392645,2.0007540326731506,1.849600046893823,
0x65cc4a9a8c60a7c4f56c7bb997631737614852f39a539908622f095fa9bc9445,23734401,1762361495,AaveV3Boost,boost,0xe6d0f3ca19ff7d0767272c22f2c9a4a42bfe41aa,0xe6d0f3ca19ff7d0767272c22f2c9a4a42bfe41aa,0x87870bca3f3fd6335c3f4ce8392d69350b4fa4e2,0xa0b86991c6218b36c1d19d4a2e9eb0ce3606eb48,0xc02aaa39b223fe8d0a0e5c4f27ead9083c756cc2,51113.285,50907.3293,0.004029,127.7832,46.2082,21.7517,1.3925708315979235,1.288770649235218,1.3506259270316954,1.2499522561859577,
0x69eb06850c65e6e514a2ffa50285649e685a62dad0d9bb89ab9119b20d5c27ef,23734445,1762362023,AaveV3Boost,boost,0x84b045b0765a4182f6f30a11fbdf584ae3974b25,0x84b045b0765a4182f6f30a11fbdf584ae3974b25,0x87870bca3f3fd6335c3f4ce8392d69350b4fa4e2,0xdac17f958d2ee523a2206206994597c13d831ec7,0xc02aaa39b223fe8d0a0e5c4f27ead9083c756cc2,1955.2051,1941.8509,0.00683,4.888,11.8304,10.3428,1.2443841412159724,1.1860595223054757,1.2069026911787737,1.1503348378985176,
0x43de7e593026984882218b9f687f92764c59e41e2e9953394e083abeba60f46c,23734904,1762367555,AaveV3Boost,boost,0x2468bcf9aa000c8f0b604224657aad5e583c71e3,0x2468bcf9aa000c8f0b604224657aad5e583c71e3,0x87870bca3f3fd6335c3f4ce8392d69350b4fa4e2,0xa0b86991c6218b36c1d19d4a2e9eb0ce3606eb48,0xc02aaa39b223fe8d0a0e5c4f27ead9083c756cc2,10791.6448,10753.4379,0.00354,26.9791,16.8968,11.7409,1.372432887533938,1.2977816049065525,1.320896305046887,1.2498369939849128,
0x3ba240d8ec074c74b12356ebdf5616b7db313fdfec497d4c0bbacdc4ed525dd4,23735065,1762369499,AaveV3Repay,repay,0xfbc815af5db86476cbffbd9feb6fe84161df2c29,0xfbc815af5db86476cbffbd9feb6fe84161df2c29,0x87870bca3f3fd6335c3f4ce8392d69350b4fa4e2,0xc02aaa39b223fe8d0a0e5c4f27ead9083c756cc2,0x6b175474e89094c44da98b954eedeac495271d0f,2561.2795,2547.7762,0.005272,6.4032,6.7515,5.5038,3.2730592399063037,3.4024320130529118,3.1744731182222146,3.299949121093337,
0x5462da50d2ba175a1eb82de8e6112a570cea837faa8b7837a9098c42fdbb45c7,23736860,1762391255,AaveV3Repay,repay,0xfbc815af5db86476cbffbd9feb6fe84161df2c29,0xfbc815af5db86476cbffbd9feb6fe84161df2c29,0x87870bca3f3fd6335c3f4ce8392d69350b4fa4e2,0xc02aaa39b223fe8d0a0e5c4f27ead9083c756cc2,0x6b175474e89094c44da98b954eedeac495271d0f,1993.9222,1981.6904,0.006135,4.9848,3.1463,2.257,3.345676441373147,3.453721903142898,3.2449030545847073,3.3496941349758975,
0x48cee3a26e44a759785550e3a15bb3470a9922fb372e2c64e620a057fea783a5,23741249,1762444295,AaveV3Repay,repay,0xfbc815af5db86476cbffbd9feb6fe84161df2c29,0xfbc815af5db86476cbffbd9feb6fe84161df2c29,0x87870bca3f3fd6335c3f4ce8392d69350b4fa4e2,0xc02aaa39b223fe8d0a0e5c4f27ead9083c756cc2,0x6b175474e89094c44da98b954eedeac495271d0f,1940.5778,1908.3672,0.016598,4.8514,32.0851,31.5765,3.345988267632946,3.4541607043480913,3.245205488487343,3.3501197192772456,
0xafb715533fa7bce3fb791bacdc1d5c81404136b5d5de804d9b7c101820f189f3,23749201,1762540403,AaveV3Boost,boost,0x84b045b0765a4182f6f30a11fbdf584ae3974b25,0x84b045b0765a4182f6f30a11fbdf584ae3974b25,0x87870bca3f3fd6335c3f4ce8392d69350b4fa4e2,0xdac17f958d2ee523a2206206994597c13d831ec7,0xc02aaa39b223fe8d0a0e5c4f27ead9083c756cc2,1766.0327,1742.7909,0.01316,4.4151,19.2501,17.8112,1.2407823308721648,1.1855953877898517,1.2034093690987364,1.1498846833380203,
0x6a28b9547f1d51986a26b222d3c1c8258e4e472ed5af23d19cde70972901126d,23763605,1762714259,AaveV3Boost,boost,0xb694cd3f474706f8d800d17a7ee4518cbd89fcab,0xb694cd3f474706f8d800d17a7ee4518cbd89fcab,0x87870bca3f3fd6335c3f4ce8392d69350b4fa4e2,0xa0b86991c6218b36c1d19d4a2e9eb0ce3606eb48,0xcbb7c0000ab88b473b1f5afd9ef808440eed33bf,59740.8814,59693.0809,0.0008,149.3522,34.102,4.3525,1.7649213031531639,1.6027223516820686,1.6517853221817953,1.4999837393947362,
0x2f24ffae075e0b5d2de50439050620c9aebb7c5568be4c280bd68f816ae3ef32,23763965,1762718603,AaveV3Boost,boost,0x84b045b0765a4182f6f30a11fbdf584ae3974b25,0x84b045b0765a4182f6f30a11fbdf584ae3974b25,0x87870bca3f3fd6335c3f4ce8392d69350b4fa4e2,0xdac17f958d2ee523a2206206994597c13d831ec7,0xc02aaa39b223fe8d0a0e5c4f27ead9083c756cc2,2209.3779,2203.0758,0.002852,5.5234,4.635,3.3167,1.2443188055774321,1.1857294239957703,1.2068393234812598,1.150014682308683,
0xd588c7961d8301af2f9df2149b8baa3b2ac455d4dca625e0e3d61b2d30d404d6,23763965,1762718603,AaveV3Boost,boost,0xfb64077abffffd8b94309ebe464a4756dc09dfe2,0xfb64077abffffd8b94309ebe464a4756dc09dfe2,0x87870bca3f3fd6335c3f4ce8392d69350b4fa4e2,0xa0b86991c6218b36c1d19d4a2e9eb0ce3606eb48,0xc02aaa39b223fe8d0a0e5c4f27ead9083c756cc2,60808.7677,60697.3787,0.001832,152.0219,34.9938,4.5711,1.7057722009704817,1.5466343178307684,1.6543935202183577,1.500048946811766,
0x094003b5e1a4c8af06128c0aaa920364b8f69940aaff98b7c10295d0da293ccd,23763967,1762718627,AaveV3Boost,boost,0x9cd9db65aacf2f981d5daac0d1a3daed9e6b0cbc,0x9cd9db65aacf2f981d5daac0d1a3daed9e6b0cbc,0x87870bca3f3fd6335c3f4ce8392d69350b4fa4e2,0xa0b86991c6218b36c1d19d4a2e9eb0ce3606eb48,0xc02aaa39b223fe8d0a0e5c4f27ead9083c756cc2,135873.8985,135691.9363,0.001339,339.6847,73.4417,5.6679,1.3950353966622855,1.2884189399656896,1.3530162582085965,1.2496111405691208,
0xcaa438473ac7d6243a75e04888aaffd68499df4e0cb81ec9b2a1579704e8136d,23765367,1762735535,AaveV3Boost,boost,0x4f9dee86469f70f56d9d8fd501f20d9ce78fa3fd,0x4f9dee86469f70f56d9d8fd501f20d9ce78fa3fd,0x87870bca3f3fd6335c3f4ce8392d69350b4fa4e2,0xa0b86991c6218b36c1d19d4a2e9eb0ce3606eb48,0xc02aaa39b223fe8d0a0e5c4f27ead9083c756cc2,4279.7279,4265.8075,0.003253,10.6993,5.4555,3.3812,2.0679356775543205,1.9074855906067467,2.0056484583508025,1.850031205347243,
0xf34f6c8256c876a55c3eb11b56a5b19eeec583962fe411959a7ffadbd7c2d719,23765412,1762736075,AaveV3Boost,boost,0xee60f36b6e97f4a57f1e87c1fcb1f0ddbd9a3782,0xee60f36b6e97f4a57f1e87c1fcb1f0ddbd9a3782,0x87870bca3f3fd6335c3f4ce8392d69350b4fa4e2,0xdac17f958d2ee523a2206206994597c13d831ec7,0x7f39c581f595b53c5cb19bd0b3f8da6c935e2ca0,9852.8264,9827.7013,0.00255,24.6321,7.7966,2.9418,1.3991056977589125,1.3226396875078459,1.353683003367146,1.2798505919170151,
0x74f88be62d2b4701484ab21743947a9661b716982ffd989399ab97b51ab5433c,23765412,1762736075,AaveV3Boost,boost,0x0794defcc715d29be0b2932bd27a575a31c2a86b,0x0794defcc715d29be0b2932bd27a575a31c2a86b,0x87870bca3f3fd6335c3f4ce8392d69350b4fa4e2,0xa0b86991c6218b36c1d19d4a2e9eb0ce3606eb48,0xcd5fe23c85820f7b72d0926fc9b05b43e359b7ee,2681.3377,2672.2169,0.003402,6.7033,3.724,2.3132,1.7096286603131643,1.5480873896434857,1.6562027646781974,1.4997096587164829,
0x99849cfa69658ee524149a8528ba3457d4703075c9a3921349fb28ac17d8a6c5,23791629,1763053199,AaveV3Repay,repay,0x4f9dee86469f70f56d9d8fd501f20d9ce78fa3fd,0x4f9dee86469f70f56d9d8fd501f20d9ce78fa3fd,0x87870bca3f3fd6335c3f4ce8392d69350b4fa4e2,0xc02aaa39b223fe8d0a0e5c4f27ead9083c756cc2,0xa0b86991c6218b36c1d19d4a2e9eb0ce3606eb48,5024.7422,5000.3773,0.004849,12.5619,11.1645,8.4097,1.7453464669766212,1.9074549916768353,1.6927757902602678,1.850001528072106,
0xe32b3bb70fe9e2f3c53051e3677724117fd9ad8d4ae04ab257286ef2d9db6311,23791839,1763055731,AaveV3Repay,repay,0x0794defcc715d29be0b2932bd27a575a31c2a86b,0x0794defcc715d29be0b2932bd27a575a31c2a86b,0x87870bca3f3fd6335c3f4ce8392d69350b4fa4e2,0xcd5fe23c85820f7b72d0926fc9b05b43e359b7ee,0xa0b86991c6218b36c1d19d4a2e9eb0ce3606eb48,3208.3574,3172.3675,0.011218,8.0209,12.3097,11.0334,1.392514258911633,1.5470150198871744,1.3489981883206117,1.4986708005154707,
0x2caacff28aa01ad00ef1a3943031db2aa1e518365b4b38b5c4bf645837cf3745,23791989,1763057531,AaveV3Repay,repay,0xfb64077abffffd8b94309ebe464a4756dc09dfe2,0xfb64077abffffd8b94309ebe464a4756dc09dfe2,0x87870bca3f3fd6335c3f4ce8392d69350b4fa4e2,0xc02aaa39b223fe8d0a0e5c4f27ead9083c756cc2,0xa0b86991c6218b36c1d19d4a2e9eb0ce3606eb48,74092.2134,73702.1315,0.005265,185.2305,56.1258,20.4188,1.3889870542153986,1.545169927615018,1.3471500947510684,1.4986286647350398,
0xab11f477954bbeb869eb49a1eed2bfd8e41fbf3197f397258bb15affe58c689c,23792190,1763059955,AaveV3Repay,repay,0xfbc815af5db86476cbffbd9feb6fe84161df2c29,0xfbc815af5db86476cbffbd9feb6fe84161df2c29,0x87870bca3f3fd6335c3f4ce8392d69350b4fa4e2,0xc02aaa39b223fe8d0a0e5c4f27ead9083c756cc2,0x6b175474e89094c44da98b954eedeac495271d0f,1966.2285,1948.3448,0.009095,4.9156,17.2258,16.6122,3.3390066025706218,3.454393589223117,3.238434114541341,3.3503455895475645,
0xc309eef09df74f9346c0155ffe90732d793785015faa5e80ddb497bebc939168,23792627,1763065211,AaveV3Repay,repay,0x92bd75505b06391d9ed922a8c4c0c70980c26bc0,0x92bd75505b06391d9ed922a8c4c0c70980c26bc0,0x87870bca3f3fd6335c3f4ce8392d69350b4fa4e2,0x2260fac5e5542a773aa44fbcfedf7c193bc2c599,0x6b175474e89094c44da98b954eedeac495271d0f,42633.8064,42493.5443,0.00329,106.5844,31.0723,10.1187,1.6545002055589835,1.762923693279376,1.548442500074415,1.6499157642229967,
0xd9c55fc29a1428068aa3f915c19cb5d77ea84f24bc18a6e034e869409f65e54b,23797500,1763124179,AaveV3Repay,repay,0xfbc815af5db86476cbffbd9feb6fe84161df2c29,0xfbc815af5db86476cbffbd9feb6fe84161df2c29,0x87870bca3f3fd6335c3f4ce8392d69350b4fa4e2,0xc02aaa39b223fe8d0a0e5c4f27ead9083c756cc2,0x6b175474e89094c44da98b954eedeac495271d0f,1939.0007,1908.3991,0.015782,4.8475,24.6329,24.1199,3.3349167016645387,3.4528141801214325,3.234467403421553,3.3488137530091886,
0xeb8dbbe9ed6604e6bb58194fa4ebd04cc43bdf459c0e8480bd46f76a2e0e91c0,23797501,1763124191,AaveV3Boost,boost,0x44f162baf1f68b1352045804b020958a178695dc,0x44f162baf1f68b1352045804b020958a178695dc,0x87870bca3f3fd6335c3f4ce8392d69350b4fa4e2,0x2260fac5e5542a773aa44fbcfedf7c193bc2c599,0xdac17f958d2ee523a2206206994597c13d831ec7,5109.0347,5066.3928,0.008346,12.7718,21.6805,18.9804,1.878909006656246,1.7156334210422572,1.8066432756308362,1.6496475202328673,
0xd89d32a8c7d97931baa82998f1f5a88e20d10e806690bf898634f65ecbc20a63,23797991,1763130095,AaveV3Boost,boost,0x75c97a4b805f1ea755321664e0a4465739886101,0x75c97a4b805f1ea755321664e0a4465739886101,0x87870bca3f3fd6335c3f4ce8392d69350b4fa4e2,0x6b175474e89094c44da98b954eedeac495271d0f,0xc02aaa39b223fe8d0a0e5c4f27ead9083c756cc2,1016643.0476,1013728.8753,0.002866,2541.6076,527.3404,20.33,1.6523842207274042,1.4435892739166434,1.6026136116693495,1.4001076692805983,
0xc429a644a21aa29eb100cc4df17dc2981d27d87ded437a4a546af08677e84417,23798540,1763136695,AaveV3GenericRepayStrategy,repay,0x20f58be7aee13c388b5f067364c98b874d571ef9,0x0d42fa814fb788c66bd16b493aa4d70b67000f50,0x87870bca3f3fd6335c3f4ce8392d69350b4fa4e2,0x2260fac5e5542a773aa44fbcfedf7c193bc2c599,0xdac17f958d2ee523a2206206994597c13d831ec7,1195680.1453,1188969.3668,0.005613,2989.1997,604.8761,10.0589,1.3844199586277353,1.602247551321547,1.29567508948493,1.499539374954781,
0x80187dd76ef6a4e2c0b368fb1fb707f712326a2970ffd58ff062d6e2c4ca8881,23798713,1763138771,AaveV3GenericBoostStrategy,boost,0x20f58be7aee13c388b5f067364c98b874d571ef9,0x0d42fa814fb788c66bd16b493aa4d70b67000f50,0x87870bca3f3fd6335c3f4ce8392d69350b4fa4e2,0xdac17f958d2ee523a2206206994597c13d831ec7,0x2260fac5e5542a773aa44fbcfedf7c193bc2c599,905039.1285,902875.9368,0.00239,2262.5978,460.683,9.1548,1.8305706414537466,1.6027079728981943,1.7132263695656844,1.4999702823277965,
0x3948c6305678a4e285a7d216832affdddad2dc3b0eca2bee054bc2adfe5a8b59,23812495,1763305115,AaveV3Boost,boost,0x1bdcb3eb74d47386134dead5244eead12b8b879a,0x1bdcb3eb74d47386134dead5244eead12b8b879a,0x87870bca3f3fd6335c3f4ce8392d69350b4fa4e2,0x6b175474e89094c44da98b954eedeac495271d0f,0xc02aaa39b223fe8d0a0e5c4f27ead9083c756cc2,40398.9294,40119.9801,0.006905,100.9973,22.7241,2.8248,2.4232897633406965,1.5465597176731696,2.3502991078182887,1.4999765936468443,
0x3b957cd4e2f8b58aefbeba801b4fceb234436f938039ea0ab065355c89ee4e98,23812854,1763309459,AaveV3GenericFLRepayStrategy,repay,0xec71d61a9b0faf5fd1e21a3b07fa17cc1a5ee2a8,0xa45d3b37116b0443e3fcd6f92d096ed9d0f066c3,0x87870bca3f3fd6335c3f4ce8392d69350b4fa4e2,0xc02aaa39b223fe8d0a0e5c4f27ead9083c756cc2,0xdac17f958d2ee523a2206206994597c13d831ec7,12417.2833,12358.9075,0.004701,31.0432,23.6716,18.0246,1.2335162596962637,1.3929104532582042,1.1958919367336065,1.3502422370222757,
0xd0fd58bf7adc3e59dd7dcd009a154829112707215cfde8aaf1397025e49e7f6a,23813097,1763312411,AaveV3Repay,repay,0x877fc51036b47bd059737266ad3f8db6180b6e19,0x877fc51036b47bd059737266ad3f8db6180b6e19,0x87870bca3f3fd6335c3f4ce8392d69350b4fa4e2,0xc02aaa39b223fe8d0a0e5c4f27ead9083c756cc2,0x6b175474e89094c44da98b954eedeac495271d0f,8748.4207,8713.4285,0.004,21.8711,10.0806,5.7546,1.4090454957368275,1.5690145234079407,1.349349550330871,1.499589168673113,
0x6efd5e7bae6115d5a7347d91c29082b66c98575473fde458c79f28f2be1dbc35,23813380,1763315831,AaveV3Repay,repay,0x4f9dee86469f70f56d9d8fd501f20d9ce78fa3fd,0x4f9dee86469f70f56d9d8fd501f20d9ce78fa3fd,0x87870bca3f3fd6335c3f4ce8392d69350b4fa4e2,0xc02aaa39b223fe8d0a0e5c4f27ead9083c756cc2,0xa0b86991c6218b36c1d19d4a2e9eb0ce3606eb48,4329.9359,4288.1794,0.009644,10.8248,10.7208,8.8019,1.7433134707322755,1.9061643370571502,1.6908040288425676,1.848749748591177,
0x9e7cab343118c6b3ebf9cc3a05a843fd5ec41053aa982d12bbac455310576b59,23813389,1763315939,AaveV3Repay,repay,0xb68ee3777f2f3c0b877df9b7371a304a1bf64991,0xb68ee3777f2f3c0b877df9b7371a304a1bf64991,0x87870bca3f3fd6335c3f4ce8392d69350b4fa4e2,0xc02aaa39b223fe8d0a0e5c4f27ead9083c756cc2,0x6b175474e89094c44da98b954eedeac495271d0f,4791.9688,4791.3696,0.000125,11.9799,6.7426,4.2924,1.387814890455696,1.5495008721043653,1.3460132371285836,1.502829159088744,
0x369412aa77787f2871ba9e8f34fad2833401a63f023148362257064327b9ae61,23813405,1763316131,AaveV3Boost,boost,0x1bdcb3eb74d47386134dead5244eead12b8b879a,0x1bdcb3eb74d47386134dead5244eead12b8b879a,0x87870bca3f3fd6335c3f4ce8392d69350b4fa4e2,0x6b175474e89094c44da98b954eedeac495271d0f,0xc02aaa39b223fe8d0a0e5c4f27ead9083c756cc2,16328.4125,16247.3158,0.004967,40.821,36.1314,31.4602,1.7056947570941223,1.5461139390619625,1.6543184089888272,1.4995442421022538,
0x5b0a26b4194e5ad34c3c4905f344fdfd22834ad14ee22007f65ab4b380e517c1,23815471,1763341127,AaveV3Boost,boost,0x1bdcb3eb74d47386134dead5244eead12b8b879a,0x1bdcb3eb74d47386134dead5244eead12b8b879a,0x87870bca3f3fd6335c3f4ce8392d69350b4fa4e2,0x6b175474e89094c44da98b954eedeac495271d0f,0xc02aaa39b223fe8d0a0e5c4f27ead9083c756cc2,15742.9334,15689.8727,0.00337,39.3573,12.7826,4.7512,1.914621950859427,1.752740380679973,1.8569526149901623,1.699946995719653,
0x9b236da270103f5eed395b19ffd8c0e1a30d3139ce10cbd131f7786736ba9dd7,23820910,1763407031,AaveV3Repay,repay,0x92bd75505b06391d9ed922a8c4c0c70980c26bc0,0x92bd75505b06391d9ed922a8c4c0c70980c26bc0,0x87870bca3f3fd6335c3f4ce8392d69350b4fa4e2,0x2260fac5e5542a773aa44fbcfedf7c193bc2c599,0x6b175474e89094c44da98b954eedeac495271d0f,37443.1354,37345.7662,0.0026,93.607,23.142,4.5422,1.6558037197416458,1.7629296118508901,1.5496624556556264,1.649921303398897,
0xef6df890421b19d2a26bd9c3aaaecbe1eb6d1a4533c68b9ccec3b6e2757d6d16,23820914,1763407079,AaveV3GenericFLRepayStrategy,repay,0x6daf7fd770faed61c0842fb7e0dcb5d10a6cb876,0x484d916b04db43121f7834993b8f4fa692b89f4b,0x87870bca3f3fd6335c3f4ce8392d69350b4fa4e2,0x2260fac5e5542a773aa44fbcfedf7c193bc2c599,0xa0b86991c6218b36c1d19d4a2e9eb0ce3606eb48,72738.1496,72504.0971,0.003218,181.8453,43.8954,7.6021,1.2279743425534486,1.4434433379440643,1.1482778461841014,1.3494742418894254,
0x5938d1423e26e2415934ae6c79419e534a99bfb1c2002d09e47cf3a14c8da834,23821056,1763408795,AaveV3Repay,repay,0xfbc815af5db86476cbffbd9feb6fe84161df2c29,0xfbc815af5db86476cbffbd9feb6fe84161df2c29,0x87870bca3f3fd6335c3f4ce8392d69350b4fa4e2,0xc02aaa39b223fe8d0a0e5c4f27ead9083c756cc2,0x6b175474e89094c44da98b954eedeac495271d0f,1684.3403,1658.552,0.015311,4.2109,17.3955,16.24,3.3460541428392885,3.453333621949398,3.2452693795007543,3.3493175489989677,
0xc46e101fa7fafe0e4a5aa91555ac78dbacf6c33e7bcc2485fa10870231217185,23821345,1763412311,AaveV3Repay,repay,0xe3c62c987c73c999b8b68cd255092bede819f9c0,0xe3c62c987c73c999b8b68cd255092bede819f9c0,0x87870bca3f3fd6335c3f4ce8392d69350b4fa4e2,0x18084fba666a33d37592fa2633fd49a74dd93a88,0xa0b86991c6218b36c1d19d4a2e9eb0ce3606eb48,20129.5293,20070.7087,0.002922,50.3238,21.016,10.8897,1.4409958062629489,1.6026277037214918,1.34862428022041,1.4998951586110418,
0x91dc979295db65dd7b70855069571f07642f5fee49b2c409e66b94279dcba8ca,23823211,1763435015,AaveV3Repay,repay,0x0794defcc715d29be0b2932bd27a575a31c2a86b,0x0794defcc715d29be0b2932bd27a575a31c2a86b,0x87870bca3f3fd6335c3f4ce8392d69350b4fa4e2,0xcd5fe23c85820f7b72d0926fc9b05b43e359b7ee,0xa0b86991c6218b36c1d19d4a2e9eb0ce3606eb48,2528.3232,2505.3227,0.009097,6.3208,17.9465,15.8914,1.3929547039922863,1.547703426193297,1.349424869492402,1.499337694124018,
0xc0c9c26984ba37f3f288b7ca0c6bb125e1202de36286b3e41c0b8c857f82fb81,23823239,1763435351,AaveV3Repay,repay,0xf380b8f1e63e2bed7ca329ca1fddbc39b52cc0d3,0xf380b8f1e63e2bed7ca329ca1fddbc39b52cc0d3,0x87870bca3f3fd6335c3f4ce8392d69350b4fa4e2,0x2260fac5e5542a773aa44fbcfedf7c193bc2c599,0xa0b86991c6218b36c1d19d4a2e9eb0ce3606eb48,25120.6133,24999.1245,0.004836,62.8009,24.175,12.2127,1.7359610453239422,1.8930567591224412,1.648227421791083,1.7993091786460018,
0x593c5d607880df3266494a4ae3b4e8199835ef718ebebd8c1d03766c866b7998,23827140,1763482703,AaveV3Boost,boost,0x84b045b0765a4182f6f30a11fbdf584ae3974b25,0x84b045b0765a4182f6f30a11fbdf584ae3974b25,0x87870bca3f3fd6335c3f4ce8392d69350b4fa4e2,0xdac17f958d2ee523a2206206994597c13d831ec7,0xc02aaa39b223fe8d0a0e5c4f27ead9083c756cc2,1175.094,1163.6315,0.009755,2.9377,6.3987,5.6742,1.238941997484997,1.18628081022624,1.2016244674397023,1.1505494605197277,
0x127812df007b7788ad2bba645b681f6e9f897f3f0b4e8efe3e492bc18bc1d64c,23834267,1763569199,AaveV3GenericFLRepayStrategy,repay,0xcbfc2827989a8fed9d61b49804485ab085e94360,0xbfaed4f3bc89c22e6937df00d004b343f5e5f1f5,0x87870bca3f3fd6335c3f4ce8392d69350b4fa4e2,0xc02aaa39b223fe8d0a0e5c4f27ead9083c756cc2,0xdac17f958d2ee523a2206206994597c13d831ec7,141071.0191,140380.7923,0.004893,352.6775,114.2747,41.8545,1.0935966866725766,1.2581494510388396,1.0481677841566421,1.199920829337974,
0x7df632d2701420390bf9d9f3455b7f7518fa25c51759237fb75e3094f50efb1f,23834492,1763571899,AaveV3Repay,repay,0x30dee05ccf2472306f6013e1740ed762e4689f5c,0x30dee05ccf2472306f6013e1740ed762e4689f5c,0x87870bca3f3fd6335c3f4ce8392d69350b4fa4e2,0xc02aaa39b223fe8d0a0e5c4f27ead9083c756cc2,0x6b175474e89094c44da98b954eedeac495271d0f,18320.2693,18228.6651,0.005,45.8007,24.3738,14.582,1.3896127556023257,1.5458882437783559,1.3477569497105937,1.4993253448693293,
0x0ac93070f044ea957d70e396ffc4a621e81298fb2c3eb5dcb8ef13f5934e6935,23834492,1763571899,AaveV3Repay,repay,0xf8f6d28d4a3aa8709d1bd244f261ef3e11e8a0e0,0xf8f6d28d4a3aa8709d1bd244f261ef3e11e8a0e0,0x87870bca3f3fd6335c3f4ce8392d69350b4fa4e2,0xcd5fe23c85820f7b72d0926fc9b05b43e359b7ee,0xc139190f447e929f090edeb554d95abb8b18ac1c,23004.9802,22855.7934,0.006485,57.5125,28.6891,17.8344,1.4161129911425974,1.5763060001091502,1.3498143402084715,1.4991287970289802,
0xf3ad5fee23e85e8d9be31e102707c1953e964f0b172fe00c105535cb590ef962,23834575,1763572907,AaveV3Repay,repay,0xf0e61e1a47fdb80f44a1aca26c69cf3522085eb9,0xf0e61e1a47fdb80f44a1aca26c69cf3522085eb9,0x87870bca3f3fd6335c3f4ce8392d69350b4fa4e2,0x7f39c581f595b53c5cb19bd0b3f8da6c935e2ca0,0xa0b86991c6218b36c1d19d4a2e9eb0ce3606eb48,14402.9659,14358.194,0.003109,36.0074,18.8591,11.5337,2.2643493694548247,2.579539412531543,2.1944620432369932,2.499923998564459,
0xb9888cce5b15ed7992fc696916776b490a487ddd89cac5365c303ecb415e4e9c,23834865,1763576435,AaveV3Repay,repay,0xfb64077abffffd8b94309ebe464a4756dc09dfe2,0xfb64077abffffd8b94309ebe464a4756dc09dfe2,0x87870bca3f3fd6335c3f4ce8392d69350b4fa4e2,0xc02aaa39b223fe8d0a0e5c4f27ead9083c756cc2,0xa0b86991c6218b36c1d19d4a2e9eb0ce3606eb48,59739.8963,59252.184,0.008164,149.3497,34.845,5.2863,1.384336085008463,1.5443974168389247,1.3426392149780606,1.4978794223557754,
0x37b3e412519f71ee2d3bc7b857c0f660c2b14fafe984eaa40dd2de92662b27c0,23834897,1763576843,AaveV3Repay,repay,0xfbc815af5db86476cbffbd9feb6fe84161df2c29,0xfbc815af5db86476cbffbd9feb6fe84161df2c29,0x87870bca3f3fd6335c3f4ce8392d69350b4fa4e2,0xc02aaa39b223fe8d0a0e5c4f27ead9083c756cc2,0x6b175474e89094c44da98b954eedeac495271d0f,1730.4145,1715.3062,0.008731,4.326,9.4323,8.8235,3.3378615500850493,3.4538297389844033,3.237323551588393,3.3497987227499064,
0xedbd48f7e427ff122a54a3b811113ecb288b4b1ba8f58c923e2878013d5b22b0,23834897,1763576843,AaveV3GenericFLRepayStrategy,repay,0x9fce1eed605c0f0ff969d5b2d5926d7d59074d22,0x4b730564b98477511f59d54e9bb37069eb511344,0x87870bca3f3fd6335c3f4ce8392d69350b4fa4e2,0x2260fac5e5542a773aa44fbcfedf7c193bc2c599,0x1abaea1f7c830bd89acc67ec4af516284b1bc33c,11774.4453,11681.5652,0.007888,29.4356,18.8736,12.9983,1.1536534207587363,1.2559974141719512,1.0986087879266346,1.1997250306058493,
0xe9fad08b2e0c18886dee7776c0003fdce689b9f5e0e2bf0b5264986ae435b868,23841579,1763657819,AaveV3Repay,repay,0x1bdcb3eb74d47386134dead5244eead12b8b879a,0x1bdcb3eb74d47386134dead5244eead12b8b879a,0x87870bca3f3fd6335c3f4ce8392d69350b4fa4e2,0xc02aaa39b223fe8d0a0e5c4f27ead9083c756cc2,0x6b175474e89094c44da98b954eedeac495271d0f,18728.9178,18662.9897,0.00352,46.8223,22.5397,12.7557,1.5899822510750556,1.7521320550482518,1.5420912194161396,1.6993569931491563,
0x70c7771ef82b2d1f6393a95ed2bed06dcaef6e9d0576c76deb482db55447dc82,23841668,1763658887,AaveV3Boost,boost,0x44f162baf1f68b1352045804b020958a178695dc,0x44f162baf1f68b1352045804b020958a178695dc,0x87870bca3f3fd6335c3f4ce8392d69350b4fa4e2,0x2260fac5e5542a773aa44fbcfedf7c193bc2c599,0xdac17f958d2ee523a2206206994597c13d831ec7,5469.3007,5434.8421,0.0063,13.6732,29.1314,25.3654,1.878493263141997,1.715662501113387,1.8062435222516828,1.6496754818397952,
0xf52fd37167fd5139c102d50e351b263ce649112904b3aa20b9ae3da00a2627f3,23842165,1763664887,AaveV3Repay,repay,0x92bd75505b06391d9ed922a8c4c0c70980c26bc0,0x92bd75505b06391d9ed922a8c4c0c70980c26bc0,0x87870bca3f3fd6335c3f4ce8392d69350b4fa4e2,0x2260fac5e5542a773aa44fbcfedf7c193bc2c599,0x6b175474e89094c44da98b954eedeac495271d0f,35753.9054,35651.6325,0.00286,89.3839,27.1064,9.7208,1.6481921581251484,1.7629317222822833,1.5425388146555656,1.6499232785462397,
0x858bf35cce77eec5e911e63401d74c06eb5712257f29757c8e9859cc1ba9ee55,23842212,1763665451,AaveV3Repay,repay,0x4f9dee86469f70f56d9d8fd501f20d9ce78fa3fd,0x4f9dee86469f70f56d9d8fd501f20d9ce78fa3fd,0x87870bca3f3fd6335c3f4ce8392d69350b4fa4e2,0xc02aaa39b223fe8d0a0e5c4f27ead9083c756cc2,0xa0b86991c6218b36c1d19d4a2e9eb0ce3606eb48,3508.9755,3485.2698,0.006756,8.7724,10.8151,8.9771,1.7501588672468564,1.9066917023482366,1.6974432387149472,1.8492612293857953,
0x8b0eb6ca2a2687d32c6614f7a857ebf932a33306c8a8df68aaceeaadcb0cd469,23842213,1763665463,AaveV3Repay,repay,0xfbc815af5db86476cbffbd9feb6fe84161df2c29,0xfbc815af5db86476cbffbd9feb6fe84161df2c29,0x87870bca3f3fd6335c3f4ce8392d69350b4fa4e2,0xc02aaa39b223fe8d0a0e5c4f27ead9083c756cc2,0x6b175474e89094c44da98b954eedeac495271d0f,1492.2503,1474.7249,0.011744,3.7306,10.3173,9.4699,3.345854823144568,3.4499164043537354,3.2450760634110387,3.346003259644281,
0xb31308fa8ace2ba2bb9b5bbc84e4087d663096f76df60df4751a37630f39c802,23845920,1763710319,AaveV3Repay,repay,0x877fc51036b47bd059737266ad3f8db6180b6e19,0x877fc51036b47bd059737266ad3f8db6180b6e19,0x87870bca3f3fd6335c3f4ce8392d69350b4fa4e2,0xc02aaa39b223fe8d0a0e5c4f27ead9083c756cc2,0x6b175474e89094c44da98b954eedeac495271d0f,6863.0255,6817.7926,0.006591,17.1576,10.0335,6.3861,1.411683850857671,1.5716714201249877,1.349263716008711,1.4989315441613758,
0x533e630d2379d54f2636c4ca57f302556f5502b8fdff2d4f774c50d4a6dbd3bd,23845954,1763710739,AaveV3Repay,repay,0xb68ee3777f2f3c0b877df9b7371a304a1bf64991,0xb68ee3777f2f3c0b877df9b7371a304a1bf64991,0x87870bca3f3fd6335c3f4ce8392d69350b4fa4e2,0xc02aaa39b223fe8d0a0e5c4f27ead9083c756cc2,0x6b175474e89094c44da98b954eedeac495271d0f,3970.6081,3914.4743,0.014137,9.9265,45.2714,44.7026,1.3798480241653597,1.5467929757369654,1.3382863366901847,1.5002028258647317,
0x9aeea963d6f6c905a091abafda721d01bef1bc32bba6b29bdfd32e9e31a533a4,23846043,1763711807,AaveV3Repay,repay,0xfbc815af5db86476cbffbd9feb6fe84161df2c29,0xfbc815af5db86476cbffbd9feb6fe84161df2c29,0x87870bca3f3fd6335c3f4ce8392d69350b4fa4e2,0xc02aaa39b223fe8d0a0e5c4f27ead9083c756cc2,0x6b175474e89094c44da98b954eedeac495271d0f,1445.6191,1419.2905,0.018213,3.614,23.3824,22.8664,3.350496150763919,3.454770450599317,3.2495775920058367,3.3507110996774943,
0x9d259d0ae337e1af078e11ddb392f9033803d3c73557956fc7f36f72c5752ac2,23846513,1763717507,AaveV3GenericRepayStrategy,repay,0xd7fa32274267449e5efff56c205531fda057ae04,0x8e8cb90fff3a2af6a7f5708f5d16b555db73e757,0x87870bca3f3fd6335c3f4ce8392d69350b4fa4e2,0x2260fac5e5542a773aa44fbcfedf7c193bc2c599,0xa0b86991c6218b36c1d19d4a2e9eb0ce3606eb48,93726.1239,92827.7683,0.009585,234.3146,52.8239,6.2175,1.929796730800586,2.2975671429406366,1.8164687446022623,2.1642129461927464,
0xc9155ae2bd3308a233c47905348621986215931d36ebaf80d09778fc8870aa1b,23846627,1763718899,AaveV3Repay,repay,0xe3c62c987c73c999b8b68cd255092bede819f9c0,0xe3c62c987c73c999b8b68cd255092bede819f9c0,0x87870bca3f3fd6335c3f4ce8392d69350b4fa4e2,0x18084fba666a33d37592fa2633fd49a74dd93a88,0xa0b86991c6218b36c1d19d4a2e9eb0ce3606eb48,16422.2302,16291.6367,0.007952,41.0556,21.7923,14.1504,1.4396944770869238,1.6021245362618162,1.3474063695812992,1.4994242454757474,
0x35f88d05763ef9c4464463ef8217e4f85f752c3572686c04804696f1a9b6b254,23846673,1763719463,AaveV3GenericFLRepayStrategy,repay,0xdcb46b86c7578c64e8589a4a0882a835892f893c,0xb2148a0ea67723039631d706bc224f43a3fddd1d,0x87870bca3f3fd6335c3f4ce8392d69350b4fa4e2,0x2260fac5e5542a773aa44fbcfedf7c193bc2c599,0xa0b86991c6218b36c1d19d4a2e9eb0ce3606eb48,265721.6907,263806.2009,0.007209,664.3041,172.3817,41.115,1.1295211247598147,1.330813921809103,1.0586113448820005,1.2480365501401052,
0x80ce6e9d49529b88e8656165d7142f8a83bbab2baf47fe26f0eb76385603b374,23846679,1763719535,AaveV3Repay,repay,0x0794defcc715d29be0b2932bd27a575a31c2a86b,0x0794defcc715d29be0b2932bd27a575a31c2a86b,0x87870bca3f3fd6335c3f4ce8392d69350b4fa4e2,0xcd5fe23c85820f7b72d0926fc9b05b43e359b7ee,0xa0b86991c6218b36c1d19d4a2e9eb0ce3606eb48,2009.2778,1993.2629,0.00797,5.0232,21.8786,21.043,1.3934289724176556,1.5495877939457205,1.349884317029024,1.50116317538485,
0xf8131c3dcf5fc70ed25ed2cd9e8e4cde28dcadcc21c961a0186e73941cd6c158,23847361,1763727803,AaveV3Repay,repay,0x9d4512c43c580be2d6a7517d6777fac46131a9d6,0x9d4512c43c580be2d6a7517d6777fac46131a9d6,0x87870bca3f3fd6335c3f4ce8392d69350b4fa4e2,0xcd5fe23c85820f7b72d0926fc9b05b43e359b7ee,0xc139190f447e929f090edeb554d95abb8b18ac1c,60013.8205,59442.524,0.009519,150.0346,60.5403,32.132,1.4046865527242078,1.564024150894878,1.348423196777955,1.499604255119764,
0x82eedd5b685d0bf5e52bb72265976e742ff53896b29d60db68134808660237b4,23847370,1763727911,AaveV3Repay,repay,0xf8f6d28d4a3aa8709d1bd244f261ef3e11e8a0e0,0xf8f6d28d4a3aa8709d1bd244f261ef3e11e8a0e0,0x87870bca3f3fd6335c3f4ce8392d69350b4fa4e2,0x2260fac5e5542a773aa44fbcfedf7c193bc2c599,0xc139190f447e929f090edeb554d95abb8b18ac1c,17050.7875,16965.7034,0.00499,42.6268,48.7113,39.3492,1.4193796397308844,1.5729019556104733,1.3498982736137728,1.4987732627027273,
0xc743403248e8b6744f7b24ff04724954d931775cfda96f8b622e277a12a1c9c3,23847372,1763727935,AaveV3Repay,repay,0x30dee05ccf2472306f6013e1740ed762e4689f5c,0x30dee05ccf2472306f6013e1740ed762e4689f5c,0x87870bca3f3fd6335c3f4ce8392d69350b4fa4e2,0xc02aaa39b223fe8d0a0e5c4f27ead9083c756cc2,0x6b175474e89094c44da98b954eedeac495271d0f,14150.9373,14072.1343,0.005569,35.3773,25.9101,18.8934,1.3912748699752198,1.5457122869755469,1.3493690003976406,1.499154687970224,
0xe2b95efa229094f2a0952a9e08c6c0623b292b502b688f4fc851d41fa5abfae7,23847373,1763727947,AaveV3Repay,repay,0x92bd75505b06391d9ed922a8c4c0c70980c26bc0,0x92bd75505b06391d9ed922a8c4c0c70980c26bc0,0x87870bca3f3fd6335c3f4ce8392d69350b4fa4e2,0x2260fac5e5542a773aa44fbcfedf7c193bc2c599,0x6b175474e89094c44da98b954eedeac495271d0f,29993.3264,29846.3918,0.004899,74.983,51.4272,36.4466,1.6535378771195424,1.7620491205213902,1.5475418593554686,1.6490972538212603,
0xee8f2b63eb788c04c9dd510eba02f57537079aca6d199e477278d012b681fed7,23847388,1763728127,AaveV3Repay,repay,0xfbc815af5db86476cbffbd9feb6fe84161df2c29,0xfbc815af5db86476cbffbd9feb6fe84161df2c29,0x87870bca3f3fd6335c3f4ce8392d69350b4fa4e2,0xc02aaa39b223fe8d0a0e5c4f27ead9083c756cc2,0xdac17f958d2ee523a2206206994597c13d831ec7,1395.3967,1361.8991,0.024006,3.4885,28.7132,28.067,3.350508633344279,3.454541068840802,3.2495896986047192,3.3504886270081955,
0xa6745f61a0819e504d3a86bf726e55f7bf54c562ba5ebd797a90812fdd848378,23858703,1763865911,AaveV3Boost,boost,0x1bdcb3eb74d47386134dead5244eead12b8b879a,0x1bdcb3eb74d47386134dead5244eead12b8b879a,0x87870bca3f3fd6335c3f4ce8392d69350b4fa4e2,0x6b175474e89094c44da98b954eedeac495271d0f,0xc02aaa39b223fe8d0a0e5c4f27ead9083c756cc2,15337.7614,15290.6136,0.003074,38.3444,8.6973,1.0225,1.9156180610710376,1.7528096682102223,1.8579187218821247,1.700014196276104,
0x132d6780afaf9c185c59f7569f4f42b7929759cbf150e4459c89b3ae2e72e628,23859127,1763871059,AaveV3Boost,boost,0xe3c62c987c73c999b8b68cd255092bede819f9c0,0xe3c62c987c73c999b8b68cd255092bede819f9c0,0x87870bca3f3fd6335c3f4ce8392d69350b4fa4e2,0xa0b86991c6218b36c1d19d4a2e9eb0ce3606eb48,0x18084fba666a33d37592fa2633fd49a74dd93a88,12347.8199,12356.3626,-0.000692,30.8695,6.8259,0.6568,1.7650438546967469,1.6027738097056032,1.6519000178571221,1.500031898826923,
0xe5c68ba7d330d6301037fff18b46b66020e63e837f9ad2019c4b47c256b35313,23863149,1763919779,AaveV3Boost,boost,0xa5a9b9ed4175130a8168419e427f01f655705c41,0xa5a9b9ed4175130a8168419e427f01f655705c41,0x87870bca3f3fd6335c3f4ce8392d69350b4fa4e2,0xdac17f958d2ee523a2206206994597c13d831ec7,0x2260fac5e5542a773aa44fbcfedf7c193bc2c599,1451511.7256,1445992.5834,0.003802,3628.7793,724.0583,0.7074,30.178049968557172,2.6712632044749753,28.24355958595735,2.5000283836752932,
0x122af42598dca27494724e8bc4e83c207144186ccb4e6bd105d7acbca0145a4b,23863548,1763924579,AaveV3Boost,boost,0xa5a9b9ed4175130a8168419e427f01f655705c41,0xa5a9b9ed4175130a8168419e427f01f655705c41,0x87870bca3f3fd6335c3f4ce8392d69350b4fa4e2,0xdac17f958d2ee523a2206206994597c13d831ec7,0x2260fac5e5542a773aa44fbcfedf7c193bc2c599,199107.8316,198380.8765,0.003651,497.7696,99.9128,0.6831,2.673237194264887,2.4575808195883515,2.5018758356581623,2.300043587563452,
0x1e866303185742d8c8ec34f774297ae65035eddbc46c3a964880a47ad86da08f,23865707,1763950787,AaveV3Boost,boost,0x84b045b0765a4182f6f30a11fbdf584ae3974b25,0x84b045b0765a4182f6f30a11fbdf584ae3974b25,0x87870bca3f3fd6335c3f4ce8392d69350b4fa4e2,0xdac17f958d2ee523a2206206994597c13d831ec7,0xc02aaa39b223fe8d0a0e5c4f27ead9083c756cc2,1002.1506,998.9093,0.003234,2.5054,1.7762,1.2709,1.2520224947233831,1.1858414330269405,1.2143109737963407,1.1501233175738164,
0xd9595d614bf86b729bdcde308b2059bede21713ddfc2cdec05f6a5abf4ce46bc,23870228,1764005663,AaveV3Boost,boost,0x3a073d89de65dcda4ac668d50ab130dc5d46006d,0x3a073d89de65dcda4ac668d50ab130dc5d46006d,0x87870bca3f3fd6335c3f4ce8392d69350b4fa4e2,0x1abaea1f7c830bd89acc67ec4af516284b1bc33c,0xc02aaa39b223fe8d0a0e5c4f27ead9083c756cc2,1483.8717,1469.5945,0.009622,3.7097,11.3471,10.7419,1.7038107365119946,1.5466950064155642,1.6524911360141485,1.5001078074271257,
0xe831dcc6074f512837d9fb97067b8c0fd5d492aa56a1e1c223603f32941b3006,23870228,1764005663,AaveV3Boost,boost,0x9cd9db65aacf2f981d5daac0d1a3daed9e6b0cbc,0x9cd9db65aacf2f981d5daac0d1a3daed9e6b0cbc,0x87870bca3f3fd6335c3f4ce8392d69350b4fa4e2,0x6b175474e89094c44da98b954eedeac495271d0f,0xc02aaa39b223fe8d0a0e5c4f27ead9083c756cc2,58721.2657,58465.193,0.004361,146.8032,50.456,21.9204,1.392755631890508,1.2885045737115326,1.350805161050418,1.249694194985259,
0x90fad27e2d724b24362468f42bcbb9fc2116912be414f120cf123d6fb1a0b34d,23870352,1764007187,AaveV3Boost,boost,0x0794defcc715d29be0b2932bd27a575a31c2a86b,0x0794defcc715d29be0b2932bd27a575a31c2a86b,0x87870bca3f3fd6335c3f4ce8392d69350b4fa4e2,0xa0b86991c6218b36c1d19d4a2e9eb0ce3606eb48,0xcd5fe23c85820f7b72d0926fc9b05b43e359b7ee,1604.2546,1592.3186,0.00744,4.0106,8.2093,7.6575,1.7094926567411106,1.5481259973882406,1.6560710112178842,1.4997470599696658,
0xcb1bc76842f2f8834bdd9697d17deb5a375ef3e4dc698cf4ea4cdc04a035a3ec,23884444,1764178595,AaveV3Boost,boost,0x84b045b0765a4182f6f30a11fbdf584ae3974b25,0x84b045b0765a4182f6f30a11fbdf584ae3974b25,0x87870bca3f3fd6335c3f4ce8392d69350b4fa4e2,0xdac17f958d2ee523a2206206994597c13d831ec7,0xc02aaa39b223fe8d0a0e5c4f27ead9083c756cc2,1064.8815,1059.1263,0.005405,2.6622,4.548,3.7652,1.2452192264114772,1.1856149687029944,1.207712623205403,1.1499036744642923,
0xb26773f4c23ce93c3a988180fafe2b87b2eb393e0f1805e572a6f699bea827f9,23884497,1764179243,AaveV3Boost,boost,0x2468bcf9aa000c8f0b604224657aad5e583c71e3,0x2468bcf9aa000c8f0b604224657aad5e583c71e3,0x87870bca3f3fd6335c3f4ce8392d69350b4fa4e2,0xa0b86991c6218b36c1d19d4a2e9eb0ce3606eb48,0xc02aaa39b223fe8d0a0e5c4f27ead9083c756cc2,6526.78,6492.4085,0.005266,16.3169,10.8304,7.3609,1.3762266561302086,1.3013460001492105,1.3204084677170738,1.2496604110680556,
0xe72a13d28614c58e1624767cd8bc9f6fa643d22d15788c044ecf116091456af1,23884497,1764179243,AaveV3Boost,boost,0xee60f36b6e97f4a57f1e87c1fcb1f0ddbd9a3782,0xee60f36b6e97f4a57f1e87c1fcb1f0ddbd9a3782,0x87870bca3f3fd6335c3f4ce8392d69350b4fa4e2,0xdac17f958d2ee523a2206206994597c13d831ec7,0x7f39c581f595b53c5cb19bd0b3f8da6c935e2ca0,5178.9351,5150.3185,0.005526,12.9473,13.5334,10.774,1.4002875954629301,1.3238154143146312,1.353267243189055,1.2797156485692551,
0xe94d7aa5bb49527df60302f8ef005e9f23f730901499db05cd3753aefc716e03,23884497,1764179243,AaveV3Boost,boost,0x4f9dee86469f70f56d9d8fd501f20d9ce78fa3fd,0x4f9dee86469f70f56d9d8fd501f20d9ce78fa3fd,0x87870bca3f3fd6335c3f4ce8392d69350b4fa4e2,0xa0b86991c6218b36c1d19d4a2e9eb0ce3606eb48,0xc02aaa39b223fe8d0a0e5c4f27ead9083c756cc2,2971.3034,2953.1552,0.006108,7.4283,7.8741,5.9122,2.0650671939302416,1.9072607407053315,2.0028663748359405,1.8498131280334797,
0xe1302934633239325aa196d490102328e898bbd69b09d63a3468e3292ba671a7,23884497,1764179243,AaveV3Boost,boost,0xe6d0f3ca19ff7d0767272c22f2c9a4a42bfe41aa,0xe6d0f3ca19ff7d0767272c22f2c9a4a42bfe41aa,0x87870bca3f3fd6335c3f4ce8392d69350b4fa4e2,0xa0b86991c6218b36c1d19d4a2e9eb0ce3606eb48,0xc02aaa39b223fe8d0a0e5c4f27ead9083c756cc2,33864.1153,33694.7943,0.005,84.6603,25.5122,8.2124,1.3928794315894524,1.2885434745269353,1.350925231842744,1.2497319240893496,
0x9d2cce2c69db6b2c65b6d3a216f9909e27d855b4977d73ec25ef075f278ddb1e,23887093,1764210755,AaveV3Boost,boost,0xb68ee3777f2f3c0b877df9b7371a304a1bf64991,0xb68ee3777f2f3c0b877df9b7371a304a1bf64991,0x87870bca3f3fd6335c3f4ce8392d69350b4fa4e2,0x6b175474e89094c44da98b954eedeac495271d0f,0xc02aaa39b223fe8d0a0e5c4f27ead9083c756cc2,3643.614,3636.4458,0.001967,9.109,3.5373,1.8027,1.7538237985001186,1.5465851975237028,1.70099778047229,1.5000013060315456,
0x6d0d5bd2407b26a62c4bc900659f4cd6f12ac5db9531d44ea331fc72dc85ee93,23889028,1764234119,AaveV3Repay,repay,0xa5a9b9ed4175130a8168419e427f01f655705c41,0xa5a9b9ed4175130a8168419e427f01f655705c41,0x87870bca3f3fd6335c3f4ce8392d69350b4fa4e2,0x2260fac5e5542a773aa44fbcfedf7c193bc2c599,0xdac17f958d2ee523a2206206994597c13d831ec7,1204763.9447,1198760.813,0.004983,3011.9097,600.963,1.321,1.376189355462378,1.5491943662005108,1.2879720890865844,1.4498870350338093,
0x6fb6db51741541e112cc5c5d4593f815e86454b485ea2d801fd1e0209b8cd7a4,23897576,1764337787,AaveV3Boost,boost,0x877fc51036b47bd059737266ad3f8db6180b6e19,0x877fc51036b47bd059737266ad3f8db6180b6e19,0x87870bca3f3fd6335c3f4ce8392d69350b4fa4e2,0x6b175474e89094c44da98b954eedeac495271d0f,0xc02aaa39b223fe8d0a0e5c4f27ead9083c756cc2,5359.0414,5339.9414,0.003564,13.3976,8.8506,6.188,1.731729159566496,1.5698447896305934,1.6518900186530598,1.49996734772933,
0xf4bcbbbb50ed64602e8596b9b1a6417dc7701ac99ccf8fe94c927e94e263aad5,23897782,1764340271,AaveV3Boost,boost,0x1bdcb3eb74d47386134dead5244eead12b8b879a,0x1bdcb3eb74d47386134dead5244eead12b8b879a,0x87870bca3f3fd6335c3f4ce8392d69350b4fa4e2,0x6b175474e89094c44da98b954eedeac495271d0f,0xc02aaa39b223fe8d0a0e5c4f27ead9083c756cc2,18136.9085,18160.5873,-0.001306,45.3423,15.4035,6.2949,1.915696002391628,1.7527509525568632,1.8579943155725274,1.6999572491665549,
0xdbed7eab1f15a1c9a7f3b399b26a1a68b22a27e118ff054802d0bc566895e53b,23916167,1764562271,AaveV3Repay,repay,0x1bdcb3eb74d47386134dead5244eead12b8b879a,0x1bdcb3eb74d47386134dead5244eead12b8b879a,0x87870bca3f3fd6335c3f4ce8392d69350b4fa4e2,0xc02aaa39b223fe8d0a0e5c4f27ead9083c756cc2,0x6b175474e89094c44da98b954eedeac495271d0f,20715.563,20708.2614,0.000352,51.7889,12.1061,1.7792,1.594584633073323,1.75276315512049,1.5465549754506012,1.699969084183038,
0x5eb36e4c8cd17cb4c240f88a3effdf4c9c05decc9243ca1f36d6de6eb6e90d64,23918742,1764593471,AaveV3Repay,repay,0xa5a9b9ed4175130a8168419e427f01f655705c41,0xa5a9b9ed4175130a8168419e427f01f655705c41,0x87870bca3f3fd6335c3f4ce8392d69350b4fa4e2,0x2260fac5e5542a773aa44fbcfedf7c193bc2c599,0xdac17f958d2ee523a2206206994597c13d831ec7,614915.6113,616364.542,-0.002356,1537.2888,316.0344,7.5585,1.4339517008838776,1.5497327538841394,1.3420317200579872,1.450390910686438,
0x81cd08ce1b92dfb4a41f552a4b1a7596b9e29915283d795ee4ce554c8b9db737,23919524,1764602903,AaveV3Repay,repay,0x4f9dee86469f70f56d9d8fd501f20d9ce78fa3fd,0x4f9dee86469f70f56d9d8fd501f20d9ce78fa3fd,0x87870bca3f3fd6335c3f4ce8392d69350b4fa4e2,0xc02aaa39b223fe8d0a0e5c4f27ead9083c756cc2,0xa0b86991c6218b36c1d19d4a2e9eb0ce3606eb48,3481.1944,3461.4311,0.005677,8.703,6.0714,4.2535,1.747477381412386,1.9061901967634378,1.6948425205264366,1.8487748293909723,
0x11eff58633a455b08e6b9093e4a3f79b3d01cc2459c034938b645104e3ed6e0b,23919559,1764603323,AaveV3Repay,repay,0xb68ee3777f2f3c0b877df9b7371a304a1bf64991,0xb68ee3777f2f3c0b877df9b7371a304a1bf64991,0x87870bca3f3fd6335c3f4ce8392d69350b4fa4e2,0xc02aaa39b223fe8d0a0e5c4f27ead9083c756cc2,0x6b175474e89094c44da98b954eedeac495271d0f,3713.3435,3685.1593,0.00759,9.2834,14.3599,12.1877,1.384605654806146,1.5450071744903446,1.3429006652032809,1.4984708138124485,
0x166af835d2697bf071162a8d816da893587a34015ea2cd507e1e017cb7fd1507,23919593,1764603731,AaveV3Repay,repay,0x877fc51036b47bd059737266ad3f8db6180b6e19,0x877fc51036b47bd059737266ad3f8db6180b6e19,0x87870bca3f3fd6335c3f4ce8392d69350b4fa4e2,0xc02aaa39b223fe8d0a0e5c4f27ead9083c756cc2,0x6b175474e89094c44da98b954eedeac495271d0f,6586.5927,6558.5137,0.004263,16.4665,12.839,9.463,1.411445095508265,1.5693426480748116,1.348233303807521,1.4955617205798524,
0xbe1875f54b033ca4ff3b20b9d403475c7f39e6c6b7471f9dd4d2585252905241,23926467,1764686819,AaveV3Boost,boost,0x84b045b0765a4182f6f30a11fbdf584ae3974b25,0x84b045b0765a4182f6f30a11fbdf584ae3974b25,0x87870bca3f3fd6335c3f4ce8392d69350b4fa4e2,0xdac17f958d2ee523a2206206994597c13d831ec7,0xc02aaa39b223fe8d0a0e5c4f27ead9083c756cc2,1125.8093,1121.8929,0.003479,2.8145,3.9148,3.224,1.2626673952187315,1.1857284266102113,1.2246352447585065,1.1500137149643919,
0xcbd92e024fa84c6838d3c03cc4283ef5393e768f90ca5ce5ae1e1083764766f3,23926614,1764688595,AaveV3Boost,boost,0xe6d0f3ca19ff7d0767272c22f2c9a4a42bfe41aa,0xe6d0f3ca19ff7d0767272c22f2c9a4a42bfe41aa,0x87870bca3f3fd6335c3f4ce8392d69350b4fa4e2,0xa0b86991c6218b36c1d19d4a2e9eb0ce3606eb48,0xc02aaa39b223fe8d0a0e5c4f27ead9083c756cc2,33549.1775,33443.1759,0.00316,83.8729,28.1722,11.8961,1.3977263383046001,1.2886362039501218,1.3556261473917792,1.2498218604575981,
0xf7cdce1eca9c294e278922ca9fb1378d1cc73c59d5c9089ab993d74833fc6c2f,23926753,1764690275,AaveV3Boost,boost,0x4f9dee86469f70f56d9d8fd501f20d9ce78fa3fd,0x4f9dee86469f70f56d9d8fd501f20d9ce78fa3fd,0x87870bca3f3fd6335c3f4ce8392d69350b4fa4e2,0xa0b86991c6218b36c1d19d4a2e9eb0ce3606eb48,0xc02aaa39b223fe8d0a0e5c4f27ead9083c756cc2,2985.3876,2972.4985,0.004317,7.4635,12.5254,10.5685,2.0692401921597456,1.9071746452197809,2.0069136803473486,1.849729625785092,
0x5cf34c27776aba61bbd73d50e02acc094031fc7c4f31f520feac921c7592cda2,23927384,1764697931,AaveV3Boost,boost,0xa5a9b9ed4175130a8168419e427f01f655705c41,0xa5a9b9ed4175130a8168419e427f01f655705c41,0x87870bca3f3fd6335c3f4ce8392d69350b4fa4e2,0xdac17f958d2ee523a2206206994597c13d831ec7,0x2260fac5e5542a773aa44fbcfedf7c193bc2c599,593835.6837,592237.4152,0.002691,1484.5892,297.2648,1.0186,1.6801160964982964,1.5489749382040354,1.5724163467227619,1.449681672934544,
0x2d57c7f428ef23918d0708554c39f8eb510aca0971255329035bff1eeeb14156,23929838,1764727595,AaveV3Boost,boost,0x877fc51036b47bd059737266ad3f8db6180b6e19,0x877fc51036b47bd059737266ad3f8db6180b6e19,0x87870bca3f3fd6335c3f4ce8392d69350b4fa4e2,0x6b175474e89094c44da98b954eedeac495271d0f,0xc02aaa39b223fe8d0a0e5c4f27ead9083c756cc2,5042.5504,5025.6548,0.003351,12.6064,5.3425,2.819,1.7314505133415619,1.5711691504470795,1.6501320093727996,1.4999149541761474,
0xe2de6067e03b7e875d785d465be1ec3719566f17e16b513ec9ba589c79c08109,23930545,1764736199,AaveV3Boost,boost,0x84b045b0765a4182f6f30a11fbdf584ae3974b25,0x84b045b0765a4182f6f30a11fbdf584ae3974b25,0x87870bca3f3fd6335c3f4ce8392d69350b4fa4e2,0xdac17f958d2ee523a2206206994597c13d831ec7,0xc02aaa39b223fe8d0a0e5c4f27ead9083c756cc2,1084.1557,1077.97,0.005706,2.7104,7.698,7.2274,1.2471656723546791,1.185834277384174,1.2096004412581132,1.1501163774628362,
0x76fafa404eacb2a4f751740f4f776a8cbc7f133e00ec9eb567a2dac2252de3ee,23931023,1764742031,AaveV3Boost,boost,0x1bdcb3eb74d47386134dead5244eead12b8b879a,0x1bdcb3eb74d47386134dead5244eead12b8b879a,0x87870bca3f3fd6335c3f4ce8392d69350b4fa4e2,0x6b175474e89094c44da98b954eedeac495271d0f,0xc02aaa39b223fe8d0a0e5c4f27ead9083c756cc2,17274.3219,17226.6116,0.002762,43.1858,10.3645,1.7238,1.91249883462414,1.7528184840272156,1.8548934480389856,1.700022746556501,
0x10e0124d2c9855747386283c2c72a987963128cf3cbf1fdde93e472a7042300f,23933595,1764773099,AaveV3Boost,boost,0x75c97a4b805f1ea755321664e0a4465739886101,0x75c97a4b805f1ea755321664e0a4465739886101,0x87870bca3f3fd6335c3f4ce8392d69350b4fa4e2,0x6b175474e89094c44da98b954eedeac495271d0f,0xc02aaa39b223fe8d0a0e5c4f27ead9083c756cc2,1632886.3054,1628197.403,0.002872,4082.2158,824.2269,10.0113,1.6100434066147045,1.4435286605313098,1.5615481232829362,1.4000488815996432,
0x0623ddec9d8c34a73d03e6a2720752d427410e9e5a710da05514328765889edd,23933597,1764773123,AaveV3Boost,boost,0xb68ee3777f2f3c0b877df9b7371a304a1bf64991,0xb68ee3777f2f3c0b877df9b7371a304a1bf64991,0x87870bca3f3fd6335c3f4ce8392d69350b4fa4e2,0x6b175474e89094c44da98b954eedeac495271d0f,0xc02aaa39b223fe8d0a0e5c4f27ead9083c756cc2,3835.606,3827.0936,0.002219,9.589,7.4121,5.0633,1.763945990311305,1.5455738100373566,1.7108150869884888,1.4990203820237389,
0xacd8e6d32fcb08d3a132c49e8f42e2ebe5e76f0b1cf4c57e586634c7ae23dc8e,23936034,1764803027,AaveV3Boost,boost,0xe6d0f3ca19ff7d0767272c22f2c9a4a42bfe41aa,0xe6d0f3ca19ff7d0767272c22f2c9a4a42bfe41aa,0x87870bca3f3fd6335c3f4ce8392d69350b4fa4e2,0xa0b86991c6218b36c1d19d4a2e9eb0ce3606eb48,0xc02aaa39b223fe8d0a0e5c4f27ead9083c756cc2,41256.0073,41241.2112,0.000359,103.14,23.665,2.8303,1.396717658183877,1.288763800693014,1.354647849202399,1.2499456139251508,
0x940065bf88ae16c9cbf1b7c4588c1225176c5af41b9560876ba721576df7a245,23936034,1764803027,AaveV3Boost,boost,0xee60f36b6e97f4a57f1e87c1fcb1f0ddbd9a3782,0xee60f36b6e97f4a57f1e87c1fcb1f0ddbd9a3782,0x87870bca3f3fd6335c3f4ce8392d69350b4fa4e2,0xdac17f958d2ee523a2206206994597c13d831ec7,0x7f39c581f595b53c5cb19bd0b3f8da6c935e2ca0,6278.3227,6269.428,0.001417,15.6958,5.4763,2.2662,1.4035812208353473,1.3234865141580114,1.356771126013117,1.2796835348399338,
0x43c264baef7291a6954c001d4c9ef2ca7fb2583eceedcbf116d1883aaebdeb67,23936034,1764803027,AaveV3Boost,boost,0x2468bcf9aa000c8f0b604224657aad5e583c71e3,0x2468bcf9aa000c8f0b604224657aad5e583c71e3,0x87870bca3f3fd6335c3f4ce8392d69350b4fa4e2,0xa0b86991c6218b36c1d19d4a2e9eb0ce3606eb48,0xc02aaa39b223fe8d0a0e5c4f27ead9083c756cc2,7839.6088,7822.6683,0.002161,19.599,6.1945,2.1102,1.376997047684256,1.3000197257917105,1.322475033094664,1.249611004179801,
0xff8ac77db80b757a698d43e1fec3621e02c894accb1dc26b356177c1b5e5850f,23936034,1764803027,AaveV3Boost,boost,0x366d1115ccb1ccbb4b14d34df0cde3d5e5df5922,0x366d1115ccb1ccbb4b14d34df0cde3d5e5df5922,0x87870bca3f3fd6335c3f4ce8392d69350b4fa4e2,0xa0b86991c6218b36c1d19d4a2e9eb0ce3606eb48,0xc02aaa39b223fe8d0a0e5c4f27ead9083c756cc2,4765.4453,4751.1435,0.003001,11.9136,4.3703,1.8735,1.4471450429245216,1.2855765031253443,1.4035563368120338,1.2468543192960462,
0xd12ab7ee6b2b1634ffa929199deb15538ab2d8dc3600269606273589c70b132d,23936034,1764803027,AaveV3Boost,boost,0xfb64077abffffd8b94309ebe464a4756dc09dfe2,0xfb64077abffffd8b94309ebe464a4756dc09dfe2,0x87870bca3f3fd6335c3f4ce8392d69350b4fa4e2,0xa0b86991c6218b36c1d19d4a2e9eb0ce3606eb48,0xc02aaa39b223fe8d0a0e5c4f27ead9083c756cc2,46862.9021,46819.8122,0.000919,117.1573,25.7243,2.2134,1.7111123409702889,1.5457695875012716,1.6595728126277907,1.4992102625764954,
0x50c84fccea3c96a646054b26b8878a465ea9fcf47bd4c67f1257041fdd8e361d,23936034,1764803027,AaveV3Boost,boost,0x84b045b0765a4182f6f30a11fbdf584ae3974b25,0x84b045b0765a4182f6f30a11fbdf584ae3974b25,0x87870bca3f3fd6335c3f4ce8392d69350b4fa4e2,0xdac17f958d2ee523a2206206994597c13d831ec7,0xc02aaa39b223fe8d0a0e5c4f27ead9083c756cc2,1292.0947,1286.6869,0.004185,3.2302,2.0997,1.4592,1.245658642635911,1.1837886057664708,1.2081388040012808,1.148132322459989,
0x1be7eda9ea8fae656844fed01f758ec068ec255640d623e54539dd8469e39d8c,23947824,1764950807,AaveV3Repay,repay,0xa5a9b9ed4175130a8168419e427f01f655705c41,0xa5a9b9ed4175130a8168419e427f01f655705c41,0x87870bca3f3fd6335c3f4ce8392d69350b4fa4e2,0x2260fac5e5542a773aa44fbcfedf7c193bc2c599,0xdac17f958d2ee523a2206206994597c13d831ec7,315914.646,314005.7717,0.006042,789.7865,167.1616,9.5251,1.492088287954609,1.548825797203719,1.3964416028293134,1.449542092254761,
0x75a0a085bc09ae540485a196dd8a40e3c6a669a519de85fd8a0ea22f61c53458,23948001,1764952955,AaveV3Repay,repay,0x9b94570ca357d3d051839f58b4356c87daceaf6c,0x9b94570ca357d3d051839f58b4356c87daceaf6c,0x87870bca3f3fd6335c3f4ce8392d69350b4fa4e2,0xae78736cd615f374d3085123a210448e74fc6393,0xa0b86991c6218b36c1d19d4a2e9eb0ce3606eb48,9659.428,9591.6171,0.00702,24.1486,13.0069,7.4147,1.4289866197539067,1.5661708106182866,1.3491316790465342,1.4777763120350411,
0x6d9b9d3619b6710c05ac9c24015843bc06c52cf97e0bb64b89459801fee83806,23962430,1765128287,AaveV3Boost,boost,0x84b045b0765a4182f6f30a11fbdf584ae3974b25,0x84b045b0765a4182f6f30a11fbdf584ae3974b25,0x87870bca3f3fd6335c3f4ce8392d69350b4fa4e2,0xdac17f958d2ee523a2206206994597c13d831ec7,0xc02aaa39b223fe8d0a0e5c4f27ead9083c756cc2,1035.4669,1027.8496,0.007356,2.5887,4.5622,3.986,1.2440165448402531,1.1851412698202537,1.206546166983509,1.149444243619644,
0x3cfdb4f5a18d25c8dd7c88b2746736befa945437866423c8eaa8cbdc970eadd6,23962435,1765128347,AaveV3Boost,boost,0xa5a9b9ed4175130a8168419e427f01f655705c41,0xa5a9b9ed4175130a8168419e427f01f655705c41,0x87870bca3f3fd6335c3f4ce8392d69350b4fa4e2,0xdac17f958d2ee523a2206206994597c13d831ec7,0x2260fac5e5542a773aa44fbcfedf7c193bc2c599,322151.826,320853.1466,0.004031,805.3796,163.637,3.1964,1.5550738081094686,1.4959149433996421,1.4553895896409113,1.400022959848381,
0x97cf61d3f389308d9d3b009f39f00a294981ee376902cb03e99857872ba56782,23965592,1765166687,AaveV3GenericFLBoostStrategy,boost,0xcbfc2827989a8fed9d61b49804485ab085e94360,0xbfaed4f3bc89c22e6937df00d004b343f5e5f1f5,0x87870bca3f3fd6335c3f4ce8392d69350b4fa4e2,0xdac17f958d2ee523a2206206994597c13d831ec7,0xc02aaa39b223fe8d0a0e5c4f27ead9083c756cc2,66191.2787,65926.0895,0.004006,165.4782,36.1277,3.1561,1.2970210330080119,1.2002015522330494,1.2401651907420856,1.1498420429744762,
0x32b9749d8f838191f65dc4fc553dd9b687df7575e9ddccfa9134e8e31bbf9cef,23976196,1765295171,AaveV3Boost,boost,0xe6d0f3ca19ff7d0767272c22f2c9a4a42bfe41aa,0xe6d0f3ca19ff7d0767272c22f2c9a4a42bfe41aa,0x87870bca3f3fd6335c3f4ce8392d69350b4fa4e2,0xa0b86991c6218b36c1d19d4a2e9eb0ce3606eb48,0xc02aaa39b223fe8d0a0e5c4f27ead9083c756cc2,40075.1232,40020.6574,0.001359,100.1878,26.1469,6.5248,1.4082276772129318,1.2950715031482283,1.3658111809113107,1.2560633253425233,
0x42b6a19c98273597f2db96e90b05f5adc523101ba7c83f67e0f1ab9b53563ca0,23976229,1765295567,AaveV3Boost,boost,0x0794defcc715d29be0b2932bd27a575a31c2a86b,0x0794defcc715d29be0b2932bd27a575a31c2a86b,0x87870bca3f3fd6335c3f4ce8392d69350b4fa4e2,0xa0b86991c6218b36c1d19d4a2e9eb0ce3606eb48,0xcd5fe23c85820f7b72d0926fc9b05b43e359b7ee,1965.1832,1952.5329,0.006437,4.913,8.0063,7.2666,1.7102574507842667,1.547951697539626,1.6568119054463262,1.4995782069913774,
0x0e1e721b62a43e7cc2e1079300d108829114708c96d06a77a676d5f31544f393,23976232,1765295603,AaveV3Boost,boost,0x84b045b0765a4182f6f30a11fbdf584ae3974b25,0x84b045b0765a4182f6f30a11fbdf584ae3974b25,0x87870bca3f3fd6335c3f4ce8392d69350b4fa4e2,0xdac17f958d2ee523a2206206994597c13d831ec7,0xc02aaa39b223fe8d0a0e5c4f27ead9083c756cc2,1202.2077,1196.6867,0.004592,3.0055,6.1883,5.236,1.2441608235607156,1.1856774556701128,1.2066860999592253,1.1499642792942684,
0xed05360e1586a9460f7b164698d1222cefe4c0038a5f519c793c7979ab33c386,23976278,1765296155,AaveV3Boost,boost,0x9cd9db65aacf2f981d5daac0d1a3daed9e6b0cbc,0x9cd9db65aacf2f981d5daac0d1a3daed9e6b0cbc,0x87870bca3f3fd6335c3f4ce8392d69350b4fa4e2,0xa0b86991c6218b36c1d19d4a2e9eb0ce3606eb48,0xc02aaa39b223fe8d0a0e5c4f27ead9083c756cc2,59003.5895,58719.2482,0.004819,147.509,42.1039,8.536,1.3964731434175746,1.2896088291228496,1.354410699338724,1.2507651896914105,
0xe37a1d6a93fff9a6eba6821df7bff05830b4725f7421a8f252fd18555072b69a,23976279,1765296167,AaveV3Boost,boost,0x3a073d89de65dcda4ac668d50ab130dc5d46006d,0x3a073d89de65dcda4ac668d50ab130dc5d46006d,0x87870bca3f3fd6335c3f4ce8392d69350b4fa4e2,0x1abaea1f7c830bd89acc67ec4af516284b1bc33c,0xc02aaa39b223fe8d0a0e5c4f27ead9083c756cc2,1920.0414,1907.8009,0.006375,4.8001,7.3434,6.5407,1.7124428902722286,1.5476319288716698,1.6608632851425498,1.5010165093265833,
0xec0e261f6c8ddbba424beb1e69d9a9ba6e07c7c2996b48bd89870935a8892ae3,23976279,1765296167,AaveV3Boost,boost,0x4f9dee86469f70f56d9d8fd501f20d9ce78fa3fd,0x4f9dee86469f70f56d9d8fd501f20d9ce78fa3fd,0x87870bca3f3fd6335c3f4ce8392d69350b4fa4e2,0xa0b86991c6218b36c1d19d4a2e9eb0ce3606eb48,0xc02aaa39b223fe8d0a0e5c4f27ead9083c756cc2,3480.687,3455.6713,0.007187,8.7017,9.3949,7.3425,2.0724791903887074,1.9078452886188353,2.010055118388958,1.8503800690820151,
0x336856a2f744cf4660d7cf3241c3ed00b9ce23ff58af08cfcb48734399b8d805,23976470,1765298483,AaveV3Boost,boost,0xa5a9b9ed4175130a8168419e427f01f655705c41,0xa5a9b9ed4175130a8168419e427f01f655705c41,0x87870bca3f3fd6335c3f4ce8392d69350b4fa4e2,0xdac17f958d2ee523a2206206994597c13d831ec7,0x2260fac5e5542a773aa44fbcfedf7c193bc2c599,339012.1457,337939.1828,0.003165,847.5304,175.0353,6.1753,1.5533476291590065,1.495888676044271,1.453774063187275,1.3999983762978423,
0xc230ee514e5035575c80f6ecb83134d4bf34b21d062c2ddf0608097d99b04900,23976505,1765298903,AaveV3Boost,boost,0x1bdcb3eb74d47386134dead5244eead12b8b879a,0x1bdcb3eb74d47386134dead5244eead12b8b879a,0x87870bca3f3fd6335c3f4ce8392d69350b4fa4e2,0x6b175474e89094c44da98b954eedeac495271d0f,0xc02aaa39b223fe8d0a0e5c4f27ead9083c756cc2,19884.096,19820.7433,0.003186,49.7102,18.6519,7.8426,1.9094570160128297,1.7527766468653256,1.8519432504702455,1.699982169550058,
0xa7fd0121a5098b87798c0ae69573cfaaba60695769f724d38a3256bf3c2b86e6,23976597,1765300019,AaveV3Boost,boost,0x84b045b0765a4182f6f30a11fbdf584ae3974b25,0x84b045b0765a4182f6f30a11fbdf584ae3974b25,0x87870bca3f3fd6335c3f4ce8392d69350b4fa4e2,0xdac17f958d2ee523a2206206994597c13d831ec7,0xc02aaa39b223fe8d0a0e5c4f27ead9083c756cc2,1257.9768,1248.0343,0.007904,3.1449,6.6766,6.1123,1.2385473874585282,1.185532910242548,1.2012417432575162,1.1498240876442005,
0x270df6fd79af834ba315b0fad3af700fe95395c43ff30fea77c3762b7eec10b1,23984144,1765391999,AaveV3Boost,boost,0xee60f36b6e97f4a57f1e87c1fcb1f0ddbd9a3782,0xee60f36b6e97f4a57f1e87c1fcb1f0ddbd9a3782,0x87870bca3f3fd6335c3f4ce8392d69350b4fa4e2,0xdac17f958d2ee523a2206206994597c13d831ec7,0x7f39c581f595b53c5cb19bd0b3f8da6c935e2ca0,7065.4043,7031.1374,0.00485,17.6635,7.6994,4.1721,1.4013254112331046,1.3230377353440586,1.3551359792526132,1.279718841469926,
0xd77d4127c36a3dd71deb168cce377dfbf0591660d5b3e255cae56c5711446a35,23984624,1765397795,AaveV3Boost,boost,0x673954caef72316ebca3b5ae83ff73743c02d61d,0x673954caef72316ebca3b5ae83ff73743c02d61d,0x87870bca3f3fd6335c3f4ce8392d69350b4fa4e2,0x40d16fc0246ad3160ccc09b8d0d3a2cd28ae6c2f,0xc02aaa39b223fe8d0a0e5c4f27ead9083c756cc2,82399.5461,82024.5628,0.004551,205.9989,46.4742,5.1811,1.599633972151157,1.4431520283111745,1.5514522260020218,1.3996835937234666,
0x93c84c9e889d1be1430971c46ea75d3dea30840098cc34643a4f1a2e3141807d,24006926,1765668083,AaveV3GenericBoostStrategy,boost,0x5b3ffa9487601b9b389eeb3be5f94fc066e720b0,0xc823511e80769e3d036b6950c60e313c1b136b6b,0x87870bca3f3fd6335c3f4ce8392d69350b4fa4e2,0xa0b86991c6218b36c1d19d4a2e9eb0ce3606eb48,0x2260fac5e5542a773aa44fbcfedf7c193bc2c599,51230.3963,51019.2695,0.004121,128.076,26.9659,1.49,2.266141608703792,1.6956390981069662,2.1414264734142523,1.5996260317780904,
0x9130e765a78a6ba547a52fa126d79857e6af7574e903ef1af411f9901b8eabbb,24014159,1765755287,AaveV3Repay,repay,0x1bdcb3eb74d47386134dead5244eead12b8b879a,0x1bdcb3eb74d47386134dead5244eead12b8b879a,0x87870bca3f3fd6335c3f4ce8392d69350b4fa4e2,0xc02aaa39b223fe8d0a0e5c4f27ead9083c756cc2,0x6b175474e89094c44da98b954eedeac495271d0f,24338.6982,24407.5606,-0.002829,60.8467,16.6592,4.3913,1.5882490453376725,1.7525018756152464,1.5404102186708641,1.6997156745424196,
0x9de0a347faf95288a58f65c4a78a27087e44f5e8345b10219ddc73160cdb67b7,24018872,1765812203,AaveV3Repay,repay,0x4f9dee86469f70f56d9d8fd501f20d9ce78fa3fd,0x4f9dee86469f70f56d9d8fd501f20d9ce78fa3fd,0x87870bca3f3fd6335c3f4ce8392d69350b4fa4e2,0xc02aaa39b223fe8d0a0e5c4f27ead9083c756cc2,0xa0b86991c6218b36c1d19d4a2e9eb0ce3606eb48,3829.1072,3803.382,0.006718,9.5728,8.5464,6.5491,1.752576033396761,1.906796887138626,1.6997875986555882,1.8493632459596414,
0x47a02df1727712a0fe96547dfedca527739e1bc57d285c88a02beef0944f33fc,24018876,1765812251,AaveV3Repay,repay,0xf380b8f1e63e2bed7ca329ca1fddbc39b52cc0d3,0xf380b8f1e63e2bed7ca329ca1fddbc39b52cc0d3,0x87870bca3f3fd6335c3f4ce8392d69350b4fa4e2,0x2260fac5e5542a773aa44fbcfedf7c193bc2c599,0xa0b86991c6218b36c1d19d4a2e9eb0ce3606eb48,21546.7541,21467.9217,0.003659,53.8662,22.1786,12.366,1.7314288970172038,1.887303743337264,1.644915195194863,1.7946944606183928,
0xaa6c6a392e3c4f4f7635a64ddc2ef1082175129747d20393f9b63483e48356dc,24019532,1765820147,AaveV3GenericFLRepayStrategy,repay,0xcbfc2827989a8fed9d61b49804485ab085e94360,0xbfaed4f3bc89c22e6937df00d004b343f5e5f1f5,0x87870bca3f3fd6335c3f4ce8392d69350b4fa4e2,0xc02aaa39b223fe8d0a0e5c4f27ead9083c756cc2,0xdac17f958d2ee523a2206206994597c13d831ec7,85634.7695,85319.1376,0.003686,214.0869,51.3119,8.6104,1.0935044117497794,1.1825612946504225,1.0476461436590407,1.1296468067730958,
0x30e56a349185e874bed8f01490013d55f497febb7ead3208666cb1695ca161d6,24019794,1765823303,AaveV3Repay,repay,0x0794defcc715d29be0b2932bd27a575a31c2a86b,0x0794defcc715d29be0b2932bd27a575a31c2a86b,0x87870bca3f3fd6335c3f4ce8392d69350b4fa4e2,0xcd5fe23c85820f7b72d0926fc9b05b43e359b7ee,0xa0b86991c6218b36c1d19d4a2e9eb0ce3606eb48,2327.0245,2319.2129,0.003357,5.8176,2.6363,1.5118,1.3924595750562905,1.5483466552325544,1.3489452133352182,1.4999608222563945,
0xa05a657fca332ae056a685f5e59eed53e8d92ea1a1d31c144057db6ab740c9d8,24022890,1765860635,AaveV3Repay,repay,0xfb64077abffffd8b94309ebe464a4756dc09dfe2,0xfb64077abffffd8b94309ebe464a4756dc09dfe2,0x87870bca3f3fd6335c3f4ce8392d69350b4fa4e2,0xc02aaa39b223fe8d0a0e5c4f27ead9083c756cc2,0xa0b86991c6218b36c1d19d4a2e9eb0ce3606eb48,56968.77,57071.6165,-0.001805,142.4219,31.5027,2.8836,1.3849165215237367,1.5492106027898214,1.3432021684657862,1.502547632826224,
0xcbd0ef0844640673caedd8f1439e943dc14c073817006f72f40b837775b1a100,24039899,1766065883,AaveV3Boost,boost,0x2d407e8245664ba6485a16cfdddc62ca24218070,0x2d407e8245664ba6485a16cfdddc62ca24218070,0x87870bca3f3fd6335c3f4ce8392d69350b4fa4e2,0xdac17f958d2ee523a2206206994597c13d831ec7,0xc02aaa39b223fe8d0a0e5c4f27ead9083c756cc2,29416.7522,29353.8985,0.002137,73.5419,21.9797,7.5459,1.2424903902048243,1.1855332719977927,1.2050659808613025,1.1498244385038663,
0x92b86c618a8b4c8296fb4226a610beee9ccef588533d3aea6a3e903eaa968636,24044994,1766127419,AaveV3Boost,boost,0x2d407e8245664ba6485a16cfdddc62ca24218070,0x2d407e8245664ba6485a16cfdddc62ca24218070,0x87870bca3f3fd6335c3f4ce8392d69350b4fa4e2,0xdac17f958d2ee523a2206206994597c13d831ec7,0xc02aaa39b223fe8d0a0e5c4f27ead9083c756cc2,26127.1402,25978.2612,0.005698,65.3179,14.9068,1.9903,1.2388369416542033,1.1855221440207648,1.201522575941676,1.1498136457068584,
0xc33147db1ce8510e6f740c3134e70f9685f4bb0330525d20b0d30277b5957bbb,24067957,1766404175,AaveV3Boost,boost,0x366d1115ccb1ccbb4b14d34df0cde3d5e5df5922,0x366d1115ccb1ccbb4b14d34df0cde3d5e5df5922,0x87870bca3f3fd6335c3f4ce8392d69350b4fa4e2,0xa0b86991c6218b36c1d19d4a2e9eb0ce3606eb48,0xc02aaa39b223fe8d0a0e5c4f27ead9083c756cc2,3670.8059,3658.0699,0.00347,9.177,4.1361,2.3838,1.4447364006337176,1.2885341392151277,1.4012202439874781,1.2497228699612501,
0x1b0ddfbf8dfbd3adeb0531db8e2a522b9bae664e3835f361a84aa0b153958ec4,24147670,1767365567,AaveV3Boost,boost,0xee60f36b6e97f4a57f1e87c1fcb1f0ddbd9a3782,0xee60f36b6e97f4a57f1e87c1fcb1f0ddbd9a3782,0x87870bca3f3fd6335c3f4ce8392d69350b4fa4e2,0xdac17f958d2ee523a2206206994597c13d831ec7,0x7f39c581f595b53c5cb19bd0b3f8da6c935e2ca0,5018.9758,5005.4928,0.002686,12.5474,5.8054,3.529,1.4010236757772512,1.3241028416384553,1.35393281888793,1.2798507386276696,
0xd5e0f9343b2e814c59ab8d70f665be8f8cb7816141c5eea38e9bdcdb64c5dfa2,24148096,1767370715,AaveV3Boost,boost,0x9cd9db65aacf2f981d5daac0d1a3daed9e6b0cbc,0x9cd9db65aacf2f981d5daac0d1a3daed9e6b0cbc,0x87870bca3f3fd6335c3f4ce8392d69350b4fa4e2,0x6b175474e89094c44da98b954eedeac495271d0f,0xc02aaa39b223fe8d0a0e5c4f27ead9083c756cc2,43184.5584,43051.9306,0.003071,107.9614,23.3057,1.7641,1.391989655595883,1.288642312021593,1.3500622563309301,1.2498277845510315,
0x6de364ad4cbb8b7d456e5860c2c1bec824efd2f7a8cd5429127e2ffcd0e8cee2,24148104,1767370811,AaveV3Boost,boost,0x75c97a4b805f1ea755321664e0a4465739886101,0x75c97a4b805f1ea755321664e0a4465739886101,0x87870bca3f3fd6335c3f4ce8392d69350b4fa4e2,0x6b175474e89094c44da98b954eedeac495271d0f,0xc02aaa39b223fe8d0a0e5c4f27ead9083c756cc2,1464086.7698,1462817.3783,0.000867,3660.2169,734.3951,2.7262,1.601732308978438,1.4437932998467609,1.5534873599128212,1.4003055498513766,
0x3242dd9bd344e1665f4bdd3fe43fc845d39701e4e1fb360293368c2ddad543df,24148180,1767371723,AaveV3Boost,boost,0x84b045b0765a4182f6f30a11fbdf584ae3974b25,0x84b045b0765a4182f6f30a11fbdf584ae3974b25,0x87870bca3f3fd6335c3f4ce8392d69350b4fa4e2,0xdac17f958d2ee523a2206206994597c13d831ec7,0xc02aaa39b223fe8d0a0e5c4f27ead9083c756cc2,1040.5386,1036.971,0.003429,2.6013,3.4113,2.9456,1.250395296131186,1.1857345361872633,1.212732787210792,1.1500196405186418,
0x2279aeb54f5c4d252f5a682136f567dfafdbe5d5bc9a7f9faab232c67bb72228,24165001,1767574379,AaveV3Boost,boost,0xfb64077abffffd8b94309ebe464a4756dc09dfe2,0xfb64077abffffd8b94309ebe464a4756dc09dfe2,0x87870bca3f3fd6335c3f4ce8392d69350b4fa4e2,0xa0b86991c6218b36c1d19d4a2e9eb0ce3606eb48,0xc02aaa39b223fe8d0a0e5c4f27ead9083c756cc2,42023.1021,41991.3207,0.000756,105.0578,26.0646,5.3421,1.7020960019777005,1.546547927072967,1.6508280501108847,1.4999651581852176,
0xbece2f58bf24b8a1eaaf780dcb71f0d9838f1b2ffcc41f74dc6cfbd2858b462b,24170401,1767639467,AaveV3Boost,boost,0xa5a9b9ed4175130a8168419e427f01f655705c41,0xa5a9b9ed4175130a8168419e427f01f655705c41,0x87870bca3f3fd6335c3f4ce8392d69350b4fa4e2,0xdac17f958d2ee523a2206206994597c13d831ec7,0x2260fac5e5542a773aa44fbcfedf7c193bc2c599,395705.2753,394704.6237,0.002529,989.2632,199.8974,2.5486,1.499762240760226,1.4424716481142459,1.4036236355832867,1.3500055168248701,
0x49e4a373f7d7a430145b482c6667530d846e79f14aa3e7ed7ff987ac4d3ff6b8,24170745,1767643607,AaveV3Boost,boost,0x0794defcc715d29be0b2932bd27a575a31c2a86b,0x0794defcc715d29be0b2932bd27a575a31c2a86b,0x87870bca3f3fd6335c3f4ce8392d69350b4fa4e2,0xa0b86991c6218b36c1d19d4a2e9eb0ce3606eb48,0xcd5fe23c85820f7b72d0926fc9b05b43e359b7ee,1943.1109,1938.9337,0.00215,4.8578,2.2481,1.2962,1.7139550686150087,1.5482900610000219,1.6603939727205625,1.4999059965930261,
0x1b57cf11b1bc545ce3d7229ba7696401891f73e234870de0ccb6eff1c2279be9,24176157,1767708815,AaveV3Boost,boost,0xee60f36b6e97f4a57f1e87c1fcb1f0ddbd9a3782,0xee60f36b6e97f4a57f1e87c1fcb1f0ddbd9a3782,0x87870bca3f3fd6335c3f4ce8392d69350b4fa4e2,0xdac17f958d2ee523a2206206994597c13d831ec7,0x7f39c581f595b53c5cb19bd0b3f8da6c935e2ca0,5541.0369,5522.3238,0.003377,13.8526,8.9115,6.3035,1.397687902534173,1.3238310980522954,1.351093582599876,1.2798727456864323,
0xe49204e575220deeeac83e83215b9a03352e7675a3dd6aec820ba8bafaaf1f24,24176157,1767708815,AaveV3Boost,boost,0x4f9dee86469f70f56d9d8fd501f20d9ce78fa3fd,0x4f9dee86469f70f56d9d8fd501f20d9ce78fa3fd,0x87870bca3f3fd6335c3f4ce8392d69350b4fa4e2,0xa0b86991c6218b36c1d19d4a2e9eb0ce3606eb48,0xc02aaa39b223fe8d0a0e5c4f27ead9083c756cc2,3460.4418,3446.6327,0.003991,8.6511,5.1259,3.271,2.0722079957322075,1.9073030084775429,2.009792092245883,1.8498541226798983,
0x7d4c6461706e7d971f2a6867d1725fa3749bab4c01a57d18d754900f1b2c881b,24176198,1767709307,AaveV3Boost,boost,0x84b045b0765a4182f6f30a11fbdf584ae3974b25,0x84b045b0765a4182f6f30a11fbdf584ae3974b25,0x87870bca3f3fd6335c3f4ce8392d69350b4fa4e2,0xdac17f958d2ee523a2206206994597c13d831ec7,0xc02aaa39b223fe8d0a0e5c4f27ead9083c756cc2,1046.4126,1039.1854,0.006907,2.616,5.8925,5.4778,1.2419839588112287,1.1864186893940887,1.2045748034239627,1.150683186700949,
0x10b896278eafeab4a1a6d49ff23c2deea59d2b786c4b5796aa5f83338d116678,24224720,1768294295,AaveV3Boost,boost,0x1bdcb3eb74d47386134dead5244eead12b8b879a,0x1bdcb3eb74d47386134dead5244eead12b8b879a,0x87870bca3f3fd6335c3f4ce8392d69350b4fa4e2,0x6b175474e89094c44da98b954eedeac495271d0f,0xc02aaa39b223fe8d0a0e5c4f27ead9083c756cc2,24039.1201,23871.0663,0.006991,60.0978,13.5269,1.7225,1.9264582876375935,1.752724146213322,1.8684324356003092,1.6999312502429835,
0x8bbbb89f925f140141d24aaf076a60d8eb17cdaba6c5b08957bc950f8df4aee8,24226731,1768318679,AaveV3Boost,boost,0x1bdcb3eb74d47386134dead5244eead12b8b879a,0x1bdcb3eb74d47386134dead5244eead12b8b879a,0x87870bca3f3fd6335c3f4ce8392d69350b4fa4e2,0x6b175474e89094c44da98b954eedeac495271d0f,0xc02aaa39b223fe8d0a0e5c4f27ead9083c756cc2,31068.1145,30972.0346,0.003093,77.6703,28.1335,13.3567,1.7530966373133952,1.5981382401635886,1.7002925217316427,1.5500015461827144,
0xd6820f49c32901f4eec455b47681ab1daea19e367140032396d568ce53f14143,24227674,1768330175,AaveV3Boost,boost,0xb694cd3f474706f8d800d17a7ee4518cbd89fcab,0xb694cd3f474706f8d800d17a7ee4518cbd89fcab,0x87870bca3f3fd6335c3f4ce8392d69350b4fa4e2,0x1abaea1f7c830bd89acc67ec4af516284b1bc33c,0x2260fac5e5542a773aa44fbcfedf7c193bc2c599,31387.4542,31236.7392,0.004802,78.4686,17.1076,1.5024,1.6056109783626213,1.4433453536906964,1.5026871976982958,1.3508232156335407,
0xf7c0b7c8a5ae959543f4210e8dc3081ad5119eaf0a7123b60f37633eff6f8d94,24228695,1768342475,AaveV3Boost,boost,0x84b045b0765a4182f6f30a11fbdf584ae3974b25,0x84b045b0765a4182f6f30a11fbdf584ae3974b25,0x87870bca3f3fd6335c3f4ce8392d69350b4fa4e2,0xdac17f958d2ee523a2206206994597c13d831ec7,0xc02aaa39b223fe8d0a0e5c4f27ead9083c756cc2,1281.7197,1271.7493,0.007779,3.2043,9.5253,8.9672,1.2539990417033864,1.1848727384969198,1.216227986230169,1.1491838005903172,
0xc68f75726d9e3b9383c171cc386b7873bf0fafee9b43b2817081753c0721c007,24233638,1768402115,AaveV3Boost,boost,0x1b62d71c7334b714fdef2c9ed4d0b7588f5c07f6,0x1b62d71c7334b714fdef2c9ed4d0b7588f5c07f6,0x87870bca3f3fd6335c3f4ce8392d69350b4fa4e2,0xa0b86991c6218b36c1d19d4a2e9eb0ce3606eb48,0xcbb7c0000ab88b473b1f5afd9ef808440eed33bf,3986.2747,3952.1857,0.008552,9.9657,25.0081,23.6445,1.7101018857474704,1.6025206305506454,1.6004799699943917,1.4997949491048235,
0x38e5ba8882d56d8c85e7560350c182c1503bba4628b085140be8301204087ebf,24234111,1768407791,AaveV3Boost,boost,0xf380b8f1e63e2bed7ca329ca1fddbc39b52cc0d3,0xf380b8f1e63e2bed7ca329ca1fddbc39b52cc0d3,0x87870bca3f3fd6335c3f4ce8392d69350b4fa4e2,0xa0b86991c6218b36c1d19d4a2e9eb0ce3606eb48,0x2260fac5e5542a773aa44fbcfedf7c193bc2c599,18644.8151,18582.9478,0.003318,46.612,11.629,2.3845,2.052632809347657,1.8938787738472742,1.952275821221779,1.7998818635833012,
0x36525cd50fe101d3c9a0f2f62f8e78804738c96ae2574e16ea1107e2f29170d9,24234164,1768408427,AaveV3Boost,boost,0x9cd9db65aacf2f981d5daac0d1a3daed9e6b0cbc,0x9cd9db65aacf2f981d5daac0d1a3daed9e6b0cbc,0x87870bca3f3fd6335c3f4ce8392d69350b4fa4e2,0xa0b86991c6218b36c1d19d4a2e9eb0ce3606eb48,0xc02aaa39b223fe8d0a0e5c4f27ead9083c756cc2,36318.2999,36176.2031,0.003913,90.7957,28.1557,10.6128,1.3942803414939675,1.2887454015538318,1.352283945665828,1.2499277689768795,
0xf0a95596751695210742862408d3e1d4c852c846bc79d9bb6ea6358266ffead9,24234165,1768408439,AaveV3Boost,boost,0x97d0aca4142e89f968fe1ac0d206752e73f3b2b0,0x97d0aca4142e89f968fe1ac0d206752e73f3b2b0,0x87870bca3f3fd6335c3f4ce8392d69350b4fa4e2,0xa0b86991c6218b36c1d19d4a2e9eb0ce3606eb48,0xc02aaa39b223fe8d0a0e5c4f27ead9083c756cc2,8175.6996,8128.7539,0.005742,20.4392,12.6366,8.8432,1.7117994247571249,1.5531757743713346,1.6530012673037175,1.5004438874914814,
0x4ded1f35381fd4b802fe5149e15c628b6cdf51cb96bb0cb5b61602b501cfba8a,24256418,1768676435,AaveV3Boost,boost,0x2b7cba47bbc484b76bc961830e1497f6f08ae0e4,0x2b7cba47bbc484b76bc961830e1497f6f08ae0e4,0x87870bca3f3fd6335c3f4ce8392d69350b4fa4e2,0x2260fac5e5542a773aa44fbcfedf7c193bc2c599,0xa0b86991c6218b36c1d19d4a2e9eb0ce3606eb48,54230.3911,54054.7922,0.003238,135.5754,27.6324,0.6054,2.822371857089336,2.079971022454235,2.7138190933550517,1.9999721369751755,
0x2fa9592841d85407b37640eb1a35e2c5d7804e54853d95163177f90a5f30d292,24265134,1768781315,AaveV3Repay,repay,0x1bdcb3eb74d47386134dead5244eead12b8b879a,0x1bdcb3eb74d47386134dead5244eead12b8b879a,0x87870bca3f3fd6335c3f4ce8392d69350b4fa4e2,0xc02aaa39b223fe8d0a0e5c4f27ead9083c756cc2,0x6b175474e89094c44da98b954eedeac495271d0f,22022.2566,21847.2831,0.007945,55.0556,28.027,17.1246,1.644441554627537,1.7522123273622077,1.5949101825001508,1.699434847622382,
0x9a477937a9ca6014149427e9a7fea18cc504bde0d39bf20cb62cbdb3fd6ba874,24265172,1768781771,AaveV3Repay,repay,0x80d50cff6c4b05f395561a0c987990f11bf57511,0x80d50cff6c4b05f395561a0c987990f11bf57511,0x87870bca3f3fd6335c3f4ce8392d69350b4fa4e2,0xc02aaa39b223fe8d0a0e5c4f27ead9083c756cc2,0xa0b86991c6218b36c1d19d4a2e9eb0ce3606eb48,11108.8128,11081.1857,0.002487,27.772,14.681,9.2567,1.4003319882002485,1.4637421212678585,1.3581533138567787,1.4196535031573025,
0x345b2567b4a7d5e86b61e12321977f4e7fa41a6d618ad0454a7305024f270cf9,24276689,1768920539,AaveV3Repay,repay,0x1bdcb3eb74d47386134dead5244eead12b8b879a,0x1bdcb3eb74d47386134dead5244eead12b8b879a,0x87870bca3f3fd6335c3f4ce8392d69350b4fa4e2,0xc02aaa39b223fe8d0a0e5c4f27ead9083c756cc2,0x6b175474e89094c44da98b954eedeac495271d0f,19922.3581,19757.0196,0.008299,49.8059,14.5231,4.6389,1.6417755675872316,1.7521965435394793,1.592324496274323,1.6994195392159985,
0xa573b345fd28dd6b41452a9f86b84e94a6c3e8f7d0bbe722e467ea70ca9cb1de,24276693,1768920587,AaveV3Repay,repay,0x97d0aca4142e89f968fe1ac0d206752e73f3b2b0,0x97d0aca4142e89f968fe1ac0d206752e73f3b2b0,0x87870bca3f3fd6335c3f4ce8392d69350b4fa4e2,0xc02aaa39b223fe8d0a0e5c4f27ead9083c756cc2,0xa0b86991c6218b36c1d19d4a2e9eb0ce3606eb48,10135.9381,10039.7918,0.009486,25.3398,9.5126,4.3898,1.394990763125916,1.5516738026099972,1.3476540751921706,1.4982102290432875,
0x97de272c7ba71c2443751116db20cc76333c5ba167db9d6a731c51341d35ed2d,24276798,1768921847,AaveV3Repay,repay,0x4f9dee86469f70f56d9d8fd501f20d9ce78fa3fd,0x4f9dee86469f70f56d9d8fd501f20d9ce78fa3fd,0x87870bca3f3fd6335c3f4ce8392d69350b4fa4e2,0xc02aaa39b223fe8d0a0e5c4f27ead9083c756cc2,0xa0b86991c6218b36c1d19d4a2e9eb0ce3606eb48,3977.3474,3960.1266,0.00433,9.9434,5.9167,3.8806,1.7450794781558685,1.9075020682070494,1.6925168432713213,1.8500471866343546,
0xace5afe7e0b2fe12c3e55ad7f51d1f2259fcaf6f0ede0d418cc174082c278bc6,24279017,1768948571,AaveV3Repay,repay,0x4a601d914e74848a4e775ad47d095ef9e7752e44,0x4a601d914e74848a4e775ad47d095ef9e7752e44,0x87870bca3f3fd6335c3f4ce8392d69350b4fa4e2,0x2260fac5e5542a773aa44fbcfedf7c193bc2c599,0xa0b86991c6218b36c1d19d4a2e9eb0ce3606eb48,62780.2847,62656.3752,0.001974,156.9499,35.1568,3.9706,1.4328033431148963,1.5395870403284857,1.3480561183269004,1.4490770737729854,
0x7e986f6ba28be771359fc8fc4c25c892dc3e89bc58ce6755538360552399e13e,24279025,1768948667,AaveV3Repay,repay,0xe384f9cba7e27df646c3e636136e5af57ec359fc,0xe384f9cba7e27df646c3e636136e5af57ec359fc,0x87870bca3f3fd6335c3f4ce8392d69350b4fa4e2,0xcbb7c0000ab88b473b1f5afd9ef808440eed33bf,0xa0b86991c6218b36c1d19d4a2e9eb0ce3606eb48,1945.6952,1934.5059,0.005751,4.864,8.6174,7.8677,2.5018734173753456,2.6088157211758283,2.3959810085282007,2.4994245919385216,
0xea9514584f144c73f29b2023cf49e6c5a35606adfae4e649e25414cc1108ab06,24283115,1768997915,AaveV3Repay,repay,0x0794defcc715d29be0b2932bd27a575a31c2a86b,0x0794defcc715d29be0b2932bd27a575a31c2a86b,0x87870bca3f3fd6335c3f4ce8392d69350b4fa4e2,0xcd5fe23c85820f7b72d0926fc9b05b43e359b7ee,0xa0b86991c6218b36c1d19d4a2e9eb0ce3606eb48,2332.8968,2322.6442,0.004395,5.8322,3.4211,2.3488,1.3874240438092122,1.548144333546398,1.3440670424397794,1.4997648231223917,
0xc3ee3e9473b3b2c3c870dac5492220dba40812ca01c7f4000b3c2ba4f1d2a32c,24284510,1769014691,AaveV3Repay,repay,0xf380b8f1e63e2bed7ca329ca1fddbc39b52cc0d3,0xf380b8f1e63e2bed7ca329ca1fddbc39b52cc0d3,0x87870bca3f3fd6335c3f4ce8392d69350b4fa4e2,0x2260fac5e5542a773aa44fbcfedf7c193bc2c599,0xa0b86991c6218b36c1d19d4a2e9eb0ce3606eb48,21441.7837,21303.9215,0.00643,53.6045,14.9501,4.4344,1.7343337316198815,1.8915993838208045,1.648229866633287,1.799755126051064,
0xff4bf44b63116f824d2b321eb22102bdc4b1e0c16c7184cde14d817776f9f0d6,24284600,1769015771,AaveV3Repay,repay,0xa5a9b9ed4175130a8168419e427f01f655705c41,0xa5a9b9ed4175130a8168419e427f01f655705c41,0x87870bca3f3fd6335c3f4ce8392d69350b4fa4e2,0x2260fac5e5542a773aa44fbcfedf7c193bc2c599,0xdac17f958d2ee523a2206206994597c13d831ec7,481816.6551,479699.0955,0.004395,1204.5416,252.9696,13.4602,1.3307064680260636,1.3888958602346864,1.2454047713577245,1.2998640743222059,
0xb5ecf0b3f897f5626e227bc4b8a4c73461a6fb709a00e6254579afdef6c57427,24285438,1769025911,AaveV3Boost,boost,0x80d50cff6c4b05f395561a0c987990f11bf57511,0x80d50cff6c4b05f395561a0c987990f11bf57511,0x87870bca3f3fd6335c3f4ce8392d69350b4fa4e2,0xa0b86991c6218b36c1d19d4a2e9eb0ce3606eb48,0xc02aaa39b223fe8d0a0e5c4f27ead9083c756cc2,19245.9659,19228.3932,0.000913,48.1149,13.2704,3.8861,1.2410314557082927,1.1857311607331016,1.2036509901748993,1.1500163667350884,
0x3e90529e2963a01489d2592c91516257ff7e1b9d9b30a7920953a67d2ccf4500,24310242,1769325035,AaveV3GenericFLRepayStrategy,repay,0x63b44a58b7f9b885899095ef45c964175a2c0321,0x8249be84b51b97bdd7a43603b8957bb9a6a1a709,0x87870bca3f3fd6335c3f4ce8392d69350b4fa4e2,0x7f39c581f595b53c5cb19bd0b3f8da6c935e2ca0,0xc02aaa39b223fe8d0a0e5c4f27ead9083c756cc2,66376.6835,66271.6637,0.001582,66.3767,33.8395,0.6794,1.2430387925392343,1.5477485328745777,1.204673397707737,1.499978516427774,
0xe87df246fb1a118783ddc3c0361b464c574f61587aa210f30ffa0a1a0d2cc827,24313555,1769364887,AaveV3Repay,repay,0x1bdcb3eb74d47386134dead5244eead12b8b879a,0x1bdcb3eb74d47386134dead5244eead12b8b879a,0x87870bca3f3fd6335c3f4ce8392d69350b4fa4e2,0xc02aaa39b223fe8d0a0e5c4f27ead9083c756cc2,0x6b175474e89094c44da98b954eedeac495271d0f,17739.7092,17699.5167,0.002266,44.3493,9.6415,0.8516,1.6393798126746284,1.752464922854701,1.590000902654258,1.6996798348168753,
0x836bae4041c9cc21ff58d428dc5591256c6012e195b214a8d9b937f9f86b4ba9,24313555,1769364887,AaveV3Repay,repay,0xfb64077abffffd8b94309ebe464a4756dc09dfe2,0xfb64077abffffd8b94309ebe464a4756dc09dfe2,0x87870bca3f3fd6335c3f4ce8392d69350b4fa4e2,0xc02aaa39b223fe8d0a0e5c4f27ead9083c756cc2,0xa0b86991c6218b36c1d19d4a2e9eb0ce3606eb48,51628.2594,51587.939,0.000781,129.0706,26.6514,0.8402,1.3900874462988906,1.546260927721417,1.348217342494704,1.4996868033924273,
0xe49d8538fee77b0320caf217e2446e7859d621444c2c48fe69990f33d6e9bbfe,24314187,1769372519,AaveV3GenericFLRepayStrategy,repay,0x6daf7fd770faed61c0842fb7e0dcb5d10a6cb876,0x484d916b04db43121f7834993b8f4fa692b89f4b,0x87870bca3f3fd6335c3f4ce8392d69350b4fa4e2,0x2260fac5e5542a773aa44fbcfedf7c193bc2c599,0x40d16fc0246ad3160ccc09b8d0d3a2cd28ae6c2f,53668.8034,53418.9743,0.004655,134.1718,28.9066,2.1297,1.228480235044506,1.4447551206987932,1.1481620847561207,1.3498899638704043,
0x98861b14cd32b89bec9b8a3fcf36d784d8dde40d879e8ab40812ee430c36e580,24329522,1769557307,AaveV3Boost,boost,0x1bdcb3eb74d47386134dead5244eead12b8b879a,0x1bdcb3eb74d47386134dead5244eead12b8b879a,0x87870bca3f3fd6335c3f4ce8392d69350b4fa4e2,0x6b175474e89094c44da98b954eedeac495271d0f,0xc02aaa39b223fe8d0a0e5c4f27ead9083c756cc2,14538.8386,14448.662,0.006202,36.3471,7.9278,0.6862,1.8590618526258482,1.7524029316057228,1.8030660136912993,1.699619710774207,
0xdf819ec141e57df0b55262d3abb3684b213a996fdf0731e68cc01a51bb72d5ef,24342518,1769713871,AaveV3Repay,repay,0xb68ee3777f2f3c0b877df9b7371a304a1bf64991,0xb68ee3777f2f3c0b877df9b7371a304a1bf64991,0x87870bca3f3fd6335c3f4ce8392d69350b4fa4e2,0xc02aaa39b223fe8d0a0e5c4f27ead9083c756cc2,0x6b175474e89094c44da98b954eedeac495271d0f,3603.6061,3555.1056,0.013459,9.009,33.8349,22.8749,1.3928031756500523,1.5437475489569858,1.349432660408086,1.4955212044857522,
0x9f0315191d23d14a6c277fde7f0fd9f617049c127389738b83bca553909edd01,24344483,1769737559,AaveV3Repay,repay,0x877fc51036b47bd059737266ad3f8db6180b6e19,0x877fc51036b47bd059737266ad3f8db6180b6e19,0x87870bca3f3fd6335c3f4ce8392d69350b4fa4e2,0xc02aaa39b223fe8d0a0e5c4f27ead9083c756cc2,0x6b175474e89094c44da98b954eedeac495271d0f,7480.7697,7467.2863,0.001802,18.7019,39.5682,37.7761,1.3896555723767303,1.575930462202159,1.3258520049714586,1.4990438610399135,
0xf449c2d64b55f3eef2ab5449a95b0ce869b25f900c9edfcbf04775968f34a369,24344492,1769737667,AaveV3Repay,repay,0x4a601d914e74848a4e775ad47d095ef9e7752e44,0x4a601d914e74848a4e775ad47d095ef9e7752e44,0x87870bca3f3fd6335c3f4ce8392d69350b4fa4e2,0x2260fac5e5542a773aa44fbcfedf7c193bc2c599,0xa0b86991c6218b36c1d19d4a2e9eb0ce3606eb48,56153.9698,55979.4026,0.003109,140.3842,36.757,9.0402,1.4287531695600453,1.5395286490965365,1.3449409257740255,1.449766139350572,
0xed714be26e2dffb3768cdf5c9750fa6f7d13bc9411738ea01cbc23210731a8d8,24344493,1769737679,AaveV3Repay,repay,0x97d0aca4142e89f968fe1ac0d206752e73f3b2b0,0x97d0aca4142e89f968fe1ac0d206752e73f3b2b0,0x87870bca3f3fd6335c3f4ce8392d69350b4fa4e2,0xc02aaa39b223fe8d0a0e5c4f27ead9083c756cc2,0xa0b86991c6218b36c1d19d4a2e9eb0ce3606eb48,8404.1775,8357.2569,0.005583,21.0104,9.1728,4.7709,1.3859846471692356,1.5542806235663011,1.3381170765655137,1.4995353940732818,
0xd538a7f44c72ba7375478182bc2a6312f17aa592198c88dd3cfa4a974fb112fd,24344511,1769737895,AaveV3Repay,repay,0x4f9dee86469f70f56d9d8fd501f20d9ce78fa3fd,0x4f9dee86469f70f56d9d8fd501f20d9ce78fa3fd,0x87870bca3f3fd6335c3f4ce8392d69350b4fa4e2,0xc02aaa39b223fe8d0a0e5c4f27ead9083c756cc2,0xa0b86991c6218b36c1d19d4a2e9eb0ce3606eb48,3638.7921,3630.7259,0.002217,9.097,7.5214,5.4556,1.7317064934324282,1.907189079005724,1.6795466592925399,1.8497436248186783,
0x07d9429d06273351d36e113d2f977259549f40ed9cd2332bd0bc1b8a3ecc7fda,24344518,1769737991,AaveV3Repay,repay,0x1b62d71c7334b714fdef2c9ed4d0b7588f5c07f6,0x1b62d71c7334b714fdef2c9ed4d0b7588f5c07f6,0x87870bca3f3fd6335c3f4ce8392d69350b4fa4e2,0xcbb7c0000ab88b473b1f5afd9ef808440eed33bf,0xa0b86991c6218b36c1d19d4a2e9eb0ce3606eb48,9175.7772,9142.0396,0.003677,22.9393,8.8185,4.3324,1.386196601281247,1.6013234395410993,1.2973378447886352,1.498674501108767,
0x9b343de5425bedd70696aa9dc4281ad75460cc61b9f20f7d21c6fae35a1c76e1,24349285,1769795375,AaveV3GenericFLRepayStrategy,repay,0x5cee0caab2e55da88954399a077e0ede14b23921,0xb26dbc9c68dac91648a231c8fbb8663ce0e61f45,0x87870bca3f3fd6335c3f4ce8392d69350b4fa4e2,0x514910771af9ca656af840dff83e8264ecf986ca,0xdac17f958d2ee523a2206206994597c13d831ec7,18137.6882,17960.9452,0.009745,45.3442,14.0391,4.8639,1.3469527057860833,1.6135596598226163,1.252096881434924,1.4999286978632207,
0x2c69605ad7541277369e50bfcc4c54cec98a560052b2447bba7f39b4a71d0604,24354598,1769859395,AaveV3GenericFLRepayStrategy,repay,0x11491c78b3287fe7167d16ef2a4a02207a352c86,0xc7218ace51373b6716b7ff3aeb36fbfa75f2c8a7,0x87870bca3f3fd6335c3f4ce8392d69350b4fa4e2,0x7f39c581f595b53c5cb19bd0b3f8da6c935e2ca0,0xa0b86991c6218b36c1d19d4a2e9eb0ce3606eb48,1094224.8791,1089499.712,0.004318,2735.5622,547.2139,2.1754,1.0276733889054743,1.1343814981370433,1.0,1.0993697235031807,
0x65a83d6a6987f03f4077a426efc6eabf9a4441926a7bef5af89e14f653b880cb,24354623,1769859695,AaveV3GenericFLRepayStrategy,repay,0xb4227f40488e105f6c0b724ae06f4553321e3c13,0x3ee301d27fd556eca7aaa8c50cdbd461577c42a6,0x87870bca3f3fd6335c3f4ce8392d69350b4fa4e2,0x7f39c581f595b53c5cb19bd0b3f8da6c935e2ca0,0xa0b86991c6218b36c1d19d4a2e9eb0ce3606eb48,1646350.867,1637888.6056,0.00514,4115.8772,820.1774,0.7911,1.0481368673065774,1.1348768049592222,1.0157869639946457,1.0998497430777634,
0xbf96ad5ca87ee7b4d94fb6afa32311578f3c43126c75294d0fa9c87b02d7aaef,24354668,1769860235,AaveV3GenericFLRepayStrategy,repay,0x985a834e5da796010d490a6f2cca2160bf5118b7,0x4d43aadee75419a4535400dee43690b5fe8c64e9,0x87870bca3f3fd6335c3f4ce8392d69350b4fa4e2,0x7f39c581f595b53c5cb19bd0b3f8da6c935e2ca0,0xa0b86991c6218b36c1d19d4a2e9eb0ce3606eb48,1356552.2366,1348001.9408,0.006303,3391.3806,675.1933,0.8294,1.0421587580795404,1.134778604154717,1.0099933643116514,1.0997545731622855,
0x90851e2a8b36858b669ab0344510b7f673f5fc6166a156cfe9d40bc82833ec41,24354683,1769860415,AaveV3GenericFLRepayStrategy,repay,0xedbe47306effb7cdcd5f6852aa6a80a6b17b7c2a,0xa740c1d26d690a34223b06d41b1268b2d0d7b5b6,0x87870bca3f3fd6335c3f4ce8392d69350b4fa4e2,0x7f39c581f595b53c5cb19bd0b3f8da6c935e2ca0,0xa0b86991c6218b36c1d19d4a2e9eb0ce3606eb48,2124504.1381,2108566.4697,0.007502,5311.2603,1056.8236,1.9751,1.0446972774823253,1.1349163824192223,1.0124535343501544,1.0998880990112214,
0xce99a9dd51909f2f9ccfe7ec10e5f1ca3cbea49c6eb6e66770aa95a4edd5975b,24354912,1769863175,AaveV3GenericFLRepayStrategy,repay,0xf3f6902807f7bf22fcc005dc72fcbc5711c09485,0xf42eb13b54b8777862cd30f7baffaa84aaf7b15c,0x87870bca3f3fd6335c3f4ce8392d69350b4fa4e2,0x7f39c581f595b53c5cb19bd0b3f8da6c935e2ca0,0xa0b86991c6218b36c1d19d4a2e9eb0ce3606eb48,131880.0717,131316.4998,0.004273,329.7002,67.4068,1.6884,1.064845073158041,1.135552912095566,1.031979484480323,1.1005049827098925,
0x3940f634e02142d96b40367d8ea2ab26addf0405d7c40a5eae54fa4637586e12,24355182,1769866427,AaveV3Repay,repay,0x0794defcc715d29be0b2932bd27a575a31c2a86b,0x0794defcc715d29be0b2932bd27a575a31c2a86b,0x87870bca3f3fd6335c3f4ce8392d69350b4fa4e2,0xcd5fe23c85820f7b72d0926fc9b05b43e359b7ee,0xa0b86991c6218b36c1d19d4a2e9eb0ce3606eb48,1776.0202,1766.7059,0.005244,4.4401,4.0089,3.2043,1.3920160232148768,1.5474219926724597,1.3485155224888794,1.4990650554000986,
0x3f0b0ffb3a3256330e860806731635756c91e7f92120563a332d7a8ccc4d5473,24355400,1769869043,AaveV3GenericFLRepayStrategy,repay,0x9fce1eed605c0f0ff969d5b2d5926d7d59074d22,0x4b730564b98477511f59d54e9bb37069eb511344,0x87870bca3f3fd6335c3f4ce8392d69350b4fa4e2,0x7f39c581f595b53c5cb19bd0b3f8da6c935e2ca0,0x1abaea1f7c830bd89acc67ec4af516284b1bc33c,10737.9882,10735.4938,0.000232,26.845,14.0374,8.8986,1.1467420297665567,1.2573493710082737,1.0945764351570624,1.1961400384337229,
0x39c39eeb12ac15968822d0c6ca9ba35d5aed240c9dac34c766614f3db4a70aa7,24355462,1769869787,AaveV3Repay,repay,0xfb64077abffffd8b94309ebe464a4756dc09dfe2,0xfb64077abffffd8b94309ebe464a4756dc09dfe2,0x87870bca3f3fd6335c3f4ce8392d69350b4fa4e2,0xc02aaa39b223fe8d0a0e5c4f27ead9083c756cc2,0xa0b86991c6218b36c1d19d4a2e9eb0ce3606eb48,47218.2428,47082.6657,0.002871,118.0456,36.4427,11.758,1.3656321758945165,1.5477591566204965,1.3244986766205473,1.5011399049150527,
0xff7153a7dfa129cc5ebadabaa2252cb36b8a734da3174022e0d68b174baf78ec,24355474,1769869931,AaveV3GenericFLRepayStrategy,repay,0xa53e9bf09d6b62064dc472c204e654244684ce0e,0x81d0ac9a5f91188074fd753a03885162bec74246,0x87870bca3f3fd6335c3f4ce8392d69350b4fa4e2,0x7f39c581f595b53c5cb19bd0b3f8da6c935e2ca0,0xdac17f958d2ee523a2206206994597c13d831ec7,5528830.7309,5470438.4947,0.010561,13822.0768,2840.6937,101.7447,1.0640229816699271,1.0709245255208577,1.0311827661862876,1.037871299424535,
0xd735843ea350ebeda9205bf454b750adb28301fd7901d46a958ac91da2dabb5d,24355483,1769870039,AaveV3GenericFLRepayStrategy,repay,0xd2afc1ca0521eee79edc15549aae33343a55ccc0,0x7b6520b6a7500ae011faa035337a07c8ec3135ec,0x87870bca3f3fd6335c3f4ce8392d69350b4fa4e2,0x7f39c581f595b53c5cb19bd0b3f8da6c935e2ca0,0xdac17f958d2ee523a2206206994597c13d831ec7,9003478.918,8848024.3035,0.017266,22508.6973,4536.2093,106.2354,1.0579440625626195,1.0892031074242778,1.0252914680390819,1.0555857275655038,
0x074926f26909c8358a3bff66f97b9beffb4d33f416e6dd0eb93ca664f0984a3d,24355488,1769870099,AaveV3GenericFLRepayStrategy,repay,0xa53e9bf09d6b62064dc472c204e654244684ce0e,0x81d0ac9a5f91188074fd753a03885162bec74246,0x87870bca3f3fd6335c3f4ce8392d69350b4fa4e2,0x7f39c581f595b53c5cb19bd0b3f8da6c935e2ca0,0xdac17f958d2ee523a2206206994597c13d831ec7,4850505.9178,4782936.9665,0.01393,12126.2648,2518.2066,121.0556,1.0709243111343663,1.0772141057466358,1.0378710916549105,1.0439667568038384,
0xd004ab8b0b90c88c0df8493624ba17b7c831729825bcabc3f145bcba376b9309,24355502,1769870267,AaveV3GenericFLRepayStrategy,repay,0xa53e9bf09d6b62064dc472c204e654244684ce0e,0x81d0ac9a5f91188074fd753a03885162bec74246,0x87870bca3f3fd6335c3f4ce8392d69350b4fa4e2,0x7f39c581f595b53c5cb19bd0b3f8da6c935e2ca0,0xdac17f958d2ee523a2206206994597c13d831ec7,17007400.9893,16777184.7298,0.013536,42518.5025,8543.12,143.8168,1.0772138903109325,1.102059168900291,1.0439665480173852,1.0680449970206523,
0x3bf76452042fc983f97bdbea4296f5ba07e4de73ba6791e342d0ebfe8c831e4e,24356000,1769876279,AaveV3GenericFLRepayStrategy,repay,0x985a834e5da796010d490a6f2cca2160bf5118b7,0x4d43aadee75419a4535400dee43690b5fe8c64e9,0x87870bca3f3fd6335c3f4ce8392d69350b4fa4e2,0x7f39c581f595b53c5cb19bd0b3f8da6c935e2ca0,0xa0b86991c6218b36c1d19d4a2e9eb0ce3606eb48,556401.2978,552774.3386,0.006519,1391.0032,297.6669,20.7411,1.076964467342662,1.129531665650266,1.0437248232888732,1.0946695772042683,
0xe1c3482ebfe6203ab9cae83c5d80be00b5c38262f0ae83f734256b5b99e4c4dd,24356003,1769876315,AaveV3GenericFLRepayStrategy,repay,0xf3f6902807f7bf22fcc005dc72fcbc5711c09485,0xf42eb13b54b8777862cd30f7baffaa84aaf7b15c,0x87870bca3f3fd6335c3f4ce8392d69350b4fa4e2,0x7f39c581f595b53c5cb19bd0b3f8da6c935e2ca0,0xa0b86991c6218b36c1d19d4a2e9eb0ce3606eb48,87481.8105,87927.2556,-0.005092,218.7045,49.31,5.1682,1.0791560800000652,1.1425658041710371,1.0458487935803091,1.1073014274990813,
0x87929321b342b13f2ee6973e6671cbf861156585b6b27764ffa4f37c1c5c531b,24356092,1769877395,AaveV3GenericFLRepayStrategy,repay,0xedbe47306effb7cdcd5f6852aa6a80a6b17b7c2a,0xa740c1d26d690a34223b06d41b1268b2d0d7b5b6,0x87870bca3f3fd6335c3f4ce8392d69350b4fa4e2,0x7f39c581f595b53c5cb19bd0b3f8da6c935e2ca0,0xa0b86991c6218b36c1d19d4a2e9eb0ce3606eb48,887683.2421,881779.3333,0.006651,2219.2081,459.8375,18.4761,1.0822588809927376,1.1350083763155145,1.0488558291102454,1.0999772535897263,
0x43978c037a8ac8488436f369d159e10e83a29e3d8d5a4ca62b5ae4009abe63b6,24356097,1769877455,AaveV3GenericFLRepayStrategy,repay,0x11491c78b3287fe7167d16ef2a4a02207a352c86,0xc7218ace51373b6716b7ff3aeb36fbfa75f2c8a7,0x87870bca3f3fd6335c3f4ce8392d69350b4fa4e2,0x7f39c581f595b53c5cb19bd0b3f8da6c935e2ca0,0xa0b86991c6218b36c1d19d4a2e9eb0ce3606eb48,364683.8937,363104.8959,0.00433,911.7097,193.7764,12.2164,1.0817477039547614,1.1351566886848465,1.0483604291413409,1.1001209884167928,
0x266ed88d8cbb88a07afb6d7124bee88e73658e780af504a2bcafbd772925dc9e,24356097,1769877455,AaveV3GenericFLRepayStrategy,repay,0xb4227f40488e105f6c0b724ae06f4553321e3c13,0x3ee301d27fd556eca7aaa8c50cdbd461577c42a6,0x87870bca3f3fd6335c3f4ce8392d69350b4fa4e2,0x7f39c581f595b53c5cb19bd0b3f8da6c935e2ca0,0xa0b86991c6218b36c1d19d4a2e9eb0ce3606eb48,731262.5336,726996.6723,0.005834,1828.1563,369.1595,5.2468,1.0822186209399236,1.1349030630323298,1.048816811651654,1.0998751907165172,
0x1766fc6d9d1efe5935a75e74f6841d9736d590099460ada0ed472f7455edcfea,24356160,1769878211,AaveV3Repay,repay,0xb68ee3777f2f3c0b877df9b7371a304a1bf64991,0xb68ee3777f2f3c0b877df9b7371a304a1bf64991,0x87870bca3f3fd6335c3f4ce8392d69350b4fa4e2,0xc02aaa39b223fe8d0a0e5c4f27ead9083c756cc2,0x6b175474e89094c44da98b954eedeac495271d0f,2830.1507,2830.2471,-3.4e-05,7.0754,5.8088,4.4387,1.3914586417769121,1.5478293040709403,1.3478310425123747,1.499045711603658,
0xf5c0ca30e7f16924be2b38035e2860de0cd905ba5fb77083fa42b0d2563e20ec,24356161,1769878223,AaveV3Repay,repay,0x4f9dee86469f70f56d9d8fd501f20d9ce78fa3fd,0x4f9dee86469f70f56d9d8fd501f20d9ce78fa3fd,0x87870bca3f3fd6335c3f4ce8392d69350b4fa4e2,0xc02aaa39b223fe8d0a0e5c4f27ead9083c756cc2,0xa0b86991c6218b36c1d19d4a2e9eb0ce3606eb48,2914.5209,2917.5539,-0.001041,7.2863,8.0848,6.7938,1.7382678106708453,1.9071765383085362,1.68591034649379,1.8497314618528453,
0xedd7867a0742e6a0af72163761a2e84cf653a910c943a01902bc54add6aa0f6d,24356168,1769878307,AaveV3GenericFLRepayStrategy,repay,0xd2afc1ca0521eee79edc15549aae33343a55ccc0,0x7b6520b6a7500ae011faa035337a07c8ec3135ec,0x87870bca3f3fd6335c3f4ce8392d69350b4fa4e2,0x7f39c581f595b53c5cb19bd0b3f8da6c935e2ca0,0xdac17f958d2ee523a2206206994597c13d831ec7,11318571.854,11065177.5225,0.022387,28296.4296,5580.2405,43.4446,1.0811215995951868,1.1318532578447817,1.047753648990397,1.0969195153187081,
0x06c02cf32f59f85913fa9d5e4a5a8d351ddd404cee9f394e102f96762fedb371,24356254,1769879351,AaveV3GenericFLRepayStrategy,repay,0xa53e9bf09d6b62064dc472c204e654244684ce0e,0x81d0ac9a5f91188074fd753a03885162bec74246,0x87870bca3f3fd6335c3f4ce8392d69350b4fa4e2,0x7f39c581f595b53c5cb19bd0b3f8da6c935e2ca0,0xdac17f958d2ee523a2206206994597c13d831ec7,7606104.2817,7435746.9962,0.022397,19015.2607,3785.0066,62.9308,1.078499203433219,1.0897287236142972,1.0452121909815766,1.056095121033609,
0xebfa5fb87b84e0ac7b7c53f76edb3dd0b617b3ce05a09e886a4cbf22e861a3ad,24356298,1769879879,AaveV3Repay,repay,0xf380b8f1e63e2bed7ca329ca1fddbc39b52cc0d3,0xf380b8f1e63e2bed7ca329ca1fddbc39b52cc0d3,0x87870bca3f3fd6335c3f4ce8392d69350b4fa4e2,0x2260fac5e5542a773aa44fbcfedf7c193bc2c599,0xa0b86991c6218b36c1d19d4a2e9eb0ce3606eb48,1009.9993,929.1314,0.080067,2.5246,61.5604,62.4853,1.7223653932300256,1.7287214623039227,1.6386470441973175,1.6448312634699398,
0x714e8389f1c01a165056d0faf724c81a60e1289919154fd0483c7505a199195c,24356299,1769879891,AaveV3Repay,repay,0xf380b8f1e63e2bed7ca329ca1fddbc39b52cc0d3,0xf380b8f1e63e2bed7ca329ca1fddbc39b52cc0d3,0x87870bca3f3fd6335c3f4ce8392d69350b4fa4e2,0x2260fac5e5542a773aa44fbcfedf7c193bc2c599,0xa0b86991c6218b36c1d19d4a2e9eb0ce3606eb48,1009.9993,927.9637,0.081223,2.5246,61.5047,62.3453,1.7287214623039227,1.7351546437594134,1.6448312634699398,1.6510892602640976,
0x2fc89d7f7cc00dee09960a90fe0ae390ad7410b187628b33f669af2c52da7940,24356305,1769879963,AaveV3GenericRepayStrategy,repay,0x5cee0caab2e55da88954399a077e0ede14b23921,0xb26dbc9c68dac91648a231c8fbb8663ce0e61f45,0x87870bca3f3fd6335c3f4ce8392d69350b4fa4e2,0x514910771af9ca656af840dff83e8264ecf986ca,0xdac17f958d2ee523a2206206994597c13d831ec7,8033.2523,7872.7034,0.019986,20.0831,56.5309,54.6939,1.4388629530640134,1.6015319548275553,1.3375345760876085,1.4887480143466838,
0x8e65b78fb4c04c4e3374b80844d33f966bdba255752eda6ee9595e0f3c83c92d,24356308,1769879999,AaveV3Repay,repay,0x97d0aca4142e89f968fe1ac0d206752e73f3b2b0,0x97d0aca4142e89f968fe1ac0d206752e73f3b2b0,0x87870bca3f3fd6335c3f4ce8392d69350b4fa4e2,0xc02aaa39b223fe8d0a0e5c4f27ead9083c756cc2,0xa0b86991c6218b36c1d19d4a2e9eb0ce3606eb48,3431.4355,3351.3296,0.023345,8.5786,47.4115,44.6781,1.382204217065585,1.4564481924946193,1.3335028104620037,1.404566029785848,
0xfd29341a79806ba45910d1507f2feb1e5d7d3ec9ab55e5c95d295067e9f60bb4,24356312,1769880047,AaveV3GenericFLRepayStrategy,repay,0xa53e9bf09d6b62064dc472c204e654244684ce0e,0x81d0ac9a5f91188074fd753a03885162bec74246,0x87870bca3f3fd6335c3f4ce8392d69350b4fa4e2,0x7f39c581f595b53c5cb19bd0b3f8da6c935e2ca0,0xdac17f958d2ee523a2206206994597c13d831ec7,4200164.0007,4108350.6999,0.021859,10500.41,2417.6469,346.2282,1.070058454727037,1.0704624041368198,1.0370319592107706,1.0374234410461771,
0x01b66264b819347542fd8db90f1f23614446768da58e3d1e4bec50461ccc7dc0,24356316,1769880095,AaveV3Repay,repay,0xf380b8f1e63e2bed7ca329ca1fddbc39b52cc0d3,0xf380b8f1e63e2bed7ca329ca1fddbc39b52cc0d3,0x87870bca3f3fd6335c3f4ce8392d69350b4fa4e2,0x2260fac5e5542a773aa44fbcfedf7c193bc2c599,0xa0b86991c6218b36c1d19d4a2e9eb0ce3606eb48,18319.7345,18052.7257,0.014575,45.7991,65.6393,57.9906,1.733027904568465,1.8891736814400344,1.6489417019338486,1.7995883965394321,
0x12d9f90eae437adba7845ee143964c3aeabbf8e139234ac2d57c56060947d094,24356320,1769880143,AaveV3GenericFLRepayStrategy,repay,0xa53e9bf09d6b62064dc472c204e654244684ce0e,0x81d0ac9a5f91188074fd753a03885162bec74246,0x87870bca3f3fd6335c3f4ce8392d69350b4fa4e2,0x7f39c581f595b53c5cb19bd0b3f8da6c935e2ca0,0xdac17f958d2ee523a2206206994597c13d831ec7,8144518.6258,7984755.6091,0.019616,20361.2966,4445.9237,436.2923,1.0704622900336689,1.0831755307216124,1.0374233304647285,1.049744187180822,
0xa7120f059d3107ffea70538d2e0f7ab1973c2fad6cad9a795916436ca5fd18d7,24356324,1769880191,AaveV3GenericFLRepayStrategy,repay,0xa53e9bf09d6b62064dc472c204e654244684ce0e,0x81d0ac9a5f91188074fd753a03885162bec74246,0x87870bca3f3fd6335c3f4ce8392d69350b4fa4e2,0x7f39c581f595b53c5cb19bd0b3f8da6c935e2ca0,0xdac17f958d2ee523a2206206994597c13d831ec7,1553371.7748,1533140.6208,0.013024,3883.4294,1159.4927,372.8556,1.083175481308064,1.0858252006951414,1.0497441392923832,1.0523120772168961,
0xc36c4a38c2530d4599d06543a438153041c1ca484cd28ad46f48387b88c24215,24356379,1769880863,AaveV3GenericFLRepayStrategy,repay,0xa53e9bf09d6b62064dc472c204e654244684ce0e,0x81d0ac9a5f91188074fd753a03885162bec74246,0x87870bca3f3fd6335c3f4ce8392d69350b4fa4e2,0x7f39c581f595b53c5cb19bd0b3f8da6c935e2ca0,0xdac17f958d2ee523a2206206994597c13d831ec7,6496229.6713,6334100.5168,0.024957,16240.5742,3411.6158,235.2558,1.0793113809985893,1.0901297466474984,1.045999301338139,1.0564837668126992,
0x169ec4eaab5580863ab41f121a20763f689d999c50f29d7ae59d29545ef21530,24356381,1769880887,AaveV3GenericFLRepayStrategy,repay,0xd2afc1ca0521eee79edc15549aae33343a55ccc0,0x7b6520b6a7500ae011faa035337a07c8ec3135ec,0x87870bca3f3fd6335c3f4ce8392d69350b4fa4e2,0x7f39c581f595b53c5cb19bd0b3f8da6c935e2ca0,0xdac17f958d2ee523a2206206994597c13d831ec7,9070353.0136,8179251.7728,0.098243,22675.8825,4223.5815,137.7389,1.0833939972795732,1.1156763797378255,1.0499559109437837,1.081241923573078,
0x5c57d268a49cc54475671e093b1948fc47ac4e963c67c77d4cc44c630a6aa2b6,24356388,1769880971,AaveV3GenericFLRepayStrategy,repay,0xb4227f40488e105f6c0b724ae06f4553321e3c13,0x3ee301d27fd556eca7aaa8c50cdbd461577c42a6,0x87870bca3f3fd6335c3f4ce8392d69350b4fa4e2,0x7f39c581f595b53c5cb19bd0b3f8da6c935e2ca0,0xa0b86991c6218b36c1d19d4a2e9eb0ce3606eb48,641479.6332,639269.0716,0.003446,1603.6991,385.9882,64.2325,1.0747343402071177,1.129607111537773,1.04156352723776,1.0947426945150023,
0x236651ca9df768cc9e8e5573962ce8307c238f879a8e4936c590f3466808813e,24356388,1769880971,AaveV3GenericFLRepayStrategy,repay,0x985a834e5da796010d490a6f2cca2160bf5118b7,0x4d43aadee75419a4535400dee43690b5fe8c64e9,0x87870bca3f3fd6335c3f4ce8392d69350b4fa4e2,0x7f39c581f595b53c5cb19bd0b3f8da6c935e2ca0,0xa0b86991c6218b36c1d19d4a2e9eb0ce3606eb48,477437.9196,476667.4973,0.001614,1193.5948,316.4141,74.2842,1.0747756944611235,1.1299844027314416,1.041603605125901,1.0951083409187392,
0x00871267a733500e80506b97aa2c4073921cb25e37d18eb1a0a16cef33c99d5c,24356389,1769880983,AaveV3GenericFLRepayStrategy,repay,0x11491c78b3287fe7167d16ef2a4a02207a352c86,0xc7218ace51373b6716b7ff3aeb36fbfa75f2c8a7,0x87870bca3f3fd6335c3f4ce8392d69350b4fa4e2,0x7f39c581f595b53c5cb19bd0b3f8da6c935e2ca0,0xa0b86991c6218b36c1d19d4a2e9eb0ce3606eb48,315447.391,312963.3385,0.007875,788.6185,236.3149,75.287,1.0749749308438914,1.1285401474423324,1.041796692237595,1.0937086614101617,
0x11cb6fcb2e6bbf3ffdd04c1f0c3a2d22334f79275b1bd2c342e0c68cbf532b3b,24356394,1769881043,AaveV3GenericFLRepayStrategy,repay,0xedbe47306effb7cdcd5f6852aa6a80a6b17b7c2a,0xa740c1d26d690a34223b06d41b1268b2d0d7b5b6,0x87870bca3f3fd6335c3f4ce8392d69350b4fa4e2,0x7f39c581f595b53c5cb19bd0b3f8da6c935e2ca0,0xa0b86991c6218b36c1d19d4a2e9eb0ce3606eb48,824397.0315,824176.6727,0.000267,2060.9926,538.9788,123.0262,1.0748341587612458,1.1348093473329468,1.0416602649723175,1.0997843674769894,
0x19e4e251011617abdb58c1eb74e93bbd5822d5b3799c994e784c4cf2578947a4,24356628,1769883875,AaveV3GenericFLRepayStrategy,repay,0xf4674c6ae63aa44df2ef9196314d358a0121a771,0xd3234aadb81cf6f2cab5f0a423522893740248e1,0x87870bca3f3fd6335c3f4ce8392d69350b4fa4e2,0xcbb7c0000ab88b473b1f5afd9ef808440eed33bf,0xa0b86991c6218b36c1d19d4a2e9eb0ce3606eb48,43852.4506,43719.8642,0.003023,109.6307,51.2366,28.3353,1.134437719460653,1.2177644491042436,1.0698213586580714,1.1496899274276164,
0xe47aafe8a8c524ab99f85ae46d54fbfc65a8907ae3c55754f7da248aa45bbd20,24356705,1769884799,AaveV3GenericFLRepayStrategy,repay,0xa53e9bf09d6b62064dc472c204e654244684ce0e,0x81d0ac9a5f91188074fd753a03885162bec74246,0x87870bca3f3fd6335c3f4ce8392d69350b4fa4e2,0x7f39c581f595b53c5cb19bd0b3f8da6c935e2ca0,0xdac17f958d2ee523a2206206994597c13d831ec7,6662381.56,6536678.8184,0.018868,16655.9539,3331.362,57.9053,1.075504184083115,1.0872569321817271,1.0423096105003027,1.053699619460069,
0x01e00a28402d055ac72a39d60903a10a8dcb343c124ebc8608dae9a497d785a1,24356715,1769884919,AaveV3GenericFLRepayStrategy,repay,0xa53e9bf09d6b62064dc472c204e654244684ce0e,0x81d0ac9a5f91188074fd753a03885162bec74246,0x87870bca3f3fd6335c3f4ce8392d69350b4fa4e2,0x7f39c581f595b53c5cb19bd0b3f8da6c935e2ca0,0xdac17f958d2ee523a2206206994597c13d831ec7,1455662.4246,1437012.9691,0.012812,3639.1561,830.5505,104.8297,1.0747322429079065,1.0773877631108926,1.041561494670008,1.0441350543729022,
0x91cf808e1d6f9301298b68bf7dc7a3566cee107ec5ebd5c42f2d6d09d14be003,24356753,1769885387,AaveV3GenericFLRepayStrategy,repay,0xf3f6902807f7bf22fcc005dc72fcbc5711c09485,0xf42eb13b54b8777862cd30f7baffaa84aaf7b15c,0x87870bca3f3fd6335c3f4ce8392d69350b4fa4e2,0x7f39c581f595b53c5cb19bd0b3f8da6c935e2ca0,0xdac17f958d2ee523a2206206994597c13d831ec7,66119.9378,65298.6651,0.012421,165.2998,162.1929,122.9425,1.0808063733581685,1.1350693160825995,1.047448151958223,1.1000363124997912,
0x26f6972c7543e03ffef68eb4d94dd82240b3c86d2909a91d66775b3f5678689e,24362651,1769956571,AaveV3Repay,repay,0x0794defcc715d29be0b2932bd27a575a31c2a86b,0x0794defcc715d29be0b2932bd27a575a31c2a86b,0x87870bca3f3fd6335c3f4ce8392d69350b4fa4e2,0xcd5fe23c85820f7b72d0926fc9b05b43e359b7ee,0xa0b86991c6218b36c1d19d4a2e9eb0ce3606eb48,1434.921,1420.1882,0.010267,3.5873,4.7391,4.1519,1.3901475911124521,1.5471249461138579,1.3467054788891408,1.498777291546185,
0x0faa277d5852bca118189906a378af2eea559a8ad9bf7d0338e50d32a9837d71,24362653,1769956595,AaveV3GenericFLRepayStrategy,repay,0xa53e9bf09d6b62064dc472c204e654244684ce0e,0x81d0ac9a5f91188074fd753a03885162bec74246,0x87870bca3f3fd6335c3f4ce8392d69350b4fa4e2,0x7f39c581f595b53c5cb19bd0b3f8da6c935e2ca0,0xdac17f958d2ee523a2206206994597c13d831ec7,11445293.4523,11274211.6851,0.014948,28613.2336,5671.3734,29.9791,1.0820979609290358,1.1052703123803835,1.0486998757151766,1.0711570311340755,
0xa4e2c6bef9c095e733262f193c38ea1a6aca085d1c8f27b444d7b3740870ed06,24362857,1769959067,AaveV3GenericFLRepayStrategy,repay,0xd2afc1ca0521eee79edc15549aae33343a55ccc0,0x7b6520b6a7500ae011faa035337a07c8ec3135ec,0x87870bca3f3fd6335c3f4ce8392d69350b4fa4e2,0x7f39c581f595b53c5cb19bd0b3f8da6c935e2ca0,0xdac17f958d2ee523a2206206994597c13d831ec7,7938922.0988,7854739.7258,0.010604,19847.3052,3956.2276,26.3553,1.0820578135553236,1.1349758188619672,1.0486609674579368,1.099945700995857,
0xc56f14dcb140795663b4c9347ffcd21f09330fcc93901ebf9b941fd83829517b,24362887,1769959439,AaveV3Repay,repay,0x97d0aca4142e89f968fe1ac0d206752e73f3b2b0,0x97d0aca4142e89f968fe1ac0d206752e73f3b2b0,0x87870bca3f3fd6335c3f4ce8392d69350b4fa4e2,0xc02aaa39b223fe8d0a0e5c4f27ead9083c756cc2,0xa0b86991c6218b36c1d19d4a2e9eb0ce3606eb48,5246.4037,5217.5611,0.005498,13.116,7.8286,5.0436,1.3997367296353935,1.5564184537577541,1.3497338562401173,1.499426293158815,
0x7579aa14a06c38cc509ed6964092e28e8172419b954ecbb3e0da989be5aa28e7,24362903,1769959631,AaveV3GenericFLRepayStrategy,repay,0x9fce1eed605c0f0ff969d5b2d5926d7d59074d22,0x4b730564b98477511f59d54e9bb37069eb511344,0x87870bca3f3fd6335c3f4ce8392d69350b4fa4e2,0x2260fac5e5542a773aa44fbcfedf7c193bc2c599,0x1abaea1f7c830bd89acc67ec4af516284b1bc33c,7168.4157,7110.0427,0.008143,17.9209,9.5333,5.8742,1.154448526783613,1.2573614313315107,1.0977528425623542,1.1989819719276917,
0x07912711fc3b64bfaf0a5ef39b37f909c69d7e7d0037383b582310b986924a32,24362930,1769959955,AaveV3Repay,repay,0x877fc51036b47bd059737266ad3f8db6180b6e19,0x877fc51036b47bd059737266ad3f8db6180b6e19,0x87870bca3f3fd6335c3f4ce8392d69350b4fa4e2,0x2260fac5e5542a773aa44fbcfedf7c193bc2c599,0x6b175474e89094c44da98b954eedeac495271d0f,4503.4623,4463.8643,0.008793,11.258,8.5214,6.2033,1.41687893786912,1.5737668838357144,1.3466599837204276,1.498474389690534,
0xc9a90b1cd9da4db2b438206ec1a7c9a9ba38ac7d737625a881fddb23d32cc6bf,24362946,1769960147,AaveV3GenericFLRepayStrategy,repay,0xa53e9bf09d6b62064dc472c204e654244684ce0e,0x81d0ac9a5f91188074fd753a03885162bec74246,0x87870bca3f3fd6335c3f4ce8392d69350b4fa4e2,0x7f39c581f595b53c5cb19bd0b3f8da6c935e2ca0,0xdac17f958d2ee523a2206206994597c13d831ec7,10443307.6117,9744543.7648,0.06691,26108.269,4896.7239,21.1062,1.0817734172381506,1.0996225588562263,1.0483853488048744,1.0656835909902933,
0xf1c97343bff2fb4cd96abe7ec062925ac7c120069d9d2f4c9752d4cc7ddb0d47,24362955,1769960255,AaveV3GenericFLRepayStrategy,repay,0x11491c78b3287fe7167d16ef2a4a02207a352c86,0xc7218ace51373b6716b7ff3aeb36fbfa75f2c8a7,0x87870bca3f3fd6335c3f4ce8392d69350b4fa4e2,0x7f39c581f595b53c5cb19bd0b3f8da6c935e2ca0,0xdac17f958d2ee523a2206206994597c13d831ec7,251967.8604,250568.5358,0.005554,629.9197,145.1359,19.801,1.0816122956419612,1.1346881352334095,1.048229200097453,1.0996668964916325,
0xba3706308c0e5fe2f94ee0368030ef26ee4821311f7f85b9eb612be28b338dec,24362958,1769960291,AaveV3GenericFLRepayStrategy,repay,0xb4227f40488e105f6c0b724ae06f4553321e3c13,0x3ee301d27fd556eca7aaa8c50cdbd461577c42a6,0x87870bca3f3fd6335c3f4ce8392d69350b4fa4e2,0x7f39c581f595b53c5cb19bd0b3f8da6c935e2ca0,0xa0b86991c6218b36c1d19d4a2e9eb0ce3606eb48,493624.5286,491138.4936,0.005036,1234.0613,256.6961,10.6201,1.082974102541079,1.134533140510735,1.0495489759194376,1.099516685556697,
0xbe209498b5a746e96c7ec0147f6282263345b8e3653439f889bffdb4d3f2a763,24362958,1769960291,AaveV3GenericFLRepayStrategy,repay,0x985a834e5da796010d490a6f2cca2160bf5118b7,0x4d43aadee75419a4535400dee43690b5fe8c64e9,0x87870bca3f3fd6335c3f4ce8392d69350b4fa4e2,0x7f39c581f595b53c5cb19bd0b3f8da6c935e2ca0,0xa0b86991c6218b36c1d19d4a2e9eb0ce3606eb48,367809.2714,365930.989,0.005107,919.5232,204.4456,21.0568,1.0830889254957583,1.13461374930658,1.049660254955764,1.099594806426746,
0x38e72e2704a2929e47e525326290e5b34a6f01f4df2da27abae1c80241476f11,24364844,1769983055,AaveV3Repay,repay,0x4f9dee86469f70f56d9d8fd501f20d9ce78fa3fd,0x4f9dee86469f70f56d9d8fd501f20d9ce78fa3fd,0x87870bca3f3fd6335c3f4ce8392d69350b4fa4e2,0xc02aaa39b223fe8d0a0e5c4f27ead9083c756cc2,0xa0b86991c6218b36c1d19d4a2e9eb0ce3606eb48,2312.5228,2301.8631,0.00461,5.7813,3.9375,2.8291,1.7492388056165125,1.906410837371296,1.6965508897844288,1.8489888241971784,
0x7fdba95016ea85bf3bbe7549afc3610f78a2cf5330e89099e3396974fbc8c659,24365192,1769987267,AaveV3GenericFLRepayStrategy,repay,0xf3f6902807f7bf22fcc005dc72fcbc5711c09485,0xf42eb13b54b8777862cd30f7baffaa84aaf7b15c,0x87870bca3f3fd6335c3f4ce8392d69350b4fa4e2,0x7f39c581f595b53c5cb19bd0b3f8da6c935e2ca0,0xa0b86991c6218b36c1d19d4a2e9eb0ce3606eb48,51152.6341,50666.6505,0.009501,127.8816,33.0748,7.8964,1.0830927065084488,1.1341856498653429,1.0496639192705077,1.099179919931192,
0xc097e64a3a508849f016df7f11d9263e125c8b6550d1758f3b90df0e78a770a8,24365192,1769987267,AaveV3GenericFLRepayStrategy,repay,0xedbe47306effb7cdcd5f6852aa6a80a6b17b7c2a,0xa740c1d26d690a34223b06d41b1268b2d0d7b5b6,0x87870bca3f3fd6335c3f4ce8392d69350b4fa4e2,0x7f39c581f595b53c5cb19bd0b3f8da6c935e2ca0,0xa0b86991c6218b36c1d19d4a2e9eb0ce3606eb48,674684.5975,666161.6975,0.012632,1686.7115,339.2372,5.8698,1.0765251754061804,1.1339443859662273,1.0432990897454957,1.098946102448749,
0x13870ff5bfceab97295e09275478c14e2e661549d7c789efad8bdd4234ddd4f7,24365216,1769987555,AaveV3Repay,repay,0x14c87c6a1eb8f61465ad0abd4256383ddaf779d0,0x14c87c6a1eb8f61465ad0abd4256383ddaf779d0,0x87870bca3f3fd6335c3f4ce8392d69350b4fa4e2,0x7f39c581f595b53c5cb19bd0b3f8da6c935e2ca0,0xa0b86991c6218b36c1d19d4a2e9eb0ce3606eb48,667383.9644,667144.9431,0.000358,1668.4599,356.1623,22.2704,1.4957647126704279,1.879391927556373,1.4495991351188695,1.82138600386636,
0xba311d7aa4b9babff8f3b361125595ea3402c82bd1dd12d782ff4afa8c01f757,24365219,1769987591,AaveV3Repay,repay,0xb68ee3777f2f3c0b877df9b7371a304a1bf64991,0xb68ee3777f2f3c0b877df9b7371a304a1bf64991,0x87870bca3f3fd6335c3f4ce8392d69350b4fa4e2,0xc02aaa39b223fe8d0a0e5c4f27ead9083c756cc2,0x6b175474e89094c44da98b954eedeac495271d0f,2291.2928,2301.9989,-0.004672,5.7282,10.8351,8.3581,1.3878416531417863,1.5523150919622013,1.343940722763634,1.502898594711292,
0xbc4f800b8696b3f01e0ae7e1689161752d480d315fd73f7e224f07d1e14504db,24365226,1769987675,AaveV3Repay,repay,0x0d1861e84fade254ec913cfc673f55c32a69de6f,0x0d1861e84fade254ec913cfc673f55c32a69de6f,0x87870bca3f3fd6335c3f4ce8392d69350b4fa4e2,0xae78736cd615f374d3085123a210448e74fc6393,0x6b175474e89094c44da98b954eedeac495271d0f,7183.2288,7245.3092,-0.008642,17.9581,17.6355,12.453,1.4083637765548733,1.5784323699769558,1.337054218248076,1.4985117436488211,
0xe6c2b3f4278fe0f85e604967a626fa87d5e4a0693f2dba73d525ce1c7c541a99,24365229,1769987711,AaveV3GenericFLRepayStrategy,repay,0xa53e9bf09d6b62064dc472c204e654244684ce0e,0x81d0ac9a5f91188074fd753a03885162bec74246,0x87870bca3f3fd6335c3f4ce8392d69350b4fa4e2,0x7f39c581f595b53c5cb19bd0b3f8da6c935e2ca0,0xdac17f958d2ee523a2206206994597c13d831ec7,9621494.3086,9476816.8634,0.015037,24053.7358,4859.6665,112.9422,1.0817973181593463,1.1047342572396208,1.048408512043317,1.0706375209050647,
0x614ab4e56affa4ade00243373386a03e7211f889204b07c85d3a3966d6fd734c,24365233,1769987759,AaveV3Repay,repay,0xfb64077abffffd8b94309ebe464a4756dc09dfe2,0xfb64077abffffd8b94309ebe464a4756dc09dfe2,0x87870bca3f3fd6335c3f4ce8392d69350b4fa4e2,0xc02aaa39b223fe8d0a0e5c4f27ead9083c756cc2,0xa0b86991c6218b36c1d19d4a2e9eb0ce3606eb48,28408.3145,28142.4151,0.00936,71.0208,22.8883,8.9217,1.3876789441368285,1.5286802558615908,1.345881385578456,1.4826356698415748,
0x22453a7d3c1481f8e93e596057dee00e1e0e51fc5dd8503e15f20cfd12708943,24366435,1770002255,AaveV3GenericFLRepayStrategy,repay,0x6daf7fd770faed61c0842fb7e0dcb5d10a6cb876,0x484d916b04db43121f7834993b8f4fa692b89f4b,0x87870bca3f3fd6335c3f4ce8392d69350b4fa4e2,0x18084fba666a33d37592fa2633fd49a74dd93a88,0xa0b86991c6218b36c1d19d4a2e9eb0ce3606eb48,24841.3534,24716.619,0.005021,62.1034,25.0706,12.582,1.1766703946241213,1.2842121068183043,1.0992807561831008,1.1994056858088706,
0x9027f340a18532ce8221da84f5ddd3841dc4aea9464eb3046acd3ef7d3a4aecf,24366480,1770002795,AaveV3GenericFLRepayStrategy,repay,0xd2afc1ca0521eee79edc15549aae33343a55ccc0,0x7b6520b6a7500ae011faa035337a07c8ec3135ec,0x87870bca3f3fd6335c3f4ce8392d69350b4fa4e2,0x7f39c581f595b53c5cb19bd0b3f8da6c935e2ca0,0xdac17f958d2ee523a2206206994597c13d831ec7,8098899.4115,8009394.0795,0.011052,20247.2485,4034.8477,27.8909,1.064526421393374,1.1277728281220718,1.031670667646665,1.0929650247849707,
0x312f8648361101e7bf5cd64fc18324f7cc55512dfff4de1c460b874d688962eb,24366482,1770002819,AaveV3GenericFLRepayStrategy,repay,0x11491c78b3287fe7167d16ef2a4a02207a352c86,0xc7218ace51373b6716b7ff3aeb36fbfa75f2c8a7,0x87870bca3f3fd6335c3f4ce8392d69350b4fa4e2,0x7f39c581f595b53c5cb19bd0b3f8da6c935e2ca0,0xa0b86991c6218b36c1d19d4a2e9eb0ce3606eb48,204491.8004,202244.4068,0.01099,511.2295,126.4368,23.6122,1.0831600491859683,1.1336233911105995,1.0497291834703484,1.0986350148417483,
0x00fcbd07f827ce2ee3fe0f120f441536c850fb65631cd8c7b456e0ab7e88057e,24366482,1770002819,AaveV3Boost,boost,0xe384f9cba7e27df646c3e636136e5af57ec359fc,0xe384f9cba7e27df646c3e636136e5af57ec359fc,0x87870bca3f3fd6335c3f4ce8392d69350b4fa4e2,0xc02aaa39b223fe8d0a0e5c4f27ead9083c756cc2,0xa0b86991c6218b36c1d19d4a2e9eb0ce3606eb48,13057.1756,12969.4079,0.006722,32.6429,21.943,16.6367,1.724011046573019,1.5594544850690477,1.6577029293970533,1.4994754664125127,
0x0f028415ebbf0f2b979b8fa4e22135ca78ee5545540e20c3a6d0600bb8ae8b9d,24366484,1770002843,AaveV3GenericFLRepayStrategy,repay,0x985a834e5da796010d490a6f2cca2160bf5118b7,0x4d43aadee75419a4535400dee43690b5fe8c64e9,0x87870bca3f3fd6335c3f4ce8392d69350b4fa4e2,0x7f39c581f595b53c5cb19bd0b3f8da6c935e2ca0,0xa0b86991c6218b36c1d19d4a2e9eb0ce3606eb48,309969.6666,307757.9163,0.007135,774.9242,177.656,22.5009,1.0830883279724863,1.1344254608630528,1.0496596758745667,1.0994123293549287,
0x709c04c3b163a2405427b20ecaa3f6ee1b72b78e5caf36863db3cb0c2364645b,24366486,1770002867,AaveV3GenericFLRepayStrategy,repay,0xa53e9bf09d6b62064dc472c204e654244684ce0e,0x81d0ac9a5f91188074fd753a03885162bec74246,0x87870bca3f3fd6335c3f4ce8392d69350b4fa4e2,0x7f39c581f595b53c5cb19bd0b3f8da6c935e2ca0,0xdac17f958d2ee523a2206206994597c13d831ec7,11454453.5754,11232082.1741,0.019414,28636.1339,5636.9249,17.2133,1.0655485708020818,1.0876654238118566,1.0326612692341162,1.0540955033238362,
0xcf16ef01148ce96e13b6ff3534dc7df160094448e86e17fc25e98432363b571c,24366495,1770002975,AaveV3GenericFLRepayStrategy,repay,0xb4227f40488e105f6c0b724ae06f4553321e3c13,0x3ee301d27fd556eca7aaa8c50cdbd461577c42a6,0x87870bca3f3fd6335c3f4ce8392d69350b4fa4e2,0x7f39c581f595b53c5cb19bd0b3f8da6c935e2ca0,0xa0b86991c6218b36c1d19d4a2e9eb0ce3606eb48,462957.6849,460653.2047,0.004978,1157.3942,250.6775,19.7936,1.077195593803522,1.1349047431729709,1.0439488162169897,1.099876819000961,
0x7423a0e9f8c697fe08f69cc555ae7772dfc73798bbd2d9e3138c1985e5d9c8f7,24367434,1770014327,AaveV3GenericFLRepayStrategy,repay,0xa53e9bf09d6b62064dc472c204e654244684ce0e,0x81d0ac9a5f91188074fd753a03885162bec74246,0x87870bca3f3fd6335c3f4ce8392d69350b4fa4e2,0x7f39c581f595b53c5cb19bd0b3f8da6c935e2ca0,0xdac17f958d2ee523a2206206994597c13d831ec7,16474415.9432,16281774.8566,0.011693,41186.0399,8160.5293,14.8909,1.0808266490743617,1.1342099557515233,1.0474678018807086,1.0992034756357354,
0xa37fc6d382975edbe3579823cf4583e32611f4b97a4b5f2321d955327be46bd4,24367444,1770014447,AaveV3GenericFLRepayStrategy,repay,0xf3f6902807f7bf22fcc005dc72fcbc5711c09485,0xf42eb13b54b8777862cd30f7baffaa84aaf7b15c,0x87870bca3f3fd6335c3f4ce8392d69350b4fa4e2,0x7f39c581f595b53c5cb19bd0b3f8da6c935e2ca0,0xdac17f958d2ee523a2206206994597c13d831ec7,43559.8967,43535.1413,0.000568,108.8997,29.307,7.3545,1.081190836782631,1.1348662310872633,1.0478207492275906,1.099839495559842,
0xfa194676788183773a4954f2484e7051fd55def7f358d6ac55906cf389692efe,24368312,1770024911,AaveV3Boost,boost,0x80d50cff6c4b05f395561a0c987990f11bf57511,0x80d50cff6c4b05f395561a0c987990f11bf57511,0x87870bca3f3fd6335c3f4ce8392d69350b4fa4e2,0xa0b86991c6218b36c1d19d4a2e9eb0ce3606eb48,0xc02aaa39b223fe8d0a0e5c4f27ead9083c756cc2,7627.3838,7604.7898,0.002962,19.0685,6.5641,2.7281,1.2429220926702222,1.1855869559953678,1.2054846802402073,1.1498765055134863,
0x363ffc0a40acbcf6de3b0d7791a69150d4395bdcb6776ad205894e41ac763560,24370133,1770046859,AaveV3Boost,boost,0x80d50cff6c4b05f395561a0c987990f11bf57511,0x80d50cff6c4b05f395561a0c987990f11bf57511,0x87870bca3f3fd6335c3f4ce8392d69350b4fa4e2,0xa0b86991c6218b36c1d19d4a2e9eb0ce3606eb48,0xc02aaa39b223fe8d0a0e5c4f27ead9083c756cc2,8629.3342,8577.3398,0.006025,21.5733,13.3617,9.8652,1.241888281407694,1.1855808326915631,1.20448200787119,1.1498705666466214,
0x50589b988fbdf3048b6b34a4670efb4bac293a1944956d9d0385820c80269ba8,24370135,1770046883,AaveV3Boost,boost,0x9cd9db65aacf2f981d5daac0d1a3daed9e6b0cbc,0x9cd9db65aacf2f981d5daac0d1a3daed9e6b0cbc,0x87870bca3f3fd6335c3f4ce8392d69350b4fa4e2,0xa0b86991c6218b36c1d19d4a2e9eb0ce3606eb48,0xc02aaa39b223fe8d0a0e5c4f27ead9083c756cc2,12109.1976,12049.2525,0.00495,30.273,9.8126,3.6952,1.3988096677489037,1.288770875814105,1.3566768464311056,1.2499524759400529,
0x4d1da5d2decc1ccf5dfc7c83a381a342cf030757ca65145a910310f857c0012c,24378090,1770142955,AaveV3GenericFLRepayStrategy,repay,0xedbe47306effb7cdcd5f6852aa6a80a6b17b7c2a,0xa740c1d26d690a34223b06d41b1268b2d0d7b5b6,0x87870bca3f3fd6335c3f4ce8392d69350b4fa4e2,0x7f39c581f595b53c5cb19bd0b3f8da6c935e2ca0,0xa0b86991c6218b36c1d19d4a2e9eb0ce3606eb48,500983.7765,499482.2545,0.002997,1252.4594,278.719,29.9055,1.0738405660130013,1.12663739532354,1.0406973386669198,1.0918646362086146,
0xf4bf9e9d39f63c2cf268cda91ed75459edd4aff6544e6334e27c74299e05a1de,24378109,1770143195,AaveV3GenericFLRepayStrategy,repay,0x0790031f1d675c62ed762eb37824c3d7bbe6427b,0xfd801753e655165b54ba1aaa78534c8b497863ad,0x87870bca3f3fd6335c3f4ce8392d69350b4fa4e2,0x2260fac5e5542a773aa44fbcfedf7c193bc2c599,0xdac17f958d2ee523a2206206994597c13d831ec7,105192.9952,104449.5001,0.007068,262.9822,64.4797,12.1892,1.1165615838697025,1.1708027921008044,1.0475831118975074,1.0987110704868313,
0x7bd34e7ea864ad2c523856cfac5612ca0afa19f922e52272fe01a8f0d1fb99be,24378214,1770144455,AaveV3Repay,repay,0x0794defcc715d29be0b2932bd27a575a31c2a86b,0x0794defcc715d29be0b2932bd27a575a31c2a86b,0x87870bca3f3fd6335c3f4ce8392d69350b4fa4e2,0xcd5fe23c85820f7b72d0926fc9b05b43e359b7ee,0xa0b86991c6218b36c1d19d4a2e9eb0ce3606eb48,1158.32,1147.684,0.009182,2.8958,10.8993,10.6181,1.388239920098749,1.5501449497258488,1.3448574225942385,1.5017029200449123,
0x32ec2b2aad5593edb31bbd9fff3415b972859615f673e2d96d9a10762d15eacb,24378231,1770144659,AaveV3Repay,repay,0x92bd75505b06391d9ed922a8c4c0c70980c26bc0,0x92bd75505b06391d9ed922a8c4c0c70980c26bc0,0x87870bca3f3fd6335c3f4ce8392d69350b4fa4e2,0x2260fac5e5542a773aa44fbcfedf7c193bc2c599,0x6b175474e89094c44da98b954eedeac495271d0f,24274.2686,24117.0179,0.006478,60.6856,25.2553,13.2091,1.6541951849949332,1.7623595016040463,1.548157032110612,1.6493877386806641,
0x2c5ed2c6b976e8f9c2d7ba401ef4215ff303101b50246376e091566438052196,24378737,1770150827,AaveV3Boost,boost,0x80d50cff6c4b05f395561a0c987990f11bf57511,0x80d50cff6c4b05f395561a0c987990f11bf57511,0x87870bca3f3fd6335c3f4ce8392d69350b4fa4e2,0xa0b86991c6218b36c1d19d4a2e9eb0ce3606eb48,0xc02aaa39b223fe8d0a0e5c4f27ead9083c756cc2,7661.749,7501.6858,0.020891,19.1544,128.1105,121.9187,1.2496905709693635,1.186517390983777,1.2120492887110856,1.1507789153516819,
0xee8ad7f73634a7497cef5a4c6f6e5e19fae2cdc2ab728c714def0405bfeda93d,24384958,1770225851,AaveV3Repay,repay,0x77c439956457556ac34308648e3837ba35a23890,0x77c439956457556ac34308648e3837ba35a23890,0x87870bca3f3fd6335c3f4ce8392d69350b4fa4e2,0x2260fac5e5542a773aa44fbcfedf7c193bc2c599,0xa0b86991c6218b36c1d19d4a2e9eb0ce3606eb48,38853.8588,38653.3992,0.005159,97.1341,23.2363,3.7658,1.441298875854288,1.6021972640154596,1.3489079222738818,1.4994923111939222,
0xd9cefdad35c3f4e4345dc0bb8428aec967ba94487601d0b78920607a37e6a55c,24385190,1770228671,AaveV3GenericFLRepayStrategy,repay,0x985a834e5da796010d490a6f2cca2160bf5118b7,0x4d43aadee75419a4535400dee43690b5fe8c64e9,0x87870bca3f3fd6335c3f4ce8392d69350b4fa4e2,0x7f39c581f595b53c5cb19bd0b3f8da6c935e2ca0,0xdac17f958d2ee523a2206206994597c13d831ec7,250840.2448,251535.2478,-0.002771,627.1006,161.8976,34.6296,1.0828067303499282,1.1340322353632781,1.0493867695366543,1.0990312404446532,
0xd6e08d683f2506fa32fa21dc0ce83f2a35fb58249f135c9278d14799f3b8584e,24385192,1770228695,AaveV3GenericFLRepayStrategy,repay,0xd2afc1ca0521eee79edc15549aae33343a55ccc0,0x7b6520b6a7500ae011faa035337a07c8ec3135ec,0x87870bca3f3fd6335c3f4ce8392d69350b4fa4e2,0x7f39c581f595b53c5cb19bd0b3f8da6c935e2ca0,0xdac17f958d2ee523a2206206994597c13d831ec7,5480973.1658,5494856.2491,-0.002533,13702.4329,2773.2488,24.1824,1.0766982482807925,1.1407526358377458,1.0434668208647184,1.1055442211513955,
0x44745fb10f035e48cf1f385c9d4b459ea683dc36df6995a10e7a70f6e13927ed,24385195,1770228731,AaveV3Repay,repay,0x4f9dee86469f70f56d9d8fd501f20d9ce78fa3fd,0x4f9dee86469f70f56d9d8fd501f20d9ce78fa3fd,0x87870bca3f3fd6335c3f4ce8392d69350b4fa4e2,0xc02aaa39b223fe8d0a0e5c4f27ead9083c756cc2,0xa0b86991c6218b36c1d19d4a2e9eb0ce3606eb48,1946.5197,1936.5233,0.005136,4.8663,11.7035,11.2199,1.75128591940682,1.9060741773016596,1.6985363435205916,1.8486623044906323,
0x683a22e552b4c189dc02a4a242886d5982a5ba164973ff4ab319cc74c2ae674c,24385220,1770229043,AaveV3GenericFLRepayStrategy,repay,0x11491c78b3287fe7167d16ef2a4a02207a352c86,0xc7218ace51373b6716b7ff3aeb36fbfa75f2c8a7,0x87870bca3f3fd6335c3f4ce8392d69350b4fa4e2,0x7f39c581f595b53c5cb19bd0b3f8da6c935e2ca0,0xdac17f958d2ee523a2206206994597c13d831ec7,179307.7816,178082.5222,0.006833,448.2695,108.3228,18.4853,1.0818710011550574,1.1357285533719697,1.048479920872493,1.1006752029592464,
0x486dbd083732c5ef688c37826063ccfa5a1afbd49dae82c09892afe2d68f2430,24387901,1770261503,AaveV3GenericFLRepayStrategy,repay,0x9fce1eed605c0f0ff969d5b2d5926d7d59074d22,0x4b730564b98477511f59d54e9bb37069eb511344,0x87870bca3f3fd6335c3f4ce8392d69350b4fa4e2,0x7f39c581f595b53c5cb19bd0b3f8da6c935e2ca0,0x1abaea1f7c830bd89acc67ec4af516284b1bc33c,6251.4842,6218.3453,0.005301,15.6287,13.2628,9.8147,1.1526861611154713,1.2623630592751611,1.0990680725692186,1.1995149868628912,
0x05132100448a715e75869a6712b8bba1891b5f1c487d61c98e0ed9aad05a33f5,24388146,1770264467,AaveV3Repay,repay,0x1b62d71c7334b714fdef2c9ed4d0b7588f5c07f6,0x1b62d71c7334b714fdef2c9ed4d0b7588f5c07f6,0x87870bca3f3fd6335c3f4ce8392d69350b4fa4e2,0xcbb7c0000ab88b473b1f5afd9ef808440eed33bf,0xa0b86991c6218b36c1d19d4a2e9eb0ce3606eb48,6818.2102,6788.4237,0.004369,17.0455,5.962,2.4619,1.3846395072859052,1.6009173608584237,1.2958805645109495,1.4982944531108875,
0x066f859764336c1b755378b7e65ad500e0969e56420cc100d4981f0b2dc577fa,24388523,1770269027,AaveV3GenericFLRepayStrategy,repay,0x0790031f1d675c62ed762eb37824c3d7bbe6427b,0xfd801753e655165b54ba1aaa78534c8b497863ad,0x87870bca3f3fd6335c3f4ce8392d69350b4fa4e2,0x2260fac5e5542a773aa44fbcfedf7c193bc2c599,0xdac17f958d2ee523a2206206994597c13d831ec7,89972.5318,89140.0783,0.009252,224.9312,49.8576,5.217,1.11675205549327,1.170343758656846,1.0481376153489514,1.0987534889043773,
0x7d26e4d22f600a138ea2aac4666bfc0ba7a5583cedb20f7afed38395a156e510,24388771,1770272015,AaveV3GenericFLRepayStrategy,repay,0x38b3862674a68bd5c378b4dd487ae0dfa307002e,0xf396ec323e6509ce68d4bc992e0feb454c0c5c46,0x87870bca3f3fd6335c3f4ce8392d69350b4fa4e2,0x2260fac5e5542a773aa44fbcfedf7c193bc2c599,0xdac17f958d2ee523a2206206994597c13d831ec7,21727.7682,21680.1517,0.002192,54.3194,13.6383,2.7491,1.0931183140398184,1.155577910670488,1.0380502474088822,1.0995151380388202,
0x6375183aa139ebb3493ab0b71d78d9addf497e109b753bd4228c864933af2411,24388950,1770274175,AaveV3GenericFLRepayStrategy,repay,0xb4227f40488e105f6c0b724ae06f4553321e3c13,0x3ee301d27fd556eca7aaa8c50cdbd461577c42a6,0x87870bca3f3fd6335c3f4ce8392d69350b4fa4e2,0x7f39c581f595b53c5cb19bd0b3f8da6c935e2ca0,0xa0b86991c6218b36c1d19d4a2e9eb0ce3606eb48,344139.3175,344537.8943,-0.001158,860.3483,181.2939,8.6939,1.0815376287966487,1.134973672000726,1.0481568377844033,1.0999436203957613,
0x902b10a72af44178bb91afc1b2d1675216b3540efc04d4f323aa03b879cbbbbb,24390577,1770293855,AaveV3GenericFLRepayStrategy,repay,0xa53e9bf09d6b62064dc472c204e654244684ce0e,0x81d0ac9a5f91188074fd753a03885162bec74246,0x87870bca3f3fd6335c3f4ce8392d69350b4fa4e2,0x7f39c581f595b53c5cb19bd0b3f8da6c935e2ca0,0xdac17f958d2ee523a2206206994597c13d831ec7,13134271.4459,12962929.6245,0.013045,32835.6786,6542.8588,55.5832,1.0830143129184497,1.1340182207788558,1.0495879452357815,1.099017658409138,
0x6e97112365e2be0d81b66b18f33f16a7a3d1bef09ace48d61a84f38038fb174f,24390579,1770293879,AaveV3GenericFLRepayStrategy,repay,0xf3f6902807f7bf22fcc005dc72fcbc5711c09485,0xf42eb13b54b8777862cd30f7baffaa84aaf7b15c,0x87870bca3f3fd6335c3f4ce8392d69350b4fa4e2,0x7f39c581f595b53c5cb19bd0b3f8da6c935e2ca0,0xa0b86991c6218b36c1d19d4a2e9eb0ce3606eb48,35405.7925,35106.4762,0.008454,88.5145,49.9234,31.0332,1.0830012301835559,1.1336407271565223,1.0495752662889903,1.0986518158244958,
0xb7241b8a3333ddc0bdd52d6a308828ffc5dc87526371a353bdd90e6679b39238,24390580,1770293891,AaveV3Repay,repay,0x877fc51036b47bd059737266ad3f8db6180b6e19,0x877fc51036b47bd059737266ad3f8db6180b6e19,0x87870bca3f3fd6335c3f4ce8392d69350b4fa4e2,0xc02aaa39b223fe8d0a0e5c4f27ead9083c756cc2,0x6b175474e89094c44da98b954eedeac495271d0f,3963.6399,3926.3551,0.009407,9.9091,19.3294,17.1185,1.4156810697862887,1.5777422215521426,1.347982219078925,1.4980684604062053,
0x2efa3a71384d058d6d4329f7237a50390b36c168cb3f596d7ef4521aa8c875b0,24390580,1770293891,AaveV3GenericFLRepayStrategy,repay,0xedbe47306effb7cdcd5f6852aa6a80a6b17b7c2a,0xa740c1d26d690a34223b06d41b1268b2d0d7b5b6,0x87870bca3f3fd6335c3f4ce8392d69350b4fa4e2,0x7f39c581f595b53c5cb19bd0b3f8da6c935e2ca0,0xdac17f958d2ee523a2206206994597c13d831ec7,407294.4839,404106.4645,0.007827,1018.2362,219.7591,16.6825,1.0824496930329448,1.134438124101899,1.0490407518899527,1.0994246017530729,
0x35d0144a8db990cd2250f452e9d94231bc9801bcb353a0cf27113bc81df330c9,24390582,1770293927,AaveV3Repay,repay,0xfb64077abffffd8b94309ebe464a4756dc09dfe2,0xfb64077abffffd8b94309ebe464a4756dc09dfe2,0x87870bca3f3fd6335c3f4ce8392d69350b4fa4e2,0xc02aaa39b223fe8d0a0e5c4f27ead9083c756cc2,0xa0b86991c6218b36c1d19d4a2e9eb0ce3606eb48,24253.0075,24106.9914,0.006021,60.6325,17.2523,5.3259,1.3899880585364832,1.5461220328044796,1.3481209483395835,1.499552092057356,
0xa3e15d4cb0d4a9d503479dda0d1171677c1f726f356462acb0c8fe98f768e71b,24390606,1770294215,AaveV3GenericFLRepayStrategy,repay,0xdcb46b86c7578c64e8589a4a0882a835892f893c,0xb2148a0ea67723039631d706bc224f43a3fddd1d,0x87870bca3f3fd6335c3f4ce8392d69350b4fa4e2,0x2260fac5e5542a773aa44fbcfedf7c193bc2c599,0xa0b86991c6218b36c1d19d4a2e9eb0ce3606eb48,118398.9521,118015.1561,0.003242,295.9971,77.3639,18.4792,1.1111587150332534,1.2262085666574012,1.0413516277654993,1.1496376604783554,
0x07f955138b405f28aebd8212b747cf79d5c13c8f5a779d1b6fdc1b9f592f0f15,24391404,1770303887,AaveV3Repay,repay,0x92bd75505b06391d9ed922a8c4c0c70980c26bc0,0x92bd75505b06391d9ed922a8c4c0c70980c26bc0,0x87870bca3f3fd6335c3f4ce8392d69350b4fa4e2,0x2260fac5e5542a773aa44fbcfedf7c193bc2c599,0x6b175474e89094c44da98b954eedeac495271d0f,21231.3149,21152.9922,0.003689,53.0776,33.2683,21.8965,1.6556154747657208,1.7624992930738077,1.5494862776653058,1.6495185691587706,
0x5cff5162597383427e217a2a0070a7a8305724f6ba873b577dfd1fa70b6ad6fc,24391455,1770304499,AaveV3Repay,repay,0x0d1861e84fade254ec913cfc673f55c32a69de6f,0x0d1861e84fade254ec913cfc673f55c32a69de6f,0x87870bca3f3fd6335c3f4ce8392d69350b4fa4e2,0xae78736cd615f374d3085123a210448e74fc6393,0x6b175474e89094c44da98b954eedeac495271d0f,5425.9486,5362.7754,0.011643,13.5649,32.109,29.1114,1.421410626391605,1.5781464774384264,1.3494404680930145,1.4982403266818154,
0x2e5540cf8d31297d36504a60be8b87333cd08ebff1b08e189bfde048cca1aeb5,24391492,1770304943,AaveV3GenericFLRepayStrategy,repay,0xd2afc1ca0521eee79edc15549aae33343a55ccc0,0x7b6520b6a7500ae011faa035337a07c8ec3135ec,0x87870bca3f3fd6335c3f4ce8392d69350b4fa4e2,0x7f39c581f595b53c5cb19bd0b3f8da6c935e2ca0,0xdac17f958d2ee523a2206206994597c13d831ec7,4027314.2571,3965393.473,0.015375,10068.2856,2100.434,114.7773,1.0791002200938613,1.126159461231191,1.0457946577452852,1.0914014531684997,
0x901eb1167ba8904b7ae18c0196a12f5d1af2b1aca113f2d8a8dcc010b0aa70ea,24391496,1770304991,AaveV3GenericFLRepayStrategy,repay,0x11491c78b3287fe7167d16ef2a4a02207a352c86,0xc7218ace51373b6716b7ff3aeb36fbfa75f2c8a7,0x87870bca3f3fd6335c3f4ce8392d69350b4fa4e2,0x7f39c581f595b53c5cb19bd0b3f8da6c935e2ca0,0xa0b86991c6218b36c1d19d4a2e9eb0ce3606eb48,152602.8989,150572.1759,0.013307,381.5072,152.3889,80.268,1.0802444631898303,1.133738561017776,1.046903584696316,1.0987466301221567,
0x0eb310bb94afccddde4925a0a98ea4740a92d667de232b0aa84776493824de25,24391496,1770304991,AaveV3GenericFLRepayStrategy,repay,0x985a834e5da796010d490a6f2cca2160bf5118b7,0x4d43aadee75419a4535400dee43690b5fe8c64e9,0x87870bca3f3fd6335c3f4ce8392d69350b4fa4e2,0x7f39c581f595b53c5cb19bd0b3f8da6c935e2ca0,0xdac17f958d2ee523a2206206994597c13d831ec7,242264.8137,238170.3569,0.016901,605.662,231.1469,119.2318,1.0784770660595007,1.132981277182677,1.0451907368601268,1.0980127192449356,
0xb962c14bc9896f102881ed2507be164c8a784a17451bd5e43ebef1cb708d7f05,24391508,1770305135,AaveV3GenericFLRepayStrategy,repay,0xa53e9bf09d6b62064dc472c204e654244684ce0e,0x81d0ac9a5f91188074fd753a03885162bec74246,0x87870bca3f3fd6335c3f4ce8392d69350b4fa4e2,0x7f39c581f595b53c5cb19bd0b3f8da6c935e2ca0,0xdac17f958d2ee523a2206206994597c13d831ec7,11933804.7198,11778177.5821,0.013041,29834.5118,6065.5467,166.6905,1.0741037823992075,1.1284783525518407,1.04095243109059,1.0936487737693763,
0x6a12c1deaf803800449337bf42cea0e959e174da3498d480a99da2711f1a174b,24391526,1770305351,AaveV3GenericFLRepayStrategy,repay,0xedbe47306effb7cdcd5f6852aa6a80a6b17b7c2a,0xa740c1d26d690a34223b06d41b1268b2d0d7b5b6,0x87870bca3f3fd6335c3f4ce8392d69350b4fa4e2,0x7f39c581f595b53c5cb19bd0b3f8da6c935e2ca0,0xdac17f958d2ee523a2206206994597c13d831ec7,378065.8523,373239.0513,0.012767,945.1646,347.6433,154.6986,1.0775131944664986,1.134117218217707,1.0442566143903687,1.0991136003714759,
0x5ac8ed8eac88a011ebb4665d458286e7d118505ef1be3d6d62025cd834ef3ec6,24391528,1770305375,AaveV3GenericFLRepayStrategy,repay,0xb4227f40488e105f6c0b724ae06f4553321e3c13,0x3ee301d27fd556eca7aaa8c50cdbd461577c42a6,0x87870bca3f3fd6335c3f4ce8392d69350b4fa4e2,0x7f39c581f595b53c5cb19bd0b3f8da6c935e2ca0,0xa0b86991c6218b36c1d19d4a2e9eb0ce3606eb48,353610.5808,346664.9959,0.019642,884.0265,317.3074,143.1349,1.0722525587354645,1.1228302030170265,1.0391583439596734,1.0881749498374862,
0xb93aa076ed67fe2e10fe6b483efee3662d28f76de128acd5efd5f9326988e95f,24391534,1770305447,AaveV3GenericFLRepayStrategy,repay,0x38b3862674a68bd5c378b4dd487ae0dfa307002e,0xf396ec323e6509ce68d4bc992e0feb454c0c5c46,0x87870bca3f3fd6335c3f4ce8392d69350b4fa4e2,0x2260fac5e5542a773aa44fbcfedf7c193bc2c599,0xdac17f958d2ee523a2206206994597c13d831ec7,17483.0884,17518.3371,-0.002016,43.7072,133.3508,120.9842,1.0871490413829084,1.1468842775951074,1.0342337295274406,1.093442324127169,
0x5bdeeaf679439b988c74a0a32627f06c8fb6cbe049f40f0815f8294a8dbd042c,24391537,1770305483,AaveV3GenericFLRepayStrategy,repay,0xf3f6902807f7bf22fcc005dc72fcbc5711c09485,0xf42eb13b54b8777862cd30f7baffaa84aaf7b15c,0x87870bca3f3fd6335c3f4ce8392d69350b4fa4e2,0x7f39c581f595b53c5cb19bd0b3f8da6c935e2ca0,0xdac17f958d2ee523a2206206994597c13d831ec7,37438.4735,37283.0649,0.004151,93.5962,140.7019,120.8199,1.0673447812115837,1.1425750872651368,1.034402041050719,1.1073104240779148,
0x04e80845222262271d93f443ce8e7abebcfa310c01feca70d6ce6f0be4dffebf,24391540,1770305519,AaveV3Repay,repay,0xb68ee3777f2f3c0b877df9b7371a304a1bf64991,0xb68ee3777f2f3c0b877df9b7371a304a1bf64991,0x87870bca3f3fd6335c3f4ce8392d69350b4fa4e2,0xc02aaa39b223fe8d0a0e5c4f27ead9083c756cc2,0x6b175474e89094c44da98b954eedeac495271d0f,2341.9576,2231.3728,0.047219,5.8549,80.761,82.1566,1.365774758464852,1.5616411664112537,1.3223274817370498,1.5113008537460488,
0xa2ec935428679b00f4462f3dc262ae177ac29b0930e443c095df142bf4431f02,24392388,1770315731,AaveV3Repay,repay,0xef343ff83aa68571e2fb04d09d809283e32e870c,0xef343ff83aa68571e2fb04d09d809283e32e870c,0x87870bca3f3fd6335c3f4ce8392d69350b4fa4e2,0xc02aaa39b223fe8d0a0e5c4f27ead9083c756cc2,0xa0b86991c6218b36c1d19d4a2e9eb0ce3606eb48,6331.531,6292.2181,0.006209,15.8288,13.4235,10.399,1.3939455203873694,1.448791394307203,1.3465542256314702,1.3992568033910542,
0x8b92a475e69361e53802d9c829e2e3b40e3f10a78657ff987136d4805e103c4d,24392390,1770315755,AaveV3Repay,repay,0x77c439956457556ac34308648e3837ba35a23890,0x77c439956457556ac34308648e3837ba35a23890,0x87870bca3f3fd6335c3f4ce8392d69350b4fa4e2,0x2260fac5e5542a773aa44fbcfedf7c193bc2c599,0xa0b86991c6218b36c1d19d4a2e9eb0ce3606eb48,31346.9897,31178.8122,0.005365,78.3674,27.1903,11.1186,1.4401118817866936,1.601453844821903,1.3477970175695562,1.4987965470768791,
0x8ebded573172cd7d5ced47cfc9d4ae066ec45dbf9e709310f60eb67fab0e03ea,24392448,1770316451,AaveV3Repay,repay,0x4f9dee86469f70f56d9d8fd501f20d9ce78fa3fd,0x4f9dee86469f70f56d9d8fd501f20d9ce78fa3fd,0x87870bca3f3fd6335c3f4ce8392d69350b4fa4e2,0xc02aaa39b223fe8d0a0e5c4f27ead9083c756cc2,0xa0b86991c6218b36c1d19d4a2e9eb0ce3606eb48,1727.9615,1714.6795,0.007687,4.3199,10.7758,9.5993,1.7471248569454385,1.9071158849441283,1.6945006142659627,1.8496726353970345,
0xc7138265a76c3e2b61025ed3e6bd5af330112a86c2b5a8e934f652870f2f764d,24392450,1770316475,AaveV3GenericRepayStrategy,repay,0x63b44a58b7f9b885899095ef45c964175a2c0321,0x8249be84b51b97bdd7a43603b8957bb9a6a1a709,0x87870bca3f3fd6335c3f4ce8392d69350b4fa4e2,0x7f39c581f595b53c5cb19bd0b3f8da6c935e2ca0,0xc02aaa39b223fe8d0a0e5c4f27ead9083c756cc2,14602.3613,14555.7158,0.003194,14.6024,17.7802,10.2131,1.391070394306266,1.5474015705206206,1.3481361228769404,1.4996422627884478,
0x7dbaccb78908d0f684c3de930fc999ad75df9fca91fd1d4a01db73642c914872,24392841,1770321191,AaveV3GenericFLRepayStrategy,repay,0x9fce1eed605c0f0ff969d5b2d5926d7d59074d22,0x4b730564b98477511f59d54e9bb37069eb511344,0x87870bca3f3fd6335c3f4ce8392d69350b4fa4e2,0x2260fac5e5542a773aa44fbcfedf7c193bc2c599,0x1abaea1f7c830bd89acc67ec4af516284b1bc33c,4196.1697,4156.0549,0.00956,10.4902,16.6223,13.6674,1.1531574855134905,1.2542552872061299,1.0956438299259954,1.194818190517486,
0xb5a61d227ddbbad22216389ab08883e858cc3f8ef3e4c6b9e0a0a8f70baa892d,24392966,1770322703,AaveV3GenericFLRepayStrategy,repay,0xd2afc1ca0521eee79edc15549aae33343a55ccc0,0x7b6520b6a7500ae011faa035337a07c8ec3135ec,0x87870bca3f3fd6335c3f4ce8392d69350b4fa4e2,0x7f39c581f595b53c5cb19bd0b3f8da6c935e2ca0,0xdac17f958d2ee523a2206206994597c13d831ec7,3338803.4349,3301209.6545,0.01126,8347.0086,1671.1967,19.5772,1.0788956500346416,1.125730010095147,1.0455964015767818,1.0909852566971485,
0xe94a5b274b97f9d28bc3c2f55e760f6d49301f5c510a3fef3790092fed398ef8,24392971,1770322763,AaveV3GenericFLRepayStrategy,repay,0x6daf7fd770faed61c0842fb7e0dcb5d10a6cb876,0x484d916b04db43121f7834993b8f4fa692b89f4b,0x87870bca3f3fd6335c3f4ce8392d69350b4fa4e2,0x18084fba666a33d37592fa2633fd49a74dd93a88,0xa0b86991c6218b36c1d19d4a2e9eb0ce3606eb48,14154.3089,14146.0423,0.000584,35.3858,23.2031,15.8554,1.1110692913170284,1.1724777368019528,1.0420306331130404,1.0998761264172001,
0xef6681aa3169bd460e722a03ddc2727a8c62508e1715f8399f9c94b17de14f92,24392981,1770322883,AaveV3Repay,repay,0x92bd75505b06391d9ed922a8c4c0c70980c26bc0,0x92bd75505b06391d9ed922a8c4c0c70980c26bc0,0x87870bca3f3fd6335c3f4ce8392d69350b4fa4e2,0x2260fac5e5542a773aa44fbcfedf7c193bc2c599,0x6b175474e89094c44da98b954eedeac495271d0f,20096.3299,19925.1397,0.008518,50.2402,32.3406,23.806,1.6487741263500089,1.7612292909385168,1.543083477224997,1.648329977416773,
0x9fba90afbf9c7fe5cbb00ec189bf5a8a653d663d87ce2a074db579c12b0b99c0,24392981,1770322883,AaveV3GenericFLRepayStrategy,repay,0x0790031f1d675c62ed762eb37824c3d7bbe6427b,0xfd801753e655165b54ba1aaa78534c8b497863ad,0x87870bca3f3fd6335c3f4ce8392d69350b4fa4e2,0x2260fac5e5542a773aa44fbcfedf7c193bc2c599,0xdac17f958d2ee523a2206206994597c13d831ec7,64280.4138,63785.7364,0.007696,160.7009,54.6143,22.2076,1.1175384000617998,1.1684960709420351,1.0494885827951494,1.097586441252543,
0xe0bb067de660389ed56e102bfbeab773e329105e5b079101344d4b03e791ee20,24392987,1770322955,AaveV3GenericFLRepayStrategy,repay,0x985a834e5da796010d490a6f2cca2160bf5118b7,0x4d43aadee75419a4535400dee43690b5fe8c64e9,0x87870bca3f3fd6335c3f4ce8392d69350b4fa4e2,0x7f39c581f595b53c5cb19bd0b3f8da6c935e2ca0,0xa0b86991c6218b36c1d19d4a2e9eb0ce3606eb48,197944.1571,195329.4096,0.01321,494.8604,151.6949,52.9773,1.0791851150566598,1.1342196428611016,1.0458769324931738,1.0992128637604472,
0x25b7a01d786d51c6738d420a8865ac5b8532e959db88be92aea364e5ae5c619d,24392995,1770323051,AaveV3GenericFLRepayStrategy,repay,0x11491c78b3287fe7167d16ef2a4a02207a352c86,0xc7218ace51373b6716b7ff3aeb36fbfa75f2c8a7,0x87870bca3f3fd6335c3f4ce8392d69350b4fa4e2,0x7f39c581f595b53c5cb19bd0b3f8da6c935e2ca0,0xdac17f958d2ee523a2206206994597c13d831ec7,152653.2919,151316.0797,0.00876,381.6332,144.4183,67.4114,1.0681503141937425,1.1338002766413098,1.0351827119038042,1.098806440942496,
0x953070679564c250e84d92f908cb12650969ae996d634f2306fbd3e0cbd784a4,24393038,1770323567,AaveV3Repay,repay,0x9b94570ca357d3d051839f58b4356c87daceaf6c,0x9b94570ca357d3d051839f58b4356c87daceaf6c,0x87870bca3f3fd6335c3f4ce8392d69350b4fa4e2,0xae78736cd615f374d3085123a210448e74fc6393,0x6b175474e89094c44da98b954eedeac495271d0f,6294.1366,6230.2932,0.010143,15.7353,55.8079,52.2237,1.4206193745126137,1.5851560565215657,1.3408499818041022,1.4951494101056775,
0x64dfc391820d86086070e468106ccb2b61adaa196ae0c77fd3a4fff3a78b76a0,24393038,1770323567,AaveV3GenericFLRepayStrategy,repay,0x38b3862674a68bd5c378b4dd487ae0dfa307002e,0xf396ec323e6509ce68d4bc992e0feb454c0c5c46,0x87870bca3f3fd6335c3f4ce8392d69350b4fa4e2,0x2260fac5e5542a773aa44fbcfedf7c193bc2c599,0xdac17f958d2ee523a2206206994597c13d831ec7,11866.9577,11713.8677,0.012901,29.6669,70.7326,62.9671,1.0981176510978263,1.1438902656068923,1.046972007337452,1.0926754944643313,
0xc1332bd60b1ab899fe59a9edc824dfc35d700f51da9633ac3e0930b340a96862,24393039,1770323579,AaveV3GenericFLRepayStrategy,repay,0xf3f6902807f7bf22fcc005dc72fcbc5711c09485,0xf42eb13b54b8777862cd30f7baffaa84aaf7b15c,0x87870bca3f3fd6335c3f4ce8392d69350b4fa4e2,0x7f39c581f595b53c5cb19bd0b3f8da6c935e2ca0,0xa0b86991c6218b36c1d19d4a2e9eb0ce3606eb48,24009.003,23931.1124,0.003244,60.0225,84.4496,70.2394,1.0825420014576457,1.1349481473083842,1.0491302112891807,1.0999188835025662,
0x895481aa156076101664b3f2955a987fb7d3c729130b8e3f5c7ee3d33d0b7f19,24393039,1770323579,AaveV3GenericFLRepayStrategy,repay,0xa53e9bf09d6b62064dc472c204e654244684ce0e,0x81d0ac9a5f91188074fd753a03885162bec74246,0x87870bca3f3fd6335c3f4ce8392d69350b4fa4e2,0x7f39c581f595b53c5cb19bd0b3f8da6c935e2ca0,0xdac17f958d2ee523a2206206994597c13d831ec7,10836081.3368,10569543.0234,0.024597,27090.2033,5586.6245,290.0658,1.073219597866904,1.131137812558931,1.040095536204345,1.0962261516774825,
0x683f56c8037726c2f687ceceb429c909853488e2a2d98e3367bcab65ccd27443,24393043,1770323627,AaveV3GenericFLRepayStrategy,repay,0xedbe47306effb7cdcd5f6852aa6a80a6b17b7c2a,0xa740c1d26d690a34223b06d41b1268b2d0d7b5b6,0x87870bca3f3fd6335c3f4ce8392d69350b4fa4e2,0x7f39c581f595b53c5cb19bd0b3f8da6c935e2ca0,0xa0b86991c6218b36c1d19d4a2e9eb0ce3606eb48,316222.1705,314629.9727,0.005035,790.5554,371.7302,215.3829,1.0754010215309502,1.144047653783603,1.0422096319775223,1.108737541012502,
0xcbe0c1ace35f82257468007761aa8b6a12c55a802bd9700e244cbf2ec631d6dc,24393047,1770323675,AaveV3GenericFLRepayStrategy,repay,0x4b15670c236719cf04a8823fa5feae24eb5d8162,0x95368a0462b6caaf86f0afe41bdd48469b734a3f,0x87870bca3f3fd6335c3f4ce8392d69350b4fa4e2,0xc02aaa39b223fe8d0a0e5c4f27ead9083c756cc2,0xa0b86991c6218b36c1d19d4a2e9eb0ce3606eb48,36282.8783,35945.3871,0.009302,90.7072,114.3351,94.7374,1.066267745912709,1.1871490021222502,1.032204464829197,1.148465721644867,
0x0bcf03d20db64c37da0a57697a4a1769fd4751220ce6e7a9a930f162d8945431,24393049,1770323699,AaveV3GenericFLRepayStrategy,repay,0xb4227f40488e105f6c0b724ae06f4553321e3c13,0x3ee301d27fd556eca7aaa8c50cdbd461577c42a6,0x87870bca3f3fd6335c3f4ce8392d69350b4fa4e2,0x7f39c581f595b53c5cb19bd0b3f8da6c935e2ca0,0xa0b86991c6218b36c1d19d4a2e9eb0ce3606eb48,232198.8473,229916.2575,0.00983,580.4971,271.2695,154.9851,1.0825666691157307,1.1340923709702015,1.0491541175998103,1.099089520014329,
0x0fdaf5c33ee4fc4dc25f74d7cf0e5574736c82aa88d1030332a711fdd6779d08,24393051,1770323723,AaveV3GenericFLRepayStrategy,repay,0xf2d687cf979cfd3257d8c3ca295219cb40299a3a,0x4e56ab4a6d453118cfff0fcede752c638ee60e09,0x87870bca3f3fd6335c3f4ce8392d69350b4fa4e2,0xc02aaa39b223fe8d0a0e5c4f27ead9083c756cc2,0xa0b86991c6218b36c1d19d4a2e9eb0ce3606eb48,6913.0107,6780.2551,0.019204,17.2825,87.2623,79.8607,1.1227586027717666,1.185135030142027,1.0889405725675507,1.1494381918845307,
0xac6916107d52f4a3bb17cbb3addb36aa13dd629386ce171962356c11500a36a9,24393072,1770323975,AaveV3Repay,repay,0xfb64077abffffd8b94309ebe464a4756dc09dfe2,0xfb64077abffffd8b94309ebe464a4756dc09dfe2,0x87870bca3f3fd6335c3f4ce8392d69350b4fa4e2,0xc02aaa39b223fe8d0a0e5c4f27ead9083c756cc2,0xa0b86991c6218b36c1d19d4a2e9eb0ce3606eb48,18859.5493,18814.0655,0.002412,47.1489,56.9099,46.8146,1.3895200921690447,1.5463663100595002,1.347667077344641,1.4997890115636223,
0x19ebbc3ac21d3f5b1dc90268ee2006e44244abee619d193805d59f6e2f1c78f7,24393133,1770324719,AaveV3Repay,repay,0x5830a35d34fd3fe8f7dfdf3105549b7791cf7688,0x5830a35d34fd3fe8f7dfdf3105549b7791cf7688,0x87870bca3f3fd6335c3f4ce8392d69350b4fa4e2,0xcbb7c0000ab88b473b1f5afd9ef808440eed33bf,0xa0b86991c6218b36c1d19d4a2e9eb0ce3606eb48,32742.6979,32500.8897,0.007385,81.8567,93.0371,78.0333,1.4738132944478157,1.8829851267846613,1.3983451040484205,1.7927298088558914,
0xd3c017236094994ce94c535847eb5af59d297dbe15bdafda832b3412bf0dd56d,24393133,1770324719,AaveV3GenericFLRepayStrategy,repay,0xdcb46b86c7578c64e8589a4a0882a835892f893c,0xb2148a0ea67723039631d706bc224f43a3fddd1d,0x87870bca3f3fd6335c3f4ce8392d69350b4fa4e2,0x2260fac5e5542a773aa44fbcfedf7c193bc2c599,0xa0b86991c6218b36c1d19d4a2e9eb0ce3606eb48,85645.7458,84896.0531,0.008753,214.1142,143.6423,97.1933,1.1142280413638155,1.224413550763407,1.044559223262016,1.1483693744143024,
0x2eb8d340163308c0e0cf7b3e00fbcd20ea050e520e755dc754665e02eb135581,24393154,1770324995,AaveV3Repay,repay,0x877fc51036b47bd059737266ad3f8db6180b6e19,0x877fc51036b47bd059737266ad3f8db6180b6e19,0x87870bca3f3fd6335c3f4ce8392d69350b4fa4e2,0x2260fac5e5542a773aa44fbcfedf7c193bc2c599,0xdac17f958d2ee523a2206206994597c13d831ec7,3011.959,2950.2147,0.0205,7.5296,101.6917,97.1813,1.4142943434379978,1.5793352604066133,1.3427931868560328,1.5023685735998349,
0xd1b7736edf665e92bc62af419da934a6afe38ca7d3357d700b48c9115fbcc419,24393562,1770329939,AaveV3GenericFLRepayStrategy,repay,0xd2afc1ca0521eee79edc15549aae33343a55ccc0,0x7b6520b6a7500ae011faa035337a07c8ec3135ec,0x87870bca3f3fd6335c3f4ce8392d69350b4fa4e2,0x7f39c581f595b53c5cb19bd0b3f8da6c935e2ca0,0xdac17f958d2ee523a2206206994597c13d831ec7,2804523.9281,2772368.5073,0.011466,7011.3098,1424.4351,37.3445,1.0823345180141544,1.129270020574909,1.0489291316556923,1.094416007594202,
0xd67709baf65ca3eb61310c0fd869bcf32659069c26f4e2942d278dba2af74b0d,24394176,1770337343,AaveV3GenericFLRepayStrategy,repay,0x0790031f1d675c62ed762eb37824c3d7bbe6427b,0xfd801753e655165b54ba1aaa78534c8b497863ad,0x87870bca3f3fd6335c3f4ce8392d69350b4fa4e2,0x2260fac5e5542a773aa44fbcfedf7c193bc2c599,0xdac17f958d2ee523a2206206994597c13d831ec7,78250.0744,76971.4367,0.01634,195.6249,130.2852,88.5308,1.1011315629645473,1.1713163912645643,1.0342603229350782,1.1009141298612386,
0x9f1cfbbc3a87b75b149f1b7527b811929c0fe92db68442e91064f67ece330d76,24394180,1770337391,AaveV3GenericFLRepayStrategy,repay,0x38b3862674a68bd5c378b4dd487ae0dfa307002e,0xf396ec323e6509ce68d4bc992e0feb454c0c5c46,0x87870bca3f3fd6335c3f4ce8392d69350b4fa4e2,0xc02aaa39b223fe8d0a0e5c4f27ead9083c756cc2,0xdac17f958d2ee523a2206206994597c13d831ec7,16219.6557,15893.837,0.020088,40.5491,185.6811,173.4373,1.0939689710184994,1.1563609918842992,1.04496408541829,1.101481226900421,
0xe02771577bd7169d59add3eca2bfcab8849b7f35312fa152fe86762bc66f8367,24394182,1770337415,AaveV3GenericFLRepayStrategy,repay,0x985a834e5da796010d490a6f2cca2160bf5118b7,0x4d43aadee75419a4535400dee43690b5fe8c64e9,0x87870bca3f3fd6335c3f4ce8392d69350b4fa4e2,0x7f39c581f595b53c5cb19bd0b3f8da6c935e2ca0,0xdac17f958d2ee523a2206206994597c13d831ec7,206924.5708,203974.2666,0.014258,517.3114,472.3381,376.5022,1.062346297375636,1.1372365152579673,1.0295578314072442,1.1021366228117242,
0xbe3ff75a9761fc15f9833ee9786c614a4d15a32552178f3d0ba21327968409ad,24394182,1770337415,AaveV3GenericFLRepayStrategy,repay,0xb4227f40488e105f6c0b724ae06f4553321e3c13,0x3ee301d27fd556eca7aaa8c50cdbd461577c42a6,0x87870bca3f3fd6335c3f4ce8392d69350b4fa4e2,0x7f39c581f595b53c5cb19bd0b3f8da6c935e2ca0,0xa0b86991c6218b36c1d19d4a2e9eb0ce3606eb48,267721.0525,263503.57,0.015753,669.3026,447.5586,308.4268,1.072432337066107,1.150239504594049,1.0393325735764118,1.1147382853164518,
0xc1f30de5476b51236f84b43fd9a9baa93c0768cb7e754053a0e36969d84e6067,24394183,1770337427,AaveV3Repay,repay,0xf380b8f1e63e2bed7ca329ca1fddbc39b52cc0d3,0xf380b8f1e63e2bed7ca329ca1fddbc39b52cc0d3,0x87870bca3f3fd6335c3f4ce8392d69350b4fa4e2,0x7f39c581f595b53c5cb19bd0b3f8da6c935e2ca0,0xa0b86991c6218b36c1d19d4a2e9eb0ce3606eb48,31915.5412,31349.3943,0.017739,79.7889,136.7822,121.4249,1.7063174441168762,1.8817079533248569,1.6367895984010699,1.8035171181053566,
0xedc121558699e082fa79da47a4037babbe91f6e28fb30b37f1a5a8d89de60b31,24394185,1770337451,AaveV3GenericFLRepayStrategy,repay,0x6daf7fd770faed61c0842fb7e0dcb5d10a6cb876,0x484d916b04db43121f7834993b8f4fa692b89f4b,0x87870bca3f3fd6335c3f4ce8392d69350b4fa4e2,0x18084fba666a33d37592fa2633fd49a74dd93a88,0x40d16fc0246ad3160ccc09b8d0d3a2cd28ae6c2f,16101.507,15671.8575,0.026684,40.2538,235.8849,213.0151,1.092073030714891,1.1673817675909703,1.0246275813697647,1.0958370158572368,
0x5fdda1cad357373bb15d0bdac0881c65a77072b8c2d86c632f80607a036059a0,24394185,1770337451,AaveV3GenericFLRepayStrategy,repay,0x11491c78b3287fe7167d16ef2a4a02207a352c86,0xc7218ace51373b6716b7ff3aeb36fbfa75f2c8a7,0x87870bca3f3fd6335c3f4ce8392d69350b4fa4e2,0x7f39c581f595b53c5cb19bd0b3f8da6c935e2ca0,0xa0b86991c6218b36c1d19d4a2e9eb0ce3606eb48,103826.573,102241.4788,0.015267,259.5664,318.5305,273.0484,1.0736660906922677,1.1275680685049727,1.0405282483869507,1.09276658490914,
0x33380787882712462a4543df5d158355b831cbdb68c9fcf7af932d172680d0c6,24394187,1770337475,AaveV3GenericFLRepayStrategy,repay,0x5b3ffa9487601b9b389eeb3be5f94fc066e720b0,0xc823511e80769e3d036b6950c60e313c1b136b6b,0x87870bca3f3fd6335c3f4ce8392d69350b4fa4e2,0x2260fac5e5542a773aa44fbcfedf7c193bc2c599,0xdac17f958d2ee523a2206206994597c13d831ec7,67936.5923,66971.5525,0.014205,169.8413,218.8599,179.7168,1.2403088277176135,1.5685215464080258,1.1780156444088652,1.497818479778867,
0x24347f6edc1be80dcd5157b7165c637c551bd0277185d49f4aee6b6280ca70f4,24394188,1770337487,AaveV3Repay,repay,0x14c87c6a1eb8f61465ad0abd4256383ddaf779d0,0x14c87c6a1eb8f61465ad0abd4256383ddaf779d0,0x87870bca3f3fd6335c3f4ce8392d69350b4fa4e2,0x7f39c581f595b53c5cb19bd0b3f8da6c935e2ca0,0xa0b86991c6218b36c1d19d4a2e9eb0ce3606eb48,438517.7914,435566.9691,0.006729,1096.2945,361.6178,151.4003,1.4929234932008455,1.8825935493194499,1.4468456076082266,1.8244888101429206,
0x96c1552cb1d732c9fb79df4963fae6a65f62b4068ee0a5251df163e5a19541ba,24394190,1770337511,AaveV3GenericFLRepayStrategy,repay,0xedbe47306effb7cdcd5f6852aa6a80a6b17b7c2a,0xa740c1d26d690a34223b06d41b1268b2d0d7b5b6,0x87870bca3f3fd6335c3f4ce8392d69350b4fa4e2,0x7f39c581f595b53c5cb19bd0b3f8da6c935e2ca0,0xa0b86991c6218b36c1d19d4a2e9eb0ce3606eb48,234056.7611,231301.1014,0.011773,585.1419,433.6909,327.1067,1.0818656530107542,1.134656046762361,1.0484747377943706,1.0996357984054923,
0x4a436c3011f095057536dc277e678d611255122f901279d559696bba6d52aba6,24394192,1770337535,AaveV3Repay,repay,0x1b62d71c7334b714fdef2c9ed4d0b7588f5c07f6,0x1b62d71c7334b714fdef2c9ed4d0b7588f5c07f6,0x87870bca3f3fd6335c3f4ce8392d69350b4fa4e2,0xcbb7c0000ab88b473b1f5afd9ef808440eed33bf,0xa0b86991c6218b36c1d19d4a2e9eb0ce3606eb48,5537.8341,5408.5441,0.023347,13.8446,107.3712,103.1691,1.3730049175676666,1.6036995592339909,1.2849917818260383,1.5008983054367844,
0xd1f8256dc864c1d139ced04616eb423846dc33985e931682388efd930ab65493,24394192,1770337535,AaveV3Boost,boost,0xe384f9cba7e27df646c3e636136e5af57ec359fc,0xe384f9cba7e27df646c3e636136e5af57ec359fc,0x87870bca3f3fd6335c3f4ce8392d69350b4fa4e2,0xc02aaa39b223fe8d0a0e5c4f27ead9083c756cc2,0xa0b86991c6218b36c1d19d4a2e9eb0ce3606eb48,13577.8744,13375.217,0.014926,33.9447,107.5532,106.4664,1.7222568270977103,1.5639407420631792,1.6560161799015711,1.5037891750607493,
0xe54c30fc7dce12f28480e82f38bbcce8888c3bf3a39af37f78295ac28a35f312,24394193,1770337547,AaveV3Repay,repay,0xef343ff83aa68571e2fb04d09d809283e32e870c,0xef343ff83aa68571e2fb04d09d809283e32e870c,0x87870bca3f3fd6335c3f4ce8392d69350b4fa4e2,0xc02aaa39b223fe8d0a0e5c4f27ead9083c756cc2,0xa0b86991c6218b36c1d19d4a2e9eb0ce3606eb48,7221.9057,7080.9717,0.019515,18.0548,105.1848,105.5895,1.3834013744723013,1.4500614766066877,1.335922246096192,1.3998472786419673,
0xef9a22b87bb9265c6a81a3dc545fb3c447b429a14498d5bb506de7411ce25b3b,24394196,1770337583,AaveV3Repay,repay,0x721e9a8d3958b8e0cbb008dcb209097b9a15443d,0x721e9a8d3958b8e0cbb008dcb209097b9a15443d,0x87870bca3f3fd6335c3f4ce8392d69350b4fa4e2,0x7f39c581f595b53c5cb19bd0b3f8da6c935e2ca0,0xa0b86991c6218b36c1d19d4a2e9eb0ce3606eb48,41548.0198,41155.0452,0.009458,103.87,122.6606,106.1536,1.4361583826938158,1.6044429034845051,1.391832506684724,1.554923060784354,
0xb17b828eb543d5998d7c63718cace97806e109fdbbcef1c6845bc751ba26e7a9,24394196,1770337583,AaveV3Repay,repay,0x0d1861e84fade254ec913cfc673f55c32a69de6f,0x0d1861e84fade254ec913cfc673f55c32a69de6f,0x87870bca3f3fd6335c3f4ce8392d69350b4fa4e2,0xae78736cd615f374d3085123a210448e74fc6393,0x6b175474e89094c44da98b954eedeac495271d0f,5314.6832,5164.733,0.028214,13.2867,100.4323,113.2132,1.3924928147011733,1.5862995468471321,1.321986849399848,1.505980582449654,
0xbce7eb296094ffeb536c7016d783eb893454f7f0d7bad3954eba12809cede908,24394207,1770337715,AaveV3GenericFLRepayStrategy,repay,0x5cee0caab2e55da88954399a077e0ede14b23921,0xb26dbc9c68dac91648a231c8fbb8663ce0e61f45,0x87870bca3f3fd6335c3f4ce8392d69350b4fa4e2,0x514910771af9ca656af840dff83e8264ecf986ca,0xa0b86991c6218b36c1d19d4a2e9eb0ce3606eb48,8393.9595,8342.5461,0.006125,20.9849,162.0932,150.3498,1.2317941079085863,1.3962361978409168,1.1450480439710902,1.297909705035203,
0xfcfa05c142b790706b3ae138ed0a8e23c357b2b4e3e2c1f92e2397932c884c7d,24394211,1770337763,AaveV3GenericFLRepayStrategy,repay,0xf2d687cf979cfd3257d8c3ca295219cb40299a3a,0x4e56ab4a6d453118cfff0fcede752c638ee60e09,0x87870bca3f3fd6335c3f4ce8392d69350b4fa4e2,0xc02aaa39b223fe8d0a0e5c4f27ead9083c756cc2,0xa0b86991c6218b36c1d19d4a2e9eb0ce3606eb48,5121.3274,4958.3698,0.031819,12.8033,137.2492,126.9428,1.13217868863645,1.1864831158868097,1.098076920906207,1.1507456726370078,
0x619a2bcb671213c256cc36b5805e695022f089e8ee1a71ab523cb8ffe099ac38,24394261,1770338375,AaveV3Boost,boost,0x80d50cff6c4b05f395561a0c987990f11bf57511,0x80d50cff6c4b05f395561a0c987990f11bf57511,0x87870bca3f3fd6335c3f4ce8392d69350b4fa4e2,0xa0b86991c6218b36c1d19d4a2e9eb0ce3606eb48,0xc02aaa39b223fe8d0a0e5c4f27ead9083c756cc2,2896.1402,2834.3531,0.021334,7.2403,45.2515,43.8547,1.2386764622669735,1.1933647227766728,1.2013669302708114,1.1574200022110526,
0x093aa33dcc8e5053686248924ef056e02579bda88ebd8703cb6e0810f1dd2bad,24394603,1770342503,AaveV3Boost,boost,0x1b62d71c7334b714fdef2c9ed4d0b7588f5c07f6,0x1b62d71c7334b714fdef2c9ed4d0b7588f5c07f6,0x87870bca3f3fd6335c3f4ce8392d69350b4fa4e2,0xa0b86991c6218b36c1d19d4a2e9eb0ce3606eb48,0xcbb7c0000ab88b473b1f5afd9ef808440eed33bf,1849.6973,1833.9842,0.008495,4.6242,6.4231,5.2862,1.7163143847681275,1.6024320046177094,1.606294231898294,1.4997120043215326,
0x087f93707b568ee398edd652da2e35244ecc27f0da04bbec1de59ea45aad91f1,24394676,1770343379,AaveV3Boost,boost,0x80d50cff6c4b05f395561a0c987990f11bf57511,0x80d50cff6c4b05f395561a0c987990f11bf57511,0x87870bca3f3fd6335c3f4ce8392d69350b4fa4e2,0xa0b86991c6218b36c1d19d4a2e9eb0ce3606eb48,0xc02aaa39b223fe8d0a0e5c4f27ead9083c756cc2,3798.4724,3786.518,0.003147,9.4962,8.7666,7.1926,1.2438684878155082,1.1855384477659607,1.2064025695077372,1.1498294583751487,
0x2ee2d1bdf093497a7334c71af420ed561921ae4c777b758db9827b067a10726f,24395829,1770357323,AaveV3Boost,boost,0x0d1861e84fade254ec913cfc673f55c32a69de6f,0x0d1861e84fade254ec913cfc673f55c32a69de6f,0x87870bca3f3fd6335c3f4ce8392d69350b4fa4e2,0x6b175474e89094c44da98b954eedeac495271d0f,0xae78736cd615f374d3085123a210448e74fc6393,3415.8812,3383.8351,0.009382,8.5397,6.729,4.8497,1.7481577072489687,1.5898189635463398,1.6596433929577266,1.5093218008351328,
0xf274164843023467b0f4a55980e74c321c169dc2e605dd19dd0384040ac1989d,24398433,1770388739,AaveV3Boost,boost,0xe692241fd04b9561e0d96f2b4bb6447e77c7ea1d,0xe692241fd04b9561e0d96f2b4bb6447e77c7ea1d,0x87870bca3f3fd6335c3f4ce8392d69350b4fa4e2,0xa0b86991c6218b36c1d19d4a2e9eb0ce3606eb48,0xc02aaa39b223fe8d0a0e5c4f27ead9083c756cc2,68139.8407,67459.8193,0.00998,170.3496,38.0918,4.3061,1.7075608105077762,1.556437425171191,1.6561282559743897,1.5095567798346836,
0x474b4906b9d07c3098858fadbb08ccd085f53d9f09a8bca9de9e8e242d1f671e,24398935,1770394775,AaveV3Boost,boost,0x877fc51036b47bd059737266ad3f8db6180b6e19,0x877fc51036b47bd059737266ad3f8db6180b6e19,0x87870bca3f3fd6335c3f4ce8392d69350b4fa4e2,0x6b175474e89094c44da98b954eedeac495271d0f,0xc02aaa39b223fe8d0a0e5c4f27ead9083c756cc2,2386.1266,2369.951,0.006779,5.9653,6.3479,5.2096,1.736074396550998,1.5741682757759548,1.6511794787849774,1.499881479923732,
0x18b3ff099c09100c72a634b3d0f7776e6cd93957afa8e6f11fde3928665bdc17,24398935,1770394775,AaveV3Boost,boost,0x1b62d71c7334b714fdef2c9ed4d0b7588f5c07f6,0x1b62d71c7334b714fdef2c9ed4d0b7588f5c07f6,0x87870bca3f3fd6335c3f4ce8392d69350b4fa4e2,0xa0b86991c6218b36c1d19d4a2e9eb0ce3606eb48,0xcbb7c0000ab88b473b1f5afd9ef808440eed33bf,2027.6712,2013.3309,0.007072,5.0692,8.6231,7.776,1.7122591509407212,1.6026255045366884,1.6024989489570152,1.4998931003996923,
0x3b519c0e95acfebaec5c6a55049bbe48245c2e93485918569fce06c9c11bdd72,24398949,1770394943,AaveV3Boost,boost,0x9cd9db65aacf2f981d5daac0d1a3daed9e6b0cbc,0x9cd9db65aacf2f981d5daac0d1a3daed9e6b0cbc,0x87870bca3f3fd6335c3f4ce8392d69350b4fa4e2,0xa0b86991c6218b36c1d19d4a2e9eb0ce3606eb48,0xc02aaa39b223fe8d0a0e5c4f27ead9083c756cc2,6763.7996,6711.988,0.00766,16.9095,12.8688,9.8864,1.3973358080427896,1.2882872084813564,1.35524738008965,1.2494833769003875,
0x758bf090ef704aa2dd39d1509e8292644478520c2206704a5937af0b845fe751,24398985,1770395375,AaveV3Boost,boost,0xfb64077abffffd8b94309ebe464a4756dc09dfe2,0xfb64077abffffd8b94309ebe464a4756dc09dfe2,0x87870bca3f3fd6335c3f4ce8392d69350b4fa4e2,0xa0b86991c6218b36c1d19d4a2e9eb0ce3606eb48,0xc02aaa39b223fe8d0a0e5c4f27ead9083c756cc2,14580.5507,14564.5495,0.001097,36.4514,16.2949,9.0592,1.7030317267448816,1.546619015142035,1.6517355903971136,1.5000341050473611,
0x27f996106fcb09330f5d6ac301206bcb2686a620825bfa9a0ada79c25b36fdc6,24398985,1770395375,AaveV3Boost,boost,0x80d50cff6c4b05f395561a0c987990f11bf57511,0x80d50cff6c4b05f395561a0c987990f11bf57511,0x87870bca3f3fd6335c3f4ce8392d69350b4fa4e2,0xa0b86991c6218b36c1d19d4a2e9eb0ce3606eb48,0xc02aaa39b223fe8d0a0e5c4f27ead9083c756cc2,4303.4742,4284.3028,0.004455,10.7587,17.1002,15.6244,1.2425676838964625,1.1855656559110748,1.2051409464294418,1.149855846997949,
0xd1ac28cec27edc3244031e401ee4cd379e2452cbe07e804fb7450b9ff497fba7,24398985,1770395375,AaveV3Boost,boost,0xf380b8f1e63e2bed7ca329ca1fddbc39b52cc0d3,0xf380b8f1e63e2bed7ca329ca1fddbc39b52cc0d3,0x87870bca3f3fd6335c3f4ce8392d69350b4fa4e2,0xa0b86991c6218b36c1d19d4a2e9eb0ce3606eb48,0x7f39c581f595b53c5cb19bd0b3f8da6c935e2ca0,24464.6008,24464.3088,1.2e-05,61.1615,23.7722,11.3965,2.0427351523933437,1.8770925260983022,1.957387344144644,1.7997932424233716,
0x99fc79d57c34389c6d91ff92f58f17ab09770d9f9c4ca08d3678a5335dc53aa3,24399239,1770398447,AaveV3Boost,boost,0x47f2bd131390652a043e840e42637e22abf9dec8,0x47f2bd131390652a043e840e42637e22abf9dec8,0x87870bca3f3fd6335c3f4ce8392d69350b4fa4e2,0x6b175474e89094c44da98b954eedeac495271d0f,0x2260fac5e5542a773aa44fbcfedf7c193bc2c599,4117.1468,4099.466,0.004294,10.2929,8.557,6.4082,1.7454298945239073,1.5838139185701114,1.654484587111872,1.499748720082251,
0x2b6978f45414479a65c67071f9c02a787c6cf88a9cb8c2b38486c6216e649a85,24399295,1770399131,AaveV3Boost,boost,0x721e9a8d3958b8e0cbb008dcb209097b9a15443d,0x721e9a8d3958b8e0cbb008dcb209097b9a15443d,0x87870bca3f3fd6335c3f4ce8392d69350b4fa4e2,0xa0b86991c6218b36c1d19d4a2e9eb0ce3606eb48,0x7f39c581f595b53c5cb19bd0b3f8da6c935e2ca0,36955.3213,36698.8778,0.006939,92.3883,33.2168,15.6553,1.7628414938442445,1.5987874605063122,1.7084328057626066,1.5494421685153486,
0xa060b26b326cbe41c66a16b0e4d1f31b17db987fe37df4a0310bdf59f1bf8371,24399351,1770399815,AaveV3Boost,boost,0x4f9dee86469f70f56d9d8fd501f20d9ce78fa3fd,0x4f9dee86469f70f56d9d8fd501f20d9ce78fa3fd,0x87870bca3f3fd6335c3f4ce8392d69350b4fa4e2,0xa0b86991c6218b36c1d19d4a2e9eb0ce3606eb48,0xc02aaa39b223fe8d0a0e5c4f27ead9083c756cc2,1470.8107,1463.73,0.004814,3.677,6.5839,6.1394,2.070317283011552,1.9073905740855652,2.0079583287039036,1.8499390507693165,
0x21d574980467cca24bf276c84b544284f0354938052667875653c2c99aebd139,24402483,1770437615,AaveV3Boost,boost,0xee60f36b6e97f4a57f1e87c1fcb1f0ddbd9a3782,0xee60f36b6e97f4a57f1e87c1fcb1f0ddbd9a3782,0x87870bca3f3fd6335c3f4ce8392d69350b4fa4e2,0xdac17f958d2ee523a2206206994597c13d831ec7,0x7f39c581f595b53c5cb19bd0b3f8da6c935e2ca0,1398.9153,1392.9127,0.004291,3.4973,3.1133,2.4827,1.4091630610846544,1.331198440622531,1.3537162134661003,1.2797995529595838,
0x3e8915c6097ca0dcb9aec25fda8c8e13091d8ba7414677037f04af6e95699b41,24411809,1770550571,AaveV3Boost,boost,0x75c97a4b805f1ea755321664e0a4465739886101,0x75c97a4b805f1ea755321664e0a4465739886101,0x87870bca3f3fd6335c3f4ce8392d69350b4fa4e2,0x6b175474e89094c44da98b954eedeac495271d0f,0xc02aaa39b223fe8d0a0e5c4f27ead9083c756cc2,1391402.9444,1384114.9841,0.005238,3478.5074,694.9774,2.5178,1.605819912646026,1.4431925933215606,1.5574518429880126,1.399722936896212,
0x9e18ab6d42500666c295b935f1c4fec97e8b3c80715169831103e198bbc87be9,24434337,1770822635,AaveV3Repay,repay,0x4f9dee86469f70f56d9d8fd501f20d9ce78fa3fd,0x4f9dee86469f70f56d9d8fd501f20d9ce78fa3fd,0x87870bca3f3fd6335c3f4ce8392d69350b4fa4e2,0xc02aaa39b223fe8d0a0e5c4f27ead9083c756cc2,0xa0b86991c6218b36c1d19d4a2e9eb0ce3606eb48,1659.9328,1650.0223,0.00597,4.1498,5.2938,4.4377,1.750603343661059,1.9081553908788027,1.6978743272857035,1.8506808309118177,
0x3d11aa8e9d211ecc94f7ad5b5193d1434f8c8baa74fbc7a1f9a211dce5a013b0,24434337,1770822635,AaveV3GenericFLRepayStrategy,repay,0x954079abbfebe65a43341979d342316cda96e2be,0x75b4257dc02477eb21ebeb7cb97221f8ee41e4e2,0x87870bca3f3fd6335c3f4ce8392d69350b4fa4e2,0xc02aaa39b223fe8d0a0e5c4f27ead9083c756cc2,0xa0b86991c6218b36c1d19d4a2e9eb0ce3606eb48,47422.9994,47261.8651,0.003398,118.5575,29.4371,5.5785,1.0762118842990283,1.1353843276620645,1.0437958636876017,1.101186004539685,
0x9b855f9880574fde7b88cecdce0e210187cba7fa4b1b4ccdfc79f09dc3ce9e03,24451810,1771033331,AaveV3GenericBoostStrategy,boost,0xdf72374d98f6d0db39e7829592bfc34d910568b5,0x80d95f2a9ba8f523b5a8323039d3ac1b87139778,0x87870bca3f3fd6335c3f4ce8392d69350b4fa4e2,0xa0b86991c6218b36c1d19d4a2e9eb0ce3606eb48,0xc02aaa39b223fe8d0a0e5c4f27ead9083c756cc2,40341.2014,40131.2407,0.005205,100.853,20.4519,0.3664,1.9988227390122941,1.5465381803979743,1.9386172348251067,1.499955705084741,
0x743218615d31a5906e9f71e345292acf6c607a116faec3a8b959eb69c7bfff20,24453770,1771056947,AaveV3Boost,boost,0x4f9dee86469f70f56d9d8fd501f20d9ce78fa3fd,0x4f9dee86469f70f56d9d8fd501f20d9ce78fa3fd,0x87870bca3f3fd6335c3f4ce8392d69350b4fa4e2,0xa0b86991c6218b36c1d19d4a2e9eb0ce3606eb48,0xc02aaa39b223fe8d0a0e5c4f27ead9083c756cc2,1441.5396,1439.6874,0.001285,3.6038,1.2394,0.533,2.069402223553161,1.9073336224950161,2.007070831277401,1.8498838145883494,
0x1c2978bebe149b63486ed74e7d31bad69d3a2d0476e5cfa4244af71438700c18,24454182,1771061903,AaveV3Boost,boost,0x1dc5d88b1b60cdd539c773b8f8e5716e40436c89,0x1dc5d88b1b60cdd539c773b8f8e5716e40436c89,0x87870bca3f3fd6335c3f4ce8392d69350b4fa4e2,0x40d16fc0246ad3160ccc09b8d0d3a2cd28ae6c2f,0x7fc66500c84a76ad7e9c93437bfc5ac33e2ddae9,190085.0185,189367.735,0.003773,475.2125,95.7325,1.0146,1.831280343411982,1.6524153487000197,1.662609785466141,1.500219198161858,
0xbdce1a76e638934a1560f3fb7f392373df04a0e4086973d33af61e57c5c60f8b,24460974,1771143683,AaveV3Boost,boost,0x060ff62e45c4c84551762289a139d586fb5ea21c,0x060ff62e45c4c84551762289a139d586fb5ea21c,0x87870bca3f3fd6335c3f4ce8392d69350b4fa4e2,0xa0b86991c6218b36c1d19d4a2e9eb0ce3606eb48,0x2260fac5e5542a773aa44fbcfedf7c193bc2c599,161237.9604,160631.7276,0.00376,403.0949,81.3483,1.0203,1.228797555301847,1.1753464189586966,1.1500284812440291,1.1000036997946732,
0xd7e38bf347daf822e12e229c75be763c346ffbcb3a61f94870a50fc29a5738e8,24462020,1771156283,AaveV3GenericRepayStrategy,repay,0xdf72374d98f6d0db39e7829592bfc34d910568b5,0x80d95f2a9ba8f523b5a8323039d3ac1b87139778,0x87870bca3f3fd6335c3f4ce8392d69350b4fa4e2,0xc02aaa39b223fe8d0a0e5c4f27ead9083c756cc2,0xa0b86991c6218b36c1d19d4a2e9eb0ce3606eb48,26904.818,26789.654,0.00428,67.262,13.8609,0.4619,1.5555318319317821,1.8039229678883761,1.5086784635000976,1.7495879387350155,
0x43d097e646e2fec4f25ec361e6ff3032b6bb5a35e699419bf85520741757fd2e,24491988,1771517291,AaveV3Repay,repay,0x4f9dee86469f70f56d9d8fd501f20d9ce78fa3fd,0x4f9dee86469f70f56d9d8fd501f20d9ce78fa3fd,0x87870bca3f3fd6335c3f4ce8392d69350b4fa4e2,0xc02aaa39b223fe8d0a0e5c4f27ead9083c756cc2,0xa0b86991c6218b36c1d19d4a2e9eb0ce3606eb48,1589.6367,1586.409,0.00203,3.9741,2.2253,1.4031,1.751896774838646,1.9063237030304574,1.6991287996927724,1.8489043143843693,
0x8841d88c49007b22ccf85cbb3a25f79d8d625f18bccad381894398da04ad50cb,24515589,1771801535,AaveV3GenericBoostStrategy,boost,0xdf72374d98f6d0db39e7829592bfc34d910568b5,0x80d95f2a9ba8f523b5a8323039d3ac1b87139778,0x87870bca3f3fd6335c3f4ce8392d69350b4fa4e2,0xa0b86991c6218b36c1d19d4a2e9eb0ce3606eb48,0xc02aaa39b223fe8d0a0e5c4f27ead9083c756cc2,11209.3179,11145.7157,0.005674,28.0233,5.89,0.3156,2.145170580070914,1.804169854389872,2.0805570083820237,1.7498273888960734,
0x8e3401a5b2e459c5e0f2f1ea4e020dfae8bddfba61052d0d13381a9f446e70aa,24515597,1771801631,AaveV3GenericBoostStrategy,boost,0xdf72374d98f6d0db39e7829592bfc34d910568b5,0x80d95f2a9ba8f523b5a8323039d3ac1b87139778,0x87870bca3f3fd6335c3f4ce8392d69350b4fa4e2,0xa0b86991c6218b36c1d19d4a2e9eb0ce3606eb48,0xc02aaa39b223fe8d0a0e5c4f27ead9083c756cc2,26193.1862,26026.3899,0.006368,65.483,13.5808,0.5695,2.395573021224246,1.8042285401488964,2.323417207331893,1.7498843070118384,
0x1040b1bb5587b7fc6cbfc9cbf5c0e0ab9c360d0a56e1ee4b2c94b85c452cd92a,24516214,1771809083,AaveV3GenericFLRepayStrategy,repay,0x954079abbfebe65a43341979d342316cda96e2be,0x75b4257dc02477eb21ebeb7cb97221f8ee41e4e2,0x87870bca3f3fd6335c3f4ce8392d69350b4fa4e2,0xc02aaa39b223fe8d0a0e5c4f27ead9083c756cc2,0xa0b86991c6218b36c1d19d4a2e9eb0ce3606eb48,35209.1612,35157.4794,0.001468,88.0229,19.8451,2.3729,1.0807828600771812,1.1341273273026173,1.0482291594724171,1.099966865636817,
0xb526c7608bfeba671265a2ed7e70e7be871d593d860b301f129416452874cf38,24516216,1771809107,AaveV3Repay,repay,0x1dc5d88b1b60cdd539c773b8f8e5716e40436c89,0x1dc5d88b1b60cdd539c773b8f8e5716e40436c89,0x87870bca3f3fd6335c3f4ce8392d69350b4fa4e2,0x7fc66500c84a76ad7e9c93437bfc5ac33e2ddae9,0x40d16fc0246ad3160ccc09b8d0d3a2cd28ae6c2f,237435.8409,235916.9091,0.006397,593.5896,128.111,10.6424,1.4683695425203214,1.6514286053716316,1.3331249793934425,1.499323339087402,
0xbf2ff87f5fae5e684df38058ff65a9e1ab9149b2864a967f6ae4d7d5ba68ef19,24516558,1771813235,AaveV3GenericRepayStrategy,repay,0xdf72374d98f6d0db39e7829592bfc34d910568b5,0x80d95f2a9ba8f523b5a8323039d3ac1b87139778,0x87870bca3f3fd6335c3f4ce8392d69350b4fa4e2,0xc02aaa39b223fe8d0a0e5c4f27ead9083c756cc2,0xa0b86991c6218b36c1d19d4a2e9eb0ce3606eb48,39504.4998,39261.0094,0.006164,98.7612,20.4257,0.8369,1.6578945316958533,2.5724499463403716,1.6079579494158283,2.4949665142214985,
0x393d40a2f889b6a6b34cea78377812b6c90becd4ff0369de1027fecc21fae538,24521134,1771868351,AaveV3GenericRepayStrategy,repay,0x63b44a58b7f9b885899095ef45c964175a2c0321,0x8249be84b51b97bdd7a43603b8957bb9a6a1a709,0x87870bca3f3fd6335c3f4ce8392d69350b4fa4e2,0x7f39c581f595b53c5cb19bd0b3f8da6c935e2ca0,0xc02aaa39b223fe8d0a0e5c4f27ead9083c756cc2,12199.0634,12162.7864,0.002974,12.1991,8.1653,2.0205,1.3926814765122157,1.547600856720873,1.349697480323407,1.4998353981799921,
0xe8216af421774f7122739e6aa1a6f9372a9684947c1e9690cadd7a3feabc0507,24522519,1771885043,AaveV3GenericBoostStrategy,boost,0xdf72374d98f6d0db39e7829592bfc34d910568b5,0x80d95f2a9ba8f523b5a8323039d3ac1b87139778,0x87870bca3f3fd6335c3f4ce8392d69350b4fa4e2,0xa0b86991c6218b36c1d19d4a2e9eb0ce3606eb48,0xc02aaa39b223fe8d0a0e5c4f27ead9083c756cc2,31460.8735,31349.7425,0.003532,78.6522,16.2249,0.528,2.577082162611796,1.7526733699390222,2.499459205906504,1.6998820033745676,
0x16be11c6ff676944c98c3db4f33333d95a55c9a643eace58ce3820fd4f03005b,24522950,1771890251,AaveV3GenericFLRepayStrategy,repay,0x954079abbfebe65a43341979d342316cda96e2be,0x75b4257dc02477eb21ebeb7cb97221f8ee41e4e2,0x87870bca3f3fd6335c3f4ce8392d69350b4fa4e2,0xc02aaa39b223fe8d0a0e5c4f27ead9083c756cc2,0xa0b86991c6218b36c1d19d4a2e9eb0ce3606eb48,36351.1282,36218.8549,0.003639,90.8778,19.1711,1.0527,1.0776632413435203,1.1336483401243218,1.0452035051584652,1.099502305783216,
0xe0822e349089a3af46b67f06aa5f55b19cfbc06542fbb4ef504e8d63851aaa35,24523424,1771895951,AaveV3Repay,repay,0xfb64077abffffd8b94309ebe464a4756dc09dfe2,0xfb64077abffffd8b94309ebe464a4756dc09dfe2,0x87870bca3f3fd6335c3f4ce8392d69350b4fa4e2,0xc02aaa39b223fe8d0a0e5c4f27ead9083c756cc2,0xa0b86991c6218b36c1d19d4a2e9eb0ce3606eb48,19356.2144,19316.7889,0.002037,48.3905,10.4453,0.8331,1.3773441861192322,1.5465274798157271,1.335857915452885,1.4999453268090912,
0x5bc9dc1ac74ada01ef39a1dc9ad6321882849db923ce10a0650c31149b316a5b,24523426,1771895975,AaveV3Repay,repay,0x721e9a8d3958b8e0cbb008dcb209097b9a15443d,0x721e9a8d3958b8e0cbb008dcb209097b9a15443d,0x87870bca3f3fd6335c3f4ce8392d69350b4fa4e2,0x7f39c581f595b53c5cb19bd0b3f8da6c935e2ca0,0xa0b86991c6218b36c1d19d4a2e9eb0ce3606eb48,43772.6335,43814.8793,-0.000965,109.4316,22.451,0.5085,1.48050315319385,1.6607767290533348,1.434808611428567,1.6095181880331344,
0xa8c069aff2804486df514781ba2006fa8b314909dc8e73250c11eebf7dc58076,24523428,1771895999,AaveV3Repay,repay,0x47f2bd131390652a043e840e42637e22abf9dec8,0x47f2bd131390652a043e840e42637e22abf9dec8,0x87870bca3f3fd6335c3f4ce8392d69350b4fa4e2,0x2260fac5e5542a773aa44fbcfedf7c193bc2c599,0x6b175474e89094c44da98b954eedeac495271d0f,5165.1085,5143.2696,0.004228,12.9122,4.7326,2.134,1.4172091318819913,1.5836906838528884,1.3417943696200487,1.5016205920969155,
0x5d042c2112765ad94d23c5c3b2164ef5afa2eab1d92b717b537fcfb865d7563a,24526917,1771937987,AaveV3Repay,repay,0x92bd75505b06391d9ed922a8c4c0c70980c26bc0,0x92bd75505b06391d9ed922a8c4c0c70980c26bc0,0x87870bca3f3fd6335c3f4ce8392d69350b4fa4e2,0x2260fac5e5542a773aa44fbcfedf7c193bc2c599,0x6b175474e89094c44da98b954eedeac495271d0f,17799.5219,17756.8596,0.002397,44.4983,9.6502,0.8038,1.65601194801363,1.7628052036545183,1.5498573359614447,1.6498048700868686,
0x3fa2f9e41b5861f64318bca82d08f7378c39ab8d1cfeffd3ae2607e7adff84e5,24534110,1772024663,AaveV3Boost,boost,0x80d50cff6c4b05f395561a0c987990f11bf57511,0x80d50cff6c4b05f395561a0c987990f11bf57511,0x87870bca3f3fd6335c3f4ce8392d69350b4fa4e2,0xa0b86991c6218b36c1d19d4a2e9eb0ce3606eb48,0xc02aaa39b223fe8d0a0e5c4f27ead9083c756cc2,3964.7487,3958.0931,0.001679,9.9119,4.3586,2.4727,1.242047075466945,1.1856753752831626,1.2046360189768872,1.1499622615695186,
0xbea5b2a0eac77c1c186e4ef0d5f1d381b25db2cd2aa59060433036cf57ca1b79,24534652,1772031227,AaveV3Boost,boost,0x9cd9db65aacf2f981d5daac0d1a3daed9e6b0cbc,0x9cd9db65aacf2f981d5daac0d1a3daed9e6b0cbc,0x87870bca3f3fd6335c3f4ce8392d69350b4fa4e2,0xa0b86991c6218b36c1d19d4a2e9eb0ce3606eb48,0xc02aaa39b223fe8d0a0e5c4f27ead9083c756cc2,6381.1527,6376.4799,0.000732,15.9529,5.5821,2.4593,1.3965437183892822,1.2887342974342395,1.3544791485580276,1.249916999318673,
0x462d00517fdbfc7f561a6c69a67f4523ca39edfa5dacacb7357bd8c15330534b,24534703,1772031839,AaveV3Boost,boost,0xfb64077abffffd8b94309ebe464a4756dc09dfe2,0xfb64077abffffd8b94309ebe464a4756dc09dfe2,0x87870bca3f3fd6335c3f4ce8392d69350b4fa4e2,0xa0b86991c6218b36c1d19d4a2e9eb0ce3606eb48,0xc02aaa39b223fe8d0a0e5c4f27ead9083c756cc2,14005.2989,13962.5645,0.003051,35.0132,12.1377,5.3291,1.7080750283171657,1.5464753498380748,1.656626985295553,1.4998947670115548,
0xa76d7251b8ed406aa87adc7ff9d23d8980be5de6c73808f6b6c085bdfbb25db1,24534770,1772032643,AaveV3GenericBoostStrategy,boost,0xdf72374d98f6d0db39e7829592bfc34d910568b5,0x80d95f2a9ba8f523b5a8323039d3ac1b87139778,0x87870bca3f3fd6335c3f4ce8392d69350b4fa4e2,0xa0b86991c6218b36c1d19d4a2e9eb0ce3606eb48,0xc02aaa39b223fe8d0a0e5c4f27ead9083c756cc2,8681.7481,8659.4551,0.002568,21.7044,8.0635,3.6073,1.8729512854659445,1.7527400859425293,1.8165370901205609,1.699946709859794,
0x2af74299c0845ef03dec9c20dfe63c06ca1d408469433d2eca780cba89b4b5df,24535269,1772038679,AaveV3Boost,boost,0x80d50cff6c4b05f395561a0c987990f11bf57511,0x80d50cff6c4b05f395561a0c987990f11bf57511,0x87870bca3f3fd6335c3f4ce8392d69350b4fa4e2,0xa0b86991c6218b36c1d19d4a2e9eb0ce3606eb48,0xc02aaa39b223fe8d0a0e5c4f27ead9083c756cc2,4196.2547,4180.4917,0.003756,10.4906,5.0274,2.9191,1.238066202603795,1.1862123121038577,1.2007750519228684,1.1504830255944378,
0x487efe03338e8d32255e2564b5419404c856f75d9d7e86a71e9ec53ce7ab0dd6,24535274,1772038739,AaveV3Boost,boost,0xc65b975d471d33a83a746bb69fd72a84b57adb93,0xc65b975d471d33a83a746bb69fd72a84b57adb93,0x87870bca3f3fd6335c3f4ce8392d69350b4fa4e2,0x40d16fc0246ad3160ccc09b8d0d3a2cd28ae6c2f,0x2260fac5e5542a773aa44fbcfedf7c193bc2c599,453260.3558,451181.8293,0.004586,1133.1509,233.9218,8.8003,1.3306598277295263,1.239367452132529,1.2453611208237862,1.1599208205855707,
0xf78ab30a1146d22ab63c9e513fc5cfdd91143cf26d60e63c29dc7f68f530d11e,24535340,1772039543,AaveV3Boost,boost,0x060ff62e45c4c84551762289a139d586fb5ea21c,0x060ff62e45c4c84551762289a139d586fb5ea21c,0x87870bca3f3fd6335c3f4ce8392d69350b4fa4e2,0xa0b86991c6218b36c1d19d4a2e9eb0ce3606eb48,0x2260fac5e5542a773aa44fbcfedf7c193bc2c599,151730.1557,151030.9187,0.004608,379.3254,84.8172,9.3924,1.234232792870812,1.175263839166128,1.1551153061483217,1.0999264135785494,
0xe1cda6eba52a720bf474c029ec62e26e763c33ddd7efec97cd5b320cb81e3073,24535491,1772041355,AaveV3Boost,boost,0x4f9dee86469f70f56d9d8fd501f20d9ce78fa3fd,0x4f9dee86469f70f56d9d8fd501f20d9ce78fa3fd,0x87870bca3f3fd6335c3f4ce8392d69350b4fa4e2,0xa0b86991c6218b36c1d19d4a2e9eb0ce3606eb48,0xc02aaa39b223fe8d0a0e5c4f27ead9083c756cc2,1443.6635,1437.885,0.004003,3.6092,3.2565,2.4657,2.0723015617226905,1.907370008236555,2.0098828399832467,1.8499191043731826,
0x4dbd238ede5becb20f1bfa43d2892f5772fe0e3be80aa714554fed7e3293f878,24535493,1772041379,AaveV3Boost,boost,0xee60f36b6e97f4a57f1e87c1fcb1f0ddbd9a3782,0xee60f36b6e97f4a57f1e87c1fcb1f0ddbd9a3782,0x87870bca3f3fd6335c3f4ce8392d69350b4fa4e2,0xdac17f958d2ee523a2206206994597c13d831ec7,0x7f39c581f595b53c5cb19bd0b3f8da6c935e2ca0,1245.4938,1240.0745,0.004351,3.1137,3.049,2.4707,1.4083798087773458,1.3318975708573273,1.3523366925732538,1.279715025009498,
0xebcb4e93bb9c0f5df2b7a7c5c2c3243ba5627bd595b217924db560a6f1dc4994,24535493,1772041379,AaveV3Boost,boost,0x47f2bd131390652a043e840e42637e22abf9dec8,0x47f2bd131390652a043e840e42637e22abf9dec8,0x87870bca3f3fd6335c3f4ce8392d69350b4fa4e2,0x6b175474e89094c44da98b954eedeac495271d0f,0x2260fac5e5542a773aa44fbcfedf7c193bc2c599,3803.7296,3782.9217,0.00547,9.5093,4.3774,2.3996,1.7395594873018296,1.5828533236072624,1.6501845009830647,1.499851015741086,
0x43f5b8ae455faeb1553702f6425fa4d6184ed714138e1a1aa3282a6741af0626,24536663,1772055563,AaveV3Boost,boost,0x75c97a4b805f1ea755321664e0a4465739886101,0x75c97a4b805f1ea755321664e0a4465739886101,0x87870bca3f3fd6335c3f4ce8392d69350b4fa4e2,0x6b175474e89094c44da98b954eedeac495271d0f,0xc02aaa39b223fe8d0a0e5c4f27ead9083c756cc2,1422879.7855,1415891.936,0.004911,3557.1995,717.5598,9.1697,1.6095966936363264,1.4355404112217027,1.561114865514749,1.3923012422090004,
0x7ab5a39b1af0670a1252537921e4c8e9ad27ee45c46220b544ccea693641b457,24551303,1772231891,AaveV3Repay,repay,0x4f9dee86469f70f56d9d8fd501f20d9ce78fa3fd,0x4f9dee86469f70f56d9d8fd501f20d9ce78fa3fd,0x87870bca3f3fd6335c3f4ce8392d69350b4fa4e2,0xc02aaa39b223fe8d0a0e5c4f27ead9083c756cc2,0xa0b86991c6218b36c1d19d4a2e9eb0ce3606eb48,1676.6356,1680.5818,-0.002354,4.1916,2.713,1.8523,1.7409407172837421,1.9072408277975859,1.6885027438707516,1.8497938149120567,
0x3ec37b557ff9a08db38de9b01f60a902b64aa74c20b9faca64a2743969912be9,24559504,1772330879,AaveV3Boost,boost,0x80d50cff6c4b05f395561a0c987990f11bf57511,0x80d50cff6c4b05f395561a0c987990f11bf57511,0x87870bca3f3fd6335c3f4ce8392d69350b4fa4e2,0xa0b86991c6218b36c1d19d4a2e9eb0ce3606eb48,0xc02aaa39b223fe8d0a0e5c4f27ead9083c756cc2,4378.6014,4357.8395,0.004742,10.9465,6.244,4.0652,1.2397055081349058,1.1861870373266752,1.2023649807811205,1.15045851210593,
0x15cff35c55366306d14f9b470df78ebd272cd7cdda6121ffe1c87f6e6d1acf61,24559505,1772330891,AaveV3Boost,boost,0x4f9dee86469f70f56d9d8fd501f20d9ce78fa3fd,0x4f9dee86469f70f56d9d8fd501f20d9ce78fa3fd,0x87870bca3f3fd6335c3f4ce8392d69350b4fa4e2,0xa0b86991c6218b36c1d19d4a2e9eb0ce3606eb48,0xc02aaa39b223fe8d0a0e5c4f27ead9083c756cc2,1316.4503,1308.7535,0.005847,3.2911,3.1237,2.5186,2.0624379904046766,1.9079404187528672,2.0003163641866224,1.8504723338499707,
0xfe6f0329c60b728c24b65ca7ba3dbe60a5196a098002d7d00d0db8bf055d9db4,24570596,1772464583,AaveV3Boost,boost,0x060ff62e45c4c84551762289a139d586fb5ea21c,0x060ff62e45c4c84551762289a139d586fb5ea21c,0x87870bca3f3fd6335c3f4ce8392d69350b4fa4e2,0xa0b86991c6218b36c1d19d4a2e9eb0ce3606eb48,0x2260fac5e5542a773aa44fbcfedf7c193bc2c599,137324.3975,137100.5181,0.00163,343.311,78.1237,9.8829,1.2289661519055566,1.1753345424174317,1.1501862703731462,1.099992584570152,
0xa8ff946831fad6b91dec0cbdd64077f6b0ca28e374349e54b7c72db99f93fd4b,24570596,1772464583,AaveV3Boost,boost,0xc65b975d471d33a83a746bb69fd72a84b57adb93,0xc65b975d471d33a83a746bb69fd72a84b57adb93,0x87870bca3f3fd6335c3f4ce8392d69350b4fa4e2,0x40d16fc0246ad3160ccc09b8d0d3a2cd28ae6c2f,0x2260fac5e5542a773aa44fbcfedf7c193bc2c599,431778.4131,430204.1558,0.003646,1079.446,236.6507,22.7207,1.3267398481441608,1.2390818794360192,1.241692421981071,1.1596535538311445,
0x7a591d8bdc6c53d05c488525fedda4a4fbded8b56a3d69e0fc9de52ec838c93d,24570622,1772464895,AaveV3Boost,boost,0x80d50cff6c4b05f395561a0c987990f11bf57511,0x80d50cff6c4b05f395561a0c987990f11bf57511,0x87870bca3f3fd6335c3f4ce8392d69350b4fa4e2,0xa0b86991c6218b36c1d19d4a2e9eb0ce3606eb48,0xc02aaa39b223fe8d0a0e5c4f27ead9083c756cc2,4200.6973,4166.5674,0.008125,10.5017,22.7334,20.9248,1.2388253628226549,1.1856277354226097,1.2015113458700588,1.1499160566445612,
0x724df8ee0c4de27abf1a685af85c75cef8f81d36c1b7e2a306c7785cb0f6e452,24583004,1772614187,AaveV3Boost,boost,0x80d50cff6c4b05f395561a0c987990f11bf57511,0x80d50cff6c4b05f395561a0c987990f11bf57511,0x87870bca3f3fd6335c3f4ce8392d69350b4fa4e2,0xa0b86991c6218b36c1d19d4a2e9eb0ce3606eb48,0xc02aaa39b223fe8d0a0e5c4f27ead9083c756cc2,4280.6759,4245.7436,0.00816,10.7017,23.2576,21.9505,1.2486168886204483,1.19176051564795,1.2110079461918604,1.1558641145739417,
0xb17365da6457b38f86f64d62ac229fdb72fb54787319c5abdb0e873aed12583c,24584631,1772633747,AaveV3Boost,boost,0x060ff62e45c4c84551762289a139d586fb5ea21c,0x060ff62e45c4c84551762289a139d586fb5ea21c,0x87870bca3f3fd6335c3f4ce8392d69350b4fa4e2,0xa0b86991c6218b36c1d19d4a2e9eb0ce3606eb48,0x2260fac5e5542a773aa44fbcfedf7c193bc2c599,162816.166,162336.8949,0.002944,407.0404,84.4509,3.5487,1.2314526590666264,1.1753126669163485,1.152513386049532,1.0999721113447818,
0x8f860d0673ee91b2d95161c90069b8e2b3080461eda66d68642605ee43a8d186,24585006,1772638283,AaveV3Boost,boost,0x75c97a4b805f1ea755321664e0a4465739886101,0x75c97a4b805f1ea755321664e0a4465739886101,0x87870bca3f3fd6335c3f4ce8392d69350b4fa4e2,0x6b175474e89094c44da98b954eedeac495271d0f,0xc02aaa39b223fe8d0a0e5c4f27ead9083c756cc2,1331730.8427,1326869.8789,0.00365,3329.3271,680.5357,17.6586,1.6124986398802186,1.4431650061539585,1.5639294037392468,1.3996961806673922,
0x31d239b6c826ca95fc731f093c811753d5474aa9c465160a1d45982fd6780435,24585010,1772638331,AaveV3Boost,boost,0x80d50cff6c4b05f395561a0c987990f11bf57511,0x80d50cff6c4b05f395561a0c987990f11bf57511,0x87870bca3f3fd6335c3f4ce8392d69350b4fa4e2,0xa0b86991c6218b36c1d19d4a2e9eb0ce3606eb48,0xc02aaa39b223fe8d0a0e5c4f27ead9083c756cc2,5225.2816,5204.5702,0.003964,13.0632,7.3185,4.7013,1.2437104088757658,1.185220694883353,1.2062492519817285,1.149521276362581,
0x6c82cc2b5799d4d82a638b05938248d55e07b632fd97fb73a5c78d48a9da13b8,24586076,1772651183,AaveV3Boost,boost,0x9cd9db65aacf2f981d5daac0d1a3daed9e6b0cbc,0x9cd9db65aacf2f981d5daac0d1a3daed9e6b0cbc,0x87870bca3f3fd6335c3f4ce8392d69350b4fa4e2,0xa0b86991c6218b36c1d19d4a2e9eb0ce3606eb48,0xc02aaa39b223fe8d0a0e5c4f27ead9083c756cc2,8288.6115,8249.9095,0.004669,20.7215,6.6002,2.46,1.4026748763288832,1.2885720740826734,1.3604256330658475,1.2497596622126204,
0x6fede15d8e6d29568d6e9aa940e0dcc5a1c7143f6a333ab23df716558a40ac12,24586113,1772651639,AaveV3Boost,boost,0x5c32f605166eef8c6977a5a906a73369d4dfae8e,0x5c32f605166eef8c6977a5a906a73369d4dfae8e,0x87870bca3f3fd6335c3f4ce8392d69350b4fa4e2,0xdac17f958d2ee523a2206206994597c13d831ec7,0xc02aaa39b223fe8d0a0e5c4f27ead9083c756cc2,43045.0418,42900.1489,0.003366,107.6126,25.7201,4.1589,1.3410644465422585,1.236986490758138,1.3006709391162756,1.1997278615184108,
0x3be7fa9e4e99213cb070897264376af52442c341d51e0e205ce20e7ba51133ae,24586132,1772651867,AaveV3Boost,boost,0xee60f36b6e97f4a57f1e87c1fcb1f0ddbd9a3782,0xee60f36b6e97f4a57f1e87c1fcb1f0ddbd9a3782,0x87870bca3f3fd6335c3f4ce8392d69350b4fa4e2,0xdac17f958d2ee523a2206206994597c13d831ec7,0x7f39c581f595b53c5cb19bd0b3f8da6c935e2ca0,1485.5177,1482.8892,0.001769,3.7138,3.8408,3.1796,1.4104818507203207,1.3313321397893445,1.355110243157439,1.279880313675163,
0x060e1ff9baa91ccbca39b7377bc2c5750acad440432b295dc877922f63e0a2a4,24599437,1772812415,AaveV3GenericFLRepayStrategy,repay,0x954079abbfebe65a43341979d342316cda96e2be,0x75b4257dc02477eb21ebeb7cb97221f8ee41e4e2,0x87870bca3f3fd6335c3f4ce8392d69350b4fa4e2,0xc02aaa39b223fe8d0a0e5c4f27ead9083c756cc2,0xa0b86991c6218b36c1d19d4a2e9eb0ce3606eb48,39711.9528,39586.5374,0.003158,99.2799,28.8639,9.2515,1.0774995944609902,1.1338967808516816,1.0450447873988749,1.0997432633561075,
0x2775c879da678580415f9c52880d5a59aa755db027de9bd31efbc81a2a512b3e,24599962,1772818751,AaveV3GenericRepayStrategy,repay,0xdf72374d98f6d0db39e7829592bfc34d910568b5,0x80d95f2a9ba8f523b5a8323039d3ac1b87139778,0x87870bca3f3fd6335c3f4ce8392d69350b4fa4e2,0xc02aaa39b223fe8d0a0e5c4f27ead9083c756cc2,0xa0b86991c6218b36c1d19d4a2e9eb0ce3606eb48,19735.8184,19641.3168,0.004788,49.3395,14.1903,4.4167,1.5435547564885617,1.7519063482330568,1.4970621433412679,1.6991380847319677,
0x3f260c20f1c56583b7fa5de977e3b311901b9ac7420b6647dd92b3a79a1cf459,24604535,1772873951,AaveV3GenericFLRepayStrategy,repay,0x63b44a58b7f9b885899095ef45c964175a2c0321,0x8249be84b51b97bdd7a43603b8957bb9a6a1a709,0x87870bca3f3fd6335c3f4ce8392d69350b4fa4e2,0x7f39c581f595b53c5cb19bd0b3f8da6c935e2ca0,0xa0b86991c6218b36c1d19d4a2e9eb0ce3606eb48,17406.8039,17268.5535,0.007942,43.517,9.6948,1.0813,1.3261047212733486,1.54700289238623,1.2851755632093564,1.4992558895345547,
0x2068dc09df20b1a6cbdc97c191738af9c94e1ff71c9a257a2256b55532e44c2e,24611574,1772958791,AaveV3Boost,boost,0x44f162baf1f68b1352045804b020958a178695dc,0x44f162baf1f68b1352045804b020958a178695dc,0x87870bca3f3fd6335c3f4ce8392d69350b4fa4e2,0x2260fac5e5542a773aa44fbcfedf7c193bc2c599,0xdac17f958d2ee523a2206206994597c13d831ec7,21527.093,21439.5895,0.004065,53.8176,12.265,1.5763,1.7689108575607442,1.559674201133603,1.7008758245775764,1.4996867318592337,
0x4d4f77fbb343403781ce25634af54eae7bb95a377dfc2346dd636f9ffafa7b2f,24615628,1773007631,AaveV3Boost,boost,0x707be9ca2485ca43c276b930a0fa8c331ecdd49a,0x707be9ca2485ca43c276b930a0fa8c331ecdd49a,0x87870bca3f3fd6335c3f4ce8392d69350b4fa4e2,0x1abaea1f7c830bd89acc67ec4af516284b1bc33c,0x2260fac5e5542a773aa44fbcfedf7c193bc2c599,43542.9863,43328.4308,0.004927,108.8575,26.9363,5.3197,1.6702191153498032,1.3888587216312445,1.5631537874427255,1.2998293163984336,
0x68850ab45fd85092a36f4726a728bcf3857681b42ea2072d39245b839d0e1c29,24615631,1773007667,AaveV3Repay,repay,0x1dc5d88b1b60cdd539c773b8f8e5716e40436c89,0x1dc5d88b1b60cdd539c773b8f8e5716e40436c89,0x87870bca3f3fd6335c3f4ce8392d69350b4fa4e2,0x7fc66500c84a76ad7e9c93437bfc5ac33e2ddae9,0x40d16fc0246ad3160ccc09b8d0d3a2cd28ae6c2f,175778.9984,174666.6141,0.006328,439.4475,97.3385,10.6143,1.485898638895252,1.6520093233053204,1.3490395537338404,1.499850569842978,
0x5909d2ee16901101c7bb4c69ae5edd617da5bfd632fc827c10cee7a76345f3e8,24615668,1773008111,AaveV3Boost,boost,0xb694cd3f474706f8d800d17a7ee4518cbd89fcab,0xb694cd3f474706f8d800d17a7ee4518cbd89fcab,0x87870bca3f3fd6335c3f4ce8392d69350b4fa4e2,0x1abaea1f7c830bd89acc67ec4af516284b1bc33c,0x2260fac5e5542a773aa44fbcfedf7c193bc2c599,52098.3817,51536.3004,0.010789,130.246,32.3775,6.8154,1.672643111957535,1.3888825139503669,1.565422399652541,1.2998515835688904,
0x41ff3ef8a189e06af581986ec9ae0287f774c6c3af41b5a7f73b88077953bc8e,24619067,1773049055,AaveV3GenericBoostStrategy,boost,0xdf72374d98f6d0db39e7829592bfc34d910568b5,0x80d95f2a9ba8f523b5a8323039d3ac1b87139778,0x87870bca3f3fd6335c3f4ce8392d69350b4fa4e2,0xa0b86991c6218b36c1d19d4a2e9eb0ce3606eb48,0xc02aaa39b223fe8d0a0e5c4f27ead9083c756cc2,3855.512,3846.227,0.002408,9.6388,3.2731,1.3877,1.8060931179658921,1.7528015963854633,1.751692722846292,1.7000063675785564,
0x66ba3023b89de1fdbadddae77df25f2dbf51328f25a5986abd15ea93e4eaff45,24620299,1773063887,AaveV3Boost,boost,0x80d50cff6c4b05f395561a0c987990f11bf57511,0x80d50cff6c4b05f395561a0c987990f11bf57511,0x87870bca3f3fd6335c3f4ce8392d69350b4fa4e2,0xa0b86991c6218b36c1d19d4a2e9eb0ce3606eb48,0xc02aaa39b223fe8d0a0e5c4f27ead9083c756cc2,3923.5145,3901.5874,0.005589,9.8088,4.0864,2.1254,1.2376945076124797,1.1860241260457467,1.200414552563694,1.1503005077911348,
0xe8a032b6de3ea67e7ae58e468e4ad1d079abcc57b73ad543f2a38e99a2fa27f8,24625789,1773130223,AaveV3Boost,boost,0x060ff62e45c4c84551762289a139d586fb5ea21c,0x060ff62e45c4c84551762289a139d586fb5ea21c,0x87870bca3f3fd6335c3f4ce8392d69350b4fa4e2,0xa0b86991c6218b36c1d19d4a2e9eb0ce3606eb48,0x2260fac5e5542a773aa44fbcfedf7c193bc2c599,144514.0874,143834.5962,0.004702,361.2852,73.6261,1.7676,1.231675147406373,1.1749580276351488,1.1527216123162172,1.099640205350839,
0x9b73bba032ba46f48f84759e2040c46de95a94df3f39f9addb13b1cc94988f54,24627902,1773155795,AaveV3GenericBoostStrategy,boost,0xdf72374d98f6d0db39e7829592bfc34d910568b5,0x80d95f2a9ba8f523b5a8323039d3ac1b87139778,0x87870bca3f3fd6335c3f4ce8392d69350b4fa4e2,0xa0b86991c6218b36c1d19d4a2e9eb0ce3606eb48,0xc02aaa39b223fe8d0a0e5c4f27ead9083c756cc2,13830.1336,13791.4857,0.002794,34.5753,7.9942,1.1366,1.9335648822600655,1.7527732472152657,1.8753249761678021,1.6999788722990836,
0x940757d29fb1f6d2d580931f354121272afcb31fabb24d69980c6da8bf81ccac,24642042,1773326423,AaveV3Boost,boost,0x80d50cff6c4b05f395561a0c987990f11bf57511,0x80d50cff6c4b05f395561a0c987990f11bf57511,0x87870bca3f3fd6335c3f4ce8392d69350b4fa4e2,0xa0b86991c6218b36c1d19d4a2e9eb0ce3606eb48,0xc02aaa39b223fe8d0a0e5c4f27ead9083c756cc2,5047.545,5015.8299,0.006283,12.6189,4.9497,2.5227,1.2493493959923894,1.1855074957746679,1.2117183900888726,1.1497994386727621,
0xf0e9c890286cfb477fc52a4c7d41aa195d996346cf620f6bf6b320278a96073c,24644940,1773361463,AaveV3GenericBoostStrategy,boost,0xdf72374d98f6d0db39e7829592bfc34d910568b5,0x80d95f2a9ba8f523b5a8323039d3ac1b87139778,0x87870bca3f3fd6335c3f4ce8392d69350b4fa4e2,0xa0b86991c6218b36c1d19d4a2e9eb0ce3606eb48,0xc02aaa39b223fe8d0a0e5c4f27ead9083c756cc2,5035.4854,4983.0267,0.010418,12.5887,34.8568,21.878,1.8080336946877227,1.7526082222781874,1.753574848462135,1.6998188179926683,
0x5d9446158554a1525ebb704d55858fdd99678dbdf632a60c37c806ae398bd526,24644979,1773361931,AaveV3Boost,boost,0x80d50cff6c4b05f395561a0c987990f11bf57511,0x80d50cff6c4b05f395561a0c987990f11bf57511,0x87870bca3f3fd6335c3f4ce8392d69350b4fa4e2,0xa0b86991c6218b36c1d19d4a2e9eb0ce3606eb48,0xc02aaa39b223fe8d0a0e5c4f27ead9083c756cc2,5496.1434,5474.3131,0.003972,13.7404,5.3593,2.5745,1.2444949748993508,1.1857084837925702,1.2070101864984983,1.1499943728348447,
0x3f954a3de6a16c6c89fcea9929ed22b01e1243ed99bd6eb9712dec6c1ec23afb,24647894,1773397055,AaveV3Repay,repay,0xe384f9cba7e27df646c3e636136e5af57ec359fc,0xe384f9cba7e27df646c3e636136e5af57ec359fc,0x87870bca3f3fd6335c3f4ce8392d69350b4fa4e2,0xa0b86991c6218b36c1d19d4a2e9eb0ce3606eb48,0xcbb7c0000ab88b473b1f5afd9ef808440eed33bf,18950.9526,18902.4845,0.002558,47.3774,15.2937,6.2203,1.399444335007083,1.559938442741977,1.3456195528913715,1.4999408103287553,
0x2f71794c39c7f5b5c32fa06f437c9260594a1f40965fda9bf50ff29851c8e34f,24648810,1773408083,AaveV3Boost,boost,0x9cd9db65aacf2f981d5daac0d1a3daed9e6b0cbc,0x9cd9db65aacf2f981d5daac0d1a3daed9e6b0cbc,0x87870bca3f3fd6335c3f4ce8392d69350b4fa4e2,0xa0b86991c6218b36c1d19d4a2e9eb0ce3606eb48,0xc02aaa39b223fe8d0a0e5c4f27ead9083c756cc2,9126.4257,9125.9143,5.6e-05,22.8161,7.5997,3.1065,1.41938168402687,1.288767179076011,1.3766292236643591,1.249948890549449,
0xcbc89a5e17a0a87ee8a85a5da7b52c11f7e6973857a93ba7c39e06ad94777226,24648810,1773408083,AaveV3GenericBoostStrategy,boost,0xdf72374d98f6d0db39e7829592bfc34d910568b5,0x80d95f2a9ba8f523b5a8323039d3ac1b87139778,0x87870bca3f3fd6335c3f4ce8392d69350b4fa4e2,0xa0b86991c6218b36c1d19d4a2e9eb0ce3606eb48,0xc02aaa39b223fe8d0a0e5c4f27ead9083c756cc2,5059.2065,5055.123,0.000807,12.648,5.4856,3.0332,1.8048878302229048,1.752772545709223,1.7505237389510302,1.6999781919227357,
0x1d830438f047893a21cf75edf9bf86491d10c15f2d56b9d3c053d99e84d6db70,24665998,1773615119,AaveV3Boost,boost,0x80d50cff6c4b05f395561a0c987990f11bf57511,0x80d50cff6c4b05f395561a0c987990f11bf57511,0x87870bca3f3fd6335c3f4ce8392d69350b4fa4e2,0xa0b86991c6218b36c1d19d4a2e9eb0ce3606eb48,0xc02aaa39b223fe8d0a0e5c4f27ead9083c756cc2,3997.8364,3985.9311,0.002978,9.9946,3.8723,1.9405,1.2426888573652994,1.185686076968488,1.2052584700952145,1.1499726409149642,
0xcf6935ce196a768bfd9a13596e925c51f650e1c38564bc1743d4bbf902d2c614,24667421,1773632219,AaveV3Boost,boost,0xfb64077abffffd8b94309ebe464a4756dc09dfe2,0xfb64077abffffd8b94309ebe464a4756dc09dfe2,0x87870bca3f3fd6335c3f4ce8392d69350b4fa4e2,0xa0b86991c6218b36c1d19d4a2e9eb0ce3606eb48,0xc02aaa39b223fe8d0a0e5c4f27ead9083c756cc2,18855.5287,18771.1434,0.004475,47.1388,12.7736,3.446,1.7240838648468906,1.546458671364426,1.6721536279538973,1.4998785909015864,
0x635e0f3da6d44cec6d10f74377a42652afdf72bce9ba67712f10de9664563821,24667426,1773632279,AaveV3Boost,boost,0x4f9dee86469f70f56d9d8fd501f20d9ce78fa3fd,0x4f9dee86469f70f56d9d8fd501f20d9ce78fa3fd,0x87870bca3f3fd6335c3f4ce8392d69350b4fa4e2,0xa0b86991c6218b36c1d19d4a2e9eb0ce3606eb48,0xc02aaa39b223fe8d0a0e5c4f27ead9083c756cc2,1727.3933,1716.2712,0.006439,4.3185,2.8441,1.9801,2.084475642795299,1.9073193363168777,2.0216902318677157,1.8498699587161658,
0x65da6e108200759fbf2601fc9c1218fdc7e716c51ac29991c0b1d758ef15fe2b,24667431,1773632339,AaveV3Boost,boost,0xb68ee3777f2f3c0b877df9b7371a304a1bf64991,0xb68ee3777f2f3c0b877df9b7371a304a1bf64991,0x87870bca3f3fd6335c3f4ce8392d69350b4fa4e2,0x6b175474e89094c44da98b954eedeac495271d0f,0xc02aaa39b223fe8d0a0e5c4f27ead9083c756cc2,1801.0082,1788.7619,0.0068,4.5025,3.4345,2.7521,1.7794013006549054,1.5486970278886936,1.7222060521997222,1.499339511935077,
0x20ed306bb7bbbf3a26a435e45665841a6472a83417c797d3572ae056dca37017,24667446,1773632519,AaveV3Boost,boost,0xe692241fd04b9561e0d96f2b4bb6447e77c7ea1d,0xe692241fd04b9561e0d96f2b4bb6447e77c7ea1d,0x87870bca3f3fd6335c3f4ce8392d69350b4fa4e2,0xa0b86991c6218b36c1d19d4a2e9eb0ce3606eb48,0xc02aaa39b223fe8d0a0e5c4f27ead9083c756cc2,148186.7144,147538.5552,0.004374,370.4668,81.4945,7.917,1.4038010843098974,1.2887882725815252,1.3615179191198332,1.249969348708582,
0x520101302b44c780ad99735ab38713d08ce3a68e3a6c6f491d7e8c40d9f7e855,24667724,1773635891,AaveV3GenericBoostStrategy,boost,0xdf72374d98f6d0db39e7829592bfc34d910568b5,0x80d95f2a9ba8f523b5a8323039d3ac1b87139778,0x87870bca3f3fd6335c3f4ce8392d69350b4fa4e2,0xa0b86991c6218b36c1d19d4a2e9eb0ce3606eb48,0xc02aaa39b223fe8d0a0e5c4f27ead9083c756cc2,5552.274,5539.5043,0.0023,13.8807,6.6491,4.1394,1.8069666991340536,1.7527725341661191,1.7525399913288089,1.6999781807273557,
0xa5338a586de4a15481b6d3f4dfc4aeeef87fef21b5aa752848bad3d3320e5e3f,24667816,1773636995,AaveV3Boost,boost,0x060ff62e45c4c84551762289a139d586fb5ea21c,0x060ff62e45c4c84551762289a139d586fb5ea21c,0x87870bca3f3fd6335c3f4ce8392d69350b4fa4e2,0xa0b86991c6218b36c1d19d4a2e9eb0ce3606eb48,0x2260fac5e5542a773aa44fbcfedf7c193bc2c599,157960.9258,157782.4444,0.00113,394.9023,92.3986,13.9079,1.2292848429553673,1.1753628503505906,1.150484532509509,1.100019077892218,
0xfb03829bd6c08a809026e31b45220fecf29104e20ce8be2d40bfb60b11c11faa,24668113,1773640571,AaveV3Boost,boost,0x877fc51036b47bd059737266ad3f8db6180b6e19,0x877fc51036b47bd059737266ad3f8db6180b6e19,0x87870bca3f3fd6335c3f4ce8392d69350b4fa4e2,0x6b175474e89094c44da98b954eedeac495271d0f,0xc02aaa39b223fe8d0a0e5c4f27ead9083c756cc2,2973.1612,2971.7714,0.000467,7.4329,3.0476,1.6284,1.7339417122877896,1.5706066832241417,1.6531440907776394,1.4999454144874023,
0xe7aa6ee4dc73ac2e3aa23f943c78f2566a8488ddc2e21a951eac63f230f20310,24668113,1773640571,AaveV3Boost,boost,0x80d50cff6c4b05f395561a0c987990f11bf57511,0x80d50cff6c4b05f395561a0c987990f11bf57511,0x87870bca3f3fd6335c3f4ce8392d69350b4fa4e2,0xa0b86991c6218b36c1d19d4a2e9eb0ce3606eb48,0xc02aaa39b223fe8d0a0e5c4f27ead9083c756cc2,4259.8907,4254.7938,0.001196,10.6497,3.4261,1.3354,1.237833989706289,1.1856563402791769,1.2005498333896458,1.1499437999091395,
0x3eb16d82718146602ee4b4011be2e97acdffe8221451bde27814865bfcc496e8,24670059,1773664091,AaveV3GenericFLBoostStrategy,boost,0x954079abbfebe65a43341979d342316cda96e2be,0x75b4257dc02477eb21ebeb7cb97221f8ee41e4e2,0x87870bca3f3fd6335c3f4ce8392d69350b4fa4e2,0xa0b86991c6218b36c1d19d4a2e9eb0ce3606eb48,0xc02aaa39b223fe8d0a0e5c4f27ead9083c756cc2,57430.7183,57338.8356,0.0016,143.5768,31.6827,2.8907,1.2951683224053312,1.1855762881928258,1.2561572283569322,1.1498661590303794,
0xb940aeff86f9273bc7c63e232cfb2e170ab2716740fad616b5ecf7071d63b303,24671760,1773684611,AaveV3GenericBoostStrategy,boost,0xdf72374d98f6d0db39e7829592bfc34d910568b5,0x80d95f2a9ba8f523b5a8323039d3ac1b87139778,0x87870bca3f3fd6335c3f4ce8392d69350b4fa4e2,0xa0b86991c6218b36c1d19d4a2e9eb0ce3606eb48,0xc02aaa39b223fe8d0a0e5c4f27ead9083c756cc2,6065.9407,6038.6504,0.004499,15.1649,7.2304,4.4003,1.808624828452942,1.7525976524285072,1.7541481769934912,1.6998085665119769,
0x5c395976ec27ba69f93a141c93583d0a120832880850f78695a9f6a501b56541,24672064,1773688271,AaveV3Boost,boost,0x1b62d71c7334b714fdef2c9ed4d0b7588f5c07f6,0x1b62d71c7334b714fdef2c9ed4d0b7588f5c07f6,0x87870bca3f3fd6335c3f4ce8392d69350b4fa4e2,0xa0b86991c6218b36c1d19d4a2e9eb0ce3606eb48,0xcbb7c0000ab88b473b1f5afd9ef808440eed33bf,2257.2611,2250.5485,0.002974,5.6432,5.2867,4.065,1.7096521802385378,1.6026886609623303,1.600059091761266,1.4999522083360721,
0x76ee9545a7af9d48918a3007f0b038d4e6c1e239525d71cbea0544b653c82fcd,24672084,1773688511,AaveV3Boost,boost,0xee60f36b6e97f4a57f1e87c1fcb1f0ddbd9a3782,0xee60f36b6e97f4a57f1e87c1fcb1f0ddbd9a3782,0x87870bca3f3fd6335c3f4ce8392d69350b4fa4e2,0xdac17f958d2ee523a2206206994597c13d831ec7,0x7f39c581f595b53c5cb19bd0b3f8da6c935e2ca0,1588.4407,1580.4945,0.005003,3.9711,2.7542,2.0226,1.4036893558666483,1.3300467042880948,1.3500096662384844,1.2799227171533716,
0x5487b2690113ee94098add23d8541808ac266f5c496d0d420646a27928557a15,24672633,1773695159,AaveV3Boost,boost,0x47f2bd131390652a043e840e42637e22abf9dec8,0x47f2bd131390652a043e840e42637e22abf9dec8,0x87870bca3f3fd6335c3f4ce8392d69350b4fa4e2,0x6b175474e89094c44da98b954eedeac495271d0f,0x2260fac5e5542a773aa44fbcfedf7c193bc2c599,4686.5045,4684.6152,0.000403,11.7163,3.9693,1.7192,1.7446055827102431,1.5837730892840227,1.6538165240926368,1.4996258844696222,
0x2177ec6fc172ab3c089a00cd854bc0e3a3a4d9f8fc76ef4d6b9cf64b1f3cb87e,24672956,1773699059,AaveV3Boost,boost,0x75c97a4b805f1ea755321664e0a4465739886101,0x75c97a4b805f1ea755321664e0a4465739886101,0x87870bca3f3fd6335c3f4ce8392d69350b4fa4e2,0x6b175474e89094c44da98b954eedeac495271d0f,0xc02aaa39b223fe8d0a0e5c4f27ead9083c756cc2,1647613.8795,1646019.6167,0.000968,4119.0347,827.7463,4.5855,1.607192495587613,1.4435179999935885,1.5587830830699128,1.4000385421624562,
0x04611146a69bc4f67f73c83acef5015628c20c3366ef14b82b4bb58b2fd97baa,24672956,1773699059,AaveV3Boost,boost,0x9cd9db65aacf2f981d5daac0d1a3daed9e6b0cbc,0x9cd9db65aacf2f981d5daac0d1a3daed9e6b0cbc,0x87870bca3f3fd6335c3f4ce8392d69350b4fa4e2,0xa0b86991c6218b36c1d19d4a2e9eb0ce3606eb48,0xc02aaa39b223fe8d0a0e5c4f27ead9083c756cc2,9909.6183,9901.7339,0.000796,24.774,7.3295,2.4356,1.3993630596598607,1.28884097421962,1.3572135699109968,1.250020462947796,
0xacb8149520c119e4899a2ad3066fa3685eec42823330fef96e8fca20eed5628d,24672959,1773699095,AaveV3Boost,boost,0xf380b8f1e63e2bed7ca329ca1fddbc39b52cc0d3,0xf380b8f1e63e2bed7ca329ca1fddbc39b52cc0d3,0x87870bca3f3fd6335c3f4ce8392d69350b4fa4e2,0xa0b86991c6218b36c1d19d4a2e9eb0ce3606eb48,0x7f39c581f595b53c5cb19bd0b3f8da6c935e2ca0,27130.5766,27108.3956,0.000818,67.8264,16.7498,3.2231,2.0336906505252044,1.8754344901491684,1.950625836560632,1.7998222995155342,
0xa8388da00718782e82b78ea41adad1c8f570fadefeeedd04d337ec03a99ac417,24673856,1773709931,AaveV3Boost,boost,0x3e370fd7ef50090fd0c9ca64c8d15f949b60ce90,0x3e370fd7ef50090fd0c9ca64c8d15f949b60ce90,0x87870bca3f3fd6335c3f4ce8392d69350b4fa4e2,0xa0b86991c6218b36c1d19d4a2e9eb0ce3606eb48,0x2260fac5e5542a773aa44fbcfedf7c193bc2c599,44613.9528,44545.6835,0.00153,111.5349,23.6905,1.4391,1.4473454859821204,1.283378661420429,1.3545669291883808,1.2011107985088543,
0x2db06fb86cc72af39b23ec39231b2f137dea08299ee0448af75258fd9a674d85,24691656,1773924755,AaveV3GenericFLRepayStrategy,repay,0x954079abbfebe65a43341979d342316cda96e2be,0x75b4257dc02477eb21ebeb7cb97221f8ee41e4e2,0x87870bca3f3fd6335c3f4ce8392d69350b4fa4e2,0xc02aaa39b223fe8d0a0e5c4f27ead9083c756cc2,0xa0b86991c6218b36c1d19d4a2e9eb0ce3606eb48,49625.9437,49486.6744,0.002806,124.0649,42.4221,17.9507,1.0734521055104291,1.1276815787336707,1.041119210766109,1.0937152661212055,
0x50aa8e4ab8db5dd0c989a65d6f830fb14d09c9426fada1be2e8dc005ad72648c,24692518,1773935159,AaveV3GenericRepayStrategy,repay,0xdf72374d98f6d0db39e7829592bfc34d910568b5,0x80d95f2a9ba8f523b5a8323039d3ac1b87139778,0x87870bca3f3fd6335c3f4ce8392d69350b4fa4e2,0xc02aaa39b223fe8d0a0e5c4f27ead9083c756cc2,0xa0b86991c6218b36c1d19d4a2e9eb0ce3606eb48,25623.5004,25512.2682,0.004341,64.0588,19.3342,6.9506,1.541809998155498,1.75222030249665,1.4953699379700671,1.6994425825419082,
0x2b3bb300d165978d3d2756ba902261bf1a329964714897760ec6b815331fa363,24697438,1773994403,AaveV3GenericBoostStrategy,boost,0xdf72374d98f6d0db39e7829592bfc34d910568b5,0x80d95f2a9ba8f523b5a8323039d3ac1b87139778,0x87870bca3f3fd6335c3f4ce8392d69350b4fa4e2,0xa0b86991c6218b36c1d19d4a2e9eb0ce3606eb48,0xc02aaa39b223fe8d0a0e5c4f27ead9083c756cc2,5442.4677,5430.1199,0.002269,13.6062,5.0141,2.4285,1.8114204014722124,1.7528134958893309,1.7568595460061214,1.7000179086636664,
0x2163d33a34e56a70d7ea4a39513d2338eb8b58494e3359a62bcf554e6b04937d,24709346,1774137839,AaveV3GenericFLRepayStrategy,repay,0x954079abbfebe65a43341979d342316cda96e2be,0x75b4257dc02477eb21ebeb7cb97221f8ee41e4e2,0x87870bca3f3fd6335c3f4ce8392d69350b4fa4e2,0xc02aaa39b223fe8d0a0e5c4f27ead9083c756cc2,0xa0b86991c6218b36c1d19d4a2e9eb0ce3606eb48,51894.1617,51625.1867,0.005183,129.7354,32.9536,7.3175,1.0653480001751472,1.134110277649141,1.033259204989133,1.0999503295271391,
0x48aa5396e06972118a4b862558ab3a5f379a4d095ed0d529012a2b9505eb78bb,24715633,1774213643,AaveV3Repay,repay,0x4f9dee86469f70f56d9d8fd501f20d9ce78fa3fd,0x4f9dee86469f70f56d9d8fd501f20d9ce78fa3fd,0x87870bca3f3fd6335c3f4ce8392d69350b4fa4e2,0xc02aaa39b223fe8d0a0e5c4f27ead9083c756cc2,0xa0b86991c6218b36c1d19d4a2e9eb0ce3606eb48,1982.1885,1983.825,-0.000826,4.9555,2.5862,1.6126,1.7336434960700124,1.9077097697041205,1.68142531847705,1.8502486320621634,
0x664d6aafd92381cabe8cf355dd6144ab8eef58cd4e39b94a6b5e7d592e30f537,24715639,1774213715,AaveV3Repay,repay,0xf380b8f1e63e2bed7ca329ca1fddbc39b52cc0d3,0xf380b8f1e63e2bed7ca329ca1fddbc39b52cc0d3,0x87870bca3f3fd6335c3f4ce8392d69350b4fa4e2,0x7f39c581f595b53c5cb19bd0b3f8da6c935e2ca0,0xa0b86991c6218b36c1d19d4a2e9eb0ce3606eb48,32698.3139,32575.6067,0.003753,81.7458,18.564,2.2199,1.7121709553299185,1.8772601271335394,1.642953455392668,1.799823774300823,
0xd6447ca3e363c893133a7ce732b0c1489958ea3cdc322bd8f6eb39314ed5bde7,24715665,1774214027,AaveV3Repay,repay,0x47f2bd131390652a043e840e42637e22abf9dec8,0x47f2bd131390652a043e840e42637e22abf9dec8,0x87870bca3f3fd6335c3f4ce8392d69350b4fa4e2,0x2260fac5e5542a773aa44fbcfedf7c193bc2c599,0x6b175474e89094c44da98b954eedeac495271d0f,5704.7521,5667.7973,0.006478,14.2614,4.6054,1.7955,1.4187496424067239,1.5786474012295202,1.3430226256514786,1.4965095043308143,
0x324fdd0bca6512b0def1af5ea953c8220d02972c4a9b40908ff299a9b759ceb8,24715706,1774214519,AaveV3Repay,repay,0x877fc51036b47bd059737266ad3f8db6180b6e19,0x877fc51036b47bd059737266ad3f8db6180b6e19,0x87870bca3f3fd6335c3f4ce8392d69350b4fa4e2,0xc02aaa39b223fe8d0a0e5c4f27ead9083c756cc2,0x6b175474e89094c44da98b954eedeac495271d0f,3572.8464,3562.8164,0.002807,8.9321,5.1331,3.4324,1.4094586527912,1.5687299172419336,1.3458076656939684,1.4943625038903239,
0xc356752bc4aa2fa9ed515e76dfd6f7a3ec0a4a2c02150f90d6ec09b8898ab9ce,24748366,1774608083,AaveV3Repay,repay,0xb68ee3777f2f3c0b877df9b7371a304a1bf64991,0xb68ee3777f2f3c0b877df9b7371a304a1bf64991,0x87870bca3f3fd6335c3f4ce8392d69350b4fa4e2,0xc02aaa39b223fe8d0a0e5c4f27ead9083c756cc2,0x6b175474e89094c44da98b954eedeac495271d0f,1660.376,1651.9781,0.005058,4.1509,2.1138,1.5071,1.389469039092226,1.5472768246095183,1.3452365135228277,1.4974471795882862,
0x52f8c056fad6563f22cc2d4aa6920b53d28171930612231ed4239d66cc891e2e,24748382,1774608275,AaveV3Repay,repay,0xfb64077abffffd8b94309ebe464a4756dc09dfe2,0xfb64077abffffd8b94309ebe464a4756dc09dfe2,0x87870bca3f3fd6335c3f4ce8392d69350b4fa4e2,0xc02aaa39b223fe8d0a0e5c4f27ead9083c756cc2,0xa0b86991c6218b36c1d19d4a2e9eb0ce3606eb48,21067.4449,21037.2755,0.001432,52.6686,14.0263,3.5791,1.3872772924098782,1.5446547516403235,1.3454918317951072,1.4981290061088883,
0x22e084db6a35e948a7301c8081be79a7c0da5fec59ab662a878a92ddd4486681,24766311,1774824215,AaveV3GenericFLRepayStrategy,repay,0x954079abbfebe65a43341979d342316cda96e2be,0x75b4257dc02477eb21ebeb7cb97221f8ee41e4e2,0x87870bca3f3fd6335c3f4ce8392d69350b4fa4e2,0xc02aaa39b223fe8d0a0e5c4f27ead9083c756cc2,0xa0b86991c6218b36c1d19d4a2e9eb0ce3606eb48,32487.6753,32430.6944,0.001754,81.2192,23.1265,6.9368,1.0786887243490932,1.1355093797823022,1.0461981001216916,1.1013072900297862,
0x6340066eca9da31be9c9f7793532890a56a70b1e1e313e4d49db54397cc4b2c9,24798170,1775208059,AaveV3Boost,boost,0xa318cb09ff9daaebb246d019d2ebf74f859d2c5a,0xa318cb09ff9daaebb246d019d2ebf74f859d2c5a,0x87870bca3f3fd6335c3f4ce8392d69350b4fa4e2,0xa0b86991c6218b36c1d19d4a2e9eb0ce3606eb48,0x2260fac5e5542a773aa44fbcfedf7c193bc2c599,34084.245,33996.4335,0.002576,85.2106,18.1963,1.2118,2.3718489556349707,1.5854740471557252,2.249652181395173,1.498911729618553,
0x11c727b193dc48a436ee549ebe8683331dd09a73deba2f378e65b64d9eb2223e,24816601,1775429927,AaveV3Repay,repay,0xe384f9cba7e27df646c3e636136e5af57ec359fc,0xe384f9cba7e27df646c3e636136e5af57ec359fc,0x87870bca3f3fd6335c3f4ce8392d69350b4fa4e2,0xa0b86991c6218b36c1d19d4a2e9eb0ce3606eb48,0xcbb7c0000ab88b473b1f5afd9ef808440eed33bf,15948.1959,15897.3372,0.003189,39.8705,8.7678,0.836,1.3995221318518922,1.5597797862059768,1.345694357549799,1.4997882559672855,
0xf267f6f71de240652affb78f595a8a837a31668867a58c575169a8dccaa3bc64,24817571,1775441615,AaveV3Boost,boost,0x80d50cff6c4b05f395561a0c987990f11bf57511,0x80d50cff6c4b05f395561a0c987990f11bf57511,0x87870bca3f3fd6335c3f4ce8392d69350b4fa4e2,0xa0b86991c6218b36c1d19d4a2e9eb0ce3606eb48,0xc02aaa39b223fe8d0a0e5c4f27ead9083c756cc2,6987.6141,6964.5169,0.003305,17.469,4.8599,1.5176,1.2402795866863388,1.1856006696847852,1.2029217678100992,1.1498898061399596,
0xafbc3378f453766ceb85cc46393fa1379344f39d667a00c01a3f892ca46e87c3,24830928,1775602451,AaveV3Boost,boost,0x80d50cff6c4b05f395561a0c987990f11bf57511,0x80d50cff6c4b05f395561a0c987990f11bf57511,0x87870bca3f3fd6335c3f4ce8392d69350b4fa4e2,0xa0b86991c6218b36c1d19d4a2e9eb0ce3606eb48,0xc02aaa39b223fe8d0a0e5c4f27ead9083c756cc2,7610.2017,7588.8468,0.002806,19.0255,5.9042,2.1698,1.23886306261514,1.1857257846047913,1.2015479101266269,1.1500111525382326,
0x637792487dd2bfbb6384872792372727cb4faf1288ac13cc4ac69628776e2bf0,24830968,1775602931,AaveV3Boost,boost,0xfb64077abffffd8b94309ebe464a4756dc09dfe2,0xfb64077abffffd8b94309ebe464a4756dc09dfe2,0x87870bca3f3fd6335c3f4ce8392d69350b4fa4e2,0xa0b86991c6218b36c1d19d4a2e9eb0ce3606eb48,0xc02aaa39b223fe8d0a0e5c4f27ead9083c756cc2,17050.7494,16977.6281,0.004288,42.6269,13.9201,5.7105,1.7114158217704505,1.5464684235239918,1.6598671524399722,1.4998880493214424,
0x05e2bc1c3628fd7429ae7e999b465d6b2bbd3205c85f24111f4644df9dedec30,24830969,1775602943,AaveV3Boost,boost,0x060ff62e45c4c84551762289a139d586fb5ea21c,0x060ff62e45c4c84551762289a139d586fb5ea21c,0x87870bca3f3fd6335c3f4ce8392d69350b4fa4e2,0xa0b86991c6218b36c1d19d4a2e9eb0ce3606eb48,0x2260fac5e5542a773aa44fbcfedf7c193bc2c599,134858.1842,134406.5624,0.003349,337.1455,75.3331,8.8186,1.229452594281606,1.175356516441417,1.1506415305456053,1.100013150002861,
0xef8b3e56b24f3745095ec50f012942411a9efb2c06a5552ac4bdea2690865f22,24830980,1775603075,AaveV3Boost,boost,0x4f9dee86469f70f56d9d8fd501f20d9ce78fa3fd,0x4f9dee86469f70f56d9d8fd501f20d9ce78fa3fd,0x87870bca3f3fd6335c3f4ce8392d69350b4fa4e2,0xa0b86991c6218b36c1d19d4a2e9eb0ce3606eb48,0xc02aaa39b223fe8d0a0e5c4f27ead9083c756cc2,1703.0555,1690.2942,0.007493,4.2576,7.2355,6.1022,2.0860512563507734,1.9072784572508323,2.0232183871827822,1.8498303109472691,
0x1f2a62256dfdd44184a5685da319294ee7c1b53f34d2baf5b13d46744d9139a4,24831074,1775604203,AaveV3Boost,boost,0xa318cb09ff9daaebb246d019d2ebf74f859d2c5a,0xa318cb09ff9daaebb246d019d2ebf74f859d2c5a,0x87870bca3f3fd6335c3f4ce8392d69350b4fa4e2,0xa0b86991c6218b36c1d19d4a2e9eb0ce3606eb48,0x2260fac5e5542a773aa44fbcfedf7c193bc2c599,139650.195,139540.5606,0.000785,349.1255,73.9295,4.1546,1.2820318510364506,1.2279267786496153,1.200686743086532,1.1499600361752376,
0xfeca4689a6cb11012012514cadd817907ea9e8b2e0fb28eabdcd1fab6b827437,24831081,1775604287,AaveV3GenericBoostStrategy,boost,0xdf72374d98f6d0db39e7829592bfc34d910568b5,0x80d95f2a9ba8f523b5a8323039d3ac1b87139778,0x87870bca3f3fd6335c3f4ce8392d69350b4fa4e2,0xa0b86991c6218b36c1d19d4a2e9eb0ce3606eb48,0xc02aaa39b223fe8d0a0e5c4f27ead9083c756cc2,5434.1001,5387.2948,0.008613,13.5852,9.6753,7.4011,1.807824294003626,1.7525894912582265,1.7533717550276022,1.699800651160084,
0xc7562942b41d4eb4e8e1cfe78249d81bf9fe8a6420d833a75b1d1d6106aa96b2,24831088,1775604371,AaveV3Boost,boost,0xe692241fd04b9561e0d96f2b4bb6447e77c7ea1d,0xe692241fd04b9561e0d96f2b4bb6447e77c7ea1d,0x87870bca3f3fd6335c3f4ce8392d69350b4fa4e2,0xa0b86991c6218b36c1d19d4a2e9eb0ce3606eb48,0xc02aaa39b223fe8d0a0e5c4f27ead9083c756cc2,136734.296,135751.5787,0.007187,341.8357,72.1918,5.0536,1.3971871119360986,1.288472902366878,1.3551031627813859,1.249663477596789,
0xd484ea64c1889102269bd62ae29c28be02cbafcea2a061512662519838a78613,24858340,1775932703,AaveV3Boost,boost,0x80d50cff6c4b05f395561a0c987990f11bf57511,0x80d50cff6c4b05f395561a0c987990f11bf57511,0x87870bca3f3fd6335c3f4ce8392d69350b4fa4e2,0xa0b86991c6218b36c1d19d4a2e9eb0ce3606eb48,0xc02aaa39b223fe8d0a0e5c4f27ead9083c756cc2,11879.2024,11875.3514,0.000324,29.698,11.8809,6.3612,1.253739755673243,1.1850859574214057,1.2159765100203614,1.149390597258038,
0x74efe31de75ecb2b3495a955a1a02fcee682a370aae9a7144919d29ab43d04bf,24858340,1775932703,AaveV3Boost,boost,0xee60f36b6e97f4a57f1e87c1fcb1f0ddbd9a3782,0xee60f36b6e97f4a57f1e87c1fcb1f0ddbd9a3782,0x87870bca3f3fd6335c3f4ce8392d69350b4fa4e2,0xdac17f958d2ee523a2206206994597c13d831ec7,0x7f39c581f595b53c5cb19bd0b3f8da6c935e2ca0,1694.1536,1687.97,0.00365,4.2354,6.8109,6.2132,1.417709038009721,1.3302433150675033,1.3625148159034177,1.2794624982115217,
0xb5856331491e7bb00ac99a7c55584bd9cec69efa3c56eb0b74143494ba6b59a7,24858340,1775932703,AaveV3Boost,boost,0x3184cef74082cc8800bbe0adf8e6ccb6af23da34,0x3184cef74082cc8800bbe0adf8e6ccb6af23da34,0x87870bca3f3fd6335c3f4ce8392d69350b4fa4e2,0xa0b86991c6218b36c1d19d4a2e9eb0ce3606eb48,0xc02aaa39b223fe8d0a0e5c4f27ead9083c756cc2,15616.8873,15603.7126,0.000844,39.0422,13.3829,5.9643,1.3408219028948112,1.2782545431202987,1.3004357010003802,1.2397529002551855,
0xbfced62aef394537c354f747d712edd475e8289a65354afb0f69bd0e6bc59733,24858340,1775932703,AaveV3Boost,boost,0x877fc51036b47bd059737266ad3f8db6180b6e19,0x877fc51036b47bd059737266ad3f8db6180b6e19,0x87870bca3f3fd6335c3f4ce8392d69350b4fa4e2,0x6b175474e89094c44da98b954eedeac495271d0f,0xc02aaa39b223fe8d0a0e5c4f27ead9083c756cc2,2949.2984,2937.9701,0.003841,7.3732,6.0191,4.5365,1.7395298598735986,1.5701088496074063,1.6577458556968439,1.499000273279401,
0x67777cffe7eda9ee28ede23c97db82f9c6f0cab20d6ff8de9f60cc8aea7bd34d,24858342,1775932727,AaveV3Boost,boost,0xb68ee3777f2f3c0b877df9b7371a304a1bf64991,0xb68ee3777f2f3c0b877df9b7371a304a1bf64991,0x87870bca3f3fd6335c3f4ce8392d69350b4fa4e2,0x6b175474e89094c44da98b954eedeac495271d0f,0xc02aaa39b223fe8d0a0e5c4f27ead9083c756cc2,1790.1043,1782.5414,0.004225,4.4753,5.4086,4.6607,1.7696267636361223,1.548457956985057,1.7129806873525848,1.4991935148907591,
0x1fde871438ab0fd91eb815d6803a4f3e163deefe5dc7defeca2e1dfa58e523d6,24858485,1775934455,AaveV3Boost,boost,0x9cd9db65aacf2f981d5daac0d1a3daed9e6b0cbc,0x9cd9db65aacf2f981d5daac0d1a3daed9e6b0cbc,0x87870bca3f3fd6335c3f4ce8392d69350b4fa4e2,0xa0b86991c6218b36c1d19d4a2e9eb0ce3606eb48,0xc02aaa39b223fe8d0a0e5c4f27ead9083c756cc2,7407.2317,7368.4974,0.005229,18.5181,31.3007,19.4763,1.394776485568074,1.2883095772596982,1.3527651456412673,1.249505071920302,
0xb4f3b42fa50b8adb3ef830c95643a51ac2179e19fcda1480a9e8f32be08ff7b8,24858486,1775934467,AaveV3GenericBoostStrategy,boost,0xdf72374d98f6d0db39e7829592bfc34d910568b5,0x80d95f2a9ba8f523b5a8323039d3ac1b87139778,0x87870bca3f3fd6335c3f4ce8392d69350b4fa4e2,0xa0b86991c6218b36c1d19d4a2e9eb0ce3606eb48,0xc02aaa39b223fe8d0a0e5c4f27ead9083c756cc2,5988.6448,5949.9198,0.006466,14.9716,30.552,19.4484,1.8099312451970908,1.7525985209727986,1.7554152438356343,1.6998094088952278,
0x5c30b339caa9a0940cab02ed0422086c5b1092ea67782683bdcec37dbbd6a324,24858640,1775936327,AaveV3Boost,boost,0x47f2bd131390652a043e840e42637e22abf9dec8,0x47f2bd131390652a043e840e42637e22abf9dec8,0x87870bca3f3fd6335c3f4ce8392d69350b4fa4e2,0x6b175474e89094c44da98b954eedeac495271d0f,0x2260fac5e5542a773aa44fbcfedf7c193bc2c599,4410.5481,4396.2797,0.003235,11.0264,2.9818,0.8091,1.7411981113590709,1.583339622133474,1.6512212685247731,1.4998124238526027,
0xab9a7d6a4a564c5087cbb6e1311a17d8fc9165ee96474e58ae7217271de323ae,24860441,1775958023,AaveV3GenericRepayStrategy,repay,0xdf72374d98f6d0db39e7829592bfc34d910568b5,0x80d95f2a9ba8f523b5a8323039d3ac1b87139778,0x87870bca3f3fd6335c3f4ce8392d69350b4fa4e2,0xc02aaa39b223fe8d0a0e5c4f27ead9083c756cc2,0xa0b86991c6218b36c1d19d4a2e9eb0ce3606eb48,6422.8512,6414.7742,0.001258,16.0571,5.3549,2.1465,1.6952425628743788,1.7526825672846122,1.6441810398961854,1.6998909236916386,
0xd69967a176edaef2158b342db8335d8ce33b7f8bd9c9998c426a2bd009e456e4,24863299,1775992391,AaveV3GenericBoostStrategy,boost,0x63b44a58b7f9b885899095ef45c964175a2c0321,0x8249be84b51b97bdd7a43603b8957bb9a6a1a709,0x87870bca3f3fd6335c3f4ce8392d69350b4fa4e2,0xc02aaa39b223fe8d0a0e5c4f27ead9083c756cc2,0x7f39c581f595b53c5cb19bd0b3f8da6c935e2ca0,47922.0704,47850.8652,0.001486,47.9221,24.6554,0.7302,2.343968963508197,1.5477715945360893,2.271624242412203,1.5000008663096338,
0x05dc8711e4058cd0da422d8f671f7155dc0cbd84bdffaca1365ad6c80ad502cf,24864401,1776005675,AaveV3GenericRepayStrategy,repay,0x63b44a58b7f9b885899095ef45c964175a2c0321,0x8249be84b51b97bdd7a43603b8957bb9a6a1a709,0x87870bca3f3fd6335c3f4ce8392d69350b4fa4e2,0x7f39c581f595b53c5cb19bd0b3f8da6c935e2ca0,0xc02aaa39b223fe8d0a0e5c4f27ead9083c756cc2,21473.4807,21404.849,0.003196,21.4735,41.7257,21.9717,1.3924654410963897,1.5471314963149994,1.3494881126674343,1.4993805242064626,
0xf3bdc8a467a660e55f38f4e07e891bfe6396ed95223bd92f0124dd4acd3a30b3,24872460,1776102671,AaveV3GenericBoostStrategy,boost,0xdf72374d98f6d0db39e7829592bfc34d910568b5,0x80d95f2a9ba8f523b5a8323039d3ac1b87139778,0x87870bca3f3fd6335c3f4ce8392d69350b4fa4e2,0xa0b86991c6218b36c1d19d4a2e9eb0ce3606eb48,0xc02aaa39b223fe8d0a0e5c4f27ead9083c756cc2,16952.4233,16930.2531,0.001308,42.3811,11.3304,2.8955,1.670182985932098,1.5466774135048127,1.6196750477070354,1.4999044020850525,
0xcd53366b90ee4c8a807490167f8a0d1dfbfd6bba12617821fc9cb3a0cd04d71e,24873816,1776118979,AaveV3Boost,boost,0x80d50cff6c4b05f395561a0c987990f11bf57511,0x80d50cff6c4b05f395561a0c987990f11bf57511,0x87870bca3f3fd6335c3f4ce8392d69350b4fa4e2,0xa0b86991c6218b36c1d19d4a2e9eb0ce3606eb48,0xc02aaa39b223fe8d0a0e5c4f27ead9083c756cc2,12268.5625,12195.9312,0.00592,30.6714,10.666,4.8406,1.2483812572069155,1.1858541619312903,1.2107794121102728,1.1501356630778707,
0x004a3ec6ae23cf6e8388495fbd023b73e1170180eee9d0ff92a2696de50eda22,24873816,1776118979,AaveV3GenericBoostStrategy,boost,0x954079abbfebe65a43341979d342316cda96e2be,0x75b4257dc02477eb21ebeb7cb97221f8ee41e4e2,0x87870bca3f3fd6335c3f4ce8392d69350b4fa4e2,0xa0b86991c6218b36c1d19d4a2e9eb0ce3606eb48,0xc02aaa39b223fe8d0a0e5c4f27ead9083c756cc2,25335.0335,25210.1976,0.004927,63.3376,17.9685,6.1706,1.2385964813347388,1.1859420686132196,1.2012893584029136,1.1502209219682082,
0x30250242a7add56b6963529ceb5b86e0b0caba1aebf6455d9e8bd71a2c4e80f5,24873824,1776119075,AaveV3GenericBoostStrategy,boost,0xdf72374d98f6d0db39e7829592bfc34d910568b5,0x80d95f2a9ba8f523b5a8323039d3ac1b87139778,0x87870bca3f3fd6335c3f4ce8392d69350b4fa4e2,0xa0b86991c6218b36c1d19d4a2e9eb0ce3606eb48,0xc02aaa39b223fe8d0a0e5c4f27ead9083c756cc2,10252.2463,10186.7292,0.006391,25.6306,7.7819,2.7088,1.610577418666642,1.5464937517876802,1.5618720095007723,1.499726294121852,
0x01039fecf13224be070e39275d8ed5650f15c56bd156ef34398bd821abee0a3c,24873989,1776121067,AaveV3Boost,boost,0x75c97a4b805f1ea755321664e0a4465739886101,0x75c97a4b805f1ea755321664e0a4465739886101,0x87870bca3f3fd6335c3f4ce8392d69350b4fa4e2,0x6b175474e89094c44da98b954eedeac495271d0f,0xc02aaa39b223fe8d0a0e5c4f27ead9083c756cc2,1511389.1832,1503441.2901,0.005259,3778.473,754.9818,2.9377,1.6044977564565066,1.443301637283426,1.5561695107801055,1.3998286964013946,
0x8860b5f1de6f5116e94a22bfda3a1862dd1e0907fcfa4369e27dee6fe6bace5c,24874058,1776121895,AaveV3Boost,boost,0xf380b8f1e63e2bed7ca329ca1fddbc39b52cc0d3,0xf380b8f1e63e2bed7ca329ca1fddbc39b52cc0d3,0x87870bca3f3fd6335c3f4ce8392d69350b4fa4e2,0xa0b86991c6218b36c1d19d4a2e9eb0ce3606eb48,0x7f39c581f595b53c5cb19bd0b3f8da6c935e2ca0,26269.9109,26215.5328,0.00207,65.6748,14.4123,1.3075,2.0337293218910384,1.875953016806186,1.9500358964426352,1.7999330751345946,
0xf3682ae78413ba64beb834b66256f2ac501f06ea8bdd1f519604fbd005cdd540,24874144,1776122927,AaveV3Boost,boost,0x059996be3b54be5062d2a0730be7f603479c6f77,0x059996be3b54be5062d2a0730be7f603479c6f77,0x87870bca3f3fd6335c3f4ce8392d69350b4fa4e2,0xa0b86991c6218b36c1d19d4a2e9eb0ce3606eb48,0xc02aaa39b223fe8d0a0e5c4f27ead9083c756cc2,26951.3219,26897.8481,0.001984,67.3783,25.2272,13.6886,1.7075133948405787,1.5465704581466362,1.6560822684898842,1.499987010612046,
0xc7a86e3614d7c28baff4a310a303052831dc2e4104a47a22c9aaf54568249072,24876449,1776150635,AaveV3Boost,boost,0x3e370fd7ef50090fd0c9ca64c8d15f949b60ce90,0x3e370fd7ef50090fd0c9ca64c8d15f949b60ce90,0x87870bca3f3fd6335c3f4ce8392d69350b4fa4e2,0xa0b86991c6218b36c1d19d4a2e9eb0ce3606eb48,0x2260fac5e5542a773aa44fbcfedf7c193bc2c599,40544.9789,40352.1558,0.004756,101.3624,24.6004,4.4781,1.447164621802883,1.2815624240869448,1.3543976588667925,1.199410986645443,
0x563b0d48f82ff1e6a19cd11f1a7c83ca389d886e94609cd027b0a67c1e5deda4,24876882,1776155855,AaveV3Boost,boost,0x2e37327a2b7c9e6957a49103fdc7aa8ee89f741d,0x2e37327a2b7c9e6957a49103fdc7aa8ee89f741d,0x87870bca3f3fd6335c3f4ce8392d69350b4fa4e2,0xdac17f958d2ee523a2206206994597c13d831ec7,0xc02aaa39b223fe8d0a0e5c4f27ead9083c756cc2,12943.019,12910.9697,0.002476,32.3575,8.7923,2.385,1.704321507742643,1.546567861934854,1.6529865225695344,1.4999844925993937,
0xf78cceb4990fffc557fd3b5b1e2d03deed48d3bd4307411c07c4446d3c88bbaf,24877231,1776160043,AaveV3GenericBoostStrategy,boost,0x63b44a58b7f9b885899095ef45c964175a2c0321,0x8249be84b51b97bdd7a43603b8957bb9a6a1a709,0x87870bca3f3fd6335c3f4ce8392d69350b4fa4e2,0xc02aaa39b223fe8d0a0e5c4f27ead9083c756cc2,0x7f39c581f595b53c5cb19bd0b3f8da6c935e2ca0,15301.9872,15278.4126,0.001541,15.302,9.0085,1.3802,1.708938065455196,1.5477986877229943,1.6561930634348712,1.5000271232870812,
0x14b10ee16c6f059ae7d825e5c4202ddb8d00dab7c86d59845b2c73f94fa6822e,24877236,1776160103,AaveV3GenericRepayStrategy,repay,0x63b44a58b7f9b885899095ef45c964175a2c0321,0x8249be84b51b97bdd7a43603b8957bb9a6a1a709,0x87870bca3f3fd6335c3f4ce8392d69350b4fa4e2,0x7f39c581f595b53c5cb19bd0b3f8da6c935e2ca0,0xc02aaa39b223fe8d0a0e5c4f27ead9083c756cc2,25256.3149,25215.6514,0.00161,25.2563,13.2083,0.6018,1.35728960818862,1.5478001055034523,1.315397953614811,1.5000284973088154,
0x7aa332a05b54b4c8bdf8184df9338d8592a4f33ac9adbb6a2709f6f6b3e30a7c,24877248,1776160247,AaveV3GenericBoostStrategy,boost,0x63b44a58b7f9b885899095ef45c964175a2c0321,0x8249be84b51b97bdd7a43603b8957bb9a6a1a709,0x87870bca3f3fd6335c3f4ce8392d69350b4fa4e2,0xa0b86991c6218b36c1d19d4a2e9eb0ce3606eb48,0x7f39c581f595b53c5cb19bd0b3f8da6c935e2ca0,20518.8017,20474.1766,0.002175,51.297,11.0261,0.8122,1.841299532135119,1.5477117972398178,1.7844692996617741,1.499942914608917,
0x7a9c44080809fa13bff58ddaad37c06e1fbf0ff35f3898eaadd6c313df726278,24878409,1776174251,AaveV3Boost,boost,0x060ff62e45c4c84551762289a139d586fb5ea21c,0x060ff62e45c4c84551762289a139d586fb5ea21c,0x87870bca3f3fd6335c3f4ce8392d69350b4fa4e2,0xa0b86991c6218b36c1d19d4a2e9eb0ce3606eb48,0x2260fac5e5542a773aa44fbcfedf7c193bc2c599,165148.3842,164426.6542,0.00437,412.871,90.7991,8.6691,1.233701770921991,1.1753043737466173,1.1546183240680135,1.0999643497884954,
0x2cdce3e25bc0d7d80d861786efed30d04afc4d09f6703936f8d7eeaba3ab6114,24878649,1776177131,AaveV3Boost,boost,0x531166d2aae840f565b930b22918e2ce5f29e5d3,0x531166d2aae840f565b930b22918e2ce5f29e5d3,0x87870bca3f3fd6335c3f4ce8392d69350b4fa4e2,0x40d16fc0246ad3160ccc09b8d0d3a2cd28ae6c2f,0xc02aaa39b223fe8d0a0e5c4f27ead9083c756cc2,14964.6998,14888.5034,0.005092,37.4117,13.5883,6.22,1.7034871795520317,1.5463121954629095,1.6521773247461098,1.4997365269248497,
0x90b4d678c5ca3c9bc7ad1ae6eb04f256550dd40d77b19550be5f4b826a21b651,24878649,1776177131,AaveV3Boost,boost,0x5c32f605166eef8c6977a5a906a73369d4dfae8e,0x5c32f605166eef8c6977a5a906a73369d4dfae8e,0x87870bca3f3fd6335c3f4ce8392d69350b4fa4e2,0xdac17f958d2ee523a2206206994597c13d831ec7,0xc02aaa39b223fe8d0a0e5c4f27ead9083c756cc2,54444.4628,54184.1054,0.004782,136.1112,36.1594,9.5952,1.3404336714858598,1.2369909839229538,1.3000591633085463,1.1997322193469495,
0xadd2751b710ad85e4576cd0acf68664fd04286997f40b5f66d2c40832b71bd2c,24878649,1776177131,AaveV3GenericBoostStrategy,boost,0xdf72374d98f6d0db39e7829592bfc34d910568b5,0x80d95f2a9ba8f523b5a8323039d3ac1b87139778,0x87870bca3f3fd6335c3f4ce8392d69350b4fa4e2,0xa0b86991c6218b36c1d19d4a2e9eb0ce3606eb48,0xc02aaa39b223fe8d0a0e5c4f27ead9083c756cc2,9424.9013,9381.0498,0.004653,23.5623,9.1023,4.46,1.6006193807369786,1.5465054390028823,1.5522151118905976,1.4997376276335883,
0xeeadd0e6082720b60a662893982548c11d6561e7ef0344d903f205adc2a06aab,24878657,1776177227,AaveV3Repay,repay,0x13d67ee632f7b41c370ee6c613267c1e754372b7,0x13d67ee632f7b41c370ee6c613267c1e754372b7,0x87870bca3f3fd6335c3f4ce8392d69350b4fa4e2,0xa0b86991c6218b36c1d19d4a2e9eb0ce3606eb48,0x2260fac5e5542a773aa44fbcfedf7c193bc2c599,14279.3811,14242.6576,0.002572,35.6985,11.5816,4.5137,1.1926813806547503,1.2480387067708523,1.1468090198602743,1.2000372180488255,
0x3bbcffb91ee91bc3b75c244fa4825b7ae6770aaddb7f29bf3265b1ef98927e83,24878658,1776177239,AaveV3Repay,repay,0xe384f9cba7e27df646c3e636136e5af57ec359fc,0xe384f9cba7e27df646c3e636136e5af57ec359fc,0x87870bca3f3fd6335c3f4ce8392d69350b4fa4e2,0xa0b86991c6218b36c1d19d4a2e9eb0ce3606eb48,0xcbb7c0000ab88b473b1f5afd9ef808440eed33bf,13889.9562,13882.1386,0.000563,34.7249,14.2334,7.4932,1.401695421495287,1.5606357192414513,1.3477840591300103,1.5006112685013033,
0x8bbc2be297f90c5302cb7c90b7a6d60c92261667ce231e4ebd19ecec8318963d,24899842,1776432131,AaveV3Boost,boost,0x3184cef74082cc8800bbe0adf8e6ccb6af23da34,0x3184cef74082cc8800bbe0adf8e6ccb6af23da34,0x87870bca3f3fd6335c3f4ce8392d69350b4fa4e2,0xa0b86991c6218b36c1d19d4a2e9eb0ce3606eb48,0xc02aaa39b223fe8d0a0e5c4f27ead9083c756cc2,17756.0853,17639.1006,0.006588,44.3902,41.0758,32.6328,1.3413043131798241,1.278242327858525,1.3009035808551304,1.2397410529229727,
0xfe831fa040ff24a0920425ee26de4d0fc11f4b6c6934b322ff51f3a5b8756048,24899842,1776432131,AaveV3Boost,boost,0x4f9dee86469f70f56d9d8fd501f20d9ce78fa3fd,0x4f9dee86469f70f56d9d8fd501f20d9ce78fa3fd,0x87870bca3f3fd6335c3f4ce8392d69350b4fa4e2,0xa0b86991c6218b36c1d19d4a2e9eb0ce3606eb48,0xc02aaa39b223fe8d0a0e5c4f27ead9083c756cc2,1840.5209,1805.5489,0.019001,4.6013,28.5924,26.1167,2.073603303276608,1.9065532728645267,2.0111453724543087,1.8491269694647943,
0x8f741d55f72a9225f29c1b744be1bd952f456f849da7aa236fb99cef5a7f4edf,24899992,1776433931,AaveV3Boost,boost,0xa318cb09ff9daaebb246d019d2ebf74f859d2c5a,0xa318cb09ff9daaebb246d019d2ebf74f859d2c5a,0x87870bca3f3fd6335c3f4ce8392d69350b4fa4e2,0xa0b86991c6218b36c1d19d4a2e9eb0ce3606eb48,0x2260fac5e5542a773aa44fbcfedf7c193bc2c599,160027.2561,158873.6707,0.007209,400.0681,92.4731,13.2836,1.282452911861249,1.2277643434019143,1.201010988436234,1.149737971400837,
0xb4c7b5d4a2d6d4abd09632870ee2a57f80e0794c04652a860a87cd5f3ee2c62d,24900004,1776434075,AaveV3Boost,boost,0xe692241fd04b9561e0d96f2b4bb6447e77c7ea1d,0xe692241fd04b9561e0d96f2b4bb6447e77c7ea1d,0x87870bca3f3fd6335c3f4ce8392d69350b4fa4e2,0xa0b86991c6218b36c1d19d4a2e9eb0ce3606eb48,0xc02aaa39b223fe8d0a0e5c4f27ead9083c756cc2,170185.5573,169361.1104,0.004844,425.4639,96.3781,12.0562,1.3975676443644596,1.2884734570204284,1.355472233389621,1.2496640155438992,
0xabbd8ae7ae44e379bd39f2f8c270050cb7c845877da143b50dda3fafa1c24c6b,24900006,1776434099,AaveV3Boost,boost,0xee60f36b6e97f4a57f1e87c1fcb1f0ddbd9a3782,0xee60f36b6e97f4a57f1e87c1fcb1f0ddbd9a3782,0x87870bca3f3fd6335c3f4ce8392d69350b4fa4e2,0xdac17f958d2ee523a2206206994597c13d831ec7,0x7f39c581f595b53c5cb19bd0b3f8da6c935e2ca0,1673.2881,1653.8898,0.011593,4.1832,14.8556,14.4192,1.40455686326859,1.3297341544143997,1.3509084502521913,1.2796907930340726,
0xa2ef13a240bfaed7fb6b31c6283961f79646dbace1222abe7584c4c6e86cc0e5,24900218,1776436655,AaveV3GenericBoostStrategy,boost,0xd42d508f87e06e6a25c84d103f6c468962e8aeab,0x23c225cced72e95f4cb3c553b41c54d8fa9ffcf2,0x87870bca3f3fd6335c3f4ce8392d69350b4fa4e2,0xdac17f958d2ee523a2206206994597c13d831ec7,0x2260fac5e5542a773aa44fbcfedf7c193bc2c599,403963.1795,402469.5759,0.003697,1009.9079,211.1917,9.9732,1.50305504839924,1.3355883125111983,1.4067053658095396,1.2499736770938088,
0x2817085d095db8d97d9ce0a236ca6afc56794ba7fac93e4f289880e33481ea66,24900239,1776436907,AaveV3Boost,boost,0xfb64077abffffd8b94309ebe464a4756dc09dfe2,0xfb64077abffffd8b94309ebe464a4756dc09dfe2,0x87870bca3f3fd6335c3f4ce8392d69350b4fa4e2,0xa0b86991c6218b36c1d19d4a2e9eb0ce3606eb48,0xc02aaa39b223fe8d0a0e5c4f27ead9083c756cc2,19761.775,19671.5979,0.004563,49.4044,23.5464,14.6633,1.701791307244104,1.5463566173046237,1.6505325329295,1.499779610759274,
0x8393226cdaaccaef2fcab6a4a750a4568accd1ec1b1861c2adc8e528a97078b9,24900239,1776436907,AaveV3Boost,boost,0x0e18ccf32c1a897d16d3fec3427fbe08c7c2f878,0x0e18ccf32c1a897d16d3fec3427fbe08c7c2f878,0x87870bca3f3fd6335c3f4ce8392d69350b4fa4e2,0xa0b86991c6218b36c1d19d4a2e9eb0ce3606eb48,0xc02aaa39b223fe8d0a0e5c4f27ead9083c756cc2,20019.6931,19911.4628,0.005406,50.0492,24.1748,14.461,1.7104766500735682,1.5462828912959519,1.6589562690472173,1.4997081054135293,
0xf898f5db958f0c1ecf2cd334721174e91f054ef1279d3a7b98fdacfdffeb3bba,24900751,1776443087,AaveV3Boost,boost,0xb694cd3f474706f8d800d17a7ee4518cbd89fcab,0xb694cd3f474706f8d800d17a7ee4518cbd89fcab,0x87870bca3f3fd6335c3f4ce8392d69350b4fa4e2,0x1abaea1f7c830bd89acc67ec4af516284b1bc33c,0x2260fac5e5542a773aa44fbcfedf7c193bc2c599,45831.2413,45706.0828,0.002731,114.5781,31.3906,8.7862,1.5526450887795487,1.3890308829510845,1.4531165574475087,1.299990441736248,
0xe8cadfaa305aee80b71b8f04a8654d5d717a08e66bb92dba90a801624ecf7fee,24900816,1776443867,AaveV3Boost,boost,0x711e9eb2c64796b0ba8603e906ee34eb8c953d44,0x711e9eb2c64796b0ba8603e906ee34eb8c953d44,0x87870bca3f3fd6335c3f4ce8392d69350b4fa4e2,0x40d16fc0246ad3160ccc09b8d0d3a2cd28ae6c2f,0xc02aaa39b223fe8d0a0e5c4f27ead9083c756cc2,18544.2052,18454.7645,0.004823,46.3605,19.2773,10.4927,1.7015742527769817,1.5464634373352133,1.650322016247518,1.4998832133190108,
0x968122d5ae993de1ee316c61501a48e20f4597844d136d996975a628ddf6f5ec,24935970,1776866915,AaveV3Boost,boost,0x060ff62e45c4c84551762289a139d586fb5ea21c,0x060ff62e45c4c84551762289a139d586fb5ea21c,0x87870bca3f3fd6335c3f4ce8392d69350b4fa4e2,0xa0b86991c6218b36c1d19d4a2e9eb0ce3606eb48,0x2260fac5e5542a773aa44fbcfedf7c193bc2c599,4163.3192,4124.5095,0.009322,10.4083,36.9399,35.6484,1.2304381061302505,1.228971101917765,1.1515638685577954,1.1501909030768769,
0x5718fd2f15910587dbc825368fc86617a614729a9d87ff2d6d140cf6a481eb13,24935981,1776867047,AaveV3Boost,boost,0x060ff62e45c4c84551762289a139d586fb5ea21c,0x060ff62e45c4c84551762289a139d586fb5ea21c,0x87870bca3f3fd6335c3f4ce8392d69350b4fa4e2,0xa0b86991c6218b36c1d19d4a2e9eb0ce3606eb48,0x2260fac5e5542a773aa44fbcfedf7c193bc2c599,3030.3373,2990.8128,0.013043,7.5758,31.2022,28.4261,1.2289704477278056,1.2279017941827794,1.1501902908221704,1.1491901407095184,
0xcd205caa71bbc710b47a91a13bf2ba84b92ba1ac9de96e387828d77672912092,24936494,1776873251,AaveV3Boost,boost,0x060ff62e45c4c84551762289a139d586fb5ea21c,0x060ff62e45c4c84551762289a139d586fb5ea21c,0x87870bca3f3fd6335c3f4ce8392d69350b4fa4e2,0xa0b86991c6218b36c1d19d4a2e9eb0ce3606eb48,0x2260fac5e5542a773aa44fbcfedf7c193bc2c599,195863.1398,195300.8068,0.002871,489.6578,166.6544,72.5956,1.2350746077991888,1.1752789654567577,1.155903158581288,1.0999405702351701,
0xab733e3f96f2af8404a1b41dc391d912ff6ba08be9792b5a460c4ce1c7b10008,24987026,1777481147,AaveV3Repay,repay,0x060ff62e45c4c84551762289a139d586fb5ea21c,0x060ff62e45c4c84551762289a139d586fb5ea21c,0x87870bca3f3fd6335c3f4ce8392d69350b4fa4e2,0x2260fac5e5542a773aa44fbcfedf7c193bc2c599,0xa0b86991c6218b36c1d19d4a2e9eb0ce3606eb48,91863.2094,91478.4478,0.004188,229.6578,52.5421,6.8638,1.1213205864195201,1.1432705958243308,1.0494410616490335,1.0699840191689205,
0x3f6b578ea5c60044a66b23acb9f4a5fbb565ae7ec98ad4961fb1005832a806f5,25018598,1777861031,AaveV3Repay,repay,0x13d67ee632f7b41c370ee6c613267c1e754372b7,0x13d67ee632f7b41c370ee6c613267c1e754372b7,0x87870bca3f3fd6335c3f4ce8392d69350b4fa4e2,0xa0b86991c6218b36c1d19d4a2e9eb0ce3606eb48,0x2260fac5e5542a773aa44fbcfedf7c193bc2c599,13363.3389,13322.8711,0.003028,33.4083,8.6766,1.9818,1.1921034903250007,1.2480004422433228,1.146253356081709,1.200000425233913,
0x88db861684e2a2cf872553b4305d06e0c7b45004dc6bf859d845e63776e200ec,25018914,1777864871,AaveV3Repay,repay,0x1646b5a13f2fd7f438aff57449efe23da1829fc9,0x1646b5a13f2fd7f438aff57449efe23da1829fc9,0x87870bca3f3fd6335c3f4ce8392d69350b4fa4e2,0xdac17f958d2ee523a2206206994597c13d831ec7,0x2260fac5e5542a773aa44fbcfedf7c193bc2c599,50907.7662,50790.9175,0.002295,127.2694,28.9904,3.5331,1.143538909402574,1.1958878396307469,1.0995566436563213,1.1498921534910813,
0x9be0dd83a0781954cdd01ab4930ecc089a26d6b3a02bd640a92717d5e270ce21,25023438,1777919471,AaveV3Repay,repay,0x3f450125ee8d3bd605e0a9639a8c134716a027d1,0x3f450125ee8d3bd605e0a9639a8c134716a027d1,0x87870bca3f3fd6335c3f4ce8392d69350b4fa4e2,0x2260fac5e5542a773aa44fbcfedf7c193bc2c599,0xa0b86991c6218b36c1d19d4a2e9eb0ce3606eb48,4088.1229,4074.2797,0.003386,10.2202,4.4787,2.3654,1.487721145289888,1.6565774009265621,1.392354405206743,1.5503865418925846,
0x206a193702828b0b5fa1cbe33dbd6cb920880d62c003d3f80694c4729a3ca5bd,25026109,1777951643,AaveV3Boost,boost,0xc65b975d471d33a83a746bb69fd72a84b57adb93,0xc65b975d471d33a83a746bb69fd72a84b57adb93,0x87870bca3f3fd6335c3f4ce8392d69350b4fa4e2,0x40d16fc0246ad3160ccc09b8d0d3a2cd28ae6c2f,0x2260fac5e5542a773aa44fbcfedf7c193bc2c599,892449.493,887050.3156,0.00605,2231.1237,447.7408,4.1393,1.410697770590029,1.260699197578215,1.3202684263214362,1.1798851464514057,
0xfcba2c7a11a502dbd4749d3f1fa8f261afe393e4ec6b64eab986e264b9014eae,25029022,1777986719,AaveV3Boost,boost,0x060ff62e45c4c84551762289a139d586fb5ea21c,0x060ff62e45c4c84551762289a139d586fb5ea21c,0x87870bca3f3fd6335c3f4ce8392d69350b4fa4e2,0xa0b86991c6218b36c1d19d4a2e9eb0ce3606eb48,0x2260fac5e5542a773aa44fbcfedf7c193bc2c599,192592.9753,191893.5632,0.003632,481.4824,100.2341,4.4391,1.22955653276192,1.1751845569134134,1.1507388063028183,1.0998522135215245,
0x40b5da1697f4826ad11df9f05a4773d06d372b3c6205c9d5dfbdab22f01a45c6,25046742,1778200043,AaveV3Boost,boost,0xe384f9cba7e27df646c3e636136e5af57ec359fc,0xe384f9cba7e27df646c3e636136e5af57ec359fc,0x87870bca3f3fd6335c3f4ce8392d69350b4fa4e2,0xcbb7c0000ab88b473b1f5afd9ef808440eed33bf,0xa0b86991c6218b36c1d19d4a2e9eb0ce3606eb48,44546.4564,44376.587,0.003813,111.3655,24.4735,2.431,3.7451147171714125,2.5998625192299767,3.601071843434015,2.4998678069518574,
0x75b1b64089ab93f67acf2172c6f1d30f6ba2f9ad68b416d25938aad8913f137a,25096148,1778795099,AaveV3Boost,boost,0xe384f9cba7e27df646c3e636136e5af57ec359fc,0xe384f9cba7e27df646c3e636136e5af57ec359fc,0x87870bca3f3fd6335c3f4ce8392d69350b4fa4e2,0xcbb7c0000ab88b473b1f5afd9ef808440eed33bf,0xa0b86991c6218b36c1d19d4a2e9eb0ce3606eb48,150830.5763,150414.9311,0.002756,377.0758,77.8162,2.6621,2.5690553800205342,1.559956236286456,2.4702455577119884,1.4999579195061892,
0xcc223378a47bc5c71ac6d658a29c5deef0f9478d0d2a5707e40be9b1c7daac07,25109373,1778954267,AaveV3Repay,repay,0x4f9dee86469f70f56d9d8fd501f20d9ce78fa3fd,0x4f9dee86469f70f56d9d8fd501f20d9ce78fa3fd,0x87870bca3f3fd6335c3f4ce8392d69350b4fa4e2,0xc02aaa39b223fe8d0a0e5c4f27ead9083c756cc2,0xa0b86991c6218b36c1d19d4a2e9eb0ce3606eb48,2575.6188,2558.769,0.006542,6.439,2.1427,0.8922,1.709188179041933,1.9055592902913854,1.657706607383753,1.8481629261259558,
0x54be64cf8709bf6a60c893dc8b91143a0cee2aab2e70902fe328416e6916f30c,25109373,1778954267,AaveV3GenericFLRepayStrategy,repay,0x954079abbfebe65a43341979d342316cda96e2be,0x75b4257dc02477eb21ebeb7cb97221f8ee41e4e2,0x87870bca3f3fd6335c3f4ce8392d69350b4fa4e2,0xc02aaa39b223fe8d0a0e5c4f27ead9083c756cc2,0xa0b86991c6218b36c1d19d4a2e9eb0ce3606eb48,33369.2841,33240.8645,0.003848,83.4232,18.115,1.5004,1.0810056855215766,1.1337135910732248,1.0484452733070497,1.0995655913420899,
0xe7afeb93e86f35636093106ae520fa563719bc244792bb790a01a54a81a5ae55,25109374,1778954279,AaveV3Repay,repay,0xfb64077abffffd8b94309ebe464a4756dc09dfe2,0xfb64077abffffd8b94309ebe464a4756dc09dfe2,0x87870bca3f3fd6335c3f4ce8392d69350b4fa4e2,0xc02aaa39b223fe8d0a0e5c4f27ead9083c756cc2,0xa0b86991c6218b36c1d19d4a2e9eb0ce3606eb48,27742.488,27648.9384,0.003372,69.3562,14.8969,1.1294,1.3696098917245196,1.5458453938911634,1.3283565817327345,1.4992837856413463,
0x67946be945051742adc1e02d517b8d6569ef6d3d46ea27467b12fc20f8a4025f,25118284,1779061511,AaveV3Repay,repay,0xb68ee3777f2f3c0b877df9b7371a304a1bf64991,0xb68ee3777f2f3c0b877df9b7371a304a1bf64991,0x87870bca3f3fd6335c3f4ce8392d69350b4fa4e2,0x7f39c581f595b53c5cb19bd0b3f8da6c935e2ca0,0x6b175474e89094c44da98b954eedeac495271d0f,1758.4829,1742.9507,0.008833,4.3962,4.5841,3.8664,1.3893660292617405,1.5575621648801434,1.3437295085040757,1.5059394462053208,
0xe9c8570b64eb3a63a77c34917be78c6702f2553bd8369378886374ebe2145a48,25118415,1779063083,AaveV3Repay,repay,0x75c97a4b805f1ea755321664e0a4465739886101,0x75c97a4b805f1ea755321664e0a4465739886101,0x87870bca3f3fd6335c3f4ce8392d69350b4fa4e2,0xc02aaa39b223fe8d0a0e5c4f27ead9083c756cc2,0x6b175474e89094c44da98b954eedeac495271d0f,1874951.137,1869732.1422,0.002784,4687.3778,939.6125,4.4156,1.2880965153099453,1.443363697770976,1.2492984274994035,1.399888887597151,
0x459692eac6ae211a1de8b8029a51aae33ed08a0ee3b4c6298c2d12b8a6e9017a,25122722,1779114911,AaveV3Boost,boost,0xe384f9cba7e27df646c3e636136e5af57ec359fc,0xe384f9cba7e27df646c3e636136e5af57ec359fc,0x87870bca3f3fd6335c3f4ce8392d69350b4fa4e2,0xcbb7c0000ab88b473b1f5afd9ef808440eed33bf,0xa0b86991c6218b36c1d19d4a2e9eb0ce3606eb48,34147.1147,34016.2402,0.003833,85.3671,20.8271,4.0142,1.6666055498680012,1.560881757774651,1.6025053364115098,1.50084784401407,
0xb6ef448eecc9dfad9dbfd4dd550fa5a50185b60de2d5e6a9eef3972c084947e6,25134273,1779253955,AaveV3GenericFLBoostStrategy,boost,0x954079abbfebe65a43341979d342316cda96e2be,0x75b4257dc02477eb21ebeb7cb97221f8ee41e4e2,0x87870bca3f3fd6335c3f4ce8392d69350b4fa4e2,0xa0b86991c6218b36c1d19d4a2e9eb0ce3606eb48,0xc02aaa39b223fe8d0a0e5c4f27ead9083c756cc2,34993.6062,34872.6108,0.003458,87.484,20.5377,3.4424,1.208779365421236,1.1339438192812552,1.1723703483904406,1.0997888849655337,
0xf41dc622549b8abf3f53d63d601d54774ab77188eb7e2a6ee80f71fe1c50cbfc,25152898,1779478199,AaveV3GenericFLRepayStrategy,repay,0x954079abbfebe65a43341979d342316cda96e2be,0x75b4257dc02477eb21ebeb7cb97221f8ee41e4e2,0x87870bca3f3fd6335c3f4ce8392d69350b4fa4e2,0xc02aaa39b223fe8d0a0e5c4f27ead9083c756cc2,0xa0b86991c6218b36c1d19d4a2e9eb0ce3606eb48,35829.9017,35730.9556,0.002762,89.5748,31.1081,13.8829,1.0797899833570206,1.1341064679989714,1.0472661886775856,1.0999466346254814,
0x75638d2b427e11d7627fe5f497e08ce89a17b2521e42cf7485634ec26041062f,25152910,1779478343,AaveV3Repay,repay,0x060ff62e45c4c84551762289a139d586fb5ea21c,0x060ff62e45c4c84551762289a139d586fb5ea21c,0x87870bca3f3fd6335c3f4ce8392d69350b4fa4e2,0x2260fac5e5542a773aa44fbcfedf7c193bc2c599,0xa0b86991c6218b36c1d19d4a2e9eb0ce3606eb48,85886.3252,85507.6835,0.004409,214.7152,48.9733,6.1082,1.1212494730137814,1.1432902078506728,1.0493745067949478,1.0700023740140878,
0x516e0278c0c8bf95003bca50a678ffb4954bbdc7a6d5d63022f8d1cefbcdb094,25156576,1779522479,AaveV3GenericFLRepayStrategy,repay,0x954079abbfebe65a43341979d342316cda96e2be,0x75b4257dc02477eb21ebeb7cb97221f8ee41e4e2,0x87870bca3f3fd6335c3f4ce8392d69350b4fa4e2,0xc02aaa39b223fe8d0a0e5c4f27ead9083c756cc2,0xa0b86991c6218b36c1d19d4a2e9eb0ce3606eb48,35560.0717,35444.4383,0.003252,88.9002,82.151,65.1884,1.0753258813877586,1.133684934224503,1.042936547610999,1.0995377976514673,
0x838cb97b7c96461891a08b127e2f109bdec8aa100061a3097dbf6990775623ec,25190547,1779931631,AaveV3Repay,repay,0x1dc5d88b1b60cdd539c773b8f8e5716e40436c89,0x1dc5d88b1b60cdd539c773b8f8e5716e40436c89,0x87870bca3f3fd6335c3f4ce8392d69350b4fa4e2,0x7fc66500c84a76ad7e9c93437bfc5ac33e2ddae9,0x40d16fc0246ad3160ccc09b8d0d3a2cd28ae6c2f,104565.8965,104073.4136,0.00471,261.4147,56.2967,4.3604,1.4861583715525495,1.6521146078299307,1.3492753636463806,1.4999461571087385,
0x1a933ace41aec0971df27b6c8cff76d1142e04db3f81d7845fc5bb252d276fdb,25191111,1779938423,AaveV3GenericFLRepayStrategy,repay,0xb4227f40488e105f6c0b724ae06f4553321e3c13,0x3ee301d27fd556eca7aaa8c50cdbd461577c42a6,0x87870bca3f3fd6335c3f4ce8392d69350b4fa4e2,0x7f39c581f595b53c5cb19bd0b3f8da6c935e2ca0,0xa0b86991c6218b36c1d19d4a2e9eb0ce3606eb48,241107.0147,240647.559,0.001906,602.7675,128.8371,8.2021,1.0790687350622485,1.135617787620828,1.0457641444739023,1.1005678559041339,
0x115430537ffc2489cf4e82d7d77f7c8099d168dbdb0e1df253313f579ad37e95,25191113,1779938447,AaveV3Repay,repay,0x4f9dee86469f70f56d9d8fd501f20d9ce78fa3fd,0x4f9dee86469f70f56d9d8fd501f20d9ce78fa3fd,0x87870bca3f3fd6335c3f4ce8392d69350b4fa4e2,0xc02aaa39b223fe8d0a0e5c4f27ead9083c756cc2,0xa0b86991c6218b36c1d19d4a2e9eb0ce3606eb48,1852.7915,1838.9654,0.007462,4.632,5.9068,5.0945,1.7335402542911091,1.9061250579531448,1.6813251863903886,1.848711652592603,
0x69876dca612d7756ea811751c98c4fab9bbd1ada99295330f97c0c0adb6fa645,25191113,1779938447,AaveV3GenericFLRepayStrategy,repay,0x954079abbfebe65a43341979d342316cda96e2be,0x75b4257dc02477eb21ebeb7cb97221f8ee41e4e2,0x87870bca3f3fd6335c3f4ce8392d69350b4fa4e2,0xc02aaa39b223fe8d0a0e5c4f27ead9083c756cc2,0xa0b86991c6218b36c1d19d4a2e9eb0ce3606eb48,35820.977,35723.8515,0.002711,89.5524,27.8998,10.1631,1.066649448962542,1.1340631581247833,1.0345214535118603,1.0999046292656007,
0x8d3da9b0787655796ae87bd4c4c5655d1f86b56514788903204f5eeb8d1fcaf2,25191327,1779941027,AaveV3Repay,repay,0x877fc51036b47bd059737266ad3f8db6180b6e19,0x877fc51036b47bd059737266ad3f8db6180b6e19,0x87870bca3f3fd6335c3f4ce8392d69350b4fa4e2,0x7f39c581f595b53c5cb19bd0b3f8da6c935e2ca0,0x6b175474e89094c44da98b954eedeac495271d0f,3528.7811,3406.2536,0.034722,8.822,120.7288,126.4168,1.4092072095975816,1.5633527443357205,1.342704021152162,1.4858840890244531,
0x6cb4a7449f68fd6bc2e754cdd8fdb36fe9f8256fe38fd5e351520169633f2af7,25191327,1779941027,AaveV3GenericFLRepayStrategy,repay,0x985a834e5da796010d490a6f2cca2160bf5118b7,0x4d43aadee75419a4535400dee43690b5fe8c64e9,0x87870bca3f3fd6335c3f4ce8392d69350b4fa4e2,0x7f39c581f595b53c5cb19bd0b3f8da6c935e2ca0,0xdac17f958d2ee523a2206206994597c13d831ec7,166617.8172,166022.8221,0.003571,416.5445,336.709,249.9906,1.08260985457343,1.1348960056168123,1.0491959701730151,1.0998683511224614,
0xfb28f34e1610e8a9d02e4d36fc448e0a9b6dbb4ae4648b44b9ffb9656281844c,25191328,1779941039,AaveV3Repay,repay,0x060ff62e45c4c84551762289a139d586fb5ea21c,0x060ff62e45c4c84551762289a139d586fb5ea21c,0x87870bca3f3fd6335c3f4ce8392d69350b4fa4e2,0x2260fac5e5542a773aa44fbcfedf7c193bc2c599,0xa0b86991c6218b36c1d19d4a2e9eb0ce3606eb48,76850.4217,76549.9937,0.003909,192.1255,255.3275,221.9735,1.1203974290617256,1.1429794160339197,1.048577081044942,1.0697115047496926,
0x193bbf92c77dd566a2e71a0ea71d330d1461598fad0b218a05046dcb6022cf37,25191328,1779941039,AaveV3GenericFLRepayStrategy,repay,0xedbe47306effb7cdcd5f6852aa6a80a6b17b7c2a,0xa740c1d26d690a34223b06d41b1268b2d0d7b5b6,0x87870bca3f3fd6335c3f4ce8392d69350b4fa4e2,0x7f39c581f595b53c5cb19bd0b3f8da6c935e2ca0,0xdac17f958d2ee523a2206206994597c13d831ec7,281327.2284,280315.2452,0.003597,703.3181,463.1141,361.2663,1.0804932596082724,1.1346948742065714,1.0471447022129505,1.0996734274717952,
0x2379b5998d66b3e060d7b13724ed130af7bf71780daeb78dd32365a0f290fc85,25191328,1779941039,AaveV3GenericFLRepayStrategy,repay,0x11491c78b3287fe7167d16ef2a4a02207a352c86,0xc7218ace51373b6716b7ff3aeb36fbfa75f2c8a7,0x87870bca3f3fd6335c3f4ce8392d69350b4fa4e2,0x7f39c581f595b53c5cb19bd0b3f8da6c935e2ca0,0xdac17f958d2ee523a2206206994597c13d831ec7,117248.6806,116798.578,0.003839,293.1217,204.7385,141.7227,1.0796185738367496,1.1346311897738652,1.0462970129158622,1.0996117086079975,
0xaa81476c311c24dfcabbdec9769a7e75e84baf1ecfdd002a17824bebad499df9,25201609,1780064771,AaveV3Repay,repay,0x3f450125ee8d3bd605e0a9639a8c134716a027d1,0x3f450125ee8d3bd605e0a9639a8c134716a027d1,0x87870bca3f3fd6335c3f4ce8392d69350b4fa4e2,0x2260fac5e5542a773aa44fbcfedf7c193bc2c599,0xa0b86991c6218b36c1d19d4a2e9eb0ce3606eb48,3149.8548,3135.5912,0.004528,7.8741,4.4614,2.7907,1.4954778479154116,1.6558050768022554,1.399613883305168,1.5496637257251733,
0xdec51279d161572aa1f5551e5b20e60e315c84c4e71a366b77a874fd6f916dea,25222695,1780318967,AaveV3Repay,repay,0x060ff62e45c4c84551762289a139d586fb5ea21c,0x060ff62e45c4c84551762289a139d586fb5ea21c,0x87870bca3f3fd6335c3f4ce8392d69350b4fa4e2,0x2260fac5e5542a773aa44fbcfedf7c193bc2c599,0xa0b86991c6218b36c1d19d4a2e9eb0ce3606eb48,68330.2434,68028.4245,0.004417,170.8249,36.2974,2.3315,1.1210635326184306,1.1433151322984247,1.049200485655708,1.0700257007408285,
0xcf447b3d904cd590d9491395073c4e81f02dd8abdf08650339b577b85ba44499,25222962,1780322183,AaveV3Repay,repay,0xfb64077abffffd8b94309ebe464a4756dc09dfe2,0xfb64077abffffd8b94309ebe464a4756dc09dfe2,0x87870bca3f3fd6335c3f4ce8392d69350b4fa4e2,0xc02aaa39b223fe8d0a0e5c4f27ead9083c756cc2,0xa0b86991c6218b36c1d19d4a2e9eb0ce3606eb48,18577.0369,18524.24,0.002842,46.4426,13.2198,3.9168,1.3893351720132412,1.5460085212363275,1.3474877270730057,1.4994419995122195,
0xfb5a1f3e6d541070e968161629d2ebcc610a0579825e5bf55cf7f945ca3f640c,25228792,1780392383,AaveV3GenericFLRepayStrategy,repay,0xd42d508f87e06e6a25c84d103f6c468962e8aeab,0x23c225cced72e95f4cb3c553b41c54d8fa9ffcf2,0x87870bca3f3fd6335c3f4ce8392d69350b4fa4e2,0x2260fac5e5542a773aa44fbcfedf7c193bc2c599,0xdac17f958d2ee523a2206206994597c13d831ec7,264756.6423,263489.0366,0.004788,661.8912,135.1247,3.3219,1.1197653110450076,1.1751729497645658,1.047985483413913,1.0998413504206812,
0x6d47b10b7e314212e82efafd060db800337d9df9a7d222650bc3aa10b48cccb4,25229845,1780405079,AaveV3Repay,repay,0x47f2bd131390652a043e840e42637e22abf9dec8,0x47f2bd131390652a043e840e42637e22abf9dec8,0x87870bca3f3fd6335c3f4ce8392d69350b4fa4e2,0x2260fac5e5542a773aa44fbcfedf7c193bc2c599,0x6b175474e89094c44da98b954eedeac495271d0f,5375.3245,5353.3859,0.004081,13.4377,5.4762,3.0852,1.4246532488426136,1.5819688572336412,1.3485320875473008,1.4996334918035539,
0xa2cda1f841bb55e2202834b8242f613610e0bb36bca472d010f62013268bbddb,25230269,1780410191,AaveV3GenericFLRepayStrategy,repay,0x954079abbfebe65a43341979d342316cda96e2be,0x75b4257dc02477eb21ebeb7cb97221f8ee41e4e2,0x87870bca3f3fd6335c3f4ce8392d69350b4fa4e2,0xc02aaa39b223fe8d0a0e5c4f27ead9083c756cc2,0xa0b86991c6218b36c1d19d4a2e9eb0ce3606eb48,28041.694,27877.3927,0.005859,70.1042,29.76,15.0848,1.074619965449543,1.1332820584647343,1.042251894201061,1.0991470567037078,
0xfd35069a4b4c4e2a8700c285db411804d034c03ca08883b4bb98c07b2242f838,25230296,1780410527,AaveV3Repay,repay,0x060ff62e45c4c84551762289a139d586fb5ea21c,0x060ff62e45c4c84551762289a139d586fb5ea21c,0x87870bca3f3fd6335c3f4ce8392d69350b4fa4e2,0x2260fac5e5542a773aa44fbcfedf7c193bc2c599,0xa0b86991c6218b36c1d19d4a2e9eb0ce3606eb48,57555.5538,57516.0519,0.000686,143.8886,57.2929,29.5725,1.1199018473973583,1.1432648080341559,1.0481132674359837,1.069978602390929,
0x3085b3676f4efbf59517e40256c2e0d7c48d646ac96cb3e2f92f85881c992ee9,25230296,1780410527,AaveV3Repay,repay,0x1dc5d88b1b60cdd539c773b8f8e5716e40436c89,0x1dc5d88b1b60cdd539c773b8f8e5716e40436c89,0x87870bca3f3fd6335c3f4ce8392d69350b4fa4e2,0x7fc66500c84a76ad7e9c93437bfc5ac33e2ddae9,0x40d16fc0246ad3160ccc09b8d0d3a2cd28ae6c2f,88620.4898,88728.1312,-0.001215,221.5512,78.3447,35.9431,1.4795219516324323,1.6521994743730113,1.3432501929294431,1.500023206996526,
0xca3add63f39434f1c9a3364299b793242354ee99f0e6c44affd5985d21a866a3,25230564,1780413743,AaveV3GenericRepayStrategy,repay,0xdf72374d98f6d0db39e7829592bfc34d910568b5,0x80d95f2a9ba8f523b5a8323039d3ac1b87139778,0x87870bca3f3fd6335c3f4ce8392d69350b4fa4e2,0xc02aaa39b223fe8d0a0e5c4f27ead9083c756cc2,0xa0b86991c6218b36c1d19d4a2e9eb0ce3606eb48,18141.7675,18071.8817,0.003852,45.3544,29.0491,24.2151,1.3377276384428227,1.4425601413773548,1.2972734906700263,1.3989357629480466,
0xba6f5c65543d573ea287f95a4e5a176c1841ed56185c47aa3acb89dadbf3380d,25230591,1780414067,AaveV3Repay,repay,0xb68ee3777f2f3c0b877df9b7371a304a1bf64991,0xb68ee3777f2f3c0b877df9b7371a304a1bf64991,0x87870bca3f3fd6335c3f4ce8392d69350b4fa4e2,0x7f39c581f595b53c5cb19bd0b3f8da6c935e2ca0,0x6b175474e89094c44da98b954eedeac495271d0f,1287.4007,1271.5788,0.01229,3.2185,14.4694,14.0407,1.395011073999959,1.5516681463837063,1.3488686634389342,1.4999098522163903,
0x0180f294807b8dd6318789ae8be92bb26886f41831f55189cd453658d4c8794a,25231808,1780428743,AaveV3Repay,repay,0x75c97a4b805f1ea755321664e0a4465739886101,0x75c97a4b805f1ea755321664e0a4465739886101,0x87870bca3f3fd6335c3f4ce8392d69350b4fa4e2,0xc02aaa39b223fe8d0a0e5c4f27ead9083c756cc2,0x6b175474e89094c44da98b954eedeac495271d0f,1386474.5451,1377339.9302,0.006588,3466.1864,698.1141,9.3182,1.2833062387306888,1.4311881779661086,1.2446524363592808,1.3880801003165257,
0x89b1dd36eedc1c5b0445cec09454507650aecb47d22232f1961584e55042c365,25231822,1780428911,AaveV3GenericFLRepayStrategy,repay,0xb4227f40488e105f6c0b724ae06f4553321e3c13,0x3ee301d27fd556eca7aaa8c50cdbd461577c42a6,0x87870bca3f3fd6335c3f4ce8392d69350b4fa4e2,0x7f39c581f595b53c5cb19bd0b3f8da6c935e2ca0,0xa0b86991c6218b36c1d19d4a2e9eb0ce3606eb48,177965.5479,177579.3867,0.00217,444.9139,119.9086,33.6183,1.0797378125382668,1.1292137837150393,1.0464125714105401,1.0943615064398735,
0xacc7d4aee915660bea88836eb3e692ce48251b707a9c4fbdc986087a6f44a351,25232636,1780438763,AaveV3GenericFLRepayStrategy,repay,0x11491c78b3287fe7167d16ef2a4a02207a352c86,0xc7218ace51373b6716b7ff3aeb36fbfa75f2c8a7,0x87870bca3f3fd6335c3f4ce8392d69350b4fa4e2,0x7f39c581f595b53c5cb19bd0b3f8da6c935e2ca0,0xdac17f958d2ee523a2206206994597c13d831ec7,92160.5233,91944.4206,0.002345,230.4013,57.9656,13.8243,1.0826210824711955,1.1350920721711195,1.0492068515307234,1.100058366239895,
0x8cec6c7c1c7f47e78973f4c1523ede73ffcbf95a410720c2abe5a0cf96b34d53,25232636,1780438763,AaveV3GenericFLRepayStrategy,repay,0x985a834e5da796010d490a6f2cca2160bf5118b7,0x4d43aadee75419a4535400dee43690b5fe8c64e9,0x87870bca3f3fd6335c3f4ce8392d69350b4fa4e2,0x7f39c581f595b53c5cb19bd0b3f8da6c935e2ca0,0xa0b86991c6218b36c1d19d4a2e9eb0ce3606eb48,137754.3542,137412.7391,0.00248,344.3859,82.5764,15.3092,1.0829289889353078,1.1346539883267912,1.049505254708898,1.0996338035018853,
0x012e3af74c802aa3c006f921cfb745bb986958e04eb4b8505f3d55e31cb18cb4,25232636,1780438763,AaveV3GenericFLRepayStrategy,repay,0xedbe47306effb7cdcd5f6852aa6a80a6b17b7c2a,0xa740c1d26d690a34223b06d41b1268b2d0d7b5b6,0x87870bca3f3fd6335c3f4ce8392d69350b4fa4e2,0x7f39c581f595b53c5cb19bd0b3f8da6c935e2ca0,0xdac17f958d2ee523a2206206994597c13d831ec7,225241.4163,224526.4133,0.003174,563.1035,123.1245,10.4708,1.0826855722569233,1.1349433645926255,1.0492693508909643,1.0999142484014903,
0xee849e0f28da20fb569c9114dff411588f1754760f188557a09679450912bd4f,25232846,1780441295,AaveV3Repay,repay,0x060ff62e45c4c84551762289a139d586fb5ea21c,0x060ff62e45c4c84551762289a139d586fb5ea21c,0x87870bca3f3fd6335c3f4ce8392d69350b4fa4e2,0x2260fac5e5542a773aa44fbcfedf7c193bc2c599,0xa0b86991c6218b36c1d19d4a2e9eb0ce3606eb48,46752.0874,46546.2401,0.004403,116.88,31.196,7.7992,1.1203368299393675,1.140212300878896,1.048520366481708,1.0671217687712735,
0x44af2141fbb2129e65dd1d9e2f5325d15dba79f764e31a3afec0181fcf0fcda4,25232961,1780442687,AaveV3GenericFLRepayStrategy,repay,0x954079abbfebe65a43341979d342316cda96e2be,0x75b4257dc02477eb21ebeb7cb97221f8ee41e4e2,0x87870bca3f3fd6335c3f4ce8392d69350b4fa4e2,0xc02aaa39b223fe8d0a0e5c4f27ead9083c756cc2,0xa0b86991c6218b36c1d19d4a2e9eb0ce3606eb48,20059.833,19966.5055,0.004652,50.1496,13.0087,3.0025,1.081658578895877,1.1343106189356524,1.0490785012182557,1.1001446364375769,
0xbe1e206801fa46efda4140a974506bf84c5358df1d86cf7b135e2eb8c56aee39,25232975,1780442867,AaveV3GenericFLRepayStrategy,repay,0xd42d508f87e06e6a25c84d103f6c468962e8aeab,0x23c225cced72e95f4cb3c553b41c54d8fa9ffcf2,0x87870bca3f3fd6335c3f4ce8392d69350b4fa4e2,0x2260fac5e5542a773aa44fbcfedf7c193bc2c599,0xdac17f958d2ee523a2206206994597c13d831ec7,221635.2039,220286.1056,0.006087,554.0877,123.7919,14.3955,1.1207577036301972,1.1744898637483039,1.0489142610897997,1.0992020519695644,
0x0cb86248bbccb86a58ae7d51d948d58bd54eb98e096ebd8bea42fdac38e99ab6,25234289,1780458671,AaveV3Repay,repay,0x4f9dee86469f70f56d9d8fd501f20d9ce78fa3fd,0x4f9dee86469f70f56d9d8fd501f20d9ce78fa3fd,0x87870bca3f3fd6335c3f4ce8392d69350b4fa4e2,0xc02aaa39b223fe8d0a0e5c4f27ead9083c756cc2,0xa0b86991c6218b36c1d19d4a2e9eb0ce3606eb48,1395.9649,1384.1753,0.008445,3.4899,4.9718,4.4057,1.7518926371497976,1.906620567195109,1.6991247866331485,1.84919223685718,
0xb23bee1faac469516e70a110d802314da8fabb99daf9985ba5ddeea88d3aec1a,25239073,1780516379,AaveV3GenericFLRepayStrategy,repay,0xb4227f40488e105f6c0b724ae06f4553321e3c13,0x3ee301d27fd556eca7aaa8c50cdbd461577c42a6,0x87870bca3f3fd6335c3f4ce8392d69350b4fa4e2,0x7f39c581f595b53c5cb19bd0b3f8da6c935e2ca0,0xa0b86991c6218b36c1d19d4a2e9eb0ce3606eb48,156948.4764,155957.5516,0.006314,392.3712,87.4793,10.0946,1.08282503850002,1.13461836886535,1.0494045126203873,1.099599283406536,
0x9895002c3ab1675d7eaf126eb3c82a376851ac9094ac82ce7f45a72a31c9d625,25239087,1780516547,AaveV3Repay,repay,0x3f450125ee8d3bd605e0a9639a8c134716a027d1,0x3f450125ee8d3bd605e0a9639a8c134716a027d1,0x87870bca3f3fd6335c3f4ce8392d69350b4fa4e2,0x2260fac5e5542a773aa44fbcfedf7c193bc2c599,0xa0b86991c6218b36c1d19d4a2e9eb0ce3606eb48,2670.5737,2654.8538,0.005886,6.6762,6.246,5.1108,1.4889386626476298,1.6547366204089937,1.3934938765799358,1.5486637601255058,
0x5ce106ce22779fd1ba3afc65ac8fdf553006e0a63552271d0a5f7cc82e3a9513,25239087,1780516547,AaveV3Repay,repay,0x77c439956457556ac34308648e3837ba35a23890,0x77c439956457556ac34308648e3837ba35a23890,0x87870bca3f3fd6335c3f4ce8392d69350b4fa4e2,0x2260fac5e5542a773aa44fbcfedf7c193bc2c599,0xa0b86991c6218b36c1d19d4a2e9eb0ce3606eb48,49855.6288,49648.0238,0.004164,124.6385,29.9989,5.2184,1.4412814046901032,1.6023448277373395,1.348891571056103,1.4996304157028593,
0xe82c416507a1fa8fe419d8e6ab8d3fc3715ecb6ade6d20c155f5d19510a75082,25239088,1780516559,AaveV3Boost,boost,0x30dee05ccf2472306f6013e1740ed762e4689f5c,0x30dee05ccf2472306f6013e1740ed762e4689f5c,0x87870bca3f3fd6335c3f4ce8392d69350b4fa4e2,0x2260fac5e5542a773aa44fbcfedf7c193bc2c599,0xa0b86991c6218b36c1d19d4a2e9eb0ce3606eb48,11816.0608,11752.3441,0.005392,29.5396,15.6432,10.1965,1.8246843976714457,1.663668421463052,1.7545042285302361,1.5996811744836064,
0x6da63e667aa2f6fe28f000e986dafd065d5d2766b53a800ae2f9a72e13777b0d,25239089,1780516571,AaveV3Repay,repay,0x877fc51036b47bd059737266ad3f8db6180b6e19,0x877fc51036b47bd059737266ad3f8db6180b6e19,0x87870bca3f3fd6335c3f4ce8392d69350b4fa4e2,0x7f39c581f595b53c5cb19bd0b3f8da6c935e2ca0,0x6b175474e89094c44da98b954eedeac495271d0f,2738.1021,2705.7044,0.011832,6.8453,4.9969,3.6107,1.4168944481656802,1.5800394130759232,1.34694584211311,1.4978985477259021,
0xf4d9ecc1678870263dc0cf05717a141809fdf9e17191591c0b9e34333d26f679,25239344,1780519643,AaveV3GenericFLRepayStrategy,repay,0xedbe47306effb7cdcd5f6852aa6a80a6b17b7c2a,0xa740c1d26d690a34223b06d41b1268b2d0d7b5b6,0x87870bca3f3fd6335c3f4ce8392d69350b4fa4e2,0x7f39c581f595b53c5cb19bd0b3f8da6c935e2ca0,0xdac17f958d2ee523a2206206994597c13d831ec7,203961.795,203144.6626,0.004006,509.9045,109.6224,7.438,1.0786638019311816,1.1349682197221098,1.0453717092789825,1.0999383363973487,
0xb6e1a8a88d40d45a1ea2bb01132715136300d982d20173ff90d0399ae3d96f9b,25239345,1780519655,AaveV3GenericFLRepayStrategy,repay,0xa53e9bf09d6b62064dc472c204e654244684ce0e,0x81d0ac9a5f91188074fd753a03885162bec74246,0x87870bca3f3fd6335c3f4ce8392d69350b4fa4e2,0x7f39c581f595b53c5cb19bd0b3f8da6c935e2ca0,0xdac17f958d2ee523a2206206994597c13d831ec7,7353569.9292,7228053.067,0.017069,18383.9248,3628.4388,12.0831,1.0832728891666181,1.132950919185011,1.0498385407355495,1.0979832982225104,
0x48c69c94afe7bfdedb1b151ad5039cc432e50b4fc4665ab825faabdf109ecb3c,25239349,1780519703,AaveV3GenericFLRepayStrategy,repay,0x11491c78b3287fe7167d16ef2a4a02207a352c86,0xc7218ace51373b6716b7ff3aeb36fbfa75f2c8a7,0x87870bca3f3fd6335c3f4ce8392d69350b4fa4e2,0x7f39c581f595b53c5cb19bd0b3f8da6c935e2ca0,0xdac17f958d2ee523a2206206994597c13d831ec7,83026.6241,82646.2481,0.004581,207.5666,45.9404,4.6937,1.0788015475879198,1.1347140583961324,1.0455052035265615,1.0996920195567357,
0x2616023e3a67c5692eaf0a45777c7b5572bd6dfcf5e43136f2387d67bdb4aa5f,25239349,1780519703,AaveV3GenericFLRepayStrategy,repay,0x985a834e5da796010d490a6f2cca2160bf5118b7,0x4d43aadee75419a4535400dee43690b5fe8c64e9,0x87870bca3f3fd6335c3f4ce8392d69350b4fa4e2,0x7f39c581f595b53c5cb19bd0b3f8da6c935e2ca0,0xdac17f958d2ee523a2206206994597c13d831ec7,126941.8846,126172.0786,0.006064,317.3547,67.4226,4.5299,1.0783958796353152,1.134387980965133,1.0451120561897798,1.099376006243976,
0x313e698e9ca0f4c1b200ee0bb1cbb9db5a0828855f91817a611860d7ad5f3b68,25239389,1780520183,AaveV3GenericRepayStrategy,repay,0xdf72374d98f6d0db39e7829592bfc34d910568b5,0x80d95f2a9ba8f523b5a8323039d3ac1b87139778,0x87870bca3f3fd6335c3f4ce8392d69350b4fa4e2,0xc02aaa39b223fe8d0a0e5c4f27ead9083c756cc2,0xa0b86991c6218b36c1d19d4a2e9eb0ce3606eb48,15633.6328,15553.7687,0.005108,39.0841,30.2619,22.1912,1.3343232651603132,1.4432151595235687,1.293972074192159,1.399570979391302,
0x550fc2ef64e2738a16c1f294b7bd499d5feee45d3fd1a397ef0c97f049c3bd86,25239652,1780523351,AaveV3GenericBoostStrategy,boost,0xdf72374d98f6d0db39e7829592bfc34d910568b5,0x80d95f2a9ba8f523b5a8323039d3ac1b87139778,0x87870bca3f3fd6335c3f4ce8392d69350b4fa4e2,0xa0b86991c6218b36c1d19d4a2e9eb0ce3606eb48,0xc02aaa39b223fe8d0a0e5c4f27ead9083c756cc2,6274.7852,6266.9489,0.001249,15.687,7.3512,4.2213,1.4971384336120703,1.4431804549086857,1.4518635616970252,1.3995373212617546,
0x1afba87065ed3299a27dda276ac9d47ac067455cfdd290b3bc2d28c7c29389ee,25240276,1780530887,AaveV3GenericFLRepayStrategy,repay,0x954079abbfebe65a43341979d342316cda96e2be,0x75b4257dc02477eb21ebeb7cb97221f8ee41e4e2,0x87870bca3f3fd6335c3f4ce8392d69350b4fa4e2,0xc02aaa39b223fe8d0a0e5c4f27ead9083c756cc2,0xa0b86991c6218b36c1d19d4a2e9eb0ce3606eb48,18031.3616,17949.9089,0.004517,45.0784,11.9107,3.1613,1.0821464396991443,1.1339793859688194,1.0495516674189558,1.0998233803673372,
0x92f38b09a92c3b36a350c496fbd8c9a3e51ccd6c0416bef464493290814e9c90,25240494,1780533503,AaveV3Repay,repay,0x92bd75505b06391d9ed922a8c4c0c70980c26bc0,0x92bd75505b06391d9ed922a8c4c0c70980c26bc0,0x87870bca3f3fd6335c3f4ce8392d69350b4fa4e2,0x2260fac5e5542a773aa44fbcfedf7c193bc2c599,0x6b175474e89094c44da98b954eedeac495271d0f,18170.118,18011.3217,0.008739,45.425,14.9743,6.2333,1.653686481131363,1.761686378361318,1.5476809374690699,1.648757764363763,
0xa8a025db34a9bda48948c5f6442e11cb06a07db96ad54893a959d2ab94dc4451,25240688,1780535843,AaveV3GenericFLRepayStrategy,repay,0xd42d508f87e06e6a25c84d103f6c468962e8aeab,0x23c225cced72e95f4cb3c553b41c54d8fa9ffcf2,0x87870bca3f3fd6335c3f4ce8392d69350b4fa4e2,0x2260fac5e5542a773aa44fbcfedf7c193bc2c599,0xdac17f958d2ee523a2206206994597c13d831ec7,207477.3599,205991.3369,0.007162,518.6929,118.2997,15.7343,1.1164833294549714,1.1746442824306542,1.044913885259139,1.0993465720184266,
0x793950129fcc565b56b0221ae9cdc61d68d9f03347fdb62ac896186ea5bbdcea,25240863,1780537955,AaveV3Repay,repay,0xfb64077abffffd8b94309ebe464a4756dc09dfe2,0xfb64077abffffd8b94309ebe464a4756dc09dfe2,0x87870bca3f3fd6335c3f4ce8392d69350b4fa4e2,0xc02aaa39b223fe8d0a0e5c4f27ead9083c756cc2,0xa0b86991c6218b36c1d19d4a2e9eb0ce3606eb48,14431.0891,14333.4017,0.006769,36.0777,13.7998,6.9396,1.3910785973806277,1.5455376285104734,1.3491786396281955,1.4989852903022423,
0xb29c1e5eb09e2f87233a26ed6bccc5fe6f40b298c18f1410a1f12b417c963495,25240866,1780537991,AaveV3GenericFLRepayStrategy,repay,0xf3f6902807f7bf22fcc005dc72fcbc5711c09485,0xf42eb13b54b8777862cd30f7baffaa84aaf7b15c,0x87870bca3f3fd6335c3f4ce8392d69350b4fa4e2,0x7f39c581f595b53c5cb19bd0b3f8da6c935e2ca0,0xdac17f958d2ee523a2206206994597c13d831ec7,193545.9524,191815.6579,0.00894,483.8649,121.6609,26.7523,1.08303725820755,1.1345286346453516,1.0496101823369401,1.0995123187612306,
0x48f76a1c6af0373371f5de0c03b3f283a25e428d1f85661847bcc6c5004e3a52,25240872,1780538063,AaveV3Repay,repay,0x060ff62e45c4c84551762289a139d586fb5ea21c,0x060ff62e45c4c84551762289a139d586fb5ea21c,0x87870bca3f3fd6335c3f4ce8392d69350b4fa4e2,0x2260fac5e5542a773aa44fbcfedf7c193bc2c599,0xa0b86991c6218b36c1d19d4a2e9eb0ce3606eb48,41374.4496,41189.8069,0.004463,103.4361,24.0962,3.5822,1.1213796753657337,1.1432013489879718,1.0494963628422809,1.0699192112323186,
0x5efa811219fbd13752d4998b8987619242b4db1cf6b35a036499cb067d52f4c7,25240872,1780538063,AaveV3GenericRepayStrategy,repay,0x1019d6d00de710d3dee4a44e8498a01c76c5f233,0xdaf585a5869ca7c1c0b1b9896ecdf314668d3f55,0x87870bca3f3fd6335c3f4ce8392d69350b4fa4e2,0x2260fac5e5542a773aa44fbcfedf7c193bc2c599,0xdac17f958d2ee523a2206206994597c13d831ec7,282912.0332,281529.2007,0.004888,707.2797,150.3138,9.8975,1.1214643935178914,1.1432600104872999,1.0495756503436668,1.069974112379139,
0x0dcfd81301ea61ea0c91d61876794f4864e7ede780ead663b5d766ff20ed9d17,25240884,1780538207,AaveV3Repay,repay,0x47f2bd131390652a043e840e42637e22abf9dec8,0x47f2bd131390652a043e840e42637e22abf9dec8,0x87870bca3f3fd6335c3f4ce8392d69350b4fa4e2,0x2260fac5e5542a773aa44fbcfedf7c193bc2c599,0x6b175474e89094c44da98b954eedeac495271d0f,4393.7333,4365.5433,0.006416,10.9838,7.1322,4.9822,1.4205752745441,1.5794382012181336,1.346417790906702,1.4994535949092884,
0x0f2fcebb7eb19d0d777024118ea5c469805154ed641c82cfa7371d90ef31c5c7,25240909,1780538507,AaveV3GenericFLRepayStrategy,repay,0xd2afc1ca0521eee79edc15549aae33343a55ccc0,0x7b6520b6a7500ae011faa035337a07c8ec3135ec,0x87870bca3f3fd6335c3f4ce8392d69350b4fa4e2,0x7f39c581f595b53c5cb19bd0b3f8da6c935e2ca0,0xdac17f958d2ee523a2206206994597c13d831ec7,2867057.9105,2838716.4202,0.009885,7167.6448,1449.7897,28.5607,1.0775091053573762,1.1345293161637113,1.0442526514883215,1.0995129792450775,
0xacf4d03be78a8a1328ca79c11b6792885e7e3091869e7e513ed889f6569433d8,25240927,1780538723,AaveV3GenericFLRepayStrategy,repay,0x954079abbfebe65a43341979d342316cda96e2be,0x75b4257dc02477eb21ebeb7cb97221f8ee41e4e2,0x87870bca3f3fd6335c3f4ce8392d69350b4fa4e2,0xc02aaa39b223fe8d0a0e5c4f27ead9083c756cc2,0xa0b86991c6218b36c1d19d4a2e9eb0ce3606eb48,15650.2435,15423.7635,0.014471,39.1256,113.6545,109.3354,1.080382926237658,1.1324222061810552,1.047841271832807,1.0983131035851454,
0x506ed2cc0a4c31f2d3d448a09492cb538baf53d42bca96a8953917bb3e7b0997,25241565,1780546403,AaveV3GenericFLBoostStrategy,boost,0x954079abbfebe65a43341979d342316cda96e2be,0x75b4257dc02477eb21ebeb7cb97221f8ee41e4e2,0x87870bca3f3fd6335c3f4ce8392d69350b4fa4e2,0xa0b86991c6218b36c1d19d4a2e9eb0ce3606eb48,0xc02aaa39b223fe8d0a0e5c4f27ead9083c756cc2,12264.2621,12232.1695,0.002617,30.6607,9.0946,3.046,1.1874295982428233,1.1342061794625995,1.1516636464884593,1.100043342731704,
0x3fa25794f9d3015676d963dbd248145842de04e105ba2dfc6eb1a74a3c188719,25243565,1780570559,AaveV3GenericFLRepayStrategy,repay,0x954079abbfebe65a43341979d342316cda96e2be,0x75b4257dc02477eb21ebeb7cb97221f8ee41e4e2,0x87870bca3f3fd6335c3f4ce8392d69350b4fa4e2,0xc02aaa39b223fe8d0a0e5c4f27ead9083c756cc2,0xa0b86991c6218b36c1d19d4a2e9eb0ce3606eb48,14371.9742,14288.604,0.005801,35.9299,20.8914,13.7733,1.0809893268502322,1.1322761629306246,1.048429407366722,1.0981714592278198,
0x070577e360ba9cc266cde4c16005b7e00b062fcaabf493757171cb5cb3c47c18,25249137,1780637819,AaveV3GenericFLRepayStrategy,repay,0xb4227f40488e105f6c0b724ae06f4553321e3c13,0x3ee301d27fd556eca7aaa8c50cdbd461577c42a6,0x87870bca3f3fd6335c3f4ce8392d69350b4fa4e2,0x7f39c581f595b53c5cb19bd0b3f8da6c935e2ca0,0xdac17f958d2ee523a2206206994597c13d831ec7,141145.799,140496.637,0.004599,352.8645,76.7198,6.5717,1.0800851446634054,1.1362969240347063,1.046749183408352,1.1012260313175741,
0xf232c21f0aff686024d205aaec8caf6b10ffb11128f9781eacdcb98b67e8a7f9,25249168,1780638191,AaveV3GenericRepayStrategy,repay,0xdf72374d98f6d0db39e7829592bfc34d910568b5,0x80d95f2a9ba8f523b5a8323039d3ac1b87139778,0x87870bca3f3fd6335c3f4ce8392d69350b4fa4e2,0xc02aaa39b223fe8d0a0e5c4f27ead9083c756cc2,0xa0b86991c6218b36c1d19d4a2e9eb0ce3606eb48,13296.8564,13162.5816,0.010098,33.2421,10.602,3.9623,1.338930976566508,1.440975371742867,1.298440447625107,1.3973989289343358,
0x64f370a9f5b3d5a6fe78b8b508aa97067866c6a5ed1ebbeba3103e730f5e33a0,25249173,1780638251,AaveV3Repay,repay,0x75c97a4b805f1ea755321664e0a4465739886101,0x75c97a4b805f1ea755321664e0a4465739886101,0x87870bca3f3fd6335c3f4ce8392d69350b4fa4e2,0xc02aaa39b223fe8d0a0e5c4f27ead9083c756cc2,0x6b175474e89094c44da98b954eedeac495271d0f,1113210.4222,1108217.6502,0.004485,2783.0261,572.293,19.6879,1.2814479783561536,1.4434453235633122,1.2428501476827731,1.399968054781283,
0xa38772041520d94bea6c4151c708ae739c81c51e4036852e0259aed221910bd2,25249207,1780638659,AaveV3GenericFLRepayStrategy,repay,0xedbe47306effb7cdcd5f6852aa6a80a6b17b7c2a,0xa740c1d26d690a34223b06d41b1268b2d0d7b5b6,0x87870bca3f3fd6335c3f4ce8392d69350b4fa4e2,0x7f39c581f595b53c5cb19bd0b3f8da6c935e2ca0,0xa0b86991c6218b36c1d19d4a2e9eb0ce3606eb48,167347.725,166479.3457,0.005189,418.3693,90.1604,6.8138,1.0792171519576252,1.1349679781768165,1.0459079806008993,1.0999381023071613,
0x83aff884c979df3cf9c2b3e66159db84bf125027b935814082a4b1484745948d,25249207,1780638659,AaveV3GenericFLRepayStrategy,repay,0x11491c78b3287fe7167d16ef2a4a02207a352c86,0xc7218ace51373b6716b7ff3aeb36fbfa75f2c8a7,0x87870bca3f3fd6335c3f4ce8392d69350b4fa4e2,0x7f39c581f595b53c5cb19bd0b3f8da6c935e2ca0,0xdac17f958d2ee523a2206206994597c13d831ec7,68197.2723,67931.5515,0.003896,170.4932,40.3644,6.3368,1.0789746090878112,1.1347105816374705,1.0456729236221267,1.0996886501054337,
0xbd001a663210dd7901c273e5138ac1ce923b03abf7f81959fae2a3cf39608d0c,25249207,1780638659,AaveV3GenericFLRepayStrategy,repay,0x985a834e5da796010d490a6f2cca2160bf5118b7,0x4d43aadee75419a4535400dee43690b5fe8c64e9,0x87870bca3f3fd6335c3f4ce8392d69350b4fa4e2,0x7f39c581f595b53c5cb19bd0b3f8da6c935e2ca0,0xa0b86991c6218b36c1d19d4a2e9eb0ce3606eb48,104213.1405,103793.8424,0.004023,260.5329,59.4573,7.745,1.078667385690675,1.134884880283832,1.0453751824286004,1.099857569163954,
0x9b31f092f893477341564dc8423225877164e1c08c76ff850814e144f654f587,25249246,1780639127,AaveV3Repay,repay,0x2f859af847ebd2f44631a1a4e8ec06e135d8a2b1,0x2f859af847ebd2f44631a1a4e8ec06e135d8a2b1,0x87870bca3f3fd6335c3f4ce8392d69350b4fa4e2,0x7fc66500c84a76ad7e9c93437bfc5ac33e2ddae9,0x6b175474e89094c44da98b954eedeac495271d0f,3888.6898,3857.6857,0.007973,9.7217,5.5796,3.6219,1.2267996799736127,1.330258937078211,1.1469741758333647,1.2483451859067534,
0xdc640a1e34aca0210f46ff19f0e82fc06c152dc06018d727c9f35443310d8721,25249255,1780639235,AaveV3Repay,repay,0x06a9ef1404483e0559d67d80e323b034a3a3967d,0x06a9ef1404483e0559d67d80e323b034a3a3967d,0x87870bca3f3fd6335c3f4ce8392d69350b4fa4e2,0x2260fac5e5542a773aa44fbcfedf7c193bc2c599,0xdac17f958d2ee523a2206206994597c13d831ec7,46668.6969,46283.1555,0.008261,116.6716,30.5431,7.6526,1.20593561822627,1.309128527000627,1.1483022919610673,1.2497188010304792,
0xbe19e6d2d071e5adeb61ea74398d3de6d61287cb15bb9132554ff19dea016e1c,25249258,1780639271,AaveV3GenericFLRepayStrategy,repay,0xf3f6902807f7bf22fcc005dc72fcbc5711c09485,0xf42eb13b54b8777862cd30f7baffaa84aaf7b15c,0x87870bca3f3fd6335c3f4ce8392d69350b4fa4e2,0x7f39c581f595b53c5cb19bd0b3f8da6c935e2ca0,0xdac17f958d2ee523a2206206994597c13d831ec7,165391.0433,164279.4021,0.006721,413.4776,93.5601,12.2219,1.0816239069644271,1.1345670133602215,1.0482404530457705,1.0995495129478594,
0x884d047d70e28d3f3e9745828849d82d5c7dd4ce383e5f26ca428b3603a67bd3,25249276,1780639511,AaveV3GenericFLRepayStrategy,repay,0xd2afc1ca0521eee79edc15549aae33343a55ccc0,0x7b6520b6a7500ae011faa035337a07c8ec3135ec,0x87870bca3f3fd6335c3f4ce8392d69350b4fa4e2,0x7f39c581f595b53c5cb19bd0b3f8da6c935e2ca0,0xdac17f958d2ee523a2206206994597c13d831ec7,2221535.1936,2132942.2757,0.039879,5553.838,1084.3159,16.4107,1.0796818697031094,1.126362863580601,1.0463583552060998,1.0915985776676185,
0xff7d1b89e3883324fa32e09e879d8b74c9b7d89e02a4dd16c5a2b2bd93de7bc2,25249303,1780639835,AaveV3Repay,repay,0x1dc5d88b1b60cdd539c773b8f8e5716e40436c89,0x1dc5d88b1b60cdd539c773b8f8e5716e40436c89,0x87870bca3f3fd6335c3f4ce8392d69350b4fa4e2,0x7fc66500c84a76ad7e9c93437bfc5ac33e2ddae9,0xa0b86991c6218b36c1d19d4a2e9eb0ce3606eb48,70748.0454,70481.9366,0.003761,176.8701,56.3289,21.448,1.4813957557837087,1.6503111122930068,1.34495140985626,1.498308773002838,
0xdf02c779f9b0f249ecc48fa16799b2061d8991bab8eddb4040c48e3262bd9674,25249308,1780639895,AaveV3GenericFLRepayStrategy,repay,0xa53e9bf09d6b62064dc472c204e654244684ce0e,0x81d0ac9a5f91188074fd753a03885162bec74246,0x87870bca3f3fd6335c3f4ce8392d69350b4fa4e2,0x7f39c581f595b53c5cb19bd0b3f8da6c935e2ca0,0xdac17f958d2ee523a2206206994597c13d831ec7,4046074.3094,3990738.8212,0.013676,10115.1858,2035.6201,36.5269,1.06354562981666,1.0922128614480333,1.030720147414911,1.0585025879465508,
0xfe00ef4eba8493ba21221b94f63cf19b56ad37b392186e6fc653805e457b34d7,25249314,1780639967,AaveV3GenericFLRepayStrategy,repay,0x9fce1eed605c0f0ff969d5b2d5926d7d59074d22,0x4b730564b98477511f59d54e9bb37069eb511344,0x87870bca3f3fd6335c3f4ce8392d69350b4fa4e2,0x2260fac5e5542a773aa44fbcfedf7c193bc2c599,0x1abaea1f7c830bd89acc67ec4af516284b1bc33c,3247.6147,3210.641,0.011385,8.1187,13.944,11.6934,1.1547713705108495,1.2541286892148071,1.099314486838364,1.19725836953755,
0x927ff2d340578e248d3b792f907a0f4a6684e4f7f95387fc836d300dca16122d,25249336,1780640231,AaveV3Repay,repay,0x4f9dee86469f70f56d9d8fd501f20d9ce78fa3fd,0x4f9dee86469f70f56d9d8fd501f20d9ce78fa3fd,0x87870bca3f3fd6335c3f4ce8392d69350b4fa4e2,0xc02aaa39b223fe8d0a0e5c4f27ead9083c756cc2,0xa0b86991c6218b36c1d19d4a2e9eb0ce3606eb48,1245.3038,1228.8187,0.013238,3.1133,9.0106,8.3699,1.745288104477387,1.9049825210695555,1.6927191856669537,1.8476035294699107,
0xf76fda1861e6198bd9de9be028947d59770aa61a3534fd4b049b251d4b99ede9,25249351,1780640411,AaveV3GenericFLRepayStrategy,repay,0xa53e9bf09d6b62064dc472c204e654244684ce0e,0x81d0ac9a5f91188074fd753a03885162bec74246,0x87870bca3f3fd6335c3f4ce8392d69350b4fa4e2,0x7f39c581f595b53c5cb19bd0b3f8da6c935e2ca0,0xdac17f958d2ee523a2206206994597c13d831ec7,1025480.927,1018526.4439,0.006782,2563.7023,539.4184,31.2795,1.080395767325923,1.088642181027458,1.047050218951666,1.0550421137117958,
0x01a75d9f3663c01d503d39a44430315529ed8c2b14788a69d64be5d955f4f136,25249382,1780640783,AaveV3GenericFLRepayStrategy,repay,0x327ad57a5dd7916027951458560cbd091357fb7f,0xa8e3312a580c4126f4c45976daeb733ae9b60566,0x87870bca3f3fd6335c3f4ce8392d69350b4fa4e2,0x2260fac5e5542a773aa44fbcfedf7c193bc2c599,0xdac17f958d2ee523a2206206994597c13d831ec7,19551.0647,19540.0738,0.000562,48.8772,51.2926,42.1897,1.13909217807121,1.1907036399275557,1.0771112295846852,1.1270464308360433,
0x64b3732156aa8527bc871f36c950a00b6591c6a4e355dd25be74087519846052,25249391,1780640891,AaveV3GenericFLRepayStrategy,repay,0x954079abbfebe65a43341979d342316cda96e2be,0x75b4257dc02477eb21ebeb7cb97221f8ee41e4e2,0x87870bca3f3fd6335c3f4ce8392d69350b4fa4e2,0xc02aaa39b223fe8d0a0e5c4f27ead9083c756cc2,0xa0b86991c6218b36c1d19d4a2e9eb0ce3606eb48,14184.9619,14184.3657,4.2e-05,35.4624,51.1638,42.9076,1.071044465962325,1.1431303020484216,1.038784090481403,1.1086986664444891,
0x6e3c0f277ab3143e4fb4bacdf033193839c0c1e6ce21c64c3365aa4d0e954a2e,25249399,1780640987,AaveV3GenericFLRepayStrategy,repay,0xa53e9bf09d6b62064dc472c204e654244684ce0e,0x81d0ac9a5f91188074fd753a03885162bec74246,0x87870bca3f3fd6335c3f4ce8392d69350b4fa4e2,0x7f39c581f595b53c5cb19bd0b3f8da6c935e2ca0,0xdac17f958d2ee523a2206206994597c13d831ec7,2793529.2495,2758341.0718,0.012596,6983.8231,1533.0327,140.1758,1.076433987000016,1.1000160719747183,1.0432107157963115,1.0660649586421653,
0x02cf677f4be9ab4a1ea542d2eb127251ffe6fca841c19b18808fe0e3625172d8,25249401,1780641011,AaveV3GenericFLRepayStrategy,repay,0xb4227f40488e105f6c0b724ae06f4553321e3c13,0x3ee301d27fd556eca7aaa8c50cdbd461577c42a6,0x87870bca3f3fd6335c3f4ce8392d69350b4fa4e2,0x7f39c581f595b53c5cb19bd0b3f8da6c935e2ca0,0xa0b86991c6218b36c1d19d4a2e9eb0ce3606eb48,107004.6298,106727.5937,0.002589,267.5116,118.0183,64.1363,1.083413792704978,1.135216381117835,1.049975095399259,1.1001788384907372,
0xd479540415054de84565eec643e49524cb208fa30eee2ff09ce896102dcae5d0,25249402,1780641023,AaveV3GenericFLRepayStrategy,repay,0x6daf7fd770faed61c0842fb7e0dcb5d10a6cb876,0x484d916b04db43121f7834993b8f4fa692b89f4b,0x87870bca3f3fd6335c3f4ce8392d69350b4fa4e2,0x18084fba666a33d37592fa2633fd49a74dd93a88,0xa0b86991c6218b36c1d19d4a2e9eb0ce3606eb48,10220.0309,10159.189,0.005953,25.5501,52.0866,43.4655,1.1100966663528657,1.1652590425845206,1.0466608188900501,1.0996472459070818,
0xaebdec3c939c431e2d756ba35285a8b838d4ccbb7feeee959a45e9a6f9dc8208,25249404,1780641047,AaveV3Repay,repay,0xebb17994ca5a36227e98fc8ef96d4094f7d5bcba,0xebb17994ca5a36227e98fc8ef96d4094f7d5bcba,0x87870bca3f3fd6335c3f4ce8392d69350b4fa4e2,0x7f39c581f595b53c5cb19bd0b3f8da6c935e2ca0,0xa0b86991c6218b36c1d19d4a2e9eb0ce3606eb48,472094.4862,470227.2639,0.003955,1180.2362,309.7065,75.986,1.3845127812985933,1.5480075490073075,1.3417809053325838,1.5002295382354753,
0xabe378792525a235974fc35f23fde121da60a8912249fa6a67a74345a9a3e2f4,25249479,1780641947,AaveV3GenericBoostStrategy,boost,0xdf72374d98f6d0db39e7829592bfc34d910568b5,0x80d95f2a9ba8f523b5a8323039d3ac1b87139778,0x87870bca3f3fd6335c3f4ce8392d69350b4fa4e2,0xa0b86991c6218b36c1d19d4a2e9eb0ce3606eb48,0xc02aaa39b223fe8d0a0e5c4f27ead9083c756cc2,24828.3663,24762.3991,0.002657,62.0709,26.6914,14.3254,1.8802720502828847,1.4434866519764398,1.8234108873963322,1.399834268898928,
0x9f9880e93dccecfb7902b5ae7e3a27e16bcab1888aa609ca86f3d6e45bc72f63,25251634,1780668023,AaveV3GenericFLRepayStrategy,repay,0x954079abbfebe65a43341979d342316cda96e2be,0x75b4257dc02477eb21ebeb7cb97221f8ee41e4e2,0x87870bca3f3fd6335c3f4ce8392d69350b4fa4e2,0xc02aaa39b223fe8d0a0e5c4f27ead9083c756cc2,0xa0b86991c6218b36c1d19d4a2e9eb0ce3606eb48,13375.7079,13260.239,0.008633,33.4393,23.1891,16.5757,1.0721342803583713,1.133050663155105,1.0398410791426305,1.09892263113217,
0x8f51f0f6864a6dd8ef1df64f39e7e452e5909235cb012273dfe7523548981a26,25251647,1780668179,AaveV3Repay,repay,0x060ff62e45c4c84551762289a139d586fb5ea21c,0x060ff62e45c4c84551762289a139d586fb5ea21c,0x87870bca3f3fd6335c3f4ce8392d69350b4fa4e2,0x2260fac5e5542a773aa44fbcfedf7c193bc2c599,0xa0b86991c6218b36c1d19d4a2e9eb0ce3606eb48,41859.535,41599.5651,0.006211,104.6487,36.0293,15.5604,1.1197939975517475,1.1431604728350215,1.0480123310420189,1.0698809553455941,
0x9f137d6f641c8318c63df4bced4671b2ea5d1e387bb77af94181805231084659,25251650,1780668215,AaveV3Repay,repay,0xdaf585a5869ca7c1c0b1b9896ecdf314668d3f55,0xdaf585a5869ca7c1c0b1b9896ecdf314668d3f55,0x87870bca3f3fd6335c3f4ce8392d69350b4fa4e2,0x2260fac5e5542a773aa44fbcfedf7c193bc2c599,0xdac17f958d2ee523a2206206994597c13d831ec7,290104.6762,287602.0488,0.008627,725.2614,153.8845,10.1993,1.1197191256724999,1.1432187010145232,1.0479422586422098,1.0699354509494894,
0x66ece6943b40606cb3be877a98d96fba6be88a75756d5daebcf13683ac7b36ee,25251650,1780668215,AaveV3GenericFLRepayStrategy,repay,0xedbe47306effb7cdcd5f6852aa6a80a6b17b7c2a,0xa740c1d26d690a34223b06d41b1268b2d0d7b5b6,0x87870bca3f3fd6335c3f4ce8392d69350b4fa4e2,0x7f39c581f595b53c5cb19bd0b3f8da6c935e2ca0,0xdac17f958d2ee523a2206206994597c13d831ec7,133833.153,132849.466,0.00735,334.5829,90.0192,22.8091,1.0808924093800878,1.1343353776611895,1.047531532547363,1.0993250264988061,
0x46f041a1418d99358e0cbf06ff64d5a556f65f400402daa56ff643189b150c85,25251651,1780668227,AaveV3GenericFLRepayStrategy,repay,0x985a834e5da796010d490a6f2cca2160bf5118b7,0x4d43aadee75419a4535400dee43690b5fe8c64e9,0x87870bca3f3fd6335c3f4ce8392d69350b4fa4e2,0x7f39c581f595b53c5cb19bd0b3f8da6c935e2ca0,0xdac17f958d2ee523a2206206994597c13d831ec7,83454.8053,82803.1494,0.007808,208.637,82.6078,39.4654,1.0808131443393036,1.134584628306003,1.0474547139584443,1.0995665842224727,
0xc240c55a27c4a3360f2de89f33e7d62aebee94b9af9d5cbaf9c6554fdd577501,25251659,1780668323,AaveV3GenericFLRepayStrategy,repay,0x11491c78b3287fe7167d16ef2a4a02207a352c86,0xc7218ace51373b6716b7ff3aeb36fbfa75f2c8a7,0x87870bca3f3fd6335c3f4ce8392d69350b4fa4e2,0x7f39c581f595b53c5cb19bd0b3f8da6c935e2ca0,0xa0b86991c6218b36c1d19d4a2e9eb0ce3606eb48,62855.503,62370.937,0.007709,157.1388,180.0229,145.1811,1.0729379774616103,1.1341256850776615,1.0398226077868444,1.0991218059085777,
0x1a902904e6d6fed16eed7843ba25cd6151a0c44df071ec30edc2dafa9d038216,25251660,1780668335,AaveV3GenericFLRepayStrategy,repay,0x38b3862674a68bd5c378b4dd487ae0dfa307002e,0xf396ec323e6509ce68d4bc992e0feb454c0c5c46,0x87870bca3f3fd6335c3f4ce8392d69350b4fa4e2,0x2260fac5e5542a773aa44fbcfedf7c193bc2c599,0xdac17f958d2ee523a2206206994597c13d831ec7,9798.4091,9727.1374,0.007274,24.4959,60.0271,54.8865,1.0971572122785525,1.1531545998135373,1.0442845287682752,1.0998543212817484,
0x7a7410273bc9dbcc5b5098662f787e6f9d011bd2999afa8d700eeab4fffa2795,25251663,1780668371,AaveV3Repay,repay,0x89158332038a59badadb4e849a83b97db4814878,0x89158332038a59badadb4e849a83b97db4814878,0x87870bca3f3fd6335c3f4ce8392d69350b4fa4e2,0x2260fac5e5542a773aa44fbcfedf7c193bc2c599,0xdac17f958d2ee523a2206206994597c13d831ec7,5622.9861,5578.9128,0.007838,14.0571,20.4793,17.5159,1.2803326991311619,1.3356789164268876,1.198260090212449,1.2500584730661837,
0x898c58b3ca9a4d38b393e4597dc8bfd4af50f7e2853494d988cf445601c82d80,25251664,1780668383,AaveV3GenericFLRepayStrategy,repay,0xa53e9bf09d6b62064dc472c204e654244684ce0e,0x81d0ac9a5f91188074fd753a03885162bec74246,0x87870bca3f3fd6335c3f4ce8392d69350b4fa4e2,0x7f39c581f595b53c5cb19bd0b3f8da6c935e2ca0,0xdac17f958d2ee523a2206206994597c13d831ec7,992948.684,984361.3521,0.008648,2482.3717,557.243,65.7243,1.0771638794282044,1.0860009915291513,1.0439180806804198,1.052482442407881,
0x23fea0727ba6483413a2522505200e2a7d3b800fa792d11957d40b59fccd9922,25251671,1780668467,AaveV3GenericFLRepayStrategy,repay,0xd2afc1ca0521eee79edc15549aae33343a55ccc0,0x7b6520b6a7500ae011faa035337a07c8ec3135ec,0x87870bca3f3fd6335c3f4ce8392d69350b4fa4e2,0x7f39c581f595b53c5cb19bd0b3f8da6c935e2ca0,0xdac17f958d2ee523a2206206994597c13d831ec7,1832672.0413,1813524.6693,0.010448,4581.6801,985.2506,73.3271,1.0795664710982598,1.1323265594137755,1.0462465182865843,1.0973782088145847,
0x8b0164e3bf20e3b2d558237f4b1f52a2ccb47e48011ad3cff904da24ceff3f7d,25251672,1780668479,AaveV3GenericFLRepayStrategy,repay,0xa53e9bf09d6b62064dc472c204e654244684ce0e,0x81d0ac9a5f91188074fd753a03885162bec74246,0x87870bca3f3fd6335c3f4ce8392d69350b4fa4e2,0x7f39c581f595b53c5cb19bd0b3f8da6c935e2ca0,0xdac17f958d2ee523a2206206994597c13d831ec7,987581.7473,979999.456,0.007678,2468.9544,576.7344,81.9492,1.0801309964910801,1.089368824105691,1.04679362005617,1.0557463295345275,
0xad7e4c54f0be9e54dddf07dcc75d057664e78db033e69ea6e3bb8e718bd93fc0,25251696,1780668767,AaveV3GenericFLRepayStrategy,repay,0xf3f6902807f7bf22fcc005dc72fcbc5711c09485,0xf42eb13b54b8777862cd30f7baffaa84aaf7b15c,0x87870bca3f3fd6335c3f4ce8392d69350b4fa4e2,0x7f39c581f595b53c5cb19bd0b3f8da6c935e2ca0,0xdac17f958d2ee523a2206206994597c13d831ec7,136385.2185,135688.7841,0.005106,340.963,122.2434,54.2091,1.0822623034446612,1.1349725892520393,1.0488591459309369,1.0999425710652366,
0xa37efa384eb967cd93e2fb9051acf40c77b8c7ace622a6c693c6efb96b140db5,25251698,1780668791,AaveV3GenericRepayStrategy,repay,0xdf72374d98f6d0db39e7829592bfc34d910568b5,0x80d95f2a9ba8f523b5a8323039d3ac1b87139778,0x87870bca3f3fd6335c3f4ce8392d69350b4fa4e2,0xc02aaa39b223fe8d0a0e5c4f27ead9083c756cc2,0xa0b86991c6218b36c1d19d4a2e9eb0ce3606eb48,5161.9509,5127.3644,0.0067,12.9049,37.4,34.4881,1.3916973464969775,1.4438228705158154,1.349611121933896,1.400160324044575,
0x834e874a192092a02cd877c9bf784a040b78861e5376529d9998d0b97aba5113,25251942,1780671743,AaveV3Repay,repay,0x721e9a8d3958b8e0cbb008dcb209097b9a15443d,0x721e9a8d3958b8e0cbb008dcb209097b9a15443d,0x87870bca3f3fd6335c3f4ce8392d69350b4fa4e2,0x7f39c581f595b53c5cb19bd0b3f8da6c935e2ca0,0xa0b86991c6218b36c1d19d4a2e9eb0ce3606eb48,35967.1291,35816.7036,0.004182,89.9178,40.0658,21.6694,1.4365115446019128,1.597353833880833,1.392174768533897,1.5480527896251943,
0xca7559af906bc6d26061fff454d7d94a531d7f204d3b3434dc589bb74b331bc8,25251943,1780671755,AaveV3GenericFLRepayStrategy,repay,0xa53e9bf09d6b62064dc472c204e654244684ce0e,0x81d0ac9a5f91188074fd753a03885162bec74246,0x87870bca3f3fd6335c3f4ce8392d69350b4fa4e2,0x7f39c581f595b53c5cb19bd0b3f8da6c935e2ca0,0xdac17f958d2ee523a2206206994597c13d831ec7,1963180.0923,1947348.3588,0.008064,4907.9502,1029.7259,51.7237,1.082755418890362,1.1026566899707646,1.0493370417641164,1.068624076082778,
0xe3b134aca01242ddac0b54e5dc9b55e80074797c7bea20abaafb35180015f693,25251945,1780671779,AaveV3GenericFLRepayStrategy,repay,0x954079abbfebe65a43341979d342316cda96e2be,0x75b4257dc02477eb21ebeb7cb97221f8ee41e4e2,0x87870bca3f3fd6335c3f4ce8392d69350b4fa4e2,0xc02aaa39b223fe8d0a0e5c4f27ead9083c756cc2,0xa0b86991c6218b36c1d19d4a2e9eb0ce3606eb48,11714.9196,11678.2559,0.00313,29.2873,24.5756,17.8018,1.0734088078964348,1.133301097962667,1.0410772172970983,1.0991655227226722,
0x80241862dac72f2d1c57cc20e9c3199f3f28dec1f0d65647327dedbc2a2652f1,25251982,1780672223,AaveV3Repay,repay,0xfb64077abffffd8b94309ebe464a4756dc09dfe2,0xfb64077abffffd8b94309ebe464a4756dc09dfe2,0x87870bca3f3fd6335c3f4ce8392d69350b4fa4e2,0xc02aaa39b223fe8d0a0e5c4f27ead9083c756cc2,0xa0b86991c6218b36c1d19d4a2e9eb0ce3606eb48,11330.4101,11303.1204,0.002409,28.326,23.6181,17.8615,1.3892320687998083,1.5457313597737121,1.3473877293780447,1.4991731862864701,
0x9625cc856f7f483f0f52736565b82b72735fdef8cd2c44a3580827a2f8da477a,25251999,1780672427,AaveV3Boost,boost,0xe384f9cba7e27df646c3e636136e5af57ec359fc,0xe384f9cba7e27df646c3e636136e5af57ec359fc,0x87870bca3f3fd6335c3f4ce8392d69350b4fa4e2,0xcbb7c0000ab88b473b1f5afd9ef808440eed33bf,0xa0b86991c6218b36c1d19d4a2e9eb0ce3606eb48,35890.5789,35720.9229,0.004727,89.7259,32.7654,14.7952,1.6650492409224233,1.559852353583999,1.601008885502302,1.4998580322923067,
0xf94450da561708af23d06a3ce9a8a0bde986b2919d9fbb2745d432b4b02f464f,25252124,1780673927,AaveV3Repay,repay,0x2f859af847ebd2f44631a1a4e8ec06e135d8a2b1,0x2f859af847ebd2f44631a1a4e8ec06e135d8a2b1,0x87870bca3f3fd6335c3f4ce8392d69350b4fa4e2,0x7fc66500c84a76ad7e9c93437bfc5ac33e2ddae9,0x6b175474e89094c44da98b954eedeac495271d0f,3226.3041,3197.9099,0.008801,8.0658,12.8632,11.3152,1.2202208607885885,1.3239359319847455,1.1458527793405457,1.2488081822172368,
0xa54392bfa62991bfc5e0a8af53e303010b965ce4f5743d5b65dda65c4cff59ef,25252246,1780675391,AaveV3GenericRepayStrategy,repay,0x06359cdf6f4bcd6c903f641b41cfb4738403139e,0x24ec268a5fa47365344abdaf48f1dbdb1d0264cf,0x87870bca3f3fd6335c3f4ce8392d69350b4fa4e2,0x7f39c581f595b53c5cb19bd0b3f8da6c935e2ca0,0x40d16fc0246ad3160ccc09b8d0d3a2cd28ae6c2f,41141.3415,40925.9158,0.005236,102.8534,55.216,34.1254,1.3929408316060419,1.5470169222402759,1.349864958320488,1.4990751420422417,
0xe23c881940c63d2bb75872958c191fa8d4d2a0d43fbdbce5d27a26b8762b9efc,25252283,1780675835,AaveV3GenericFLRepayStrategy,repay,0xb4227f40488e105f6c0b724ae06f4553321e3c13,0x3ee301d27fd556eca7aaa8c50cdbd461577c42a6,0x87870bca3f3fd6335c3f4ce8392d69350b4fa4e2,0x7f39c581f595b53c5cb19bd0b3f8da6c935e2ca0,0xdac17f958d2ee523a2206206994597c13d831ec7,97491.8169,96836.2779,0.006724,243.7295,80.4083,31.1946,1.0789870993303812,1.1341986248344307,1.0456850283633885,1.0991924944382958,
0x72ac6f4f4d51a539a9bfdf3b5f226920177d306a623513d6106b76163b82e9e1,25252283,1780675835,AaveV3GenericFLRepayStrategy,repay,0xa53e9bf09d6b62064dc472c204e654244684ce0e,0x81d0ac9a5f91188074fd753a03885162bec74246,0x87870bca3f3fd6335c3f4ce8392d69350b4fa4e2,0x7f39c581f595b53c5cb19bd0b3f8da6c935e2ca0,0xdac17f958d2ee523a2206206994597c13d831ec7,1927595.5216,1918799.6881,0.004563,4818.9888,1037.2508,73.4916,1.0826647267228569,1.104054933648023,1.0492491487375835,1.069979164090985,
0x3bad18db884154ea6a994c22d3ccc47feb1c495f3463acf22af2e5212c3bb8c0,25252294,1780675967,AaveV3Repay,repay,0x877fc51036b47bd059737266ad3f8db6180b6e19,0x877fc51036b47bd059737266ad3f8db6180b6e19,0x87870bca3f3fd6335c3f4ce8392d69350b4fa4e2,0x2260fac5e5542a773aa44fbcfedf7c193bc2c599,0xa0b86991c6218b36c1d19d4a2e9eb0ce3606eb48,2012.6929,1985.9985,0.013263,5.0316,21.7858,20.6232,1.4173650235021835,1.5745600705060798,1.3429511857371912,1.4941889643445898,
0x6860a53c7509423c7ab31fe3dbe8a2fc5bcf7c1895ffb122636ee6f0a794cfdf,25252294,1780675967,AaveV3GenericFLRepayStrategy,repay,0xd42d508f87e06e6a25c84d103f6c468962e8aeab,0x23c225cced72e95f4cb3c553b41c54d8fa9ffcf2,0x87870bca3f3fd6335c3f4ce8392d69350b4fa4e2,0x2260fac5e5542a773aa44fbcfedf7c193bc2c599,0xdac17f958d2ee523a2206206994597c13d831ec7,172726.8065,171850.3553,0.005074,431.8168,163.9104,81.7111,1.1179649709947035,1.1753454946899293,1.0463005497770896,1.100002834773901,
0x8d45aa73490bff9b800128f7192bf536816d17ce3f0ef29745bd2d19cd2191c6,25253067,1780685303,AaveV3GenericFLRepayStrategy,repay,0x7779d8fd4e72f76c27b7663ac1b74b2cd21919e3,0x09d61301f81c14bff6eeb600eb0c6adaba665e8a,0x87870bca3f3fd6335c3f4ce8392d69350b4fa4e2,0x2260fac5e5542a773aa44fbcfedf7c193bc2c599,0xdac17f958d2ee523a2206206994597c13d831ec7,8235.6694,8170.7778,0.007879,20.5891,18.5544,14.8175,1.161151463557438,1.2349833417512224,1.098040033804327,1.1693162544050173,
0xb4a7afba70914b275b952aa1b5b1c18dbc232effcad04eacb5ba3196c545c9c4,25253073,1780685375,AaveV3Repay,repay,0xdaf585a5869ca7c1c0b1b9896ecdf314668d3f55,0xdaf585a5869ca7c1c0b1b9896ecdf314668d3f55,0x87870bca3f3fd6335c3f4ce8392d69350b4fa4e2,0x2260fac5e5542a773aa44fbcfedf7c193bc2c599,0xdac17f958d2ee523a2206206994597c13d831ec7,266208.4315,264447.4418,0.006615,665.5207,142.0076,9.228,1.1199744348623357,1.1432095670024087,1.0481812018583379,1.0699269024509712,
0x14bf510a32d8b03c3b92bed2efb561d6a200d7ee3f8d9d5f7167141a2bfac279,25253106,1780685771,AaveV3GenericFLRepayStrategy,repay,0x0790031f1d675c62ed762eb37824c3d7bbe6427b,0xfd801753e655165b54ba1aaa78534c8b497863ad,0x87870bca3f3fd6335c3f4ce8392d69350b4fa4e2,0x2260fac5e5542a773aa44fbcfedf7c193bc2c599,0xdac17f958d2ee523a2206206994597c13d831ec7,48422.4611,48148.6117,0.005655,121.0561,61.1198,42.833,1.1158944313057122,1.1700375891596695,1.0484307794156342,1.0998429758118287,
0x4cfb279ea6bd0276c474ab0219ec57e5866693985794166f987f034f062f47b1,25253107,1780685783,AaveV3Repay,repay,0x92bd75505b06391d9ed922a8c4c0c70980c26bc0,0x92bd75505b06391d9ed922a8c4c0c70980c26bc0,0x87870bca3f3fd6335c3f4ce8392d69350b4fa4e2,0x2260fac5e5542a773aa44fbcfedf7c193bc2c599,0x6b175474e89094c44da98b954eedeac495271d0f,16689.4897,16561.5892,0.007664,41.7233,39.8281,37.3798,1.6504656992752837,1.7622924586943147,1.5446666159883449,1.6493249933933738,
0x5dab35be3c258815f4a4e24699f09b089e098072019050bb901ef382534d992b,25253108,1780685795,AaveV3Boost,boost,0x30dee05ccf2472306f6013e1740ed762e4689f5c,0x30dee05ccf2472306f6013e1740ed762e4689f5c,0x87870bca3f3fd6335c3f4ce8392d69350b4fa4e2,0x2260fac5e5542a773aa44fbcfedf7c193bc2c599,0xa0b86991c6218b36c1d19d4a2e9eb0ce3606eb48,13199.7418,13109.1938,0.00686,32.9989,34.5752,29.315,1.8312659469561001,1.6635169435329626,1.7608326413039066,1.5995355226277885,
0x3af2c8f6b2843fef7c386c857df868968a1b76831bf03986db2bc31e807a59d1,25253165,1780686479,AaveV3Repay,repay,0x1dc5d88b1b60cdd539c773b8f8e5716e40436c89,0x1dc5d88b1b60cdd539c773b8f8e5716e40436c89,0x87870bca3f3fd6335c3f4ce8392d69350b4fa4e2,0x7fc66500c84a76ad7e9c93437bfc5ac33e2ddae9,0x40d16fc0246ad3160ccc09b8d0d3a2cd28ae6c2f,61272.1456,60948.4592,0.005283,153.1804,45.6608,15.6756,1.4712705513076154,1.6517145445462942,1.335758790002962,1.4995829417591353,
0x9c3686506f8fc74ce37f7fbe25ee5dc2feb6ddce48884ed9bdc022e4e292ee4d,25253219,1780687127,AaveV3GenericRepayStrategy,repay,0xdf72374d98f6d0db39e7829592bfc34d910568b5,0x80d95f2a9ba8f523b5a8323039d3ac1b87139778,0x87870bca3f3fd6335c3f4ce8392d69350b4fa4e2,0xc02aaa39b223fe8d0a0e5c4f27ead9083c756cc2,0xa0b86991c6218b36c1d19d4a2e9eb0ce3606eb48,5008.1401,4991.7848,0.003266,12.5204,11.1787,8.8407,1.387792559724554,1.4435314288927203,1.3458244238565684,1.3998777007941137,
0x981d7a0efd8418058522c03e4d10d8510b4f1382c8ca10fbba29754dc63bf028,25253219,1780687127,AaveV3GenericFLRepayStrategy,repay,0x6daf7fd770faed61c0842fb7e0dcb5d10a6cb876,0x484d916b04db43121f7834993b8f4fa692b89f4b,0x87870bca3f3fd6335c3f4ce8392d69350b4fa4e2,0x18084fba666a33d37592fa2633fd49a74dd93a88,0x40d16fc0246ad3160ccc09b8d0d3a2cd28ae6c2f,8339.6998,8291.3157,0.005802,20.8492,21.4726,15.8584,1.1117636470947174,1.1642954601698992,1.0489238957244627,1.0995565102415017,
0x06379107e49deb8ecfd804cb1d2d6d33b15a14f69925c7101162f60b6d681eb2,25253220,1780687139,AaveV3GenericFLRepayStrategy,repay,0xedbe47306effb7cdcd5f6852aa6a80a6b17b7c2a,0xa740c1d26d690a34223b06d41b1268b2d0d7b5b6,0x87870bca3f3fd6335c3f4ce8392d69350b4fa4e2,0x7f39c581f595b53c5cb19bd0b3f8da6c935e2ca0,0xdac17f958d2ee523a2206206994597c13d831ec7,113329.4077,112880.3478,0.003962,283.3235,77.2939,21.4737,1.0797843844893271,1.1349156258943693,1.0464577059556988,1.0998873658358999,
0xe36aa383aa360ef8ae1db68566f3a24d99aa3c108ed25b13d90ac7c9546ea8e1,25253220,1780687139,AaveV3GenericFLRepayStrategy,repay,0x985a834e5da796010d490a6f2cca2160bf5118b7,0x4d43aadee75419a4535400dee43690b5fe8c64e9,0x87870bca3f3fd6335c3f4ce8392d69350b4fa4e2,0x7f39c581f595b53c5cb19bd0b3f8da6c935e2ca0,0xa0b86991c6218b36c1d19d4a2e9eb0ce3606eb48,69790.2651,69580.4494,0.003006,174.4757,45.3044,10.5084,1.0800526741035967,1.1351865385313813,1.0467177150263125,1.1001499169717628,
0xca9ffffa48ca78f562eb752c236e8086c6c4075d8db8c5ada5932c8049d53681,25253528,1780690847,AaveV3GenericBoostStrategy,boost,0xdf72374d98f6d0db39e7829592bfc34d910568b5,0x80d95f2a9ba8f523b5a8323039d3ac1b87139778,0x87870bca3f3fd6335c3f4ce8392d69350b4fa4e2,0xa0b86991c6218b36c1d19d4a2e9eb0ce3606eb48,0xc02aaa39b223fe8d0a0e5c4f27ead9083c756cc2,4179.1652,4160.1751,0.004544,10.4479,12.6304,11.2919,1.4957729342479433,1.4438496605806594,1.4505393726748337,1.4001863046878429,
0xb5f5c16ccb2f68ae8c09e288a65f73d16d9b9cfc83abbe4a0590fe6e280768ec,25255681,1780716803,AaveV3GenericFLRepayStrategy,repay,0x3d71112ebdc0b5a951a79109bee22e0a30e67dab,0x19362f838d8368b4b63ef567d5dc6460feae0fbb,0x87870bca3f3fd6335c3f4ce8392d69350b4fa4e2,0x2260fac5e5542a773aa44fbcfedf7c193bc2c599,0xa0b86991c6218b36c1d19d4a2e9eb0ce3606eb48,7052.4731,7000.3056,0.007397,17.6307,6.0386,2.4314,1.1038006219885914,1.1560132465632724,1.0475866412413224,1.098944329342929,
0xbe06c6678a431c822fc6e1ccc863b8de3a273c4e13ef3f64c35e76a0a0566835,25255963,1780720223,AaveV3GenericRepayStrategy,repay,0xdf72374d98f6d0db39e7829592bfc34d910568b5,0x80d95f2a9ba8f523b5a8323039d3ac1b87139778,0x87870bca3f3fd6335c3f4ce8392d69350b4fa4e2,0xc02aaa39b223fe8d0a0e5c4f27ead9083c756cc2,0xa0b86991c6218b36c1d19d4a2e9eb0ce3606eb48,5265.8847,5068.7024,0.037445,13.1647,171.1773,180.2651,1.3858129836327178,1.4401597140432498,1.3439047127887842,1.3966079508284437,
0xe1c4bc210b29cf4bcdd0a9adc482b89037b7db917c8de1eb5a0ad0ac626fb872,25255963,1780720223,AaveV3GenericFLRepayStrategy,repay,0x11491c78b3287fe7167d16ef2a4a02207a352c86,0xc7218ace51373b6716b7ff3aeb36fbfa75f2c8a7,0x87870bca3f3fd6335c3f4ce8392d69350b4fa4e2,0x7f39c581f595b53c5cb19bd0b3f8da6c935e2ca0,0xdac17f958d2ee523a2206206994597c13d831ec7,44200.2727,43999.4941,0.004542,110.5007,29.6126,7.4656,1.0814330215008892,1.1355456090119584,1.048055459108852,1.1004979050300967,
0x70b848dc0347344e0c71d2f6397188a7e68e2d2ab51267363ae555e63270a62c,25255981,1780720439,AaveV3GenericFLRepayStrategy,repay,0xa53e9bf09d6b62064dc472c204e654244684ce0e,0x81d0ac9a5f91188074fd753a03885162bec74246,0x87870bca3f3fd6335c3f4ce8392d69350b4fa4e2,0x7f39c581f595b53c5cb19bd0b3f8da6c935e2ca0,0xdac17f958d2ee523a2206206994597c13d831ec7,1884286.2872,1859136.3992,0.013347,4710.7157,945.3432,14.4986,1.0786631713061148,1.1001670559809575,1.045371098117654,1.0662112826482115,
0x03c2cb612bedbd35ef0104b3b5c717d1654c7ead2dd198ca4aa60e23001b0ebc,25255995,1780720607,AaveV3GenericFLRepayStrategy,repay,0x954079abbfebe65a43341979d342316cda96e2be,0x75b4257dc02477eb21ebeb7cb97221f8ee41e4e2,0x87870bca3f3fd6335c3f4ce8392d69350b4fa4e2,0xc02aaa39b223fe8d0a0e5c4f27ead9083c756cc2,0xa0b86991c6218b36c1d19d4a2e9eb0ce3606eb48,8089.5632,8086.9903,0.000318,20.2239,8.5197,4.1213,1.0813379425763685,1.1335705989656715,1.0487675226191553,1.0994269062255424,
0x9efa1e1461bbb1eddb3abe8c48f9c0ae102c9c7bcc39db87c8b0903822c71caf,25255998,1780720643,AaveV3GenericFLRepayStrategy,repay,0xd2afc1ca0521eee79edc15549aae33343a55ccc0,0x7b6520b6a7500ae011faa035337a07c8ec3135ec,0x87870bca3f3fd6335c3f4ce8392d69350b4fa4e2,0x7f39c581f595b53c5cb19bd0b3f8da6c935e2ca0,0xdac17f958d2ee523a2206206994597c13d831ec7,1598994.0862,1578089.7294,0.013073,3997.4852,873.743,84.0256,1.0788817889725584,1.1339436048596396,1.0455829683252564,1.0989453454503908,
0x47e709eee87c08c010d02b8c5aec3e7a47ac3322cab0662cd91b91b24755c5c7,25256012,1780720811,AaveV3Repay,repay,0x75c97a4b805f1ea755321664e0a4465739886101,0x75c97a4b805f1ea755321664e0a4465739886101,0x87870bca3f3fd6335c3f4ce8392d69350b4fa4e2,0xc02aaa39b223fe8d0a0e5c4f27ead9083c756cc2,0x6b175474e89094c44da98b954eedeac495271d0f,797006.9513,790602.0322,0.008036,1992.5174,404.2416,8.807,1.2853675891329337,1.4414183343906888,1.2466516978939877,1.3980021194994001,
0x06c5f927a9ca27f315431f96d4736504e7ca414cb98e2049e2e6aeee7a90dc02,25256014,1780720835,AaveV3GenericFLRepayStrategy,repay,0xf3f6902807f7bf22fcc005dc72fcbc5711c09485,0xf42eb13b54b8777862cd30f7baffaa84aaf7b15c,0x87870bca3f3fd6335c3f4ce8392d69350b4fa4e2,0x7f39c581f595b53c5cb19bd0b3f8da6c935e2ca0,0xdac17f958d2ee523a2206206994597c13d831ec7,137037.8615,136408.6297,0.004592,342.5947,88.1456,19.4916,1.071049296774264,1.1343936018414975,1.0379922197133298,1.0993814536365027,
0x6c166a9717174aa67c3069614d805ce879656cd496715852efb57b54f520a23d,25256030,1780721027,AaveV3Repay,repay,0x4f9dee86469f70f56d9d8fd501f20d9ce78fa3fd,0x4f9dee86469f70f56d9d8fd501f20d9ce78fa3fd,0x87870bca3f3fd6335c3f4ce8392d69350b4fa4e2,0xc02aaa39b223fe8d0a0e5c4f27ead9083c756cc2,0xa0b86991c6218b36c1d19d4a2e9eb0ce3606eb48,1107.9896,1099.9689,0.007239,2.77,3.1575,2.5363,1.7381627517658527,1.9075389178924762,1.6858084520135674,1.8500829263887946,
0x9704c8c74d33a40cef073d519d9b15b9924d22713b2bc3ec635514738b0fa395,25257156,1780734575,AaveV3GenericFLBoostStrategy,boost,0x954079abbfebe65a43341979d342316cda96e2be,0x75b4257dc02477eb21ebeb7cb97221f8ee41e4e2,0x87870bca3f3fd6335c3f4ce8392d69350b4fa4e2,0xa0b86991c6218b36c1d19d4a2e9eb0ce3606eb48,0xc02aaa39b223fe8d0a0e5c4f27ead9083c756cc2,6711.8482,6677.6243,0.005099,16.7796,5.5405,2.1877,1.1867121290998395,1.1335677672648843,1.1509677878617768,1.0994241598169658,
0x026aeb80e194b30ccd6cc95fce055186c5075bc88321612626c149e60cce0d73,25262822,1780802771,AaveV3GenericBoostStrategy,boost,0xdf72374d98f6d0db39e7829592bfc34d910568b5,0x80d95f2a9ba8f523b5a8323039d3ac1b87139778,0x87870bca3f3fd6335c3f4ce8392d69350b4fa4e2,0xa0b86991c6218b36c1d19d4a2e9eb0ce3606eb48,0xc02aaa39b223fe8d0a0e5c4f27ead9083c756cc2,4299.9252,4271.0947,0.006705,10.7498,2.6034,0.4659,1.4976395391165944,1.4431588414105985,1.4523495305886522,1.3995163772706853,
0x3f8f3bfec82416c8c0f6490d13ad96e7f3629eaba4a32e7b9889e7b58c20404c,25268455,1780870703,AaveV3Boost,boost,0x5bf7883a7551fd03ed8d710ac2d1c86db321caa3,0x5bf7883a7551fd03ed8d710ac2d1c86db321caa3,0x87870bca3f3fd6335c3f4ce8392d69350b4fa4e2,0xa0b86991c6218b36c1d19d4a2e9eb0ce3606eb48,0xc02aaa39b223fe8d0a0e5c4f27ead9083c756cc2,1626050.8326,1630834.3767,-0.002942,4065.1271,880.4886,67.0546,1.231100576830807,1.1748760536895417,1.1926579767150682,1.1383192191570206,
0xc3bf70a0bcac9d325cf51fdeeb3f8244cd201670c971363df2293b780a847eea,25268457,1780870727,AaveV3GenericFLBoostStrategy,boost,0x954079abbfebe65a43341979d342316cda96e2be,0x75b4257dc02477eb21ebeb7cb97221f8ee41e4e2,0x87870bca3f3fd6335c3f4ce8392d69350b4fa4e2,0xa0b86991c6218b36c1d19d4a2e9eb0ce3606eb48,0xc02aaa39b223fe8d0a0e5c4f27ead9083c756cc2,13307.4278,13199.5464,0.008107,33.2686,80.4219,75.1234,1.2090432996057268,1.121887158134742,1.1726263327501008,1.0880953762630838,
0xfd50d5acfe2bb4b85cda2662832f78142f5dea5fde720ae432addd700db6f941,25268460,1780870763,AaveV3Boost,boost,0x4f9dee86469f70f56d9d8fd501f20d9ce78fa3fd,0x4f9dee86469f70f56d9d8fd501f20d9ce78fa3fd,0x87870bca3f3fd6335c3f4ce8392d69350b4fa4e2,0xa0b86991c6218b36c1d19d4a2e9eb0ce3606eb48,0xc02aaa39b223fe8d0a0e5c4f27ead9083c756cc2,1149.6946,1137.7479,0.010391,2.8742,11.2086,10.8688,2.1206044628335383,1.9075037735555556,2.056730834433837,1.850048840616215,
0x32920c711e4271754ff669873836e1a62ba87ad682ee608e6a325623838402ed,25268465,1780870823,AaveV3GenericBoostStrategy,boost,0xdf72374d98f6d0db39e7829592bfc34d910568b5,0x80d95f2a9ba8f523b5a8323039d3ac1b87139778,0x87870bca3f3fd6335c3f4ce8392d69350b4fa4e2,0xa0b86991c6218b36c1d19d4a2e9eb0ce3606eb48,0xc02aaa39b223fe8d0a0e5c4f27ead9083c756cc2,7683.9935,7664.173,0.002579,19.21,16.365,11.2318,1.532451028163856,1.4434352235222443,1.4861082822302962,1.3997843949749527,
0x5858eb50080c78d0d2834c586079307862e11f4b52777d7b6711e1aec2df754f,25268475,1780870943,AaveV3Boost,boost,0x75c97a4b805f1ea755321664e0a4465739886101,0x75c97a4b805f1ea755321664e0a4465739886101,0x87870bca3f3fd6335c3f4ce8392d69350b4fa4e2,0x6b175474e89094c44da98b954eedeac495271d0f,0xc02aaa39b223fe8d0a0e5c4f27ead9083c756cc2,588267.4538,585380.678,0.004907,1470.6686,311.5125,19.505,1.6032198859122746,1.4434295411064597,1.5549301303125034,1.3999527476996385,
0xdc6070e4f0247cfe179e1fdaf16677769d7c9c04dc1ff19f55c1a517f753c72b,25268478,1780870979,AaveV3Boost,boost,0x9cd9db65aacf2f981d5daac0d1a3daed9e6b0cbc,0x9cd9db65aacf2f981d5daac0d1a3daed9e6b0cbc,0x87870bca3f3fd6335c3f4ce8392d69350b4fa4e2,0xa0b86991c6218b36c1d19d4a2e9eb0ce3606eb48,0xc02aaa39b223fe8d0a0e5c4f27ead9083c756cc2,4653.6705,4649.3371,0.000931,11.6342,6.2934,3.993,1.4238291573411668,1.2813173173009345,1.3809427369387612,1.2427234222014327,
0xe3d029aea157eea6b1ad43706f01a8b32a433e967b195b43a9f678a1bdc08c82,25273125,1780926887,AaveV3Boost,boost,0x060ff62e45c4c84551762289a139d586fb5ea21c,0x060ff62e45c4c84551762289a139d586fb5ea21c,0x87870bca3f3fd6335c3f4ce8392d69350b4fa4e2,0xa0b86991c6218b36c1d19d4a2e9eb0ce3606eb48,0x2260fac5e5542a773aa44fbcfedf7c193bc2c599,73938.7002,73658.7053,0.003787,184.8468,40.7626,4.2624,1.2293176695591717,1.1753398888075413,1.1505152548438273,1.0999975882429425,
0xe31871cf3cad152f22344249d536a41470efe96d89c5510f06128e7a4237c4aa,25276198,1780963883,AaveV3GenericRepayStrategy,repay,0xdf72374d98f6d0db39e7829592bfc34d910568b5,0x80d95f2a9ba8f523b5a8323039d3ac1b87139778,0x87870bca3f3fd6335c3f4ce8392d69350b4fa4e2,0xc02aaa39b223fe8d0a0e5c4f27ead9083c756cc2,0xa0b86991c6218b36c1d19d4a2e9eb0ce3606eb48,5411.5214,5396.5653,0.002764,13.5288,5.2429,2.4966,1.390661462999957,1.4431283731227158,1.348606562440428,1.3994868266220093,
0xbaa43d87a3b5563c49b24c1ca1e28750a7ee0d69c87f80c8170f49d09ab08fff,25280979,1781021459,AaveV3GenericFLRepayStrategy,repay,0x954079abbfebe65a43341979d342316cda96e2be,0x75b4257dc02477eb21ebeb7cb97221f8ee41e4e2,0x87870bca3f3fd6335c3f4ce8392d69350b4fa4e2,0xc02aaa39b223fe8d0a0e5c4f27ead9083c756cc2,0xa0b86991c6218b36c1d19d4a2e9eb0ce3606eb48,10718.6154,10656.4824,0.005797,26.7965,12.3502,6.9652,1.0797710552914157,1.1338570604258462,1.047247830734376,1.0997047393286812,
0x554fc767923f208a35efb4f16a6e488fb8b4c4997721a9649a53a5f1ad41b5bb,25281031,1781022083,AaveV3Repay,repay,0x060ff62e45c4c84551762289a139d586fb5ea21c,0x060ff62e45c4c84551762289a139d586fb5ea21c,0x87870bca3f3fd6335c3f4ce8392d69350b4fa4e2,0x2260fac5e5542a773aa44fbcfedf7c193bc2c599,0xa0b86991c6218b36c1d19d4a2e9eb0ce3606eb48,38121.3621,38011.3413,0.002886,95.3029,22.0033,3.0723,1.1210535417470422,1.1431955782676415,1.0491911352247874,1.0699138104299595,
0xf2b3db49fb5b4bc93a1a109f9f4ce967ea3f9050e6811f711ab3b22b25620efe,25281139,1781023379,AaveV3GenericRepayStrategy,repay,0xdf72374d98f6d0db39e7829592bfc34d910568b5,0x80d95f2a9ba8f523b5a8323039d3ac1b87139778,0x87870bca3f3fd6335c3f4ce8392d69350b4fa4e2,0xc02aaa39b223fe8d0a0e5c4f27ead9083c756cc2,0xa0b86991c6218b36c1d19d4a2e9eb0ce3606eb48,5233.3684,5215.0044,0.003509,13.0834,5.7067,3.025,1.3881173299191532,1.4435591633562188,1.346139370386767,1.3999045939832644,
0x51d60c5cd618e79b10246be3d8e034badd0d1c8a57463388e9a58d4fc61b4017,25282403,1781038595,AaveV3Boost,boost,0x9cd9db65aacf2f981d5daac0d1a3daed9e6b0cbc,0x9cd9db65aacf2f981d5daac0d1a3daed9e6b0cbc,0x87870bca3f3fd6335c3f4ce8392d69350b4fa4e2,0xa0b86991c6218b36c1d19d4a2e9eb0ce3606eb48,0xc02aaa39b223fe8d0a0e5c4f27ead9083c756cc2,8590.2301,8553.2476,0.004305,21.4756,5.126,0.8587,1.4828171390926352,1.2887532548822318,1.4381539722520802,1.2499353857592197,
0xb9b43139c13e706866096cd6f25a397140404b9d2d8bbf0807d2030231cec64d,25294059,1781178995,AaveV3Repay,repay,0xe384f9cba7e27df646c3e636136e5af57ec359fc,0xe384f9cba7e27df646c3e636136e5af57ec359fc,0x87870bca3f3fd6335c3f4ce8392d69350b4fa4e2,0xa0b86991c6218b36c1d19d4a2e9eb0ce3606eb48,0xcbb7c0000ab88b473b1f5afd9ef808440eed33bf,21360.5155,21288.0154,0.003394,53.4013,12.5642,2.0523,1.5073270807433667,1.560035824022671,1.449352962253229,1.5000344461756367,
0x5776df25ab2d1fc11e9c978b67d62fcb12a1e40a4e93b3965f8a50198d966f71,25295822,1781200235,AaveV3GenericBoostStrategy,boost,0xdf72374d98f6d0db39e7829592bfc34d910568b5,0x80d95f2a9ba8f523b5a8323039d3ac1b87139778,0x87870bca3f3fd6335c3f4ce8392d69350b4fa4e2,0xa0b86991c6218b36c1d19d4a2e9eb0ce3606eb48,0xc02aaa39b223fe8d0a0e5c4f27ead9083c756cc2,4480.0668,4442.8079,0.008317,11.2002,6.0627,3.9113,1.4966495169792722,1.443441469305255,1.4513894441388457,1.3997904550741898,
0x8b5a726faca994e19e8e2ec8bb81997a15a07ce396c36c6406543eef26e4f556,25318484,1781473319,AaveV3GenericFLBoostStrategy,boost,0x954079abbfebe65a43341979d342316cda96e2be,0x75b4257dc02477eb21ebeb7cb97221f8ee41e4e2,0x87870bca3f3fd6335c3f4ce8392d69350b4fa4e2,0xa0b86991c6218b36c1d19d4a2e9eb0ce3606eb48,0xc02aaa39b223fe8d0a0e5c4f27ead9083c756cc2,8719.2033,8651.6393,0.007749,21.798,8.0855,3.7766,1.1902191359112817,1.1341375412524564,1.154369161937986,1.0999767719375901,
0x8f47ee140814cf9fb17e4a5bd1a812aee23596a5379260831d3e85082829ed67,25318484,1781473319,AaveV3GenericFLBoostStrategy,boost,0xd42d508f87e06e6a25c84d103f6c468962e8aeab,0x23c225cced72e95f4cb3c553b41c54d8fa9ffcf2,0x87870bca3f3fd6335c3f4ce8392d69350b4fa4e2,0xdac17f958d2ee523a2206206994597c13d831ec7,0x2260fac5e5542a773aa44fbcfedf7c193bc2c599,270982.8686,270370.7918,0.002259,677.4572,139.3267,3.8433,1.2827881300090496,1.1753546059177022,1.2005581216751335,1.1000113619486183,
0x4ada8bb5bf05fe21dd9cff482c398bbe6d420850441112c7082c742ac2a5b5f7,25319064,1781480303,AaveV3Boost,boost,0x060ff62e45c4c84551762289a139d586fb5ea21c,0x060ff62e45c4c84551762289a139d586fb5ea21c,0x87870bca3f3fd6335c3f4ce8392d69350b4fa4e2,0xa0b86991c6218b36c1d19d4a2e9eb0ce3606eb48,0x2260fac5e5542a773aa44fbcfedf7c193bc2c599,83831.7971,83481.9233,0.004174,209.5795,42.4739,0.762,1.2326772413379572,1.1752676695611655,1.153659469457309,1.0999299984354476,
0x94006c89055f3e0944465158746374428c1d52d9841aea9d2b671671a00ac1f9,25322568,1781522495,AaveV3Boost,boost,0x877fc51036b47bd059737266ad3f8db6180b6e19,0x877fc51036b47bd059737266ad3f8db6180b6e19,0x87870bca3f3fd6335c3f4ce8392d69350b4fa4e2,0xdac17f958d2ee523a2206206994597c13d831ec7,0x7f39c581f595b53c5cb19bd0b3f8da6c935e2ca0,1703.9143,1696.2394,0.004504,4.2598,5.9469,5.1479,1.7482792636025772,1.5817053943166932,1.6594370220643453,1.5040573507197326,
0xe185448e759b38aed757bd8c9b3b8d0c43c3087940d10484512e365c6117beea,25322570,1781522519,AaveV3Boost,boost,0x3184cef74082cc8800bbe0adf8e6ccb6af23da34,0x3184cef74082cc8800bbe0adf8e6ccb6af23da34,0x87870bca3f3fd6335c3f4ce8392d69350b4fa4e2,0xa0b86991c6218b36c1d19d4a2e9eb0ce3606eb48,0xc02aaa39b223fe8d0a0e5c4f27ead9083c756cc2,4917.8782,4900.162,0.003602,12.2947,8.5784,6.302,1.3449554755854474,1.2783921927370778,1.3044447684894072,1.239886403799184,
0x814185a3dcf8117755f023ad4400beaf960df8319206226c1afc4bebd4aef0e7,25322570,1781522519,AaveV3GenericBoostStrategy,boost,0xdf72374d98f6d0db39e7829592bfc34d910568b5,0x80d95f2a9ba8f523b5a8323039d3ac1b87139778,0x87870bca3f3fd6335c3f4ce8392d69350b4fa4e2,0xa0b86991c6218b36c1d19d4a2e9eb0ce3606eb48,0xc02aaa39b223fe8d0a0e5c4f27ead9083c756cc2,5621.8342,5605.8647,0.002841,14.0546,6.0269,3.1002,1.504412118278853,1.443401018168523,1.45891729285232,1.3997512229722298,
0x76386eb7baae74570bd9d4cd7a2ea77c5d6c485f5e3798aa754277976933deb6,25323124,1781529179,AaveV3Boost,boost,0x9cd9db65aacf2f981d5daac0d1a3daed9e6b0cbc,0x9cd9db65aacf2f981d5daac0d1a3daed9e6b0cbc,0x87870bca3f3fd6335c3f4ce8392d69350b4fa4e2,0xa0b86991c6218b36c1d19d4a2e9eb0ce3606eb48,0xc02aaa39b223fe8d0a0e5c4f27ead9083c756cc2,4121.5236,4097.0899,0.005928,10.3038,6.9887,4.9483,1.3934680380714581,1.288354046236548,1.35149610921354,1.2495482014702566,
0x56baa0961118acbf6ede9b9f25aa7bdc46aed7dd8dbb8b66c9ef616b1c25b3b7,25323124,1781529179,AaveV3GenericFLBoostStrategy,boost,0x954079abbfebe65a43341979d342316cda96e2be,0x75b4257dc02477eb21ebeb7cb97221f8ee41e4e2,0x87870bca3f3fd6335c3f4ce8392d69350b4fa4e2,0xa0b86991c6218b36c1d19d4a2e9eb0ce3606eb48,0xc02aaa39b223fe8d0a0e5c4f27ead9083c756cc2,10086.5346,10047.6023,0.00386,25.2163,14.7552,9.9514,1.1885293201765657,1.1341505443329056,1.1527302442676173,1.0999893833590209,
0xeee4b42ac767c4b190ae232d09f13f91afc634f81d3fe81505fb42a0686c3140,25323167,1781529695,AaveV3GenericBoostStrategy,boost,0xdf72374d98f6d0db39e7829592bfc34d910568b5,0x80d95f2a9ba8f523b5a8323039d3ac1b87139778,0x87870bca3f3fd6335c3f4ce8392d69350b4fa4e2,0xa0b86991c6218b36c1d19d4a2e9eb0ce3606eb48,0xc02aaa39b223fe8d0a0e5c4f27ead9083c756cc2,5344.5457,5321.8192,0.004252,13.3614,12.6897,9.5611,1.4962768691670185,1.4434037517005605,1.4510280572713532,1.3997538704588846,
0xcc45c92c74130445f88a5859323dd57e6c354b4f3e5f8a373253565b99d44602,25323897,1781538467,AaveV3Boost,boost,0x4f9dee86469f70f56d9d8fd501f20d9ce78fa3fd,0x4f9dee86469f70f56d9d8fd501f20d9ce78fa3fd,0x87870bca3f3fd6335c3f4ce8392d69350b4fa4e2,0xa0b86991c6218b36c1d19d4a2e9eb0ce3606eb48,0xc02aaa39b223fe8d0a0e5c4f27ead9083c756cc2,1050.6644,1037.7196,0.012321,2.6267,4.5663,3.8126,2.0695832829751075,1.9067924135705498,2.0072464371013226,1.8493589071372618,
0x7580d6d40200297f8766534feba749eee4035d3ae008b141b98bef8105d2b28c,25323898,1781538479,AaveV3Boost,boost,0x3184cef74082cc8800bbe0adf8e6ccb6af23da34,0x3184cef74082cc8800bbe0adf8e6ccb6af23da34,0x87870bca3f3fd6335c3f4ce8392d69350b4fa4e2,0xa0b86991c6218b36c1d19d4a2e9eb0ce3606eb48,0xc02aaa39b223fe8d0a0e5c4f27ead9083c756cc2,5291.6861,5254.6992,0.00699,13.2292,8.6631,5.9987,1.3410258969012556,1.2782410395726316,1.3006335506090034,1.2397398034408385,
0x577d0f3d98b0809f44b27a610fd9ca9fcb3db87bbdac632e21c06feb48933c61,25325918,1781562803,AaveV3GenericFLRepayStrategy,repay,0x954079abbfebe65a43341979d342316cda96e2be,0x75b4257dc02477eb21ebeb7cb97221f8ee41e4e2,0x87870bca3f3fd6335c3f4ce8392d69350b4fa4e2,0xc02aaa39b223fe8d0a0e5c4f27ead9083c756cc2,0xa0b86991c6218b36c1d19d4a2e9eb0ce3606eb48,12034.5293,11996.6752,0.003145,30.0863,8.1978,2.0162,1.0825700754389203,1.1341789415667773,1.0499625430461295,1.100016925254464,
0xfc0ca02038dacfa1e23b60287503cc8c5c99018ab54a4fbe2ab9fb6bd2024376,25337256,1781699183,AaveV3Repay,repay,0x5e2289f8ee186bcf5ed0063493257259eb0fe66b,0x5e2289f8ee186bcf5ed0063493257259eb0fe66b,0x87870bca3f3fd6335c3f4ce8392d69350b4fa4e2,0xae78736cd615f374d3085123a210448e74fc6393,0xa0b86991c6218b36c1d19d4a2e9eb0ce3606eb48,39085.0313,38916.2419,0.004319,97.7126,28.4111,9.6515,1.1492862695346269,1.2023030850358518,1.0982378754756577,1.1497621727175837,
0x68698ca193a07f8b64a5f4878d72365e8f919eb0492e0affbf7e870d380aa085,25337257,1781699195,AaveV3GenericRepayStrategy,repay,0xdf72374d98f6d0db39e7829592bfc34d910568b5,0x80d95f2a9ba8f523b5a8323039d3ac1b87139778,0x87870bca3f3fd6335c3f4ce8392d69350b4fa4e2,0xc02aaa39b223fe8d0a0e5c4f27ead9083c756cc2,0xa0b86991c6218b36c1d19d4a2e9eb0ce3606eb48,6378.6418,6350.6617,0.004387,15.9466,9.2474,6.3919,1.3860989466432228,1.4432657938857094,1.344182017938667,1.399620088701301,
0x34cc4878f94b730ad82df937b4c287fc0c49b64cff25578fe73a0801bb0db657,25340792,1781741687,AaveV3Repay,repay,0xe384f9cba7e27df646c3e636136e5af57ec359fc,0xe384f9cba7e27df646c3e636136e5af57ec359fc,0x87870bca3f3fd6335c3f4ce8392d69350b4fa4e2,0xa0b86991c6218b36c1d19d4a2e9eb0ce3606eb48,0xcbb7c0000ab88b473b1f5afd9ef808440eed33bf,20508.7008,20386.086,0.005979,51.2718,11.8603,1.8808,1.5078029951698633,1.5599610273806577,1.4498105722786898,1.4999625263275378,
0xfe21ce9013905ce3b4bf8fd3920b7a955d2f88eb7cd76c36540685326fd59adf,25345428,1781797523,AaveV3GenericFLRepayStrategy,repay,0x954079abbfebe65a43341979d342316cda96e2be,0x75b4257dc02477eb21ebeb7cb97221f8ee41e4e2,0x87870bca3f3fd6335c3f4ce8392d69350b4fa4e2,0xc02aaa39b223fe8d0a0e5c4f27ead9083c756cc2,0xa0b86991c6218b36c1d19d4a2e9eb0ce3606eb48,11280.1424,11228.5546,0.004573,28.2004,16.7686,10.8117,1.0757534807387388,1.133691105620601,1.0433512674633654,1.0995437831621426,
0x357810681e53497100dce7ff6058143f2e702033c58ad5ad74be031d4ce531b1,25345470,1781798027,AaveV3Repay,repay,0x060ff62e45c4c84551762289a139d586fb5ea21c,0x060ff62e45c4c84551762289a139d586fb5ea21c,0x87870bca3f3fd6335c3f4ce8392d69350b4fa4e2,0x2260fac5e5542a773aa44fbcfedf7c193bc2c599,0xa0b86991c6218b36c1d19d4a2e9eb0ce3606eb48,44489.152,44262.5005,0.005095,111.2226,28.6065,8.1961,1.1191677668928852,1.1430279086280284,1.0474262433741075,1.069756888844173,
0x02fd30d2b0c29e39d77b22eda023e66125e6307b08e81f35d76ceba03aa3f1df,25345470,1781798027,AaveV3Repay,repay,0x4f9dee86469f70f56d9d8fd501f20d9ce78fa3fd,0x4f9dee86469f70f56d9d8fd501f20d9ce78fa3fd,0x87870bca3f3fd6335c3f4ce8392d69350b4fa4e2,0xc02aaa39b223fe8d0a0e5c4f27ead9083c756cc2,0xa0b86991c6218b36c1d19d4a2e9eb0ce3606eb48,1199.6766,1185.2923,0.01199,2.9992,6.992,5.9867,1.7493563858466823,1.905929599861563,1.6966649284416433,1.848522081792732,
0x23d653e757f517258535fd74174542b00fe7dfb0588a8c8dfe0ee14e9a8794b9,25345925,1781803511,AaveV3GenericRepayStrategy,repay,0xdf72374d98f6d0db39e7829592bfc34d910568b5,0x80d95f2a9ba8f523b5a8323039d3ac1b87139778,0x87870bca3f3fd6335c3f4ce8392d69350b4fa4e2,0xc02aaa39b223fe8d0a0e5c4f27ead9083c756cc2,0xa0b86991c6218b36c1d19d4a2e9eb0ce3606eb48,5789.9455,5757.6174,0.005583,14.4749,5.5137,2.6673,1.3860697336294259,1.4431518302404007,1.3441536924348685,1.3995095759307716,
0x5d35d061ef12cb08f3bfe9edab38e86e3dab4e5cb3e2415bfaa9fabba6bf7dec,25345937,1781803655,AaveV3GenericRepayStrategy,repay,0xd42d508f87e06e6a25c84d103f6c468962e8aeab,0x23c225cced72e95f4cb3c553b41c54d8fa9ffcf2,0x87870bca3f3fd6335c3f4ce8392d69350b4fa4e2,0x2260fac5e5542a773aa44fbcfedf7c193bc2c599,0xdac17f958d2ee523a2206206994597c13d831ec7,181991.5851,181172.025,0.004503,454.9788,93.4355,2.8222,1.1194386247023351,1.1751804468043645,1.0476797385034669,1.099848366880999,
0xcc9c4e0c151769b08e9b304d2099416c1b57d6fe05d85ec7057c7c0ef2fa01ca,25351729,1781873339,AaveV3GenericFLRepayStrategy,repay,0x954079abbfebe65a43341979d342316cda96e2be,0x75b4257dc02477eb21ebeb7cb97221f8ee41e4e2,0x87870bca3f3fd6335c3f4ce8392d69350b4fa4e2,0xc02aaa39b223fe8d0a0e5c4f27ead9083c756cc2,0xa0b86991c6218b36c1d19d4a2e9eb0ce3606eb48,9473.6732,9446.7579,0.002841,23.6842,7.6347,3.0458,1.0812392019401256,1.1341338220091777,1.048671756098485,1.0999731647195612,
0x254d53f90e5a7ca698a9c762fb0c480e51ef64c3c63e8cdcb72312101b133913,25359662,1781968883,AaveV3GenericBoostStrategy,boost,0xdf72374d98f6d0db39e7829592bfc34d910568b5,0x80d95f2a9ba8f523b5a8323039d3ac1b87139778,0x87870bca3f3fd6335c3f4ce8392d69350b4fa4e2,0xa0b86991c6218b36c1d19d4a2e9eb0ce3606eb48,0xc02aaa39b223fe8d0a0e5c4f27ead9083c756cc2,5228.5599,5216.4856,0.002309,13.0714,3.5528,0.9176,1.501353561913032,1.4435106634567636,1.4559512311372484,1.3998575535564635,
0xd99b87ffd5a8980307548530b54a8d2900faded8e627cd90cdac6d58e1b45884,25372872,1782128063,AaveV3GenericFLBoostStrategy,boost,0x954079abbfebe65a43341979d342316cda96e2be,0x75b4257dc02477eb21ebeb7cb97221f8ee41e4e2,0x87870bca3f3fd6335c3f4ce8392d69350b4fa4e2,0xa0b86991c6218b36c1d19d4a2e9eb0ce3606eb48,0xc02aaa39b223fe8d0a0e5c4f27ead9083c756cc2,7892.0331,7840.2464,0.006562,19.7301,31.4416,27.3854,1.1889936276884667,1.1340558958266564,1.1531805666133588,1.099897585711389,
0xbdb00ef3cc34d33a29f53187f015d4525fc1b27b10a7c03721f8d73b4a5f6d39,25379016,1782202043,AaveV3GenericRepayStrategy,repay,0xdf72374d98f6d0db39e7829592bfc34d910568b5,0x80d95f2a9ba8f523b5a8323039d3ac1b87139778,0x87870bca3f3fd6335c3f4ce8392d69350b4fa4e2,0xc02aaa39b223fe8d0a0e5c4f27ead9083c756cc2,0xa0b86991c6218b36c1d19d4a2e9eb0ce3606eb48,5332.6842,5293.1602,0.007412,13.3317,3.9867,1.3091,1.3900457806849509,1.4427878230480635,1.348009500369978,1.3991565767165661,
0xb992c392158537fb413b5192137b0fc9e8e536188e90f16600fe6261456f65af,25379016,1782202043,AaveV3GenericFLRepayStrategy,repay,0x954079abbfebe65a43341979d342316cda96e2be,0x75b4257dc02477eb21ebeb7cb97221f8ee41e4e2,0x87870bca3f3fd6335c3f4ce8392d69350b4fa4e2,0xc02aaa39b223fe8d0a0e5c4f27ead9083c756cc2,0xa0b86991c6218b36c1d19d4a2e9eb0ce3606eb48,9157.44,9127.2146,0.003301,22.8936,6.6532,1.9377,1.081631508004001,1.134178233568631,1.0490522457146714,1.1000162385814678,
0xdbbad184a62345f41ac9424d73ef53b7ffd9b42f615cba2e8c99cc438f957f3a,25379078,1782202799,AaveV3Repay,repay,0x5e2289f8ee186bcf5ed0063493257259eb0fe66b,0x5e2289f8ee186bcf5ed0063493257259eb0fe66b,0x87870bca3f3fd6335c3f4ce8392d69350b4fa4e2,0xae78736cd615f374d3085123a210448e74fc6393,0xa0b86991c6218b36c1d19d4a2e9eb0ce3606eb48,37035.1214,36867.6825,0.004521,92.5878,25.0949,7.1495,1.1436231915000563,1.201353161239929,1.093647265108147,1.1497077202797794,
0xe8a5217c98822f758a47c629a8cdc1c34becf74df5bada6f257881a0fee85010,25387861,1782308807,AaveV3Repay,repay,0x060ff62e45c4c84551762289a139d586fb5ea21c,0x060ff62e45c4c84551762289a139d586fb5ea21c,0x87870bca3f3fd6335c3f4ce8392d69350b4fa4e2,0x2260fac5e5542a773aa44fbcfedf7c193bc2c599,0xa0b86991c6218b36c1d19d4a2e9eb0ce3606eb48,39188.723,39031.8847,0.004002,97.9715,25.0051,5.7212,1.1206041182312254,1.1431928066618668,1.0487705209086973,1.069911216491222,
0x5bd78c735446356c1107d91bfb71bb4dfa244292ab4c32db82fdc8bee4839b18,25388788,1782319967,AaveV3GenericFLRepayStrategy,repay,0x954079abbfebe65a43341979d342316cda96e2be,0x75b4257dc02477eb21ebeb7cb97221f8ee41e4e2,0x87870bca3f3fd6335c3f4ce8392d69350b4fa4e2,0xc02aaa39b223fe8d0a0e5c4f27ead9083c756cc2,0xa0b86991c6218b36c1d19d4a2e9eb0ce3606eb48,7935.5691,7881.9069,0.006762,19.8389,15.7488,10.8853,1.0767856169567334,1.1305461109684463,1.0443523152410905,1.0964935172645731,
0x23d6d33c4669540c396c2aa6f4d2131c66401d920fd69dfc5401cfd00a88ee46,25388789,1782319979,AaveV3Repay,repay,0x060ff62e45c4c84551762289a139d586fb5ea21c,0x060ff62e45c4c84551762289a139d586fb5ea21c,0x87870bca3f3fd6335c3f4ce8392d69350b4fa4e2,0x2260fac5e5542a773aa44fbcfedf7c193bc2c599,0xa0b86991c6218b36c1d19d4a2e9eb0ce3606eb48,48689.5105,48436.4406,0.005198,121.7237,34.9884,10.8723,1.1129545407036432,1.1427465079191914,1.0416113009149477,1.069493526642313,
0x3c86639bb449f47f49a9205210efe9f19cfeb37fc88718c27b12f616002b042c,25388932,1782321719,AaveV3Repay,repay,0x5e2289f8ee186bcf5ed0063493257259eb0fe66b,0x5e2289f8ee186bcf5ed0063493257259eb0fe66b,0x87870bca3f3fd6335c3f4ce8392d69350b4fa4e2,0xae78736cd615f374d3085123a210448e74fc6393,0xa0b86991c6218b36c1d19d4a2e9eb0ce3606eb48,32090.7094,32014.4078,0.002378,80.2268,28.748,13.4478,1.141545103911588,1.2000932469464018,1.0924706425346007,1.1495831262549563,
0x6f4fc9e3ecdb3e07573e6d3fe75f96cf6891d47079900532cbfbf7e5d945fad2,25388935,1782321755,AaveV3Repay,repay,0x877fc51036b47bd059737266ad3f8db6180b6e19,0x877fc51036b47bd059737266ad3f8db6180b6e19,0x87870bca3f3fd6335c3f4ce8392d69350b4fa4e2,0x7f39c581f595b53c5cb19bd0b3f8da6c935e2ca0,0xdac17f958d2ee523a2206206994597c13d831ec7,2061.0326,2034.2806,0.01298,5.1526,13.5349,12.7452,1.4184852629532587,1.5783368352162905,1.3488868484700303,1.4968110546566316,
0xdde85e510434a82dabec1f546f95cb9f5a886f94ef1c7c2f00e0009db9993053,25388935,1782321755,AaveV3GenericRepayStrategy,repay,0xd42d508f87e06e6a25c84d103f6c468962e8aeab,0x23c225cced72e95f4cb3c553b41c54d8fa9ffcf2,0x87870bca3f3fd6335c3f4ce8392d69350b4fa4e2,0x2260fac5e5542a773aa44fbcfedf7c193bc2c599,0xdac17f958d2ee523a2206206994597c13d831ec7,154495.6989,153787.6692,0.004583,386.2392,96.2362,18.7641,1.1199817559495093,1.1751324654676483,1.048188053645047,1.0998034612710035,
0x8d3e3c51e1bf4f079e0ddc9a3aef6ea26c30fe025209c014c22dd1a3480eabed,25389070,1782323423,AaveV3Repay,repay,0x5bf7883a7551fd03ed8d710ac2d1c86db321caa3,0x5bf7883a7551fd03ed8d710ac2d1c86db321caa3,0x87870bca3f3fd6335c3f4ce8392d69350b4fa4e2,0xc02aaa39b223fe8d0a0e5c4f27ead9083c756cc2,0xa0b86991c6218b36c1d19d4a2e9eb0ce3606eb48,1277988.0855,1274759.9055,0.002526,3194.9702,649.1404,11.301,1.0799694124731716,1.1036591408366716,1.0468531470699514,1.0697602990028754,
0xad14302186aaee17b8ead8ca2c33b2a1dda81f62bb82970c5681448096ee832f,25389070,1782323423,AaveV3Repay,repay,0xeca1395c29527b4cea5af5517138ac01754bcfc8,0xeca1395c29527b4cea5af5517138ac01754bcfc8,0x87870bca3f3fd6335c3f4ce8392d69350b4fa4e2,0x514910771af9ca656af840dff83e8264ecf986ca,0xa0b86991c6218b36c1d19d4a2e9eb0ce3606eb48,4193.3172,4190.2009,0.000743,10.4833,10.5514,8.3722,1.1419391232739524,1.2450631982862574,1.0,1.0808868692120226,
0x000ac96c75efb9d2b91be82927652a4564913623c1a8151610bad2db94015cf2,25392428,1782363839,AaveV3Boost,boost,0x5e2289f8ee186bcf5ed0063493257259eb0fe66b,0x5e2289f8ee186bcf5ed0063493257259eb0fe66b,0x87870bca3f3fd6335c3f4ce8392d69350b4fa4e2,0xa0b86991c6218b36c1d19d4a2e9eb0ce3606eb48,0xae78736cd615f374d3085123a210448e74fc6393,24799.6919,24783.2096,0.000665,61.9992,15.6574,4.1868,1.2546339311365453,1.201226258553827,1.2018280815882605,1.1498735865757066,
0x6f3d74ceaae7ede2856e01363698f0019f7691b55c3347082c6170cae8a5ddcd,25395064,1782395603,AaveV3Repay,repay,0x5e2289f8ee186bcf5ed0063493257259eb0fe66b,0x5e2289f8ee186bcf5ed0063493257259eb0fe66b,0x87870bca3f3fd6335c3f4ce8392d69350b4fa4e2,0xae78736cd615f374d3085123a210448e74fc6393,0xa0b86991c6218b36c1d19d4a2e9eb0ce3606eb48,28343.6036,28113.6501,0.008113,70.859,28.9605,15.6055,1.1468026959595665,1.1992138888939148,1.0977769761990999,1.1488738348915475,
0xc405c54d84fcd84967ed94434e07c422c03d8abd45c294e110eabad2d3fe90ef,25395072,1782395699,AaveV3Repay,repay,0xd11011223bba9039a802820379850c6d2585f30a,0xd11011223bba9039a802820379850c6d2585f30a,0x87870bca3f3fd6335c3f4ce8392d69350b4fa4e2,0x2260fac5e5542a773aa44fbcfedf7c193bc2c599,0xa0b86991c6218b36c1d19d4a2e9eb0ce3606eb48,17941.2195,17811.6845,0.00722,44.8528,28.0494,18.9588,1.1747978157534946,1.2811525273685538,1.099490263461552,1.1990273653577153,
0x2f88943d145c93943a662506f4cbabf4a8c4eff2c9277cef046980321beceb4e,25395072,1782395699,AaveV3Repay,repay,0x5bf7883a7551fd03ed8d710ac2d1c86db321caa3,0x5bf7883a7551fd03ed8d710ac2d1c86db321caa3,0x87870bca3f3fd6335c3f4ce8392d69350b4fa4e2,0xc02aaa39b223fe8d0a0e5c4f27ead9083c756cc2,0xa0b86991c6218b36c1d19d4a2e9eb0ce3606eb48,1158228.358,1149026.5459,0.007945,2895.5709,610.6916,35.7458,1.082499214155228,1.1037571614928816,1.0493154423551254,1.0698545546335934,
0xf75de494bd4ca3299266d59336082e9e8f6cd584c11bb555d97fc3525be37ab1,25395081,1782395807,AaveV3Repay,repay,0x060ff62e45c4c84551762289a139d586fb5ea21c,0x060ff62e45c4c84551762289a139d586fb5ea21c,0x87870bca3f3fd6335c3f4ce8392d69350b4fa4e2,0x2260fac5e5542a773aa44fbcfedf7c193bc2c599,0xa0b86991c6218b36c1d19d4a2e9eb0ce3606eb48,33368.3342,33172.6503,0.005864,83.4203,48.5723,33.2888,1.1208871498483741,1.1431288993327269,1.0490354094734657,1.0698514057857493,
0x964c5bca5d711396b1648b1a30ff5872aabcfad67c1e9236ce10ba8c0194aeb1,25395082,1782395819,AaveV3GenericRepayStrategy,repay,0x1019d6d00de710d3dee4a44e8498a01c76c5f233,0xdaf585a5869ca7c1c0b1b9896ecdf314668d3f55,0x87870bca3f3fd6335c3f4ce8392d69350b4fa4e2,0x2260fac5e5542a773aa44fbcfedf7c193bc2c599,0xdac17f958d2ee523a2206206994597c13d831ec7,241469.7343,240140.635,0.005504,603.6742,170.4368,50.5583,1.1205861215136301,1.1431697629882978,1.0487536778268585,1.0698896499762265,
0x4f9ff92391494cfe8c0120fa47f064779b7527ee99696fdbc1e708f0faaf1e98,25395084,1782395843,AaveV3Repay,repay,0x4f9dee86469f70f56d9d8fd501f20d9ce78fa3fd,0x4f9dee86469f70f56d9d8fd501f20d9ce78fa3fd,0x87870bca3f3fd6335c3f4ce8392d69350b4fa4e2,0xc02aaa39b223fe8d0a0e5c4f27ead9083c756cc2,0xa0b86991c6218b36c1d19d4a2e9eb0ce3606eb48,1070.5659,1046.9983,0.022014,2.6764,22.0117,21.1091,1.7476368978659822,1.9087682147917076,1.6949972322673914,1.8512751962728922,
0xe59ccace8465039f1bd99d6b69ff58b64bc1747ef4eaec42f31601bf0d2b60f4,25395086,1782395867,AaveV3Repay,repay,0xe8f4dc723cac4085815a278b3891c1ed3da2b638,0xe8f4dc723cac4085815a278b3891c1ed3da2b638,0x87870bca3f3fd6335c3f4ce8392d69350b4fa4e2,0x2260fac5e5542a773aa44fbcfedf7c193bc2c599,0xdac17f958d2ee523a2206206994597c13d831ec7,3602.9698,3547.6254,0.015361,9.0073,31.1836,30.6001,1.1952469209871996,1.281149890901325,1.1186285286160471,1.1990248978943012,
0x8e79f8aa18a45b9f63dc8db799272bf7d473d65cc95450fd1f7f471bd6a27cf3,25398757,1782440135,AaveV3GenericFLRepayStrategy,repay,0x954079abbfebe65a43341979d342316cda96e2be,0x75b4257dc02477eb21ebeb7cb97221f8ee41e4e2,0x87870bca3f3fd6335c3f4ce8392d69350b4fa4e2,0xc02aaa39b223fe8d0a0e5c4f27ead9083c756cc2,0xa0b86991c6218b36c1d19d4a2e9eb0ce3606eb48,6328.7188,6317.9354,0.001704,15.8218,6.9809,3.7052,1.0800000556557923,1.1340868848138461,1.047469933497419,1.0999276412950794,
0x003d9071274f4260a66d45867117a8b5ed9dbe0a4784e01405f23fae9d586e3d,25398795,1782440591,AaveV3Boost,boost,0xe384f9cba7e27df646c3e636136e5af57ec359fc,0xe384f9cba7e27df646c3e636136e5af57ec359fc,0x87870bca3f3fd6335c3f4ce8392d69350b4fa4e2,0xcbb7c0000ab88b473b1f5afd9ef808440eed33bf,0xa0b86991c6218b36c1d19d4a2e9eb0ce3606eb48,35270.6133,35091.6223,0.005075,88.1762,21.5946,4.1084,1.6642817679379756,1.5599665594618086,1.6002709307095917,1.4999678456363297,
0xe67b5d0fdcd7dda01bc09f74e28f041face2eb14b789682ecfb92a8d2efff4d0,25398796,1782440603,AaveV3Repay,repay,0x06a9ef1404483e0559d67d80e323b034a3a3967d,0x06a9ef1404483e0559d67d80e323b034a3a3967d,0x87870bca3f3fd6335c3f4ce8392d69350b4fa4e2,0x7f39c581f595b53c5cb19bd0b3f8da6c935e2ca0,0xa0b86991c6218b36c1d19d4a2e9eb0ce3606eb48,42142.0912,42014.0047,0.003039,105.3552,26.6129,6.0298,1.2014669610174589,1.313034325058155,1.1466748274409633,1.2496069915887116,
0x466496db12646e0c3b774130888c34779790711163325e57a67fcf7fad087a38,25399034,1782443471,AaveV3GenericRepayStrategy,repay,0x4b15670c236719cf04a8823fa5feae24eb5d8162,0x95368a0462b6caaf86f0afe41bdd48469b734a3f,0x87870bca3f3fd6335c3f4ce8392d69350b4fa4e2,0x514910771af9ca656af840dff83e8264ecf986ca,0xa0b86991c6218b36c1d19d4a2e9eb0ce3606eb48,4005.0846,4009.3922,-0.001076,10.0127,5.2092,3.8826,1.087398309512829,1.1367657022246223,1.0,1.0584081522588524,
0x94a948f76a2f779f8e7874da4c47d02067bbbd9697552e89d38332b48600d0e2,25409506,1782569663,AaveV3GenericFLBoostStrategy,boost,0x954079abbfebe65a43341979d342316cda96e2be,0x75b4257dc02477eb21ebeb7cb97221f8ee41e4e2,0x87870bca3f3fd6335c3f4ce8392d69350b4fa4e2,0xa0b86991c6218b36c1d19d4a2e9eb0ce3606eb48,0xc02aaa39b223fe8d0a0e5c4f27ead9083c756cc2,4901.9331,4877.6317,0.004958,12.2548,3.6969,1.2497,1.1860419553217674,1.1340350750712467,1.1503178000407004,1.0998773920869902,
0x63cbf5145761c5b8d865ede05ac636f9a6aafd9b104f7b2b55054287232fe7b3,25430826,1782826535,AaveV3Repay,repay,0x89158332038a59badadb4e849a83b97db4814878,0x89158332038a59badadb4e849a83b97db4814878,0x87870bca3f3fd6335c3f4ce8392d69350b4fa4e2,0x2260fac5e5542a773aa44fbcfedf7c193bc2c599,0xdac17f958d2ee523a2206206994597c13d831ec7,4978.5527,4959.6203,0.003803,12.446,5.8486,3.4992,1.2802518835452326,1.3351220652087588,1.1981844551127496,1.249537317438782,
0x46798f31ed00997a9d9b9af51db4e1751f145795fe47301ee878a4244cd3a702,25443981,1782985067,AaveV3Boost,boost,0x5e2289f8ee186bcf5ed0063493257259eb0fe66b,0x5e2289f8ee186bcf5ed0063493257259eb0fe66b,0x87870bca3f3fd6335c3f4ce8392d69350b4fa4e2,0xa0b86991c6218b36c1d19d4a2e9eb0ce3606eb48,0xae78736cd615f374d3085123a210448e74fc6393,24762.2724,24678.2052,0.003395,61.9057,15.0391,3.5066,1.2554951460159163,1.2010701206007404,1.2027939961568654,1.149898265654745,
0xb5583806798d647debf5b915d42070fa90766e918a19fd99614edf6b70c59592,25444308,1782989027,AaveV3Repay,repay,0xe384f9cba7e27df646c3e636136e5af57ec359fc,0xe384f9cba7e27df646c3e636136e5af57ec359fc,0x87870bca3f3fd6335c3f4ce8392d69350b4fa4e2,0xa0b86991c6218b36c1d19d4a2e9eb0ce3606eb48,0xcbb7c0000ab88b473b1f5afd9ef808440eed33bf,21304.2531,21252.7442,0.002418,53.2606,12.7856,2.7978,1.506849392363711,1.5599930918504854,1.4488936465035684,1.499993357548535,
0xca4ff145cbb39d3cc6d4cefbbd2c92aca7d87c96f436dc3c6403758dd34ce862,25444750,1782994355,AaveV3RepayOnPrice,repay,0x9ccf93089cb14f94baeb8822f8ceffd91bd71649,0xc02aaa39b223fe8d0a0e5c4f27ead9083c756cc2,0x87870bca3f3fd6335c3f4ce8392d69350b4fa4e2,0xc02aaa39b223fe8d0a0e5c4f27ead9083c756cc2,0xa0b86991c6218b36c1d19d4a2e9eb0ce3606eb48,0.0742,0.0742,6e-06,0.0002,0.0,0.8482,,,,,
0x8cd45da2902689117fdb041ef2e81729790e39e2e6d6fe1090040f37963838ad,25444763,1782994511,AaveV3GenericBoostStrategy,boost,0x13a1a69701763c9900e17f3a995492d7b1415b0f,0x28cd8363cbeae51faf8ae752aee7c37bc2a85120,0x87870bca3f3fd6335c3f4ce8392d69350b4fa4e2,0xa0b86991c6218b36c1d19d4a2e9eb0ce3606eb48,0xc02aaa39b223fe8d0a0e5c4f27ead9083c756cc2,1.7518,1.397,0.202535,0.0044,0.3503,2.4587,2.7454786014516515,2.577685286385545,2.6627834627137186,2.5000441631844175,
0xda0c1a85b5281879acc6dac696144a66193abe3b4063eef096c67542653cea04,25445056,1782998051,AaveV3GenericFLBoostStrategy,boost,0x954079abbfebe65a43341979d342316cda96e2be,0x75b4257dc02477eb21ebeb7cb97221f8ee41e4e2,0x87870bca3f3fd6335c3f4ce8392d69350b4fa4e2,0xa0b86991c6218b36c1d19d4a2e9eb0ce3606eb48,0xc02aaa39b223fe8d0a0e5c4f27ead9083c756cc2,6022.2985,6005.907,0.002722,15.0557,7.2647,4.103,1.1884869802090778,1.1341653525384252,1.152689179600138,1.100003745534087,
0x312d7a4ea655368d62668d2ae0269bea89d8403d3321b9ddebed6f409abfa696,25445190,1782999683,AaveV3Boost,boost,0x4f9dee86469f70f56d9d8fd501f20d9ce78fa3fd,0x4f9dee86469f70f56d9d8fd501f20d9ce78fa3fd,0x87870bca3f3fd6335c3f4ce8392d69350b4fa4e2,0xa0b86991c6218b36c1d19d4a2e9eb0ce3606eb48,0xc02aaa39b223fe8d0a0e5c4f27ead9083c756cc2,1054.7631,1047.1535,0.007215,2.6369,5.6601,4.9322,2.1029376410286993,1.907485681770501,2.0395961458155463,1.8500312937650902,
0x95a5fc8ac828200cd635710e2dfbef70c6de7734d6ad4dce14a4225a1776bbf1,25445296,1783000967,AaveV3Boost,boost,0x5e2289f8ee186bcf5ed0063493257259eb0fe66b,0x5e2289f8ee186bcf5ed0063493257259eb0fe66b,0x87870bca3f3fd6335c3f4ce8392d69350b4fa4e2,0xa0b86991c6218b36c1d19d4a2e9eb0ce3606eb48,0xae78736cd615f374d3085123a210448e74fc6393,26722.7173,26614.164,0.004062,66.8068,26.9987,14.145,1.2538420313453353,1.201845625595949,1.2004216338196314,1.149855986188595,
0xf9319467f8dbf36235752f0862891d34ce02a8638235423cd03ccf4bbd7a1cbc,25445296,1783000967,AaveV3Boost,boost,0x9cd9db65aacf2f981d5daac0d1a3daed9e6b0cbc,0x9cd9db65aacf2f981d5daac0d1a3daed9e6b0cbc,0x87870bca3f3fd6335c3f4ce8392d69350b4fa4e2,0x6b175474e89094c44da98b954eedeac495271d0f,0xc02aaa39b223fe8d0a0e5c4f27ead9083c756cc2,2647.0643,2624.9373,0.008359,6.6177,11.8468,10.6099,1.40003848170563,1.2883305044920887,1.3578686479187443,1.2495253688144956,
0xed0322406586285c173fc974ca3e11af848ea06ce972044c65e055e4dc5c249f,25451274,1783073099,AaveV3Repay,repay,0x226381312d59a46fe66fd1f199f7ecc37edc3cb0,0x226381312d59a46fe66fd1f199f7ecc37edc3cb0,0x87870bca3f3fd6335c3f4ce8392d69350b4fa4e2,0x7f39c581f595b53c5cb19bd0b3f8da6c935e2ca0,0x40d16fc0246ad3160ccc09b8d0d3a2cd28ae6c2f,34413.4091,34352.979,0.001756,86.0335,19.7447,3.1469,1.8070882206808228,2.2700286204056352,1.7513138928819716,2.199966008664641,
0x08d8894bb57e6dcb124c2810c5e5621e9f3f1936047a094f1f1207e911413e68,25451524,1783076123,AaveV3GenericFLBoostStrategy,boost,0x954079abbfebe65a43341979d342316cda96e2be,0x75b4257dc02477eb21ebeb7cb97221f8ee41e4e2,0x87870bca3f3fd6335c3f4ce8392d69350b4fa4e2,0xa0b86991c6218b36c1d19d4a2e9eb0ce3606eb48,0xc02aaa39b223fe8d0a0e5c4f27ead9083c756cc2,6854.6472,6840.4632,0.002069,17.1366,4.5974,1.1981,1.1865802009852475,1.1341612953189182,1.1508398334855405,1.0999998105200137,
0xbb7a86f2576e4915d5cc28a5b053dc8cfc6742ec6035d0ee93a7604201e03a24,25459978,1783177955,AaveV3Boost,boost,0x226381312d59a46fe66fd1f199f7ecc37edc3cb0,0x226381312d59a46fe66fd1f199f7ecc37edc3cb0,0x87870bca3f3fd6335c3f4ce8392d69350b4fa4e2,0xa0b86991c6218b36c1d19d4a2e9eb0ce3606eb48,0x7f39c581f595b53c5cb19bd0b3f8da6c935e2ca0,3944.0147,3935.5299,0.002151,9.86,4.5092,2.9379,2.3481139150257264,2.270038334745288,2.275641263327302,2.199975423178969,
0xbc440033973a174729e7deb4e8619b5cc680d5859823c3417341f19d30406789,25460681,1783186451,AaveV3Boost,boost,0x3184cef74082cc8800bbe0adf8e6ccb6af23da34,0x3184cef74082cc8800bbe0adf8e6ccb6af23da34,0x87870bca3f3fd6335c3f4ce8392d69350b4fa4e2,0xa0b86991c6218b36c1d19d4a2e9eb0ce3606eb48,0xc02aaa39b223fe8d0a0e5c4f27ead9083c756cc2,4625.9946,4616.2024,0.002117,11.565,2.8296,0.5444,1.3423735738655613,1.2785121127212125,1.3019406348935032,1.2400027117356027,
0x4c7f6a3cb943016a1d64ec0146583e950f5de02654a113b9bf1cd17efc08ddfc,25460681,1783186451,AaveV3Boost,boost,0x5e2289f8ee186bcf5ed0063493257259eb0fe66b,0x5e2289f8ee186bcf5ed0063493257259eb0fe66b,0x87870bca3f3fd6335c3f4ce8392d69350b4fa4e2,0xa0b86991c6218b36c1d19d4a2e9eb0ce3606eb48,0xae78736cd615f374d3085123a210448e74fc6393,30298.1146,30216.7745,0.002685,75.7453,16.6457,1.6134,1.2548859736179925,1.2025448533595517,1.2006021661138584,1.1499494036514812,
0x2077a015cef2adbfa53154cf11a6260aff1e9274ccaa7e96cc450e9be677ac8a,25460766,1783187483,AaveV3Boost,boost,0x060ff62e45c4c84551762289a139d586fb5ea21c,0x060ff62e45c4c84551762289a139d586fb5ea21c,0x87870bca3f3fd6335c3f4ce8392d69350b4fa4e2,0xa0b86991c6218b36c1d19d4a2e9eb0ce3606eb48,0x2260fac5e5542a773aa44fbcfedf7c193bc2c599,73676.4144,73191.3897,0.006583,184.191,40.3889,4.2805,1.2336215915619924,1.1749333999363871,1.1545432844105663,1.0996171563507044,
0x94d05cef8f9d7611ecabbfb322d6582a86e874a57bf14c73d3739d3fdc88a068,25473763,1783344131,AaveV3Boost,boost,0x4ea07e9e2f0b0499ce3afb4c881fe668d40819e7,0x4ea07e9e2f0b0499ce3afb4c881fe668d40819e7,0x87870bca3f3fd6335c3f4ce8392d69350b4fa4e2,0xdac17f958d2ee523a2206206994597c13d831ec7,0x2260fac5e5542a773aa44fbcfedf7c193bc2c599,30724.0928,30584.9948,0.004527,76.8102,20.4078,5.3157,2.813186965315797,1.8151144006175286,2.632854467538959,1.6987609133984451,
0x915e56ac24c31e90f3529d431fc6957edc9b7b9b8094e45463ce9002a5c7d423,25476101,1783372307,AaveV3Boost,boost,0x877fc51036b47bd059737266ad3f8db6180b6e19,0x877fc51036b47bd059737266ad3f8db6180b6e19,0x87870bca3f3fd6335c3f4ce8392d69350b4fa4e2,0xdac17f958d2ee523a2206206994597c13d831ec7,0x7f39c581f595b53c5cb19bd0b3f8da6c935e2ca0,1780.9528,1775.1463,0.00326,4.4524,5.1484,4.3609,1.7569192718049227,1.5770855367013263,1.6673218680036133,1.49971852659623,
0xf6b607536b94a7b6709b06ff2248a3840049ab6f742e8c68b7922abac6c78678,25488694,1783523879,AaveV3Repay,repay,0x5e2289f8ee186bcf5ed0063493257259eb0fe66b,0x5e2289f8ee186bcf5ed0063493257259eb0fe66b,0x87870bca3f3fd6335c3f4ce8392d69350b4fa4e2,0xae78736cd615f374d3085123a210448e74fc6393,0xa0b86991c6218b36c1d19d4a2e9eb0ce3606eb48,34233.4299,34143.2647,0.002634,85.5836,21.1785,4.538,1.1499875410866354,1.201730107700679,1.0996915097222237,1.149948173764348,
0xa1939980897de65f80b029a332ab46ee316ad7046dd1991730238528e979c9b4,25499014,1783648247,AaveV3Repay,repay,0xe384f9cba7e27df646c3e636136e5af57ec359fc,0xe384f9cba7e27df646c3e636136e5af57ec359fc,0x87870bca3f3fd6335c3f4ce8392d69350b4fa4e2,0xa0b86991c6218b36c1d19d4a2e9eb0ce3606eb48,0xcbb7c0000ab88b473b1f5afd9ef808440eed33bf,22891.3255,22734.703,0.006842,57.2283,100.962,116.9979,1.5013498017757467,1.5597410661901816,1.4436055786305175,1.49975102518284,
0xa5c4dc22207ab10bed365f4c12cf895ba756dad165a57d07ebd47d2e4f28ebbe,25501551,1783678799,AaveV3Boost,boost,0x5e2289f8ee186bcf5ed0063493257259eb0fe66b,0x5e2289f8ee186bcf5ed0063493257259eb0fe66b,0x87870bca3f3fd6335c3f4ce8392d69350b4fa4e2,0xa0b86991c6218b36c1d19d4a2e9eb0ce3606eb48,0xae78736cd615f374d3085123a210448e74fc6393,30371.9867,30257.7097,0.003763,75.93,19.782,5.0021,1.2558465332799968,1.2024755021418772,1.2017333813490334,1.1499733475861216,
0x035fa40f35e265e11b98a914997b146c5e35416f9025ad63a487117308f55493,25520046,1783901507,AaveV3GenericFLBoostStrategy,boost,0x954079abbfebe65a43341979d342316cda96e2be,0x75b4257dc02477eb21ebeb7cb97221f8ee41e4e2,0x87870bca3f3fd6335c3f4ce8392d69350b4fa4e2,0xa0b86991c6218b36c1d19d4a2e9eb0ce3606eb48,0xc02aaa39b223fe8d0a0e5c4f27ead9083c756cc2,8622.3505,8569.1904,0.006165,21.5559,11.1282,7.1366,1.1903174133431886,1.133574681315113,1.1544644792061647,1.0994308656127192,
0xc8297e4204a721308c15dd82d8eec2e029f7ef27fbe4cc81456bbd1b5d3bc058,25525360,1783965635,AaveV3GenericFLRepayStrategy,repay,0x954079abbfebe65a43341979d342316cda96e2be,0x75b4257dc02477eb21ebeb7cb97221f8ee41e4e2,0x87870bca3f3fd6335c3f4ce8392d69350b4fa4e2,0xc02aaa39b223fe8d0a0e5c4f27ead9083c756cc2,0xa0b86991c6218b36c1d19d4a2e9eb0ce3606eb48,9565.9642,9527.9006,0.003979,23.9149,9.3143,4.5115,1.0823822144525386,1.1339681868885065,1.0497803405230877,1.0998125186085692,
0xfa692676e568ad54f22845f094dfa6ed2f1e26cae4e3b56d71295c21a02b2218,25530985,1784033327,AaveV3GenericFLBoostStrategy,boost,0x954079abbfebe65a43341979d342316cda96e2be,0x75b4257dc02477eb21ebeb7cb97221f8ee41e4e2,0x87870bca3f3fd6335c3f4ce8392d69350b4fa4e2,0xa0b86991c6218b36c1d19d4a2e9eb0ce3606eb48,0xc02aaa39b223fe8d0a0e5c4f27ead9083c756cc2,8170.9506,8095.0676,0.009287,20.4274,15.2698,11.4269,1.1888760659064415,1.1335885943461754,1.153066545848825,1.0994443595766128,
0x2a410a1d49f32565cbe0f8394a8c451873a364f54cb3062820b9a8d231a68cd4,25530991,1784033399,AaveV3Boost,boost,0x4f9dee86469f70f56d9d8fd501f20d9ce78fa3fd,0x4f9dee86469f70f56d9d8fd501f20d9ce78fa3fd,0x87870bca3f3fd6335c3f4ce8392d69350b4fa4e2,0xa0b86991c6218b36c1d19d4a2e9eb0ce3606eb48,0xc02aaa39b223fe8d0a0e5c4f27ead9083c756cc2,1025.559,1023.82,0.001696,2.5639,3.7221,3.103,2.067742671482441,1.9076259811341345,2.0054612657138056,1.8501673672438088,
0x3c18c047cec1007087db0e57d585ca4c03f1130dac5738ee7993ee15f43a530b,25530992,1784033411,AaveV3Boost,boost,0x226381312d59a46fe66fd1f199f7ecc37edc3cb0,0x226381312d59a46fe66fd1f199f7ecc37edc3cb0,0x87870bca3f3fd6335c3f4ce8392d69350b4fa4e2,0xa0b86991c6218b36c1d19d4a2e9eb0ce3606eb48,0x7f39c581f595b53c5cb19bd0b3f8da6c935e2ca0,4204.3607,4201.6479,0.000645,10.5109,6.6873,6.3308,2.3488779661884136,2.270026419190944,2.2763817326640488,2.199963875388753,
0x5d2946a910017e634721eb2cda16141fbcbe9f6302d3b9018fb0e9dea87f9ace,25531152,1784035331,AaveV3Boost,boost,0x5c32f605166eef8c6977a5a906a73369d4dfae8e,0x5c32f605166eef8c6977a5a906a73369d4dfae8e,0x87870bca3f3fd6335c3f4ce8392d69350b4fa4e2,0xdac17f958d2ee523a2206206994597c13d831ec7,0xc02aaa39b223fe8d0a0e5c4f27ead9083c756cc2,18421.657,18326.9833,0.005139,46.0541,17.9618,9.181,1.3420834884507908,1.2368410200041535,1.3016592869913395,1.199586772413584,
0xa60deaa0468653804bdd3ef73925b2fa5a22b4c81d2000f9174fd734dce60530,25531154,1784035355,AaveV3Boost,boost,0x5e2289f8ee186bcf5ed0063493257259eb0fe66b,0x5e2289f8ee186bcf5ed0063493257259eb0fe66b,0x87870bca3f3fd6335c3f4ce8392d69350b4fa4e2,0xa0b86991c6218b36c1d19d4a2e9eb0ce3606eb48,0xae78736cd615f374d3085123a210448e74fc6393,34830.1843,34708.1858,0.003503,87.0755,24.3817,7.9704,1.2573708414539344,1.2030907434761908,1.2024724901970134,1.1499417037161261,
0x23ee4442ef259545d9f53398965ed91c4118bc4101bd55c709d9fc2dad346b90,25531591,1784040635,AaveV3GenericFLRepayStrategy,repay,0x954079abbfebe65a43341979d342316cda96e2be,0x75b4257dc02477eb21ebeb7cb97221f8ee41e4e2,0x87870bca3f3fd6335c3f4ce8392d69350b4fa4e2,0xc02aaa39b223fe8d0a0e5c4f27ead9083c756cc2,0xa0b86991c6218b36c1d19d4a2e9eb0ce3606eb48,13271.0685,13211.8465,0.004462,33.1777,9.8625,3.173,1.0665453352773022,1.1342026742999625,1.0344204757809732,1.1000399431463161,
0x98d6066c75d9e1aba500c70c51b8ba93660d75ff073047d5b788a3777052b341,25531750,1784042555,AaveV3Boost,boost,0x2f859af847ebd2f44631a1a4e8ec06e135d8a2b1,0x2f859af847ebd2f44631a1a4e8ec06e135d8a2b1,0x87870bca3f3fd6335c3f4ce8392d69350b4fa4e2,0x6b175474e89094c44da98b954eedeac495271d0f,0x7f39c581f595b53c5cb19bd0b3f8da6c935e2ca0,3926.5585,3898.8145,0.007066,9.8164,7.1437,5.1951,1.812899209143596,1.5928755063648532,1.7010860099880891,1.499887006148266,
0x898cbcdf03018eca6025af2557abb755357842026981b93af5f508327bf7e6d9,25531789,1784043023,AaveV3Boost,boost,0x3184cef74082cc8800bbe0adf8e6ccb6af23da34,0x3184cef74082cc8800bbe0adf8e6ccb6af23da34,0x87870bca3f3fd6335c3f4ce8392d69350b4fa4e2,0xa0b86991c6218b36c1d19d4a2e9eb0ce3606eb48,0xc02aaa39b223fe8d0a0e5c4f27ead9083c756cc2,5249.7515,5225.5565,0.004609,13.1244,6.9672,5.066,1.342073951878221,1.278396852636515,1.301650037664866,1.2398909233401745,
0x7e70c8bd88ff254f236e8b8dcdbd03945257d65967b24ac9ea08fbe25ccfe5e4,25531805,1784043215,AaveV3GenericFLBoostStrategy,boost,0xd42d508f87e06e6a25c84d103f6c468962e8aeab,0x23c225cced72e95f4cb3c553b41c54d8fa9ffcf2,0x87870bca3f3fd6335c3f4ce8392d69350b4fa4e2,0xdac17f958d2ee523a2206206994597c13d831ec7,0x2260fac5e5542a773aa44fbcfedf7c193bc2c599,252254.1264,251265.4577,0.003919,630.6353,134.8525,8.6135,1.2823272263956835,1.1753908060436238,1.2001267631651862,1.100045241553642,
0x3c22684873ddabb6c0fc569bbbccb8a1359d83a6e3a970e3418a40b76b5284f5,25538175,1784119943,AaveV3Boost,boost,0x226381312d59a46fe66fd1f199f7ecc37edc3cb0,0x226381312d59a46fe66fd1f199f7ecc37edc3cb0,0x87870bca3f3fd6335c3f4ce8392d69350b4fa4e2,0xa0b86991c6218b36c1d19d4a2e9eb0ce3606eb48,0x7f39c581f595b53c5cb19bd0b3f8da6c935e2ca0,4263.0566,4237.9613,0.005887,10.6576,6.7346,4.6113,2.346050813562469,2.269988498019123,2.2736418378351884,2.199927124623467,
0xcfe5636d0ebccd250435be0f5110635b27038ed80b33b9d95cb7289306821e6d,25538177,1784119967,AaveV3Repay,repay,0xe384f9cba7e27df646c3e636136e5af57ec359fc,0xe384f9cba7e27df646c3e636136e5af57ec359fc,0x87870bca3f3fd6335c3f4ce8392d69350b4fa4e2,0xa0b86991c6218b36c1d19d4a2e9eb0ce3606eb48,0xcbb7c0000ab88b473b1f5afd9ef808440eed33bf,19730.5318,19593.4632,0.006947,49.3263,15.1288,5.3689,1.5069151891381447,1.559858433258933,1.4489569126328228,1.4998638781335705,
0xbe8cdeffac653bf71f7d6d49a804f6603e1d1ac7133340404f14ced4be9aed07,25538236,1784120687,AaveV3Boost,boost,0x3e370fd7ef50090fd0c9ca64c8d15f949b60ce90,0x3e370fd7ef50090fd0c9ca64c8d15f949b60ce90,0x87870bca3f3fd6335c3f4ce8392d69350b4fa4e2,0xa0b86991c6218b36c1d19d4a2e9eb0ce3606eb48,0x2260fac5e5542a773aa44fbcfedf7c193bc2c599,24661.7628,24538.8378,0.004984,61.6544,15.4806,3.2874,1.444795295442537,1.281956515433504,1.3521802124012456,1.1997798157262025,
0x3a303e1a50a39ca96f6b09fd7c80174257704a99b2eb7b6df2adcd6ae82f3302,25538236,1784120687,AaveV3Boost,boost,0x75c97a4b805f1ea755321664e0a4465739886101,0x75c97a4b805f1ea755321664e0a4465739886101,0x87870bca3f3fd6335c3f4ce8392d69350b4fa4e2,0x6b175474e89094c44da98b954eedeac495271d0f,0xc02aaa39b223fe8d0a0e5c4f27ead9083c756cc2,798980.5232,796749.6671,0.002792,1997.4513,405.8978,7.5812,1.6097004479259347,1.4434831874754404,1.5612154946751526,1.4000047782141305,
0x296a73b33d49839c87d0ef856b0131cf134bfe33f9cb7ab185d859c2cb08e347,25579868,1784622107,AaveV3Boost,boost,0x9cd9db65aacf2f981d5daac0d1a3daed9e6b0cbc,0x9cd9db65aacf2f981d5daac0d1a3daed9e6b0cbc,0x87870bca3f3fd6335c3f4ce8392d69350b4fa4e2,0xa0b86991c6218b36c1d19d4a2e9eb0ce3606eb48,0xc02aaa39b223fe8d0a0e5c4f27ead9083c756cc2,2585.7365,2576.5662,0.003547,6.4643,3.933,2.8216,1.3928630323594693,1.2887559274219182,1.3509093265649905,1.2499379778006872,
0xfc0744c968344ad2dd30eca30f5ace2a572fc2b8cc7133d4a4dfe94acb295871,25581268,1784638943,AaveV3Boost,boost,0x060ff62e45c4c84551762289a139d586fb5ea21c,0x060ff62e45c4c84551762289a139d586fb5ea21c,0x87870bca3f3fd6335c3f4ce8392d69350b4fa4e2,0xa0b86991c6218b36c1d19d4a2e9eb0ce3606eb48,0x2260fac5e5542a773aa44fbcfedf7c193bc2c599,82647.743,82300.7055,0.004199,206.6194,42.161,1.021,1.2324223694796221,1.1753291196041664,1.1534209355386082,1.0999875093731255,
0x44293020ac0eb5a9d637498dc6370ee962a2a91ce0744ad8cb963faee0478f1b,25581426,1784640851,AaveV3GenericFLRepayStrategy,repay,0x2148c27dff8389780dcc0ec362c27636a0fb1dd3,0x2148c27dff8389780dcc0ec362c27636a0fb1dd3,0x87870bca3f3fd6335c3f4ce8392d69350b4fa4e2,0xc02aaa39b223fe8d0a0e5c4f27ead9083c756cc2,0xa0b86991c6218b36c1d19d4a2e9eb0ce3606eb48,425.3233,421.1839,0.009732,1.0633,1.3185,1.0574,1.0709906117558492,1.1331164863174696,1.038731858389159,1.0989864716686877,
0x5cd87dcbe0d50675d1b436cdbbf3bc8e98ba6ded4281979b89364dd1ca950de2,25581426,1784640851,AaveV3GenericFLRepayStrategy,repay,0x2148c27dff8389780dcc0ec362c27636a0fb1dd3,0xf84c9f6d59be057f60b484ceda185449848044e1,0x87870bca3f3fd6335c3f4ce8392d69350b4fa4e2,0x7f39c581f595b53c5cb19bd0b3f8da6c935e2ca0,0xa0b86991c6218b36c1d19d4a2e9eb0ce3606eb48,133.0774,130.7432,0.01754,0.3327,1.4262,1.3525,1.052795863661168,1.1332244311680422,1.0203021641463266,1.0982483684652775,
0xeb15e83adf316da9c520e5c08c4e6341c17921afaa3eb8a635911ff0d01bfd9f,25587595,1784715107,AaveV3GenericFLRepayStrategy,repay,0x2148c27dff8389780dcc0ec362c27636a0fb1dd3,0x2148c27dff8389780dcc0ec362c27636a0fb1dd3,0x87870bca3f3fd6335c3f4ce8392d69350b4fa4e2,0xc02aaa39b223fe8d0a0e5c4f27ead9083c756cc2,0xa0b86991c6218b36c1d19d4a2e9eb0ce3606eb48,383.8973,381.3535,0.006626,0.9597,1.3166,1.0836,1.0620503008206597,1.1341911898419008,1.0300608339268875,1.1000288045980573,
0xc23c32f8ec7de14d445b5636a15ed0b87365167e478f17c8ce6224a0a69ef3f0,25598378,1784845259,AaveV3GenericFLRepayStrategy,repay,0x954079abbfebe65a43341979d342316cda96e2be,0x75b4257dc02477eb21ebeb7cb97221f8ee41e4e2,0x87870bca3f3fd6335c3f4ce8392d69350b4fa4e2,0xc02aaa39b223fe8d0a0e5c4f27ead9083c756cc2,0xa0b86991c6218b36c1d19d4a2e9eb0ce3606eb48,8863.0307,8821.7296,0.00466,22.1576,5.3975,0.9791,1.0789629774616742,1.1341188357199514,1.0464640925982627,1.0999586298245259,
0x2b28f52d745a16316dd3deb7fd24052509d10a0bbe9e3e95f296e9fc7854adaa,25603032,1784901299,AaveV3GenericFLRepayStrategy,repay,0x2148c27dff8389780dcc0ec362c27636a0fb1dd3,0xf84c9f6d59be057f60b484ceda185449848044e1,0x87870bca3f3fd6335c3f4ce8392d69350b4fa4e2,0x7f39c581f595b53c5cb19bd0b3f8da6c935e2ca0,0xa0b86991c6218b36c1d19d4a2e9eb0ce3606eb48,74.5183,71.6351,0.03869,0.1863,3.1058,3.0548,1.0787138027320717,1.1351527802687682,1.0454201668409704,1.100117200609154,
0x448bd43a3b07e6e730b60a1e3b5b5d9ce2ea2f13f06eb716e6ffe6796e9996a6,25620160,1785107315,AaveV3Boost,boost,0x5e2289f8ee186bcf5ed0063493257259eb0fe66b,0x5e2289f8ee186bcf5ed0063493257259eb0fe66b,0x87870bca3f3fd6335c3f4ce8392d69350b4fa4e2,0xa0b86991c6218b36c1d19d4a2e9eb0ce3606eb48,0xae78736cd615f374d3085123a210448e74fc6393,38603.3205,38388.303,0.00557,96.5083,78.4689,62.1142,1.2570007691730796,1.2035452924243768,1.2014722382318574,1.149792745296974,
0x92c57607d25fa3f4070bb2d18ccdeb29a44b8f496de0fd84b7c9bc1ab2100fad,25627928,1785200867,AaveV3Repay,repay,0x5e2289f8ee186bcf5ed0063493257259eb0fe66b,0x5e2289f8ee186bcf5ed0063493257259eb0fe66b,0x87870bca3f3fd6335c3f4ce8392d69350b4fa4e2,0xae78736cd615f374d3085123a210448e74fc6393,0xa0b86991c6218b36c1d19d4a2e9eb0ce3606eb48,43531.1106,43247.2784,0.00652,108.8278,32.8295,12.1442,1.1509876858291985,1.202763978218752,1.0995825744166814,1.1497142672315566,
0x1855b668ac6b334883fb42de3cdcb066a6ecb44765774be8fcfeebb12d18a1ee,25627935,1785200951,AaveV3Repay,repay,0x060ff62e45c4c84551762289a139d586fb5ea21c,0x060ff62e45c4c84551762289a139d586fb5ea21c,0x87870bca3f3fd6335c3f4ce8392d69350b4fa4e2,0x2260fac5e5542a773aa44fbcfedf7c193bc2c599,0xa0b86991c6218b36c1d19d4a2e9eb0ce3606eb48,50867.1144,50651.8206,0.004232,127.1673,30.5879,5.0627,1.1156865222377041,1.143306720220804,1.0441681554275832,1.0700178278989496,
0x64a1f9594ceff5fc8dacf81aa0ca2d3861288e90e09ddbc5b499d0b16592d7ce,25651979,1785490523,AaveV3GenericFLRepayStrategy,repay,0x2148c27dff8389780dcc0ec362c27636a0fb1dd3,0xf84c9f6d59be057f60b484ceda185449848044e1,0x87870bca3f3fd6335c3f4ce8392d69350b4fa4e2,0xbe9895146f7af43049ca1c1ae358b0541ea49704,0xdac17f958d2ee523a2206206994597c13d831ec7,141.7942,135.1413,0.046919,0.3545,6.0715,5.8781,1.0678482730508922,1.263664138312032,1.013780004794439,1.19968114166271,
0xf0938b76197e874490bb593d1cd54b5c66028bc45a78c924d1a11d0edaf1cebb,25652004,1785490835,AaveV3GenericRepayStrategy,repay,0x2148c27dff8389780dcc0ec362c27636a0fb1dd3,0xf84c9f6d59be057f60b484ceda185449848044e1,0x87870bca3f3fd6335c3f4ce8392d69350b4fa4e2,0xbe9895146f7af43049ca1c1ae358b0541ea49704,0xdac17f958d2ee523a2206206994597c13d831ec7,37.3475,34.5353,0.075297,0.0934,2.658,2.6219,1.263663709718873,1.3720893883548364,1.1996807347856306,1.3026165050170013,
0x543e0285e2734375324c45ef5764d109b1dd3cbcc76851c1ba74ec6376e49838,25652034,1785491195,AaveV3GenericBoostStrategy,boost,0x2148c27dff8389780dcc0ec362c27636a0fb1dd3,0xf84c9f6d59be057f60b484ceda185449848044e1,0x87870bca3f3fd6335c3f4ce8392d69350b4fa4e2,0xdac17f958d2ee523a2206206994597c13d831ec7,0xbe9895146f7af43049ca1c1ae358b0541ea49704,25.3668,21.8533,0.138507,0.0634,3.493,3.5901,1.5017434864279189,1.3679986361685237,1.4257058386306882,1.2987328800465638,
0xab01f6725598a7e152bc85da913087669507a5ed4cfdd1cb57921d813b0a1f2c,25652044,1785491315,AaveV3GenericFLBoostStrategy,boost,0x2148c27dff8389780dcc0ec362c27636a0fb1dd3,0xf84c9f6d59be057f60b484ceda185449848044e1,0x87870bca3f3fd6335c3f4ce8392d69350b4fa4e2,0xdac17f958d2ee523a2206206994597c13d831ec7,0xbe9895146f7af43049ca1c1ae358b0541ea49704,81.6589,78.9403,0.033291,0.2041,2.6276,2.4865,1.3679984694579472,1.1601417331416242,1.2987327217770295,1.1014003779640629,
0xe2e2ba225a550bfc8151e393acb4c84ec8248cf59273d551ca8773bd6dec9851,25652139,1785492467,AaveV3GenericFLRepayStrategy,repay,0x2148c27dff8389780dcc0ec362c27636a0fb1dd3,0xf84c9f6d59be057f60b484ceda185449848044e1,0x87870bca3f3fd6335c3f4ce8392d69350b4fa4e2,0xbe9895146f7af43049ca1c1ae358b0541ea49704,0xdac17f958d2ee523a2206206994597c13d831ec7,90.1016,86.862,0.035956,0.2253,2.7488,2.9999,1.064563559406316,1.1558709489719128,1.0106616058594415,1.0973458360231312,
0x2d41e1b0b57c9ca72a27ed5288923263d61f4d54601354adfef2763253c8e421,25652252,1785493823,AaveV3GenericFLRepayStrategy,repay,0x2148c27dff8389780dcc0ec362c27636a0fb1dd3,0x2148c27dff8389780dcc0ec362c27636a0fb1dd3,0x87870bca3f3fd6335c3f4ce8392d69350b4fa4e2,0xc02aaa39b223fe8d0a0e5c4f27ead9083c756cc2,0xdac17f958d2ee523a2206206994597c13d831ec7,255.7983,252.0927,0.014487,0.6395,2.9963,2.8486,1.0571622752684886,1.1349149634476705,1.025320038061027,1.1007307777982844,
0xe72cdb49a70706eda5abe5ee0c55f83545776a8a5b2b4f567bf853ddac4b9a40,25652448,1785496175,AaveV3GenericFLRepayStrategy,repay,0x2148c27dff8389780dcc0ec362c27636a0fb1dd3,0xf84c9f6d59be057f60b484ceda185449848044e1,0x87870bca3f3fd6335c3f4ce8392d69350b4fa4e2,0xbe9895146f7af43049ca1c1ae358b0541ea49704,0xa0b86991c6218b36c1d19d4a2e9eb0ce3606eb48,40.2864,39.0462,0.030786,0.1007,1.1315,1.0836,1.0697211396450508,1.1593624829139197,1.0155580439334775,1.10066058502232,
0x22e8434e49aea4e8410b15636e3013ac8c32caf2a13f00165159f7442cc3e35b,25789890,1787151359,AaveV3Boost,boost,0x5e2289f8ee186bcf5ed0063493257259eb0fe66b,0x5e2289f8ee186bcf5ed0063493257259eb0fe66b,0x87870bca3f3fd6335c3f4ce8392d69350b4fa4e2,0xa0b86991c6218b36c1d19d4a2e9eb0ce3606eb48,0xae78736cd615f374d3085123a210448e74fc6393,39513.5285,39387.9716,0.003178,98.7838,38.2352,19.8027,1.2573626250074197,1.2025922489915013,1.201908777175151,1.1488688000728096,
0xf394ab96edda779d79db417bb73820cbbe02eac1ab24133643ff50f80a88a423,25789947,1787152043,AaveV3Boost,boost,0x226381312d59a46fe66fd1f199f7ecc37edc3cb0,0x226381312d59a46fe66fd1f199f7ecc37edc3cb0,0x87870bca3f3fd6335c3f4ce8392d69350b4fa4e2,0xa0b86991c6218b36c1d19d4a2e9eb0ce3606eb48,0x7f39c581f595b53c5cb19bd0b3f8da6c935e2ca0,4839.5405,4770.6308,0.014239,12.0989,66.103,63.5456,2.37180105982458,2.288638575613147,2.2985973234101587,2.2180015825385717,
0x4b3a5ca70019f57367644344671562371acba3a3851ec36466c3fd3524735b7c,25789949,1787152067,AaveV3Boost,boost,0x3184cef74082cc8800bbe0adf8e6ccb6af23da34,0x3184cef74082cc8800bbe0adf8e6ccb6af23da34,0x87870bca3f3fd6335c3f4ce8392d69350b4fa4e2,0xa0b86991c6218b36c1d19d4a2e9eb0ce3606eb48,0xc02aaa39b223fe8d0a0e5c4f27ead9083c756cc2,8399.9121,8335.1214,0.007713,20.9998,42.214,38.557,1.3643239514871057,1.2754634492141366,1.323229856562746,1.2370458754425677,
0x161c27222028c38e1748189a26451eb3d4b69c34b4560142fd70914f6174b499,25789949,1787152067,AaveV3GenericFLBoostStrategy,boost,0x954079abbfebe65a43341979d342316cda96e2be,0x75b4257dc02477eb21ebeb7cb97221f8ee41e4e2,0x87870bca3f3fd6335c3f4ce8392d69350b4fa4e2,0xa0b86991c6218b36c1d19d4a2e9eb0ce3606eb48,0xc02aaa39b223fe8d0a0e5c4f27ead9083c756cc2,8526.6954,8460.3941,0.007776,21.3167,57.7514,52.0578,1.1970818293515297,1.1312059376934653,1.1610251477445197,1.097133469690583,
0x312e5da5180a3e280fa88e5fa0861f4882a97c4c4e65a9c0d6829a82092c8512,25789952,1787152103,AaveV3Repay,repay,0xe384f9cba7e27df646c3e636136e5af57ec359fc,0xe384f9cba7e27df646c3e636136e5af57ec359fc,0x87870bca3f3fd6335c3f4ce8392d69350b4fa4e2,0xa0b86991c6218b36c1d19d4a2e9eb0ce3606eb48,0xcbb7c0000ab88b473b1f5afd9ef808440eed33bf,18148.1178,18029.2407,0.00655,45.3703,42.4557,34.8847,1.5074984848351163,1.5577431723846205,1.4495177738799105,1.4978299734467506,
0x8fd3fdc1337d052242d57767467e3e856037bd4c0b39ac6317bc5183d88ca37c,25789980,1787152439,AaveV3Boost,boost,0x4f9dee86469f70f56d9d8fd501f20d9ce78fa3fd,0x4f9dee86469f70f56d9d8fd501f20d9ce78fa3fd,0x87870bca3f3fd6335c3f4ce8392d69350b4fa4e2,0xa0b86991c6218b36c1d19d4a2e9eb0ce3606eb48,0xc02aaa39b223fe8d0a0e5c4f27ead9083c756cc2,1192.9724,1176.4778,0.013826,2.9824,13.2442,11.6501,2.0705815705366066,1.9075946648719495,2.008214655761138,1.8501369942425345,
0xea2bd89cc258f3e3825306382a08bb267031b9061b8c52dcb03e69146bc20d90,25790060,1787153399,AaveV3Boost,boost,0x226381312d59a46fe66fd1f199f7ecc37edc3cb0,0x226381312d59a46fe66fd1f199f7ecc37edc3cb0,0x87870bca3f3fd6335c3f4ce8392d69350b4fa4e2,0xa0b86991c6218b36c1d19d4a2e9eb0ce3606eb48,0x7f39c581f595b53c5cb19bd0b3f8da6c935e2ca0,6246.1121,6220.217,0.004146,15.6153,42.1267,40.7174,2.3697948165876133,2.269966894075444,2.296653001260779,2.199906187468087,
0x4c83242d788128473efc72bb2274bdd3824f03d20f78339602a6c7cfd762627b,25790060,1787153399,AaveV3Boost,boost,0x47f2bd131390652a043e840e42637e22abf9dec8,0x47f2bd131390652a043e840e42637e22abf9dec8,0x87870bca3f3fd6335c3f4ce8392d69350b4fa4e2,0x6b175474e89094c44da98b954eedeac495271d0f,0x2260fac5e5542a773aa44fbcfedf7c193bc2c599,4230.5121,4181.5002,0.011585,10.5763,46.7325,55.2273,1.774176526194427,1.5804546184201618,1.685394211720729,1.499230561015192,
0x9bbb7e25ad87b4a04728cb92b17f0100ffc0355914c1e57b6d0259cf8f49d779,25790064,1787153447,AaveV3Boost,boost,0x5e2289f8ee186bcf5ed0063493257259eb0fe66b,0x5e2289f8ee186bcf5ed0063493257259eb0fe66b,0x87870bca3f3fd6335c3f4ce8392d69350b4fa4e2,0xa0b86991c6218b36c1d19d4a2e9eb0ce3606eb48,0xae78736cd615f374d3085123a210448e74fc6393,51332.5344,51116.6594,0.004205,128.3313,86.2651,63.1225,1.264783786247391,1.2019059062735216,1.2082820448632499,1.1475713303466433,
0xb1c76d9fb1cfb3703142f976d85e9aa99a839e9fd8f9dbc0a9c95fa175075253,25790241,1787155583,AaveV3Boost,boost,0x877fc51036b47bd059737266ad3f8db6180b6e19,0x877fc51036b47bd059737266ad3f8db6180b6e19,0x87870bca3f3fd6335c3f4ce8392d69350b4fa4e2,0xdac17f958d2ee523a2206206994597c13d831ec7,0x7f39c581f595b53c5cb19bd0b3f8da6c935e2ca0,1978.6176,1943.7407,0.017627,4.9465,29.1853,28.5616,1.7366635168945697,1.573782218167998,1.65251285628786,1.4998609387990305,
0xb3801b07fe45e4c2e135523c3d25c5110de2736028612f24d49ec54948b9dba5,25790410,1787157611,AaveV3Repay,repay,0x5bf360a1915418fdeccb6d1d106ec961600bcc9f,0x5bf360a1915418fdeccb6d1d106ec961600bcc9f,0x87870bca3f3fd6335c3f4ce8392d69350b4fa4e2,0x514910771af9ca656af840dff83e8264ecf986ca,0xc02aaa39b223fe8d0a0e5c4f27ead9083c756cc2,0.0,0.0,0.004024,0.0,0.0,6.2074,1.0950181801544308,1.0950181710455977,1.0427380706929477,1.0427380618975057,
0x7291aa10702f211b6aee16fdfc4dc75ccafb90a04c91dc3bf2de7dea8ae7df52,25791444,1787170103,AaveV3GenericFLBoostStrategy,boost,0x954079abbfebe65a43341979d342316cda96e2be,0x75b4257dc02477eb21ebeb7cb97221f8ee41e4e2,0x87870bca3f3fd6335c3f4ce8392d69350b4fa4e2,0xa0b86991c6218b36c1d19d4a2e9eb0ce3606eb48,0xc02aaa39b223fe8d0a0e5c4f27ead9083c756cc2,8427.8549,8388.6114,0.004656,21.0696,10.9739,6.9462,1.1874660726133686,1.133832076925872,1.1516990222333723,1.0996805083437438,
0x9fe8a0d58749766410c13ac58eaf359dcda18be7c5f5630a19accc7c45a1f213,25791543,1787171291,AaveV3Boost,boost,0x3184cef74082cc8800bbe0adf8e6ccb6af23da34,0x3184cef74082cc8800bbe0adf8e6ccb6af23da34,0x87870bca3f3fd6335c3f4ce8392d69350b4fa4e2,0xa0b86991c6218b36c1d19d4a2e9eb0ce3606eb48,0xc02aaa39b223fe8d0a0e5c4f27ead9083c756cc2,7828.8742,7797.2564,0.004039,19.5722,12.5303,9.0335,1.3475043476290878,1.2783259174794892,1.3069168672786604,1.2398221247842187,
0x8c84005298a6dc06a6c5b871a5701f6579d088fd7b56045fd178248974e9b9a2,25791667,1787172791,AaveV3GenericFLBoostStrategy,boost,0x954079abbfebe65a43341979d342316cda96e2be,0x75b4257dc02477eb21ebeb7cb97221f8ee41e4e2,0x87870bca3f3fd6335c3f4ce8392d69350b4fa4e2,0xa0b86991c6218b36c1d19d4a2e9eb0ce3606eb48,0xc02aaa39b223fe8d0a0e5c4f27ead9083c756cc2,10616.6006,10440.7338,0.016565,26.5415,224.7239,209.8516,1.187878605522366,1.1293368574061253,1.1520991294523377,1.0953206870021905,
0x3ada6609daa5b0362ec5c9049debe0656106a4c031947f20a180f89b4be6b270,25791668,1787172803,AaveV3Boost,boost,0x75c97a4b805f1ea755321664e0a4465739886101,0x75c97a4b805f1ea755321664e0a4465739886101,0x87870bca3f3fd6335c3f4ce8392d69350b4fa4e2,0x6b175474e89094c44da98b954eedeac495271d0f,0xc02aaa39b223fe8d0a0e5c4f27ead9083c756cc2,1185837.0889,1187446.5486,-0.001357,2964.5927,599.4857,5.5971,1.62481008389763,1.4367930428629216,1.5758700211296286,1.393516143981507,
0xb9b5be09b2848b4533a9fc9ecd01a7be362a63bf72c815750cf0e17fa32086d6,25791673,1787172863,AaveV3Repay,repay,0xe384f9cba7e27df646c3e636136e5af57ec359fc,0xe384f9cba7e27df646c3e636136e5af57ec359fc,0x87870bca3f3fd6335c3f4ce8392d69350b4fa4e2,0xa0b86991c6218b36c1d19d4a2e9eb0ce3606eb48,0xc02aaa39b223fe8d0a0e5c4f27ead9083c756cc2,25229.8734,25106.5492,0.004888,63.0747,23.0576,11.8692,1.4864107025048046,1.5579574960255884,1.4292410601007737,1.498036053870758,
0x9a5d0cd245b898236d8292bb726881cfcab0388ed9c42f24b2f4035efd31810c,25791673,1787172863,AaveV3Boost,boost,0x06a9ef1404483e0559d67d80e323b034a3a3967d,0x06a9ef1404483e0559d67d80e323b034a3a3967d,0x87870bca3f3fd6335c3f4ce8392d69350b4fa4e2,0xdac17f958d2ee523a2206206994597c13d831ec7,0x7f39c581f595b53c5cb19bd0b3f8da6c935e2ca0,27390.6023,27265.3565,0.004573,68.4765,23.7683,12.0996,1.71315313654648,1.5710966814387017,1.6331718828651853,1.4997395201953079,
0x1e1d0f97f7d786c45f9ab57bd60293efb44af8a496cc4d6eb5e5173f59f8590e,25791675,1787172887,AaveV3Boost,boost,0x226381312d59a46fe66fd1f199f7ecc37edc3cb0,0x226381312d59a46fe66fd1f199f7ecc37edc3cb0,0x87870bca3f3fd6335c3f4ce8392d69350b4fa4e2,0xa0b86991c6218b36c1d19d4a2e9eb0ce3606eb48,0x7f39c581f595b53c5cb19bd0b3f8da6c935e2ca0,7936.777,7903.1045,0.004243,19.8419,9.9182,6.44,2.3887678216346693,2.2700137747871896,2.3150404197323526,2.1999516212443737,
0xe18e9e7231d1f17e85bb1554ba14ec900b45a36d6c6275f058969d20471bc754,25791679,1787172935,AaveV3Boost,boost,0x5e2289f8ee186bcf5ed0063493257259eb0fe66b,0x5e2289f8ee186bcf5ed0063493257259eb0fe66b,0x87870bca3f3fd6335c3f4ce8392d69350b4fa4e2,0xa0b86991c6218b36c1d19d4a2e9eb0ce3606eb48,0xae78736cd615f374d3085123a210448e74fc6393,66769.0943,66536.781,0.003479,166.9227,43.3626,10.5937,1.2762134960107565,1.2047923078153295,1.2185196282571358,1.149695737110042,
0xd78926b93d5c403364716eadf445ddd4cf6ee423477abdac79bf2aab45db0eb9,25791685,1787173007,AaveV3Boost,boost,0x4f9dee86469f70f56d9d8fd501f20d9ce78fa3fd,0x4f9dee86469f70f56d9d8fd501f20d9ce78fa3fd,0x87870bca3f3fd6335c3f4ce8392d69350b4fa4e2,0xa0b86991c6218b36c1d19d4a2e9eb0ce3606eb48,0xc02aaa39b223fe8d0a0e5c4f27ead9083c756cc2,1480.7288,1463.1896,0.011845,3.7018,7.9701,7.1105,2.082426661816238,1.9175872926120943,2.0197029671824716,1.8598286392192571,
0x4bab34b0cd884c47da915c50e44e143f33aa6f4d922bf7e9b33e38827c91d0fb,25791743,1787173703,AaveV3Boost,boost,0x5e2289f8ee186bcf5ed0063493257259eb0fe66b,0x5e2289f8ee186bcf5ed0063493257259eb0fe66b,0x87870bca3f3fd6335c3f4ce8392d69350b4fa4e2,0xa0b86991c6218b36c1d19d4a2e9eb0ce3606eb48,0xae78736cd615f374d3085123a210448e74fc6393,77297.6784,76548.9345,0.009686,193.2442,413.8281,377.6517,1.272900935127759,1.2019469105183014,1.2146896742706799,1.1465218841919511,
0x8801aa0d3cba2af96bbc2c097adaf6e84fe7643b80b28d47d2b315ac617810a9,25791747,1787173751,AaveV3Boost,boost,0x5c32f605166eef8c6977a5a906a73369d4dfae8e,0x5c32f605166eef8c6977a5a906a73369d4dfae8e,0x87870bca3f3fd6335c3f4ce8392d69350b4fa4e2,0xdac17f958d2ee523a2206206994597c13d831ec7,0xc02aaa39b223fe8d0a0e5c4f27ead9083c756cc2,38694.2529,38796.7464,-0.002649,96.7356,61.3351,40.5196,1.361850173281761,1.2368448739474343,1.3208305897491017,1.1995905102742912,
0xb76be6729341f75f08ea7ac148446840e982f709879b72dd3ed7e879690fd17b,25791747,1787173751,AaveV3Boost,boost,0x3184cef74082cc8800bbe0adf8e6ccb6af23da34,0x3184cef74082cc8800bbe0adf8e6ccb6af23da34,0x87870bca3f3fd6335c3f4ce8392d69350b4fa4e2,0xa0b86991c6218b36c1d19d4a2e9eb0ce3606eb48,0xc02aaa39b223fe8d0a0e5c4f27ead9083c756cc2,15994.8171,15877.011,0.007365,39.987,163.8273,145.2434,1.395550228975079,1.2735372033846644,1.3535155835240198,1.2351776490658117,
0x9eda52b9f26d635a60a4523b07cb65693ee0a6f1d56b928f6f503c51ff5ce073,25791749,1787173775,AaveV3Boost,boost,0x226381312d59a46fe66fd1f199f7ecc37edc3cb0,0x226381312d59a46fe66fd1f199f7ecc37edc3cb0,0x87870bca3f3fd6335c3f4ce8392d69350b4fa4e2,0xa0b86991c6218b36c1d19d4a2e9eb0ce3606eb48,0x7f39c581f595b53c5cb19bd0b3f8da6c935e2ca0,9290.9622,9206.431,0.009098,23.2274,130.7746,141.6909,2.3983403544759927,2.2452245619803466,2.3243175040291866,2.175927507598185,
0x6d9332963662f7b614b2e2f73dd6edbf1631ecdcfa81daf05948f4a1fe647d7a,25793563,1787195567,AaveV3Repay,repay,0x5e2289f8ee186bcf5ed0063493257259eb0fe66b,0x5e2289f8ee186bcf5ed0063493257259eb0fe66b,0x87870bca3f3fd6335c3f4ce8392d69350b4fa4e2,0xae78736cd615f374d3085123a210448e74fc6393,0xa0b86991c6218b36c1d19d4a2e9eb0ce3606eb48,69494.261,68958.8253,0.007705,173.7357,55.7403,19.7774,1.152173890453453,1.2049206678286257,1.0990439737373265,1.149879351521992,
0x36ed2cb059060c4931163142a010b987c4968b3632802038283020b3265293dd,25795050,1787213471,AaveV3Repay,repay,0x30dee05ccf2472306f6013e1740ed762e4689f5c,0x30dee05ccf2472306f6013e1740ed762e4689f5c,0x87870bca3f3fd6335c3f4ce8392d69350b4fa4e2,0xa0b86991c6218b36c1d19d4a2e9eb0ce3606eb48,0x2260fac5e5542a773aa44fbcfedf7c193bc2c599,20442.7404,20118.8784,0.015842,51.1069,209.6835,220.4111,1.4023328149479415,1.557145280010229,1.3483969374498934,1.497255076932818,
0x5371782e7422111c93635cb5b293c65f4f64055b73cbd72d8000ef556e2a1ec5,25795062,1787213615,AaveV3GenericFLBoostStrategy,boost,0xd42d508f87e06e6a25c84d103f6c468962e8aeab,0x23c225cced72e95f4cb3c553b41c54d8fa9ffcf2,0x87870bca3f3fd6335c3f4ce8392d69350b4fa4e2,0xdac17f958d2ee523a2206206994597c13d831ec7,0x2260fac5e5542a773aa44fbcfedf7c193bc2c599,325931.3651,324756.7654,0.003604,814.8284,188.8847,28.2608,1.2835657129154199,1.1752334526823796,1.2012858595234026,1.0998979749463258,
0x30d2f3a380e7d1c8431b77710c6e46d16e193980722e7724acba4972ab857717,25797110,1787238299,AaveV3Boost,boost,0x060ff62e45c4c84551762289a139d586fb5ea21c,0x060ff62e45c4c84551762289a139d586fb5ea21c,0x87870bca3f3fd6335c3f4ce8392d69350b4fa4e2,0xa0b86991c6218b36c1d19d4a2e9eb0ce3606eb48,0x2260fac5e5542a773aa44fbcfedf7c193bc2c599,100475.1324,100381.8343,0.000929,251.1878,58.5427,8.8,1.229741683750113,1.1753407177090038,1.1509120886379227,1.0999983640096986,
0x5bc0d90c7d211b2c3f43cfe31556b753692ed33c712eb96b931fab45d8c77a9b,25797359,1787241287,AaveV3Repay,repay,0xe384f9cba7e27df646c3e636136e5af57ec359fc,0xe384f9cba7e27df646c3e636136e5af57ec359fc,0x87870bca3f3fd6335c3f4ce8392d69350b4fa4e2,0xa0b86991c6218b36c1d19d4a2e9eb0ce3606eb48,0xcbb7c0000ab88b473b1f5afd9ef808440eed33bf,17616.7848,17553.029,0.003619,44.042,19.6915,11.0536,1.5064857903025692,1.5599823099461556,1.4485440291370857,1.4999829903328312,
0x205e922f33a9795a6468e6c5e9efb9507b3241595efc9d0667a74e3dda06d426,25797359,1787241287,AaveV3Boost,boost,0x5e2289f8ee186bcf5ed0063493257259eb0fe66b,0x5e2289f8ee186bcf5ed0063493257259eb0fe66b,0x87870bca3f3fd6335c3f4ce8392d69350b4fa4e2,0xa0b86991c6218b36c1d19d4a2e9eb0ce3606eb48,0xae78736cd615f374d3085123a210448e74fc6393,62435.7794,62396.8387,0.000624,156.0894,48.5979,20.1859,1.261262385486034,1.2054907227308564,1.2036476563180933,1.1499234272887,
0xa6b131f7a3672e6d1a2dac453ac8af880e23b5f36d8cf9e4f2291d58d1c78cf9,25797359,1787241287,AaveV3GenericFLBoostStrategy,boost,0x954079abbfebe65a43341979d342316cda96e2be,0x75b4257dc02477eb21ebeb7cb97221f8ee41e4e2,0x87870bca3f3fd6335c3f4ce8392d69350b4fa4e2,0xa0b86991c6218b36c1d19d4a2e9eb0ce3606eb48,0xc02aaa39b223fe8d0a0e5c4f27ead9083c756cc2,11998.7003,11952.5972,0.003842,29.9968,22.3371,15.7092,1.188824928177352,1.1341199884246513,1.1530169484128818,1.0999597478094143,
0x56ffff6cae28ab6e6bbb7b23a9662e36747459b07fab7b40b3d3840cab0b84d4,25797858,1787247287,AaveV3Boost,boost,0x30dee05ccf2472306f6013e1740ed762e4689f5c,0x30dee05ccf2472306f6013e1740ed762e4689f5c,0x87870bca3f3fd6335c3f4ce8392d69350b4fa4e2,0x2260fac5e5542a773aa44fbcfedf7c193bc2c599,0xa0b86991c6218b36c1d19d4a2e9eb0ce3606eb48,48550.8734,48449.3441,0.002091,121.3769,27.3827,3.1236,2.210269753866219,1.6756128945043358,2.1074071999361705,1.599780669919672,
0x2eac7993fc8e18907ad0b9d534aca677e19665f3b4ec9d5172a4f94f6acf1216,25799913,1787272007,AaveV3Boost,boost,0x2f859af847ebd2f44631a1a4e8ec06e135d8a2b1,0x2f859af847ebd2f44631a1a4e8ec06e135d8a2b1,0x87870bca3f3fd6335c3f4ce8392d69350b4fa4e2,0x6b175474e89094c44da98b954eedeac495271d0f,0x7f39c581f595b53c5cb19bd0b3f8da6c935e2ca0,5103.2143,5084.8981,0.003589,12.758,5.4416,3.3893,1.8009320449553374,1.5823968105277253,1.702163614866733,1.4998039468574447,
0xcc8e0cae59eaad4a3169c9ff0d3a4f97547ebf862e31665f2b69decad5be0d32,25800174,1787275139,AaveV3Boost,boost,0xc65b975d471d33a83a746bb69fd72a84b57adb93,0xc65b975d471d33a83a746bb69fd72a84b57adb93,0x87870bca3f3fd6335c3f4ce8392d69350b4fa4e2,0x40d16fc0246ad3160ccc09b8d0d3a2cd28ae6c2f,0x18084fba666a33d37592fa2633fd49a74dd93a88,412858.0277,406743.4089,0.01481,1032.1451,697.5106,478.0738,1.519276314001265,1.3774395234220527,1.4218868066934913,1.2891421180744849,
0xd2bc52080ad36ce04615750830e1bdd281bece6143271c0be5beef397e3d6631,25800175,1787275151,AaveV3Boost,boost,0x06a9ef1404483e0559d67d80e323b034a3a3967d,0x06a9ef1404483e0559d67d80e323b034a3a3967d,0x87870bca3f3fd6335c3f4ce8392d69350b4fa4e2,0xdac17f958d2ee523a2206206994597c13d831ec7,0x7f39c581f595b53c5cb19bd0b3f8da6c935e2ca0,25143.6673,24601.4809,0.021564,62.8592,323.5441,330.5381,1.6809214812312658,1.569246866304033,1.6045010820160297,1.499284101655525,
0xed066d4b7297ac5d7194a1a73dcda77190951dd612bd7fbea0960d1ac62bfb78,25800177,1787275175,AaveV3Boost,boost,0x47f2bd131390652a043e840e42637e22abf9dec8,0x47f2bd131390652a043e840e42637e22abf9dec8,0x87870bca3f3fd6335c3f4ce8392d69350b4fa4e2,0x6b175474e89094c44da98b954eedeac495271d0f,0x2260fac5e5542a773aa44fbcfedf7c193bc2c599,4261.7752,3968.2533,0.068873,10.6544,281.3685,286.0248,1.744803885796941,1.5835501974934936,1.6555947160327311,1.5011314515947964,
0xdaa5ac1d173d28ea7a14ed3239ee68ca7db41b6eeabd0236b96ac79f5be2db94,25800177,1787275175,AaveV3Boost,boost,0x3e370fd7ef50090fd0c9ca64c8d15f949b60ce90,0x3e370fd7ef50090fd0c9ca64c8d15f949b60ce90,0x87870bca3f3fd6335c3f4ce8392d69350b4fa4e2,0xa0b86991c6218b36c1d19d4a2e9eb0ce3606eb48,0x2260fac5e5542a773aa44fbcfedf7c193bc2c599,35662.1108,35230.2513,0.01211,89.1553,308.8318,293.4425,1.460329123237623,1.2812705854628772,1.3667182820044292,1.1991378556254413,
0x6927ee881872d31c35fedaed26358a3aee8ef2570ffbfb69de827c183740fef7,25800180,1787275211,AaveV3Boost,boost,0x877fc51036b47bd059737266ad3f8db6180b6e19,0x877fc51036b47bd059737266ad3f8db6180b6e19,0x87870bca3f3fd6335c3f4ce8392d69350b4fa4e2,0xdac17f958d2ee523a2206206994597c13d831ec7,0x7f39c581f595b53c5cb19bd0b3f8da6c935e2ca0,2400.5826,2390.0107,0.004404,6.0015,8.6016,7.3039,1.740052483150646,1.5780617608439749,1.6588416997435176,1.5065833228753365,
0xfc44d6d29d40cd9ebd02e1867e80df4a9f2c033a66384f043eec5e7ce4c6a4a8,25801941,1787296427,AaveV3Boost,boost,0x4f9dee86469f70f56d9d8fd501f20d9ce78fa3fd,0x4f9dee86469f70f56d9d8fd501f20d9ce78fa3fd,0x87870bca3f3fd6335c3f4ce8392d69350b4fa4e2,0xa0b86991c6218b36c1d19d4a2e9eb0ce3606eb48,0xc02aaa39b223fe8d0a0e5c4f27ead9083c756cc2,1549.4382,1543.5926,0.003773,3.8736,3.0374,2.2258,2.0647930864710644,1.9075354598146137,2.00260052362486,1.850079572470456,
0x6e747112b2cf222a565527a81ad6acfb8a3b1da504ee27ad36fc731f681497c5,25801958,1787296631,AaveV3Boost,boost,0x060ff62e45c4c84551762289a139d586fb5ea21c,0x060ff62e45c4c84551762289a139d586fb5ea21c,0x87870bca3f3fd6335c3f4ce8392d69350b4fa4e2,0xa0b86991c6218b36c1d19d4a2e9eb0ce3606eb48,0x2260fac5e5542a773aa44fbcfedf7c193bc2c599,128564.5111,127504.5891,0.008244,321.4113,117.1913,54.5773,1.236874192399126,1.1748694870706307,1.1575873851940475,1.099557340463536,
0x3868d87aa489bfaa92caa174323d72ebd9ac74cd0f7cb789fd7b041cce550503,25802367,1787301563,AaveV3Boost,boost,0x226381312d59a46fe66fd1f199f7ecc37edc3cb0,0x226381312d59a46fe66fd1f199f7ecc37edc3cb0,0x87870bca3f3fd6335c3f4ce8392d69350b4fa4e2,0xa0b86991c6218b36c1d19d4a2e9eb0ce3606eb48,0x7f39c581f595b53c5cb19bd0b3f8da6c935e2ca0,6451.3855,6424.7338,0.004131,16.1285,9.1956,6.0359,2.352036946923809,2.2699886747560662,2.2794432139939897,2.1999272959055256,
0x3b1b0dfd42dd88a0c74e0b61973828b7b8ceced4b8b98ce2bbaaf6d1af4d22e3,25802412,1787302103,AaveV3Boost,boost,0xcfd73d7867da130b20da492c583031782d63b449,0xcfd73d7867da130b20da492c583031782d63b449,0x87870bca3f3fd6335c3f4ce8392d69350b4fa4e2,0x40d16fc0246ad3160ccc09b8d0d3a2cd28ae6c2f,0x18084fba666a33d37592fa2633fd49a74dd93a88,578214.8304,575600.887,0.004521,1445.5371,315.4715,29.2025,1.5441515523491618,1.4317670915231406,1.4451674784806245,1.3399871497588345,
0x2eba569791ba4fe6cbf3885a8689eaa0f35e1f37ab799c707d36cc7020923522,25802412,1787302103,AaveV3GenericFLBoostStrategy,boost,0xd42d508f87e06e6a25c84d103f6c468962e8aeab,0x23c225cced72e95f4cb3c553b41c54d8fa9ffcf2,0x87870bca3f3fd6335c3f4ce8392d69350b4fa4e2,0xdac17f958d2ee523a2206206994597c13d831ec7,0x2260fac5e5542a773aa44fbcfedf7c193bc2c599,435269.7171,433879.2536,0.003194,1088.1743,298.3381,89.19,1.2887994102248745,1.1751886473946698,1.2061840634155834,1.0998560417924441,
0xe91940f443689441b3ac960a6adff40cd53d4920eb0e2c215342201bfc09650a,25802419,1787302187,AaveV3Boost,boost,0x4c2ccf4efdf45d0025ab6c19105b29130bc99ef6,0x4c2ccf4efdf45d0025ab6c19105b29130bc99ef6,0x87870bca3f3fd6335c3f4ce8392d69350b4fa4e2,0xa0b86991c6218b36c1d19d4a2e9eb0ce3606eb48,0x7f39c581f595b53c5cb19bd0b3f8da6c935e2ca0,35083.4371,34915.5752,0.004785,87.7086,29.1589,13.9639,1.6873846063047742,1.5722889240214426,1.6078353476897833,1.4999956363117228,
0x1767fd980c6240804f959416372ec3c9e554fc00d8e524c126b1d1e933ccb542,25802434,1787302367,AaveV3Boost,boost,0x5e2289f8ee186bcf5ed0063493257259eb0fe66b,0x5e2289f8ee186bcf5ed0063493257259eb0fe66b,0x87870bca3f3fd6335c3f4ce8392d69350b4fa4e2,0xa0b86991c6218b36c1d19d4a2e9eb0ce3606eb48,0xae78736cd615f374d3085123a210448e74fc6393,67982.644,67924.4059,0.000857,169.9566,50.6594,17.839,1.2595078677850824,1.2058902119662582,1.2014509395602644,1.1498587019032875,
0x974ba896e3c60893254ebbfc027b59d9406bf8a6f061bab87489bd3302d8d504,25802434,1787302367,AaveV3GenericBoostStrategy,boost,0x4b15670c236719cf04a8823fa5feae24eb5d8162,0x95368a0462b6caaf86f0afe41bdd48469b734a3f,0x87870bca3f3fd6335c3f4ce8392d69350b4fa4e2,0xa0b86991c6218b36c1d19d4a2e9eb0ce3606eb48,0xc02aaa39b223fe8d0a0e5c4f27ead9083c756cc2,7825.7308,7799.1578,0.003396,19.5643,12.8824,8.8487,1.7033824028339166,1.5466864151005986,1.6520757039532712,1.5000994748865182,
0xde1741e6d356fe52da2c1718e2c762301b523b721a70fa80ccd0ceb99ce624bf,25805887,1787343911,AaveV3Boost,boost,0x3184cef74082cc8800bbe0adf8e6ccb6af23da34,0x3184cef74082cc8800bbe0adf8e6ccb6af23da34,0x87870bca3f3fd6335c3f4ce8392d69350b4fa4e2,0xa0b86991c6218b36c1d19d4a2e9eb0ce3606eb48,0xc02aaa39b223fe8d0a0e5c4f27ead9083c756cc2,10412.6017,10381.0299,0.003032,26.0315,16.4141,11.2743,1.3411022864143023,1.2784609926902775,1.3007076392331312,1.2399531314645582,
0x0708ff6e9ae6d333e06907808a7a16108f715ee449273a5d3f6ebdf6dd94e996,25805888,1787343923,AaveV3GenericFLBoostStrategy,boost,0x954079abbfebe65a43341979d342316cda96e2be,0x75b4257dc02477eb21ebeb7cb97221f8ee41e4e2,0x87870bca3f3fd6335c3f4ce8392d69350b4fa4e2,0xa0b86991c6218b36c1d19d4a2e9eb0ce3606eb48,0xc02aaa39b223fe8d0a0e5c4f27ead9083c756cc2,14452.917,14412.893,0.002769,36.1323,14.822,7.4035,1.1898111949770926,1.1340586254914782,1.1539735083813745,1.099900233157314,
0xa6c713a38f6b50af07301eac39e4d19df0ac31ad80d6f453964792f273737c88,25806186,1787347511,AaveV3Boost,boost,0x75c97a4b805f1ea755321664e0a4465739886101,0x75c97a4b805f1ea755321664e0a4465739886101,0x87870bca3f3fd6335c3f4ce8392d69350b4fa4e2,0x6b175474e89094c44da98b954eedeac495271d0f,0xc02aaa39b223fe8d0a0e5c4f27ead9083c756cc2,1257343.5745,1244940.3792,0.009865,3143.3589,639.1551,16.1751,1.5993470286188638,1.4432950085462368,1.5511739253472103,1.3998222673249636,
0xe698dbdf23e302b174eea9200af6977314ff8d2bcb4407ca419e22b24041cf55,25806232,1787348063,AaveV3Boost,boost,0x226381312d59a46fe66fd1f199f7ecc37edc3cb0,0x226381312d59a46fe66fd1f199f7ecc37edc3cb0,0x87870bca3f3fd6335c3f4ce8392d69350b4fa4e2,0xa0b86991c6218b36c1d19d4a2e9eb0ce3606eb48,0x7f39c581f595b53c5cb19bd0b3f8da6c935e2ca0,6965.2199,6960.0655,0.00074,17.413,9.6643,6.181,2.3537468967108937,2.270031038620936,2.2811003875531175,2.1999683522436833,
0x84ff3f98d32fc56d647742c29c86747cdbc8902f5a0e85f2ec37658e66cea0fd,25806332,1787349263,AaveV3Boost,boost,0x3a073d89de65dcda4ac668d50ab130dc5d46006d,0x3a073d89de65dcda4ac668d50ab130dc5d46006d,0x87870bca3f3fd6335c3f4ce8392d69350b4fa4e2,0xa0b86991c6218b36c1d19d4a2e9eb0ce3606eb48,0xc02aaa39b223fe8d0a0e5c4f27ead9083c756cc2,2282.2588,2254.1185,0.01233,5.7056,20.061,20.8458,1.2927461412663952,1.2365489969569117,1.2538080044808049,1.199303545240915,
0x3395332ae981365dfe248d275874f170625005973298795a059e9f3900ea5995,25806339,1787349347,AaveV3Boost,boost,0x5c32f605166eef8c6977a5a906a73369d4dfae8e,0x5c32f605166eef8c6977a5a906a73369d4dfae8e,0x87870bca3f3fd6335c3f4ce8392d69350b4fa4e2,0xdac17f958d2ee523a2206206994597c13d831ec7,0xc02aaa39b223fe8d0a0e5c4f27ead9083c756cc2,42018.164,42001.8148,0.000389,105.0454,26.5644,5.7327,1.3416519049882378,1.237225340508929,1.301240703030721,1.199959516999601,
0x8559a6ac1ceeea464b7edae074ebc6e6fadedf6c0674908e91b1b9fa40370b08,25806404,1787350127,AaveV3Boost,boost,0x06a9ef1404483e0559d67d80e323b034a3a3967d,0x06a9ef1404483e0559d67d80e323b034a3a3967d,0x87870bca3f3fd6335c3f4ce8392d69350b4fa4e2,0xdac17f958d2ee523a2206206994597c13d831ec7,0x7f39c581f595b53c5cb19bd0b3f8da6c935e2ca0,29748.2055,29618.8532,0.004348,74.3705,49.153,33.6083,1.6810419968302002,1.5678257102036774,1.6065375625572014,1.4997634148507377,
0x7eeedad745e2c94877652d11a9eb5a6cb56960a0f85315795f956fce2a57bf02,25807252,1787360327,AaveV3Boost,boost,0x2f859af847ebd2f44631a1a4e8ec06e135d8a2b1,0x2f859af847ebd2f44631a1a4e8ec06e135d8a2b1,0x87870bca3f3fd6335c3f4ce8392d69350b4fa4e2,0x6b175474e89094c44da98b954eedeac495271d0f,0x7f39c581f595b53c5cb19bd0b3f8da6c935e2ca0,6509.8895,6483.3986,0.004069,16.2747,7.2979,4.4136,1.7989314600030506,1.5816160893498448,1.7012197940968685,1.4997913385871928,
0x40ff9e83565eedc2052637060a67a4d00ba4f723b04b17c74a6ec2e06100cb94,25815673,1787461823,AaveV3GenericFLRepayStrategy,repay,0x9d4512c43c580be2d6a7517d6777fac46131a9d6,0x9d4512c43c580be2d6a7517d6777fac46131a9d6,0x87870bca3f3fd6335c3f4ce8392d69350b4fa4e2,0xcd5fe23c85820f7b72d0926fc9b05b43e359b7ee,0x4c9edd5852cd905f086c759e8383e09bff1e68b3,47155.1032,47172.8431,-0.000376,117.8878,37.7699,13.153,1.0953151757508475,1.152370130369732,1.0473490872147546,1.099977096977408,
0xbda8da436165503a4d607ceaa779753e2006bf3f5f97940367968662540983bb,25818874,1787500343,AaveV3Boost,boost,0x1ba3821279cd7f97cb1571b82c5e2219eb44cf2c,0x1ba3821279cd7f97cb1571b82c5e2219eb44cf2c,0x87870bca3f3fd6335c3f4ce8392d69350b4fa4e2,0xa0b86991c6218b36c1d19d4a2e9eb0ce3606eb48,0xcbb7c0000ab88b473b1f5afd9ef808440eed33bf,11739.2881,11711.9031,0.002333,29.3482,7.2325,1.3562,1.843773198029399,1.5492746305838703,1.7255826084118078,1.449962154264229,
0xa13837b8c42f492e7191b58057f26aef15333ba837f3636c726081c89ccf4cc6,25825959,1787585579,AaveV3Boost,boost,0x060ff62e45c4c84551762289a139d586fb5ea21c,0x060ff62e45c4c84551762289a139d586fb5ea21c,0x87870bca3f3fd6335c3f4ce8392d69350b4fa4e2,0xa0b86991c6218b36c1d19d4a2e9eb0ce3606eb48,0x2260fac5e5542a773aa44fbcfedf7c193bc2c599,133973.7262,133484.8026,0.003649,334.9343,85.5909,19.1117,1.230758274776524,1.1752598456788277,1.1518635135728927,1.0999226760840288,
0x82ef8019d33a52dac649e7e43cfeb2de5392093f523cef45777bcb4a530e463a,25829295,1787625791,AaveV3Boost,boost,0xceee73a1504cdada04964d72c85528783137a755,0xceee73a1504cdada04964d72c85528783137a755,0x87870bca3f3fd6335c3f4ce8392d69350b4fa4e2,0xdac17f958d2ee523a2206206994597c13d831ec7,0x2260fac5e5542a773aa44fbcfedf7c193bc2c599,6331.5421,6312.8764,0.002948,15.8289,6.6152,3.3902,1.8216082980238835,1.7095249522794256,1.7048385353299593,1.599940019440872,
0xd88e1e209c2f8149341a3b50f7c60eaf91b04eee81280cb41b44ec28bdbe8aa0,25832591,1787665439,AaveV3Boost,boost,0x2148c27dff8389780dcc0ec362c27636a0fb1dd3,0x2148c27dff8389780dcc0ec362c27636a0fb1dd3,0x87870bca3f3fd6335c3f4ce8392d69350b4fa4e2,0xc02aaa39b223fe8d0a0e5c4f27ead9083c756cc2,0xa0b86991c6218b36c1d19d4a2e9eb0ce3606eb48,43.6728,40.8557,0.064505,0.1092,2.7024,2.5897,1.695815770696016,1.3573920919701052,1.6305920871459822,1.3051847037973572,
0xf39e71a5b10fb3e8904bc20612edf807485610a00a6f41c71cee9d250a8189bf,25863804,1788041351,AaveV3Repay,repay,0xf6c50293550813a04ffe071a15f976b00c65fb5b,0xf6c50293550813a04ffe071a15f976b00c65fb5b,0x87870bca3f3fd6335c3f4ce8392d69350b4fa4e2,0x2260fac5e5542a773aa44fbcfedf7c193bc2c599,0xa0b86991c6218b36c1d19d4a2e9eb0ce3606eb48,3694.7906,3684.0832,0.002898,9.2366,2.683,0.8422,1.5481144113203082,1.780814363576578,1.4488763080303297,1.6666595966802311,
0xc3989a290c3c9aa43785407d8c250cacdfc6cdb8c64896ae21057d8c942ec866,25889040,1788345263,AaveV3Repay,repay,0x060ff62e45c4c84551762289a139d586fb5ea21c,0x060ff62e45c4c84551762289a139d586fb5ea21c,0x87870bca3f3fd6335c3f4ce8392d69350b4fa4e2,0x2260fac5e5542a773aa44fbcfedf7c193bc2c599,0xa0b86991c6218b36c1d19d4a2e9eb0ce3606eb48,67114.9485,66900.5289,0.003195,167.7873,35.974,2.5095,1.121294786824793,1.1433171949733483,1.049416915874481,1.0700276311930026,
0x9412dfe42789d4a5bd01de9e144a70f598a7411cda30d7da118c1334bc0c6a4a,25954574,1789134659,AaveV3Boost,boost,0x3a073d89de65dcda4ac668d50ab130dc5d46006d,0x3a073d89de65dcda4ac668d50ab130dc5d46006d,0x87870bca3f3fd6335c3f4ce8392d69350b4fa4e2,0xa0b86991c6218b36c1d19d4a2e9eb0ce3606eb48,0xc02aaa39b223fe8d0a0e5c4f27ead9083c756cc2,2398.5831,2347.8044,0.02117,5.9965,46.9755,44.9262,1.2917334564402483,1.2359932667403057,1.2528258222097637,1.1987645538864276,
0xb27c4503207a1ab6301fc019837ba9bfb77feac5482986908c22124e64b0e8fc,25954574,1789134659,AaveV3Boost,boost,0x3184cef74082cc8800bbe0adf8e6ccb6af23da34,0x3184cef74082cc8800bbe0adf8e6ccb6af23da34,0x87870bca3f3fd6335c3f4ce8392d69350b4fa4e2,0xa0b86991c6218b36c1d19d4a2e9eb0ce3606eb48,0xc02aaa39b223fe8d0a0e5c4f27ead9083c756cc2,12392.5351,12293.1928,0.008016,30.9813,53.214,42.9463,1.3437025258091182,1.2778837191712158,1.3032295581642097,1.2393932457021761,
0x41756ac90d6c4588d06abcccbcbbeedca20f69f8b84153b8fd3140fc3a56397b,25954575,1789134671,AaveV3GenericFLBoostStrategy,boost,0x954079abbfebe65a43341979d342316cda96e2be,0x75b4257dc02477eb21ebeb7cb97221f8ee41e4e2,0x87870bca3f3fd6335c3f4ce8392d69350b4fa4e2,0xa0b86991c6218b36c1d19d4a2e9eb0ce3606eb48,0xc02aaa39b223fe8d0a0e5c4f27ead9083c756cc2,12352.1718,12259.7967,0.007478,30.8804,49.5222,43.6044,1.1909550599912615,1.1334583433758196,1.15508291962997,1.0993180318283349,
0x4e1ba9525a162e9062a0f4fce53eb21f28303c1f0535ecf5a88d1afc3d5ef8b4,25954585,1789134791,AaveV3Boost,boost,0x4f9dee86469f70f56d9d8fd501f20d9ce78fa3fd,0x4f9dee86469f70f56d9d8fd501f20d9ce78fa3fd,0x87870bca3f3fd6335c3f4ce8392d69350b4fa4e2,0xa0b86991c6218b36c1d19d4a2e9eb0ce3606eb48,0xc02aaa39b223fe8d0a0e5c4f27ead9083c756cc2,1906.6785,1876.779,0.015681,4.7667,23.8175,23.9175,2.0763388940755227,1.9064564742991028,2.013798565940137,1.849033086518553,
0x2af3f1bcc57d6a7f2c8dcaea96b984a27c03c9c13878a3e27dbde0ca8ddb36f3,25954587,1789134815,AaveV3Boost,boost,0x226381312d59a46fe66fd1f199f7ecc37edc3cb0,0x226381312d59a46fe66fd1f199f7ecc37edc3cb0,0x87870bca3f3fd6335c3f4ce8392d69350b4fa4e2,0xa0b86991c6218b36c1d19d4a2e9eb0ce3606eb48,0x7f39c581f595b53c5cb19bd0b3f8da6c935e2ca0,7232.3707,7147.725,0.011704,18.0809,57.311,58.8752,2.352161021632332,2.2696645238351456,2.279563459236211,2.199613149642643,
0xb407cddce982c99f9ffc6d49d20a5b040b3b71e772ea53af341f05a04a84098f,25954632,1789135355,AaveV3RepayOnPrice,repay,0x9113b77b92f86c5add4729294b04c058b0626d0e,0xbe9895146f7af43049ca1c1ae358b0541ea49704,0x87870bca3f3fd6335c3f4ce8392d69350b4fa4e2,0xbe9895146f7af43049ca1c1ae358b0541ea49704,0xa0b86991c6218b36c1d19d4a2e9eb0ce3606eb48,110807.1068,110189.2336,0.005576,277.0178,86.4025,31.846,,,,,
0x54d241cf5db760f77adcf87a586d93aabcdb9ecb18b6f54b6fc5e9673c60e674,25968235,1789299155,AaveV3GenericFLRepayStrategy,repay,0x89e47eca20de97fc16320399ec97606d5fa3b357,0xf0653c27089ec591653540626633965e1862a75c,0x87870bca3f3fd6335c3f4ce8392d69350b4fa4e2,0x7f39c581f595b53c5cb19bd0b3f8da6c935e2ca0,0xdac17f958d2ee523a2206206994597c13d831ec7,19111.2834,19041.2291,0.003666,47.7782,11.4634,2.0309,1.0551745371543275,1.7183523560230123,1.022607421809985,1.6653167894790923,
0x4e31b23c5b83506c9307f08187046219f1895d740c961eee31bfe99d50b0e62c,25971884,1789343075,AaveV3GenericFLRepayStrategy,repay,0x89e47eca20de97fc16320399ec97606d5fa3b357,0xf0653c27089ec591653540626633965e1862a75c,0x87870bca3f3fd6335c3f4ce8392d69350b4fa4e2,0x7f39c581f595b53c5cb19bd0b3f8da6c935e2ca0,0xdac17f958d2ee523a2206206994597c13d831ec7,10089.834,10062.0451,0.002754,25.2246,6.1207,1.2172,1.1808942267959153,1.7193656513592461,1.1444468741167044,1.6662988102676646,
0xedd811c41efbbf46decffc4bbcba0198b5960584a1daf6bacd6faed47671ebaf,25971945,1789343807,AaveV3GenericFLRepayStrategy,repay,0x89e47eca20de97fc16320399ec97606d5fa3b357,0xf0653c27089ec591653540626633965e1862a75c,0x87870bca3f3fd6335c3f4ce8392d69350b4fa4e2,0x7f39c581f595b53c5cb19bd0b3f8da6c935e2ca0,0xdac17f958d2ee523a2206206994597c13d831ec7,6101.6617,6076.4085,0.004139,15.2542,7.3538,4.5612,1.2026865204007202,1.4438365921084368,1.1655665660670655,1.3992737343266446,
0xc8d86b777ce7fc97e2b25887df4967282ae5a4022310bbdc4791542b91a07b8d,25983219,1789479587,AaveV3GenericFLRepayStrategy,repay,0x954079abbfebe65a43341979d342316cda96e2be,0x75b4257dc02477eb21ebeb7cb97221f8ee41e4e2,0x87870bca3f3fd6335c3f4ce8392d69350b4fa4e2,0xc02aaa39b223fe8d0a0e5c4f27ead9083c756cc2,0xa0b86991c6218b36c1d19d4a2e9eb0ce3606eb48,14091.5258,13933.9712,0.011181,35.2288,24.2623,18.7123,1.0796267212699404,1.1311415698243212,1.0471078441232529,1.0970710406126591,
0xee02bbe36cd3b1e9d6d29ce483d07918d3e037fab7700a3a0e31f5fae44af5a7,25983877,1789487507,AaveV3Repay,repay,0x8a700b67301dc3516be1230a30e60b319e57ae70,0x8a700b67301dc3516be1230a30e60b319e57ae70,0x87870bca3f3fd6335c3f4ce8392d69350b4fa4e2,0xdac17f958d2ee523a2206206994597c13d831ec7,0x2260fac5e5542a773aa44fbcfedf7c193bc2c599,28332.5614,28286.3185,0.001632,70.8314,16.7114,2.5697,1.4727285471206233,1.6844642613344811,1.416085141462138,1.6196771743600238,
0xcb1b421a9d1932cd24ce8b754463886c76883f6b7c36d488a318039bdbad13e5,25984749,1789498067,AaveV3Repay,repay,0x4f9dee86469f70f56d9d8fd501f20d9ce78fa3fd,0x4f9dee86469f70f56d9d8fd501f20d9ce78fa3fd,0x87870bca3f3fd6335c3f4ce8392d69350b4fa4e2,0xc02aaa39b223fe8d0a0e5c4f27ead9083c756cc2,0xa0b86991c6218b36c1d19d4a2e9eb0ce3606eb48,2184.4806,2170.7809,0.006271,5.4612,8.6537,7.2219,1.7418079212783086,1.906199436360152,1.6893438272639019,1.848783790686591,
0xa693790ea2d558548d15d599a78821d53b3fe1cbcaffa884bf6ca69e3e17d79e,25992428,1789590527,AaveV3GenericBoostStrategy,boost,0xdf72374d98f6d0db39e7829592bfc34d910568b5,0x80d95f2a9ba8f523b5a8323039d3ac1b87139778,0x87870bca3f3fd6335c3f4ce8392d69350b4fa4e2,0xa0b86991c6218b36c1d19d4a2e9eb0ce3606eb48,0xc02aaa39b223fe8d0a0e5c4f27ead9083c756cc2,18247.8943,18202.2954,0.002499,45.6197,11.1043,2.3555,1.784017592386346,1.3918796871931574,1.7300671909188265,1.3497879098162464,
0xd138b35125987f02c825efff1d430149c2bb0fc6e31d5558b06f810f4582635b,25997698,1789653983,AaveV3Repay,repay,0x75c97a4b805f1ea755321664e0a4465739886101,0x75c97a4b805f1ea755321664e0a4465739886101,0x87870bca3f3fd6335c3f4ce8392d69350b4fa4e2,0xc02aaa39b223fe8d0a0e5c4f27ead9083c756cc2,0x6b175474e89094c44da98b954eedeac495271d0f,1986341.5137,1978594.2963,0.0039,4965.8538,1002.9086,13.2337,1.2721947280333739,1.4426512355672767,1.2338756097191148,1.3991978850983813,
0xd523399c346d05f1e8f1ca5783465b12b1f9b7808619122bd7f44eb8d9aed2d7,26004779,1789739255,AaveV3Boost,boost,0x09e33b3ce3e6447719c12de8ee658fd820c5942a,0x09e33b3ce3e6447719c12de8ee658fd820c5942a,0x87870bca3f3fd6335c3f4ce8392d69350b4fa4e2,0xa0b86991c6218b36c1d19d4a2e9eb0ce3606eb48,0x2260fac5e5542a773aa44fbcfedf7c193bc2c599,22801.5744,22703.1063,0.004318,57.0039,18.8092,7.3189,1.3471833978658985,1.288312255025664,1.2608254877462726,1.205728136113747,
0xe79ff9ee56c7c096c12f3f07e7cc8420039c6f5b9d057f00ac629cb6297d705e,26004806,1789739579,AaveV3Boost,boost,0x4f9dee86469f70f56d9d8fd501f20d9ce78fa3fd,0x4f9dee86469f70f56d9d8fd501f20d9ce78fa3fd,0x87870bca3f3fd6335c3f4ce8392d69350b4fa4e2,0xa0b86991c6218b36c1d19d4a2e9eb0ce3606eb48,0xc02aaa39b223fe8d0a0e5c4f27ead9083c756cc2,1729.0705,1709.1798,0.011504,4.3227,15.6293,14.7854,2.064150962581003,1.9072318682633693,2.0019777408158386,1.8497851252431876,
0xd5806455afbdde56bf83a7bf8a88a8dc66f9f2b74c972642e9ada4ff1810a639,26005128,1789743443,AaveV3GenericFLBoostStrategy,boost,0x954079abbfebe65a43341979d342316cda96e2be,0x75b4257dc02477eb21ebeb7cb97221f8ee41e4e2,0x87870bca3f3fd6335c3f4ce8392d69350b4fa4e2,0xa0b86991c6218b36c1d19d4a2e9eb0ce3606eb48,0xc02aaa39b223fe8d0a0e5c4f27ead9083c756cc2,11746.9227,11700.8821,0.003919,29.3673,19.6942,14.0794,1.1896763761512341,1.1341315215594456,1.1538427503635065,1.0999709335605994,
0xd540ceb8a3f1f0d167bc6e63a65d41de3b02aa3e81d6351eba589149dba6bfca,26005609,1789749239,AaveV3Boost,boost,0x3a073d89de65dcda4ac668d50ab130dc5d46006d,0x3a073d89de65dcda4ac668d50ab130dc5d46006d,0x87870bca3f3fd6335c3f4ce8392d69350b4fa4e2,0xa0b86991c6218b36c1d19d4a2e9eb0ce3606eb48,0xc02aaa39b223fe8d0a0e5c4f27ead9083c756cc2,2135.7206,2123.7608,0.0056,5.3393,5.0899,3.9535,1.2908889837750455,1.2369945149041293,1.2520067854682064,1.1997356439727536,
0x5ef480f1bb47747003e96faf5b93678175f119e66e3d9eb020185a34e519a34e,26006207,1789756415,AaveV3Boost,boost,0x4c2ccf4efdf45d0025ab6c19105b29130bc99ef6,0x4c2ccf4efdf45d0025ab6c19105b29130bc99ef6,0x87870bca3f3fd6335c3f4ce8392d69350b4fa4e2,0xa0b86991c6218b36c1d19d4a2e9eb0ce3606eb48,0x7f39c581f595b53c5cb19bd0b3f8da6c935e2ca0,38014.6619,37930.9877,0.002201,95.0367,23.3495,4.3236,1.6778679104781753,1.570380160034048,1.601002837423629,1.4999048921920033,
0xd2f040b60756fd8b8ffe3bf77227acbe310997dea7cbe7e33a6145c72609b381,26010340,1789806179,AaveV3Boost,boost,0x3a073d89de65dcda4ac668d50ab130dc5d46006d,0x3a073d89de65dcda4ac668d50ab130dc5d46006d,0x87870bca3f3fd6335c3f4ce8392d69350b4fa4e2,0xa0b86991c6218b36c1d19d4a2e9eb0ce3606eb48,0xc02aaa39b223fe8d0a0e5c4f27ead9083c756cc2,2274.9,2269.6999,0.002286,5.6872,3.8673,2.7487,1.2918807216300423,1.237294004075216,1.2529686517012006,1.200026112386201,
0xe598574e001ff8bd9e86f4b1aad163bafd9f6d773d53471b82deebecf9975310,26010340,1789806179,AaveV3GenericBoostStrategy,boost,0x89e47eca20de97fc16320399ec97606d5fa3b357,0xf0653c27089ec591653540626633965e1862a75c,0x87870bca3f3fd6335c3f4ce8392d69350b4fa4e2,0xdac17f958d2ee523a2206206994597c13d831ec7,0x7f39c581f595b53c5cb19bd0b3f8da6c935e2ca0,1588.7967,1583.6811,0.00322,3.972,3.6601,2.8402,1.5477733840390973,1.444626675684857,1.5000026005804994,1.4000394326078307,
0x34822260472ae6d78c88645664ea2a3956550c5eb593a1be0d87370209285fe7,26012798,1789835819,AaveV3Boost,boost,0x47f2bd131390652a043e840e42637e22abf9dec8,0x47f2bd131390652a043e840e42637e22abf9dec8,0x87870bca3f3fd6335c3f4ce8392d69350b4fa4e2,0x6b175474e89094c44da98b954eedeac495271d0f,0x2260fac5e5542a773aa44fbcfedf7c193bc2c599,5117.2871,5074.3297,0.008395,12.7932,11.8333,9.5216,1.7414038595986894,1.5836153707415217,1.651011852127931,1.499869336995951,
0xefda03a725d880b14d02d445ab9c7560956d955493276e8f65a944d50eaf0580,26022278,1789950131,AaveV3Boost,boost,0x226381312d59a46fe66fd1f199f7ecc37edc3cb0,0x226381312d59a46fe66fd1f199f7ecc37edc3cb0,0x87870bca3f3fd6335c3f4ce8392d69350b4fa4e2,0xa0b86991c6218b36c1d19d4a2e9eb0ce3606eb48,0x7f39c581f595b53c5cb19bd0b3f8da6c935e2ca0,7876.842,7842.8586,0.004314,19.6921,14.0389,10.0836,2.354918652572244,2.270261835342251,2.282235978110105,2.2001920256094363,
0x7e8cb11d41c9b4ea719ee0b4325d0d087df1350d8e2d4b4a4d67570e61096b0e,26024726,1789979651,AaveV3Boost,boost,0x060ff62e45c4c84551762289a139d586fb5ea21c,0x060ff62e45c4c84551762289a139d586fb5ea21c,0x87870bca3f3fd6335c3f4ce8392d69350b4fa4e2,0xa0b86991c6218b36c1d19d4a2e9eb0ce3606eb48,0x2260fac5e5542a773aa44fbcfedf7c193bc2c599,146941.598,146251.1962,0.004698,367.354,76.0427,2.9978,1.2321967117511887,1.1753606160713839,1.153209743049186,1.1000169868360323,
0x894879855825cfd1c7701cf60929a160dcbeb1d0769c345d99cc50f76479a7c4,26024756,1789980011,AaveV3Boost,boost,0x09e33b3ce3e6447719c12de8ee658fd820c5942a,0x09e33b3ce3e6447719c12de8ee658fd820c5942a,0x87870bca3f3fd6335c3f4ce8392d69350b4fa4e2,0xa0b86991c6218b36c1d19d4a2e9eb0ce3606eb48,0x2260fac5e5542a773aa44fbcfedf7c193bc2c599,31103.1719,31042.852,0.001939,77.7579,19.0921,3.7163,1.3530397442336304,1.2821735253277255,1.2663064272955535,1.1999829147297651,
0xe278041088ebcd90a97393daddb038310e57cb5d929008d5d0a3a5fa0fb3913d,26024757,1789980023,AaveV3Boost,boost,0x3184cef74082cc8800bbe0adf8e6ccb6af23da34,0x3184cef74082cc8800bbe0adf8e6ccb6af23da34,0x87870bca3f3fd6335c3f4ce8392d69350b4fa4e2,0xa0b86991c6218b36c1d19d4a2e9eb0ce3606eb48,0xc02aaa39b223fe8d0a0e5c4f27ead9083c756cc2,13864.7711,13855.278,0.000685,34.6619,9.4239,2.4305,1.3419416745785697,1.2784746799659508,1.3015217446213763,1.2399664064729763,
0x562f9559b2d5cbe76cf337d7e12284834eea33f3997ddeed8478c8a881611a45,26024760,1789980059,AaveV3Boost,boost,0xa219a6f7a5f1b67c364f02340157fb3cfe8bfce5,0xa219a6f7a5f1b67c364f02340157fb3cfe8bfce5,0x87870bca3f3fd6335c3f4ce8392d69350b4fa4e2,0xdac17f958d2ee523a2206206994597c13d831ec7,0xc02aaa39b223fe8d0a0e5c4f27ead9083c756cc2,7969.791,7955.4788,0.001796,19.9245,6.7615,2.9773,3.0942997295902233,2.783732817731587,3.001097930506005,2.699885443703417,
0x2895647f29f85988f706a0abf42457473d8cd04b92b933403b6641e4d9ddae0f,26024767,1789980143,AaveV3Boost,boost,0xb68ee3777f2f3c0b877df9b7371a304a1bf64991,0xb68ee3777f2f3c0b877df9b7371a304a1bf64991,0x87870bca3f3fd6335c3f4ce8392d69350b4fa4e2,0x6b175474e89094c44da98b954eedeac495271d0f,0x7f39c581f595b53c5cb19bd0b3f8da6c935e2ca0,1903.7251,1891.7,0.006317,4.7593,6.9763,6.1329,1.768509648658259,1.5565858147131049,1.7022003032177895,1.4994634084882241,
0xa50c419e72df8b82731685027420835543a5757b60cf9c8840cf7169370faf8f,26024767,1789980143,AaveV3GenericFLBoostStrategy,boost,0x954079abbfebe65a43341979d342316cda96e2be,0x75b4257dc02477eb21ebeb7cb97221f8ee41e4e2,0x87870bca3f3fd6335c3f4ce8392d69350b4fa4e2,0xa0b86991c6218b36c1d19d4a2e9eb0ce3606eb48,0xc02aaa39b223fe8d0a0e5c4f27ead9083c756cc2,13696.5277,13651.7605,0.003269,34.2413,18.6921,12.0192,1.1888464226674513,1.1341149482945474,1.1530377954785822,1.0999548594903872,
0xeb8f5fcdd232cab6a562ed7d941df9968a37b1b6da849ee5166e6a8a7599602c,26025011,1789983083,AaveV3GenericFLRepayStrategy,repay,0xac03c75654379629646603ac748bbdaee2e6384e,0xac03c75654379629646603ac748bbdaee2e6384e,0x87870bca3f3fd6335c3f4ce8392d69350b4fa4e2,0xa0b86991c6218b36c1d19d4a2e9eb0ce3606eb48,0xc02aaa39b223fe8d0a0e5c4f27ead9083c756cc2,12028.6717,11987.8835,0.003391,30.0717,14.0564,7.7044,1.0853989573719234,1.1439448182147143,1.0436528436268155,1.0999469405910716,
0x72ccc6d7540bde9094d68a9fe1da4a450bd179cb3276be403262462b51de1f55,26025011,1789983083,AaveV3Boost,boost,0x75c97a4b805f1ea755321664e0a4465739886101,0x75c97a4b805f1ea755321664e0a4465739886101,0x87870bca3f3fd6335c3f4ce8392d69350b4fa4e2,0x6b175474e89094c44da98b954eedeac495271d0f,0xc02aaa39b223fe8d0a0e5c4f27ead9083c756cc2,1327201.1699,1322914.2173,0.00323,3318.0029,680.2543,19.5018,1.6038909552139562,1.4435026821032038,1.5555809866834145,1.4000236856543105,
0x4ee8bbb125c0d52a5ba5b23d30e3b27162a76116a27683f8562cf41a040ac084,26025011,1789983083,AaveV3Boost,boost,0x06a9ef1404483e0559d67d80e323b034a3a3967d,0x06a9ef1404483e0559d67d80e323b034a3a3967d,0x87870bca3f3fd6335c3f4ce8392d69350b4fa4e2,0xdac17f958d2ee523a2206206994597c13d831ec7,0x7f39c581f595b53c5cb19bd0b3f8da6c935e2ca0,33840.7183,33740.8803,0.00295,84.6018,23.4866,6.6356,1.6779147917444308,1.5665528370986168,1.6051960432748467,1.4998055825351153,
0x93283de60faefee3f956b4352079d1bef5ab624fde6b5415927403becb1f4515,26025023,1789983239,AaveV3Boost,boost,0x3e370fd7ef50090fd0c9ca64c8d15f949b60ce90,0x3e370fd7ef50090fd0c9ca64c8d15f949b60ce90,0x87870bca3f3fd6335c3f4ce8392d69350b4fa4e2,0xa0b86991c6218b36c1d19d4a2e9eb0ce3606eb48,0x2260fac5e5542a773aa44fbcfedf7c193bc2c599,45177.5603,45075.0598,0.002269,112.9439,40.2188,18.2877,1.4474062934138237,1.2822753272480645,1.354623838707779,1.2000781908859872,
0x10286e0bf671955442ebffec461ec29c057507cbe7c810145380fb974703a56c,26025053,1789983599,AaveV3Boost,boost,0x5c32f605166eef8c6977a5a906a73369d4dfae8e,0x5c32f605166eef8c6977a5a906a73369d4dfae8e,0x87870bca3f3fd6335c3f4ce8392d69350b4fa4e2,0xdac17f958d2ee523a2206206994597c13d831ec7,0xc02aaa39b223fe8d0a0e5c4f27ead9083c756cc2,54611.9337,54551.8924,0.001099,136.5298,34.2834,7.8727,1.3450995224377367,1.2372822618772155,1.304584476581135,1.2000147238688514,
0xc820785be071d583190f48142164f7e84c0d9a55a63098ff7b659cefbd4b9e9f,26025831,1789993043,AaveV3Boost,boost,0x9048f382f795eff4bdcd7982b3831d482cb76911,0x9048f382f795eff4bdcd7982b3831d482cb76911,0x87870bca3f3fd6335c3f4ce8392d69350b4fa4e2,0xdac17f958d2ee523a2206206994597c13d831ec7,0x2260fac5e5542a773aa44fbcfedf7c193bc2c599,7797.0973,7740.0181,0.007321,19.4927,6.6405,3.6392,2.8241435127065317,2.1904408854812623,2.643108672148151,2.0500280082064335,
0xc55f1b97a0ea35881fe00e5461a59427116b4de25d2cf007bdb9a6fd710a7954,26026301,1789998731,AaveV3GenericFLBoostStrategy,boost,0xd42d508f87e06e6a25c84d103f6c468962e8aeab,0x23c225cced72e95f4cb3c553b41c54d8fa9ffcf2,0x87870bca3f3fd6335c3f4ce8392d69350b4fa4e2,0xdac17f958d2ee523a2206206994597c13d831ec7,0x2260fac5e5542a773aa44fbcfedf7c193bc2c599,536678.1994,533516.1452,0.005892,1341.6955,300.6325,34.6113,1.2852364306059054,1.17591450927962,1.2028494799260383,1.1005353740693855,
0x91d6b6e76300d6bdc81cab165d068dddab92c8686ee05487fab0b8888c52fe92,26026305,1789998779,AaveV3Boost,boost,0x1ba3821279cd7f97cb1571b82c5e2219eb44cf2c,0x1ba3821279cd7f97cb1571b82c5e2219eb44cf2c,0x87870bca3f3fd6335c3f4ce8392d69350b4fa4e2,0xa0b86991c6218b36c1d19d4a2e9eb0ce3606eb48,0xcbb7c0000ab88b473b1f5afd9ef808440eed33bf,8883.7938,8828.6896,0.006203,22.2095,15.4395,10.8342,1.7103966529292969,1.5490959466408432,1.6007558418438814,1.449794924420086,
0x51067128fa98e840a85b43f22ed751375c97f8180f2a0010ce681be99a416d86,26027279,1790010563,AaveV3Boost,boost,0x226381312d59a46fe66fd1f199f7ecc37edc3cb0,0x226381312d59a46fe66fd1f199f7ecc37edc3cb0,0x87870bca3f3fd6335c3f4ce8392d69350b4fa4e2,0xa0b86991c6218b36c1d19d4a2e9eb0ce3606eb48,0x7f39c581f595b53c5cb19bd0b3f8da6c935e2ca0,79124.9685,79024.669,0.001268,197.8124,55.3575,16.9552,2.2573175190117314,1.7540600887189701,2.1876472252150565,1.6999224316597163,
0x1c4837c96ae09bea9a2be653a9b10b283bad78166088950cbe0127f2788b61be,26027936,1790018519,AaveV3Boost,boost,0x060ff62e45c4c84551762289a139d586fb5ea21c,0x060ff62e45c4c84551762289a139d586fb5ea21c,0x87870bca3f3fd6335c3f4ce8392d69350b4fa4e2,0xa0b86991c6218b36c1d19d4a2e9eb0ce3606eb48,0x2260fac5e5542a773aa44fbcfedf7c193bc2c599,162826.0154,162234.7706,0.003631,407.065,95.6691,16.5955,1.2303183628370866,1.1753176596451784,1.1514518011167527,1.0999767840268906,
0xd27d62569a5249c6f64e4f68046497e9a23e193fb9c44fc0b93eb6b7fd956e5c,26028002,1790019311,AaveV3Boost,boost,0xceee73a1504cdada04964d72c85528783137a755,0xceee73a1504cdada04964d72c85528783137a755,0x87870bca3f3fd6335c3f4ce8392d69350b4fa4e2,0xdac17f958d2ee523a2206206994597c13d831ec7,0x2260fac5e5542a773aa44fbcfedf7c193bc2c599,7128.0393,7091.5373,0.005121,17.8201,13.7439,11.2543,1.8218568798205181,1.7093883771845073,1.7050711823960516,1.59981219915979,
0xde01c7f32f9bd3af64451d89abe1d38e3e207dbc6edcd27278c94b557835ae82,26028225,1790022035,AaveV3Boost,boost,0x4c2ccf4efdf45d0025ab6c19105b29130bc99ef6,0x4c2ccf4efdf45d0025ab6c19105b29130bc99ef6,0x87870bca3f3fd6335c3f4ce8392d69350b4fa4e2,0xa0b86991c6218b36c1d19d4a2e9eb0ce3606eb48,0x7f39c581f595b53c5cb19bd0b3f8da6c935e2ca0,44582.2576,44446.604,0.003043,111.4556,25.8019,3.4654,1.6789974346545078,1.5687104087425088,1.6036837056155142,1.4996713702667752,
0xecb06e5927bd30282354cabae1ede211509a21480fdbab2ebee73867e3a6fdbc,26028234,1790022143,AaveV3Boost,boost,0x3a073d89de65dcda4ac668d50ab130dc5d46006d,0x3a073d89de65dcda4ac668d50ab130dc5d46006d,0x87870bca3f3fd6335c3f4ce8392d69350b4fa4e2,0xa0b86991c6218b36c1d19d4a2e9eb0ce3606eb48,0xc02aaa39b223fe8d0a0e5c4f27ead9083c756cc2,2266.3836,2256.1848,0.0045,5.666,4.0309,2.8908,1.2890041373155006,1.2372882305892305,1.2501787114922782,1.2000205128000556,
0xa5e4814b081f542a8363b4f23cc675c30c15e7849398ae3c25cceaa057e63921,26028236,1790022167,AaveV3Boost,boost,0x4f9dee86469f70f56d9d8fd501f20d9ce78fa3fd,0x4f9dee86469f70f56d9d8fd501f20d9ce78fa3fd,0x87870bca3f3fd6335c3f4ce8392d69350b4fa4e2,0xa0b86991c6218b36c1d19d4a2e9eb0ce3606eb48,0xc02aaa39b223fe8d0a0e5c4f27ead9083c756cc2,2129.2381,2119.6803,0.004489,5.3231,5.2261,4.2308,2.0753811029167246,1.9074772871353503,2.012869623912968,1.8500231519804469,
0xc66a0de87eff12a7cccd2cc386431e08e3ad1205c00211287eef22b6d3c23f32,26028258,1790022431,AaveV3Boost,boost,0x9048f382f795eff4bdcd7982b3831d482cb76911,0x9048f382f795eff4bdcd7982b3831d482cb76911,0x87870bca3f3fd6335c3f4ce8392d69350b4fa4e2,0xdac17f958d2ee523a2206206994597c13d831ec7,0x2260fac5e5542a773aa44fbcfedf7c193bc2c599,1179.6058,1170.6388,0.007602,2.949,7.1724,6.5893,2.256549151981673,2.190326520241136,2.1118985653159474,2.049920974071772,
0x4d1c0f6f3fae9d1fa393dae46371cabbb2532d67b8cafa1cef7429fd68a67651,26028259,1790022443,AaveV3Boost,boost,0x09e33b3ce3e6447719c12de8ee658fd820c5942a,0x09e33b3ce3e6447719c12de8ee658fd820c5942a,0x87870bca3f3fd6335c3f4ce8392d69350b4fa4e2,0xa0b86991c6218b36c1d19d4a2e9eb0ce3606eb48,0x2260fac5e5542a773aa44fbcfedf7c193bc2c599,27109.524,26994.6374,0.004238,67.7738,22.5085,8.0634,1.3363993280016844,1.2820750057209438,1.2507327044118262,1.1998907104824152,
0x41750f6fad72b7fa9248d2b928a180fbe0ebf4b7f502fdebb0a4716fb439cf87,26037554,1790134775,AaveV3Boost,boost,0x2f859af847ebd2f44631a1a4e8ec06e135d8a2b1,0x2f859af847ebd2f44631a1a4e8ec06e135d8a2b1,0x87870bca3f3fd6335c3f4ce8392d69350b4fa4e2,0x6b175474e89094c44da98b954eedeac495271d0f,0x7f39c581f595b53c5cb19bd0b3f8da6c935e2ca0,8511.0949,8494.5862,0.00194,21.2777,8.7264,4.7463,1.799719976938968,1.579715535376518,1.70406767112989,1.499768116235459,
0x74163c112b2155d69dbadab9f11c6ce0d3b49da87758555ef56b460fa36b7637,26040683,1790172599,AaveV3GenericFLRepayStrategy,repay,0xdf72374d98f6d0db39e7829592bfc34d910568b5,0x80d95f2a9ba8f523b5a8323039d3ac1b87139778,0x87870bca3f3fd6335c3f4ce8392d69350b4fa4e2,0xc02aaa39b223fe8d0a0e5c4f27ead9083c756cc2,0xa0b86991c6218b36c1d19d4a2e9eb0ce3606eb48,22792.3075,22730.3436,0.002719,56.9808,18.8343,8.8463,1.2339062996752077,1.3912718435405618,1.1965917871379754,1.3491984465614044,
0x3f84a75726947d8ddfc553d747cbe8c243dd4fee9958257a99d558588800768a,26041244,1790179355,AaveV3Repay,repay,0x09e33b3ce3e6447719c12de8ee658fd820c5942a,0x09e33b3ce3e6447719c12de8ee658fd820c5942a,0x87870bca3f3fd6335c3f4ce8392d69350b4fa4e2,0x2260fac5e5542a773aa44fbcfedf7c193bc2c599,0xa0b86991c6218b36c1d19d4a2e9eb0ce3606eb48,30239.3785,30100.3867,0.004596,75.5984,37.2042,20.3965,1.2282058336501207,1.2818995905818429,1.1494746904673998,1.1997265399035195,
0x15376e4d05cace3987cf212db1826df12905b28e74884c9f8e51025bbb5be1ad,26043607,1790207963,AaveV3GenericFLRepayStrategy,repay,0x89e47eca20de97fc16320399ec97606d5fa3b357,0xf0653c27089ec591653540626633965e1862a75c,0x87870bca3f3fd6335c3f4ce8392d69350b4fa4e2,0x7f39c581f595b53c5cb19bd0b3f8da6c935e2ca0,0xdac17f958d2ee523a2206206994597c13d831ec7,12907.648,12851.025,0.004387,32.2691,8.9312,2.5258,1.1117549978195225,1.4747666557766612,1.0640578349010128,1.3998067533082135,
0x00d03bd95afc69aa6c30bee9db76f8a507de03eef402d871edd45dbc1c18977c,26046550,1790243603,AaveV3Boost,boost,0xe0ca26e5a6b0f2776ed14db18d4f238c1c7da03e,0xe0ca26e5a6b0f2776ed14db18d4f238c1c7da03e,0x87870bca3f3fd6335c3f4ce8392d69350b4fa4e2,0xa0b86991c6218b36c1d19d4a2e9eb0ce3606eb48,0xc02aaa39b223fe8d0a0e5c4f27ead9083c756cc2,40.2242,37.1491,0.07645,0.1006,3.0131,2.874,1.5224835688863168,1.3960514713761023,1.4766256300514577,1.354001728225774,
