tx,block,ts,contract,liquidator,borrower,lif_realized,lif1,lif2,q,pre_lltv
0x127c99d9d282832eb239ddb22f2b0517817b8d4bef5e90b7fcda7242bbd5fd83,23344219,1757646815,0x860ce7e3b7a8e96df54ef9b733494e0804ef0ce5,0xf0d539955974b248d763d60c3663ef272dfc6971,0x28862672ddb702aa8c14e2b41f6ba8915002dd54,1.026167,1.0261672652642382,1.0261672652642382,,0.8978687766514472
0x58ebe866fb52f09081cf056fc49197fc6a736c484d60a991e5d465becd46c7ad,23344219,1757646815,0x860ce7e3b7a8e96df54ef9b733494e0804ef0ce5,0x7d11e3c7c9ab91cc6c1fb3f4d6d03f5f12958277,0x60e7c5138f9ab85130c8becfc582b0c8651bc425,1.026167,1.0261672652642382,1.0261672652642382,,0.8978687766514472
0x06e574e1a649ffc36c805a0af974c284745704c1c34fc0627b139346e54f9d60,23553142,1760169539,0xa28ee7ec4756b4c3340c30a8c8cb8bd708e1dcdc,0x5895d114a4992f4ce71d61293f7d4fde93fcd695,0xa53dcd43baf68e32343dd12e38b068cf4b4ef189,1.043841,1.04384133611691,1.04384133611691,,0.8326036949784997
0x2497100d6eb44e2de9328680d3050f979118ebd96267f8dc300c8bfab22bd863,23557080,1760217059,0xa28ee7ec4756b4c3340c30a8c8cb8bd708e1dcdc,0x5895d114a4992f4ce71d61293f7d4fde93fcd695,0xa53dcd43baf68e32343dd12e38b068cf4b4ef189,1.043841,1.04384133611691,1.04384133611691,,0.8326036949784997
0x212cbd38575bd8fdbf3edde5cc5daf86cb7e643f39afd24df1948cff1e8feb5c,23591209,1760629655,0xa28ee7ec4756b4c3340c30a8c8cb8bd708e1dcdc,0x8ddbbcc0999f396237b6534ac600ebb0d8618c99,0xa53dcd43baf68e32343dd12e38b068cf4b4ef189,1.043841,1.04384133611691,1.04384133611691,,0.8326036949784997
0xfee5adee582b272d1f0304a9ca14b2e0a3d4deeae0bf48e21540dcb8597b2e30,23591259,1760630255,0xa28ee7ec4756b4c3340c30a8c8cb8bd708e1dcdc,0x5b5a0580bcfd3673820bb249514234afad33e209,0xa53dcd43baf68e32343dd12e38b068cf4b4ef189,1.043841,1.04384133611691,1.04384133611691,,0.8326036949784997
0xaf903eec5d2cc501a7e6085146ed19fd4f8907e852d7c9ff57134b01fb7926f9,23591428,1760632295,0xa28ee7ec4756b4c3340c30a8c8cb8bd708e1dcdc,0x80bf7db69556d9521c03461978b8fc731dbbd4e4,0x1f42e205f65efb0e7473d49ecac02e7fe4b4400c,1.043841,1.04384133611691,1.04384133611691,,0.8326036949784997
0xb52eb531f89616261b6328e718603a82831183b128e21fa4a59760d5e0ee4f5d,23591428,1760632295,0xa28ee7ec4756b4c3340c30a8c8cb8bd708e1dcdc,0xe08d97e151473a848c3d9ca3f323cb720472d015,0xa53dcd43baf68e32343dd12e38b068cf4b4ef189,1.043841,1.04384133611691,1.04384133611691,,0.8326036949784997
0x3337aeb56913bd70d4b58e2a02f0982dd1041147afb04e8f967aace1ac372fbf,23591963,1760638727,0xa28ee7ec4756b4c3340c30a8c8cb8bd708e1dcdc,0xe08d97e151473a848c3d9ca3f323cb720472d015,0xa53dcd43baf68e32343dd12e38b068cf4b4ef189,1.043841,1.04384133611691,1.04384133611691,,0.8326036949784997
0x37c2bd0a7194ced484898683221e78b84e09f7da6c62b9b592d7780269b0c291,23592722,1760647847,0xa28ee7ec4756b4c3340c30a8c8cb8bd708e1dcdc,0xfed6096f550864f8e1175f1e9dfa105ac911e5b4,0xa53dcd43baf68e32343dd12e38b068cf4b4ef189,1.043841,1.04384133611691,1.04384133611691,,0.8326036949784997
0x7c23b4e472b3b4c6fcbda84214033a257e87101ccebe7d49744b4becab0a46d0,23592900,1760650019,0x0e09ce5c48b48bf72bb667715cbe6977489042cb,0xfed6096f550864f8e1175f1e9dfa105ac911e5b4,0xa48d12e1e68b6efb36262d4d55d23b4f67d90016,1.043841,1.04384133611691,1.04384133611691,,0.8326036949784997
0x223b789de117ab0fc17d63e40fec42f20532ec23594f108d9ab599b11fdf5f25,23595639,1760683091,0xa28ee7ec4756b4c3340c30a8c8cb8bd708e1dcdc,0xe08d97e151473a848c3d9ca3f323cb720472d015,0xa53dcd43baf68e32343dd12e38b068cf4b4ef189,1.043841,1.04384133611691,1.04384133611691,,0.8326036949784997
0xda95b4f7fbac082d744c4b43e17c1e194e576f8a70187cf3adc74b002e04419c,23595702,1760683847,0xa28ee7ec4756b4c3340c30a8c8cb8bd708e1dcdc,0xe08d97e151473a848c3d9ca3f323cb720472d015,0xa53dcd43baf68e32343dd12e38b068cf4b4ef189,1.043841,1.04384133611691,1.04384133611691,,0.8326036949784997
0xe6feb4a6e62e1368c926244458d99d1328975e22b18335197607633c58a9d308,23595835,1760685467,0xa28ee7ec4756b4c3340c30a8c8cb8bd708e1dcdc,0xb3445d5413abf63df1112a4a517de2602f249785,0xa53dcd43baf68e32343dd12e38b068cf4b4ef189,1.043841,1.04384133611691,1.04384133611691,,0.8326036949784997
0x612e9e20746fed7c01bcef5523defe79698e5c344455c62f40f81ca43cf38073,23596029,1760687795,0xa28ee7ec4756b4c3340c30a8c8cb8bd708e1dcdc,0xf0d539955974b248d763d60c3663ef272dfc6971,0xa53dcd43baf68e32343dd12e38b068cf4b4ef189,1.043841,1.04384133611691,1.04384133611691,,0.8326036949784997
0x0f9c518954eceee1ccd48751c255cc4bc169465824edc46ee9058d9d9fbc7088,23596124,1760688947,0xa28ee7ec4756b4c3340c30a8c8cb8bd708e1dcdc,0xe08d97e151473a848c3d9ca3f323cb720472d015,0xa53dcd43baf68e32343dd12e38b068cf4b4ef189,1.043841,1.04384133611691,1.04384133611691,,0.8326036949784997
0xbedcb741d99d4376fb97c1d9923940db8f150598b410ae216b6563c1df96d70e,23596149,1760689247,0xa28ee7ec4756b4c3340c30a8c8cb8bd708e1dcdc,0xfed6096f550864f8e1175f1e9dfa105ac911e5b4,0xa53dcd43baf68e32343dd12e38b068cf4b4ef189,1.043841,1.04384133611691,1.04384133611691,,0.8326036949784997
0x3c8e5809738ef3bbdee355cbce5410054e6e941febb6cac293ae5a2497f23fac,23596757,1760696567,0xa28ee7ec4756b4c3340c30a8c8cb8bd708e1dcdc,0xe08d97e151473a848c3d9ca3f323cb720472d015,0xa53dcd43baf68e32343dd12e38b068cf4b4ef189,1.043841,1.04384133611691,1.04384133611691,,0.8326036949784997
0x8e02f0c457576bfcfce6751f7a9455639d59af6473a32c4a8bf7fc249df02410,23799216,1763144855,0xa28ee7ec4756b4c3340c30a8c8cb8bd708e1dcdc,0xc139a6fd6db661694b11f0b24bab30f00b3539b8,0xea8d465712ccce8fa65a33c0bcf3a033c5bbe0e0,1.043841,1.04384133611691,1.04384133611691,,0.8326036949784997
0xa05ad6b8b72a2ba0db16cef7a08781dd8ba1ad0d1b50f5535697b380aead5b07,23799216,1763144855,0xa28ee7ec4756b4c3340c30a8c8cb8bd708e1dcdc,0x80bf7db69556d9521c03461978b8fc731dbbd4e4,0xea8d465712ccce8fa65a33c0bcf3a033c5bbe0e0,1.043841,1.04384133611691,1.04384133611691,,0.8326036949784997
0x6a9c1750a73baee5ccdd157da03c2e9b222350bbacbdf689293446c1efbc0905,23799298,1763145851,0xa28ee7ec4756b4c3340c30a8c8cb8bd708e1dcdc,0xf0d539955974b248d763d60c3663ef272dfc6971,0xea8d465712ccce8fa65a33c0bcf3a033c5bbe0e0,1.043841,1.04384133611691,1.04384133611691,,0.8326036949784997
0xba6b47e97f605cfbe4a62783e3093a49d3c94aa0102283a1ddf6a8cf5b211286,23799298,1763145851,0xa28ee7ec4756b4c3340c30a8c8cb8bd708e1dcdc,0x00000f91109c4d0007e90000d9facad5298a0cac,0xea8d465712ccce8fa65a33c0bcf3a033c5bbe0e0,1.043841,1.04384133611691,1.04384133611691,,0.8326036949784997
0xd177389c8b8f991a8fc3a62a5dcf1f1c51978b9e7647c3ee7fe9465f8d21f7b9,23799300,1763145875,0xa28ee7ec4756b4c3340c30a8c8cb8bd708e1dcdc,0xc139a6fd6db661694b11f0b24bab30f00b3539b8,0xea8d465712ccce8fa65a33c0bcf3a033c5bbe0e0,1.043841,1.04384133611691,1.04384133611691,,0.8326036949784997
0xd177389c8b8f991a8fc3a62a5dcf1f1c51978b9e7647c3ee7fe9465f8d21f7b9,23799300,1763145875,0xa28ee7ec4756b4c3340c30a8c8cb8bd708e1dcdc,0xc139a6fd6db661694b11f0b24bab30f00b3539b8,0xea8d465712ccce8fa65a33c0bcf3a033c5bbe0e0,1.043841,1.04384133611691,1.04384133611691,,0.8326036949784997
0x2a30a159005eba5fa0827d1815911248e6b247b0931d7cd7844e0a32ded6601b,23799328,1763146211,0xa28ee7ec4756b4c3340c30a8c8cb8bd708e1dcdc,0xe08d97e151473a848c3d9ca3f323cb720472d015,0xea8d465712ccce8fa65a33c0bcf3a033c5bbe0e0,1.043841,1.04384133611691,1.04384133611691,,0.8326036949784997
0x1a552bcef07c21c251bf86734f79da57045566e5b1bbeb693ad9ac3a97df3f3b,23799809,1763152043,0xa28ee7ec4756b4c3340c30a8c8cb8bd708e1dcdc,0xe08d97e151473a848c3d9ca3f323cb720472d015,0xea8d465712ccce8fa65a33c0bcf3a033c5bbe0e0,1.043841,1.04384133611691,1.04384133611691,,0.8326036949784997
0x667b181b88db366bcf8b95a42d88923900b9c5c63245bd7fc30c6e7a8c0f1fff,23799878,1763152871,0xa28ee7ec4756b4c3340c30a8c8cb8bd708e1dcdc,0x00000f91109c4d0007e90000d9facad5298a0cac,0xea8d465712ccce8fa65a33c0bcf3a033c5bbe0e0,1.043841,1.04384133611691,1.04384133611691,,0.8326036949784997
0x667b181b88db366bcf8b95a42d88923900b9c5c63245bd7fc30c6e7a8c0f1fff,23799878,1763152871,0xa28ee7ec4756b4c3340c30a8c8cb8bd708e1dcdc,0x00000f91109c4d0007e90000d9facad5298a0cac,0xea8d465712ccce8fa65a33c0bcf3a033c5bbe0e0,1.043841,1.04384133611691,1.04384133611691,,0.8326036949784997
0x01436b7761c8206c87891569fb9263812ee605d63c0313d45144e2c3817fc2a0,23799878,1763152871,0xa28ee7ec4756b4c3340c30a8c8cb8bd708e1dcdc,0x00000f91109c4d0007e90000d9facad5298a0cac,0xea8d465712ccce8fa65a33c0bcf3a033c5bbe0e0,1.043841,1.04384133611691,1.04384133611691,,0.8326036949784997
0xa8dbeb254211461ce911e58a868d9ed069e762302df331520b02f688182db959,23799878,1763152871,0xa28ee7ec4756b4c3340c30a8c8cb8bd708e1dcdc,0x00000f91109c4d0007e90000d9facad5298a0cac,0xea8d465712ccce8fa65a33c0bcf3a033c5bbe0e0,1.043841,1.04384133611691,1.04384133611691,,0.8326036949784997
0x399cba20a32059ff9db28f79db81d87509614d2bb87499531ec7f9b641ca5b5f,23799878,1763152871,0xa28ee7ec4756b4c3340c30a8c8cb8bd708e1dcdc,0x00000f91109c4d0007e90000d9facad5298a0cac,0xea8d465712ccce8fa65a33c0bcf3a033c5bbe0e0,1.043841,1.04384133611691,1.04384133611691,,0.8326036949784997
0x76a0b625eba31f1f92d7ec1982bdc5da6bccf4f31276b0ee79db45af32e2b528,23800669,1763162375,0xa28ee7ec4756b4c3340c30a8c8cb8bd708e1dcdc,0xe08d97e151473a848c3d9ca3f323cb720472d015,0xea8d465712ccce8fa65a33c0bcf3a033c5bbe0e0,1.043841,1.04384133611691,1.04384133611691,,0.8326036949784997
0x79a89f3ef71e45ba5a842890ff38b3a73308c0a48e505968809822844652b0c0,23800669,1763162375,0xa28ee7ec4756b4c3340c30a8c8cb8bd708e1dcdc,0xe08d97e151473a848c3d9ca3f323cb720472d015,0xea8d465712ccce8fa65a33c0bcf3a033c5bbe0e0,1.043841,1.04384133611691,1.04384133611691,,0.8326036949784997
0x2518afbc514ae66e74277e2939c36ba852f9741b63b07d87c21e9385c195dd29,23800669,1763162375,0xa28ee7ec4756b4c3340c30a8c8cb8bd708e1dcdc,0xe08d97e151473a848c3d9ca3f323cb720472d015,0xea8d465712ccce8fa65a33c0bcf3a033c5bbe0e0,1.043841,1.04384133611691,1.04384133611691,,0.8326036949784997
0xf59fca90c04443adf526513d063d6b77fad223a460a75af840624e27ff702737,23813195,1763313587,0xa28ee7ec4756b4c3340c30a8c8cb8bd708e1dcdc,0xe08d97e151473a848c3d9ca3f323cb720472d015,0xea8d465712ccce8fa65a33c0bcf3a033c5bbe0e0,1.043841,1.04384133611691,1.04384133611691,,0.8326036949784997
0x5e81f2b0a52f530c60ceb0d39de408de9bcab781642fc6f68864f6e07a602d8f,23813628,1763318843,0xa28ee7ec4756b4c3340c30a8c8cb8bd708e1dcdc,0xe08d97e151473a848c3d9ca3f323cb720472d015,0xea8d465712ccce8fa65a33c0bcf3a033c5bbe0e0,1.043841,1.04384133611691,1.04384133611691,,0.8326036949784997
0x316bfd752d4e3fd1f82311bd28d78863fea270783ec21abbf233506f4abbc092,23813632,1763318891,0xa28ee7ec4756b4c3340c30a8c8cb8bd708e1dcdc,0xe08d97e151473a848c3d9ca3f323cb720472d015,0xea8d465712ccce8fa65a33c0bcf3a033c5bbe0e0,1.043841,1.04384133611691,1.04384133611691,,0.8326036949784997
0xb22c3d0aa6cd8a0363f613bc08b1cbd81810a881f30b70af0ac79223dbb770f8,23813960,1763322851,0xa28ee7ec4756b4c3340c30a8c8cb8bd708e1dcdc,0xe08d97e151473a848c3d9ca3f323cb720472d015,0xea8d465712ccce8fa65a33c0bcf3a033c5bbe0e0,1.049838,1.04384133611691,1.04384133611691,,0.8326036949784997
0xd488b13fcab9b61759635c6365fbb86a2181f12eefeff7db9a6e4037010c89c4,23814308,1763327075,0xa28ee7ec4756b4c3340c30a8c8cb8bd708e1dcdc,0xe08d97e151473a848c3d9ca3f323cb720472d015,0xea8d465712ccce8fa65a33c0bcf3a033c5bbe0e0,1.050191,1.04384133611691,1.04384133611691,,0.8326036949784997
0xa5132636962692e0acf87634dd9c3895115d9d1afef3df31efbdbc433818909e,23814508,1763329475,0xa28ee7ec4756b4c3340c30a8c8cb8bd708e1dcdc,0xe08d97e151473a848c3d9ca3f323cb720472d015,0xea8d465712ccce8fa65a33c0bcf3a033c5bbe0e0,1.049527,1.04384133611691,1.04384133611691,,0.8326036949784997
0xc0b06d32b4bbed5587ce9d23d4ec619816e695ea7fcef4aa343a85c78bb12f37,23814508,1763329475,0xa28ee7ec4756b4c3340c30a8c8cb8bd708e1dcdc,0xe08d97e151473a848c3d9ca3f323cb720472d015,0xea8d465712ccce8fa65a33c0bcf3a033c5bbe0e0,1.049527,1.04384133611691,1.04384133611691,,0.8326036949784997
0x9a6eddef94e03b17027d23ab04601cd07f01f30a8e41849ccdcbbdb78920a500,23814508,1763329475,0xa28ee7ec4756b4c3340c30a8c8cb8bd708e1dcdc,0xe08d97e151473a848c3d9ca3f323cb720472d015,0xea8d465712ccce8fa65a33c0bcf3a033c5bbe0e0,1.049527,1.04384133611691,1.04384133611691,,0.8326036949784997
0xc81e34c8994c8153c5f49fb8f285535e142475d59a9591b1d8b0f9de3d1bfb4f,23814508,1763329475,0xa28ee7ec4756b4c3340c30a8c8cb8bd708e1dcdc,0xe08d97e151473a848c3d9ca3f323cb720472d015,0xea8d465712ccce8fa65a33c0bcf3a033c5bbe0e0,1.049527,1.04384133611691,1.04384133611691,,0.8326036949784997
0x4651bb08c75c0d8b89af30be25855872faee9508edfa36f07e699e026fe9ea1e,23814508,1763329475,0xa28ee7ec4756b4c3340c30a8c8cb8bd708e1dcdc,0xe08d97e151473a848c3d9ca3f323cb720472d015,0xea8d465712ccce8fa65a33c0bcf3a033c5bbe0e0,1.049527,1.04384133611691,1.04384133611691,,0.8326036949784997
0xd863717f113a26499ddfaa362bdaf9e79e9fa4e49523e212b93cb5564d613aad,23814508,1763329475,0xa28ee7ec4756b4c3340c30a8c8cb8bd708e1dcdc,0xe08d97e151473a848c3d9ca3f323cb720472d015,0xea8d465712ccce8fa65a33c0bcf3a033c5bbe0e0,1.049527,1.04384133611691,1.04384133611691,,0.8326036949784997
0x567b2e097c2b036d551058cfdbf836fa31bfde802be6cba9999cac73cf1ce75f,23814511,1763329511,0xa28ee7ec4756b4c3340c30a8c8cb8bd708e1dcdc,0x00000f91109c4d0007e90000d9facad5298a0cac,0xea8d465712ccce8fa65a33c0bcf3a033c5bbe0e0,1.043841,1.04384133611691,1.04384133611691,,0.8326036949784997
0x1912cfc72e677ed8d09bca8e78b7114be0e13ab1372bedb49ae49dc915a3481b,23814898,1763334203,0xa28ee7ec4756b4c3340c30a8c8cb8bd708e1dcdc,0xe08d97e151473a848c3d9ca3f323cb720472d015,0xea8d465712ccce8fa65a33c0bcf3a033c5bbe0e0,1.043841,1.04384133611691,1.04384133611691,,0.8326036949784997
0x26a6a7611d4e93a6e052ba2d8defb7f8d97664860af561cf87ef66f3c9226708,23814898,1763334203,0xa28ee7ec4756b4c3340c30a8c8cb8bd708e1dcdc,0xe08d97e151473a848c3d9ca3f323cb720472d015,0xea8d465712ccce8fa65a33c0bcf3a033c5bbe0e0,1.043841,1.04384133611691,1.04384133611691,,0.8326036949784997
0x28c1223ca3823e7b8d7e7d13765686c9c1fa292eadfe4af90a9da8ebb9fc3d15,23814900,1763334227,0xa28ee7ec4756b4c3340c30a8c8cb8bd708e1dcdc,0x94f74645e466789db8c8c1b79dbea9d83dc13d8a,0xea8d465712ccce8fa65a33c0bcf3a033c5bbe0e0,1.043841,1.04384133611691,1.04384133611691,,0.8326036949784997
0x14e3080a342df7ac46c57f8be3b1d6586b73d7c46869be1fb539a9191b1758af,23820451,1763401487,0xa28ee7ec4756b4c3340c30a8c8cb8bd708e1dcdc,0xe08d97e151473a848c3d9ca3f323cb720472d015,0xea8d465712ccce8fa65a33c0bcf3a033c5bbe0e0,1.05098,1.04384133611691,1.04384133611691,,0.8326036949784997
0xbf4fb85aa60459e5eb623b958537c875adc4ea54f7436aac77c433bc7306b5a0,23820451,1763401487,0xa28ee7ec4756b4c3340c30a8c8cb8bd708e1dcdc,0xe08d97e151473a848c3d9ca3f323cb720472d015,0xea8d465712ccce8fa65a33c0bcf3a033c5bbe0e0,1.05098,1.04384133611691,1.04384133611691,,0.8326036949784997
0x464a6a1aad13f6466693a52776e133120f0f11ace46ed449023935d7bb37cd85,23820451,1763401487,0xa28ee7ec4756b4c3340c30a8c8cb8bd708e1dcdc,0xe08d97e151473a848c3d9ca3f323cb720472d015,0xea8d465712ccce8fa65a33c0bcf3a033c5bbe0e0,1.05098,1.04384133611691,1.04384133611691,,0.8326036949784997
0x8c424bf2e597150da0a9cf351a53548107b8bae004e4dd2d089dbc2966475a0b,23820451,1763401487,0xa28ee7ec4756b4c3340c30a8c8cb8bd708e1dcdc,0xe08d97e151473a848c3d9ca3f323cb720472d015,0xea8d465712ccce8fa65a33c0bcf3a033c5bbe0e0,1.05098,1.04384133611691,1.04384133611691,,0.8326036949784997
0xb94fce21b8841589ccad311395d6e4ec37109b6ee7fd1ce11f533f7299be7792,23820451,1763401487,0xa28ee7ec4756b4c3340c30a8c8cb8bd708e1dcdc,0xe08d97e151473a848c3d9ca3f323cb720472d015,0xea8d465712ccce8fa65a33c0bcf3a033c5bbe0e0,1.05098,1.04384133611691,1.04384133611691,,0.8326036949784997
0x5e2f704bc256884e2fe23ab747a7b03649900945f51dd81420d68211e676c820,23820451,1763401487,0xa28ee7ec4756b4c3340c30a8c8cb8bd708e1dcdc,0xe08d97e151473a848c3d9ca3f323cb720472d015,0xea8d465712ccce8fa65a33c0bcf3a033c5bbe0e0,1.05098,1.04384133611691,1.04384133611691,,0.8326036949784997
0x36f6c7afa2c6d9c05d1c3b8a9fbb9f1c5d3d4969aac5b08e18504092d10d9a99,23820451,1763401487,0xa28ee7ec4756b4c3340c30a8c8cb8bd708e1dcdc,0xe08d97e151473a848c3d9ca3f323cb720472d015,0xea8d465712ccce8fa65a33c0bcf3a033c5bbe0e0,1.05098,1.04384133611691,1.04384133611691,,0.8326036949784997
0x9905b1ae87f3f2f316cbac4291c19557ed220cf0f9e67154b0aa532e56a47cfc,23820451,1763401487,0xa28ee7ec4756b4c3340c30a8c8cb8bd708e1dcdc,0xe08d97e151473a848c3d9ca3f323cb720472d015,0xea8d465712ccce8fa65a33c0bcf3a033c5bbe0e0,1.05098,1.04384133611691,1.04384133611691,,0.8326036949784997
0x049cd7a563dff4e45393fab92d6f2b067be237c9cd01412d8a28b6df5a24c271,23820451,1763401487,0xa28ee7ec4756b4c3340c30a8c8cb8bd708e1dcdc,0xe08d97e151473a848c3d9ca3f323cb720472d015,0xea8d465712ccce8fa65a33c0bcf3a033c5bbe0e0,1.05098,1.04384133611691,1.04384133611691,,0.8326036949784997
0x9e530f26dfa42bea7af8f3bef121f42cd112c2aad94f1c172a47865759c40313,23820451,1763401487,0xa28ee7ec4756b4c3340c30a8c8cb8bd708e1dcdc,0xe08d97e151473a848c3d9ca3f323cb720472d015,0xea8d465712ccce8fa65a33c0bcf3a033c5bbe0e0,1.05098,1.04384133611691,1.04384133611691,,0.8326036949784997
0x7126f11a2da11b5d81a3cacbc86352a511c55226564e0ba0292009c470b6d0b9,23820451,1763401487,0xa28ee7ec4756b4c3340c30a8c8cb8bd708e1dcdc,0xe08d97e151473a848c3d9ca3f323cb720472d015,0xea8d465712ccce8fa65a33c0bcf3a033c5bbe0e0,1.05098,1.04384133611691,1.04384133611691,,0.8326036949784997
0x118c1fa9f039c0cb5d6ecdd6d04d339de126c4d6d1aa22fe20e7b8d87e5e1a0f,23820453,1763401523,0xa28ee7ec4756b4c3340c30a8c8cb8bd708e1dcdc,0xe08d97e151473a848c3d9ca3f323cb720472d015,0xea8d465712ccce8fa65a33c0bcf3a033c5bbe0e0,1.043841,1.04384133611691,1.04384133611691,,0.8326036949784997
0x365cf46332327fe9c53232b10efe0d1c518ca01575c61c47a749c740233e912e,23820454,1763401535,0xa28ee7ec4756b4c3340c30a8c8cb8bd708e1dcdc,0x3a1f3dee0a7fd94fdc6c7a15d60f1e0a3ed3a5b3,0xea8d465712ccce8fa65a33c0bcf3a033c5bbe0e0,1.043841,1.04384133611691,1.04384133611691,,0.8326036949784997
0x5c846f1cee610c109981548f5605d93d25f732e05f83505c92bace0a091a3fd9,23820752,1763405135,0xa28ee7ec4756b4c3340c30a8c8cb8bd708e1dcdc,0xe08d97e151473a848c3d9ca3f323cb720472d015,0xea8d465712ccce8fa65a33c0bcf3a033c5bbe0e0,1.043841,1.04384133611691,1.04384133611691,,0.8326036949784997
0x491624f2815809667585f8e9a4ffea2417f2bb7d3e012c0a4a1bd33e9d07ee3a,23820752,1763405135,0xa28ee7ec4756b4c3340c30a8c8cb8bd708e1dcdc,0xe08d97e151473a848c3d9ca3f323cb720472d015,0xea8d465712ccce8fa65a33c0bcf3a033c5bbe0e0,1.043841,1.04384133611691,1.04384133611691,,0.8326036949784997
0x53d57e0ac7fc8432abba17232d78be7b43b81565c1e176977fd185c97065d0cc,23820753,1763405147,0xa28ee7ec4756b4c3340c30a8c8cb8bd708e1dcdc,0x4f4edafafa16b239c52ed29df23f636f661a4f68,0xea8d465712ccce8fa65a33c0bcf3a033c5bbe0e0,1.043841,1.04384133611691,1.04384133611691,,0.8326036949784997
0x8b26081c24b38631d278746a015a358c03f458a74879035ee1469c728d1d2185,23820922,1763407175,0xa28ee7ec4756b4c3340c30a8c8cb8bd708e1dcdc,0x7fe1c3c6bcd07c9008bf0bde7b48236c7fc18ec7,0xea8d465712ccce8fa65a33c0bcf3a033c5bbe0e0,1.043841,1.04384133611691,1.04384133611691,,0.8326036949784997
0x406d7e8cf564c947863a047223c7199a98b02f767269c46be74d19523e69ee7a,23821058,1763408819,0xa28ee7ec4756b4c3340c30a8c8cb8bd708e1dcdc,0xe08d97e151473a848c3d9ca3f323cb720472d015,0xea8d465712ccce8fa65a33c0bcf3a033c5bbe0e0,1.043841,1.04384133611691,1.04384133611691,,0.8326036949784997
0x1e6728eb0bceb2c84266f4cb9961d3b3e4d383988e941d6e3e03822bc3464fbc,23821058,1763408819,0xa28ee7ec4756b4c3340c30a8c8cb8bd708e1dcdc,0xe08d97e151473a848c3d9ca3f323cb720472d015,0xea8d465712ccce8fa65a33c0bcf3a033c5bbe0e0,1.043841,1.04384133611691,1.04384133611691,,0.8326036949784997
0x6348c01e3ed679781f0014b91e16fe23aaba62e1f1c424221c8fd38dacf3d0a0,23821058,1763408819,0xa28ee7ec4756b4c3340c30a8c8cb8bd708e1dcdc,0xe08d97e151473a848c3d9ca3f323cb720472d015,0xea8d465712ccce8fa65a33c0bcf3a033c5bbe0e0,1.043841,1.04384133611691,1.04384133611691,,0.8326036949784997
0xef4360066cba587df49125fa4b48d53f9bb08085b3088f33bbd248f394d76ebe,23821058,1763408819,0xa28ee7ec4756b4c3340c30a8c8cb8bd708e1dcdc,0xe08d97e151473a848c3d9ca3f323cb720472d015,0xea8d465712ccce8fa65a33c0bcf3a033c5bbe0e0,1.043841,1.04384133611691,1.04384133611691,,0.8326036949784997
0xbc4db1bee078ee1a0070791d938ac6062338f88b0b47e846eb35c352a92bb048,23821058,1763408819,0xa28ee7ec4756b4c3340c30a8c8cb8bd708e1dcdc,0xe08d97e151473a848c3d9ca3f323cb720472d015,0xea8d465712ccce8fa65a33c0bcf3a033c5bbe0e0,1.043841,1.04384133611691,1.04384133611691,,0.8326036949784997
0x06d88079dea2c9c6276d5347f91ce58f82cbfc9b967d54282cf6d3e662d93c81,23821059,1763408831,0xa28ee7ec4756b4c3340c30a8c8cb8bd708e1dcdc,0x45def714df6e210b8061783a2a815692ce5dea33,0xea8d465712ccce8fa65a33c0bcf3a033c5bbe0e0,1.043841,1.04384133611691,1.04384133611691,,0.8326036949784997
0x2e3e053bbeb063538cd59a91013d19d2c029526ac7fcd030e34854277d66a67e,23821146,1763409875,0xa28ee7ec4756b4c3340c30a8c8cb8bd708e1dcdc,0xfa13287c0e21e66aed2aa9373a858b233387af71,0xea8d465712ccce8fa65a33c0bcf3a033c5bbe0e0,1.043841,1.04384133611691,1.04384133611691,,0.8326036949784997
0x844142f92e4d90c36a21af89145f5ea951d420cc144da60c4e98bf1718fa0aff,23821146,1763409875,0xa28ee7ec4756b4c3340c30a8c8cb8bd708e1dcdc,0xe08d97e151473a848c3d9ca3f323cb720472d015,0xea8d465712ccce8fa65a33c0bcf3a033c5bbe0e0,1.043841,1.04384133611691,1.04384133611691,,0.8326036949784997
0xe5a113f9524fee3e6e7f25d2509adb37b7dea865655088fb4aa96f0baf6e3c12,23821146,1763409875,0xa28ee7ec4756b4c3340c30a8c8cb8bd708e1dcdc,0xe08d97e151473a848c3d9ca3f323cb720472d015,0xea8d465712ccce8fa65a33c0bcf3a033c5bbe0e0,1.043841,1.04384133611691,1.04384133611691,,0.8326036949784997
0x789196e36e26d619641b0e30802d19b4a817b346b09aac9358a3214510a9999c,23821147,1763409887,0xa28ee7ec4756b4c3340c30a8c8cb8bd708e1dcdc,0xbd32122bad41a09f2405bb374a83877d8245079c,0xea8d465712ccce8fa65a33c0bcf3a033c5bbe0e0,1.043841,1.04384133611691,1.04384133611691,,0.8326036949784997
0xd25343b35a79c37ec6147468228e5c14679cd84d6bc748c4d0796bf4be494dd5,23822146,1763422079,0xa28ee7ec4756b4c3340c30a8c8cb8bd708e1dcdc,0xc139a6fd6db661694b11f0b24bab30f00b3539b8,0xfa80e08921f465c4ac10ae135869019846040405,1.043841,1.04384133611691,1.04384133611691,,0.8326036949784997
0x4ac2e41527b1151552192d7467408bd59552a5082074d8c2018b28d63a7daea1,23822990,1763432363,0xa28ee7ec4756b4c3340c30a8c8cb8bd708e1dcdc,0xe08d97e151473a848c3d9ca3f323cb720472d015,0xea8d465712ccce8fa65a33c0bcf3a033c5bbe0e0,1.043841,1.04384133611691,1.04384133611691,,0.8326036949784997
0xc890b6fa7e3e5053efd0616b57ae463d5c05acf7835db5df7907cd8f7eee325c,23822991,1763432375,0xa28ee7ec4756b4c3340c30a8c8cb8bd708e1dcdc,0xc139a6fd6db661694b11f0b24bab30f00b3539b8,0xea8d465712ccce8fa65a33c0bcf3a033c5bbe0e0,1.043841,1.04384133611691,1.04384133611691,,0.8326036949784997
0x64a7b6e920dc4588a2857c923c6f22a279354090fed4998bdf0bb6463da9f730,23822991,1763432375,0xa28ee7ec4756b4c3340c30a8c8cb8bd708e1dcdc,0xe08d97e151473a848c3d9ca3f323cb720472d015,0xea8d465712ccce8fa65a33c0bcf3a033c5bbe0e0,1.043841,1.04384133611691,1.04384133611691,,0.8326036949784997
0xb8abad04361ca2d0d196719844e9cc7dcf58a01ef637158ad05f1f1583c4678c,23822991,1763432375,0xa28ee7ec4756b4c3340c30a8c8cb8bd708e1dcdc,0xe08d97e151473a848c3d9ca3f323cb720472d015,0xea8d465712ccce8fa65a33c0bcf3a033c5bbe0e0,1.043841,1.04384133611691,1.04384133611691,,0.8326036949784997
0xbd4170cd8c1d8bd08f247aee5e36c5177a76710ddab67db1381b17b8c2f7625c,23822991,1763432375,0xa28ee7ec4756b4c3340c30a8c8cb8bd708e1dcdc,0xe08d97e151473a848c3d9ca3f323cb720472d015,0xea8d465712ccce8fa65a33c0bcf3a033c5bbe0e0,1.043841,1.04384133611691,1.04384133611691,,0.8326036949784997
0xaebfd94c0b8d2df0dba98aed82dbad911de380b25dbb15a684bba219d6ee020f,23822991,1763432375,0xa28ee7ec4756b4c3340c30a8c8cb8bd708e1dcdc,0xe08d97e151473a848c3d9ca3f323cb720472d015,0xea8d465712ccce8fa65a33c0bcf3a033c5bbe0e0,1.043841,1.04384133611691,1.04384133611691,,0.8326036949784997
0x72ab70409a96854864fbbb6ca07278c42cb5dbc6f8519cfcb24ef67682e45e01,23822991,1763432375,0xa28ee7ec4756b4c3340c30a8c8cb8bd708e1dcdc,0xe08d97e151473a848c3d9ca3f323cb720472d015,0xea8d465712ccce8fa65a33c0bcf3a033c5bbe0e0,1.043841,1.04384133611691,1.04384133611691,,0.8326036949784997
0xddd64221306a570bb0271124c0baefeedd8d42fccd7f2c19e4c91bb1da8b2f5f,23822992,1763432387,0xa28ee7ec4756b4c3340c30a8c8cb8bd708e1dcdc,0x00000f91109c4d0007e90000d9facad5298a0cac,0xea8d465712ccce8fa65a33c0bcf3a033c5bbe0e0,1.043841,1.04384133611691,1.04384133611691,,0.8326036949784997
0x080f0abd83c41952dee6ba270169319a34ec744ac8b50fbce35a4e044a0c3980,23822992,1763432387,0xa28ee7ec4756b4c3340c30a8c8cb8bd708e1dcdc,0x00000f91109c4d0007e90000d9facad5298a0cac,0xea8d465712ccce8fa65a33c0bcf3a033c5bbe0e0,1.043841,1.04384133611691,1.04384133611691,,0.8326036949784997
0x791d860cfb36f4f1f736b8da8c11db483dc10da888dd71c006222cb791f2d5bf,23822992,1763432387,0xa28ee7ec4756b4c3340c30a8c8cb8bd708e1dcdc,0x00000f91109c4d0007e90000d9facad5298a0cac,0xea8d465712ccce8fa65a33c0bcf3a033c5bbe0e0,1.043841,1.04384133611691,1.04384133611691,,0.8326036949784997
0x46cd7ee6899e09b1353bd68d9bc1591012ea67781290bd62144ca66f38a2f54d,23822992,1763432387,0xa28ee7ec4756b4c3340c30a8c8cb8bd708e1dcdc,0x00000f91109c4d0007e90000d9facad5298a0cac,0xea8d465712ccce8fa65a33c0bcf3a033c5bbe0e0,1.043841,1.04384133611691,1.04384133611691,,0.8326036949784997
0xe0f1df9aae824860a141441e0da1f35b918bda712329ea131bbfc650c73d3ddc,23822992,1763432387,0xa28ee7ec4756b4c3340c30a8c8cb8bd708e1dcdc,0x00000f91109c4d0007e90000d9facad5298a0cac,0xea8d465712ccce8fa65a33c0bcf3a033c5bbe0e0,1.043841,1.04384133611691,1.04384133611691,,0.8326036949784997
0x74bdc5593e5c515b45a7b302507826611650de5665db21cecd86467df7bb153e,23822992,1763432387,0xa28ee7ec4756b4c3340c30a8c8cb8bd708e1dcdc,0x00000f91109c4d0007e90000d9facad5298a0cac,0xea8d465712ccce8fa65a33c0bcf3a033c5bbe0e0,1.043841,1.04384133611691,1.04384133611691,,0.8326036949784997
0x97d8f549ef02ceabb11eed877abf289f065284b6869e189af4fa1165dbf953b1,23822992,1763432387,0xa28ee7ec4756b4c3340c30a8c8cb8bd708e1dcdc,0x00000f91109c4d0007e90000d9facad5298a0cac,0xea8d465712ccce8fa65a33c0bcf3a033c5bbe0e0,1.043841,1.04384133611691,1.04384133611691,,0.8326036949784997
0xd992455b1a5389823692670b4ce606006440eff333955caa695a7c0cfecae514,23822992,1763432387,0xa28ee7ec4756b4c3340c30a8c8cb8bd708e1dcdc,0x00000f91109c4d0007e90000d9facad5298a0cac,0xea8d465712ccce8fa65a33c0bcf3a033c5bbe0e0,1.043841,1.04384133611691,1.04384133611691,,0.8326036949784997
0xa9e7a85beb3c7a79210369889c2c1738b73b2914ed2981ede9d43d78b98c59e1,23822992,1763432387,0xa28ee7ec4756b4c3340c30a8c8cb8bd708e1dcdc,0x00000f91109c4d0007e90000d9facad5298a0cac,0xea8d465712ccce8fa65a33c0bcf3a033c5bbe0e0,1.043841,1.04384133611691,1.04384133611691,,0.8326036949784997
0x3a493ab1f097b746c7d8db07e06b7c126a418c46b068253772ab96df9a6fddcf,23823192,1763434787,0xa28ee7ec4756b4c3340c30a8c8cb8bd708e1dcdc,0xf0d539955974b248d763d60c3663ef272dfc6971,0xea8d465712ccce8fa65a33c0bcf3a033c5bbe0e0,1.043841,1.04384133611691,1.04384133611691,,0.8326036949784997
0xf5425c39f46a3e99778ef47652dd0984ba1d67235a03d2cb5e6137dac33bf88a,23823193,1763434799,0xa28ee7ec4756b4c3340c30a8c8cb8bd708e1dcdc,0x00000f91109c4d0007e90000d9facad5298a0cac,0xea8d465712ccce8fa65a33c0bcf3a033c5bbe0e0,1.043841,1.04384133611691,1.04384133611691,,0.8326036949784997
0x1ad91dd3b0dd1300e6f26d9ad519cee32f84db48a8ce286c23333cdb65ad9200,23823193,1763434799,0xa28ee7ec4756b4c3340c30a8c8cb8bd708e1dcdc,0x00000f91109c4d0007e90000d9facad5298a0cac,0xea8d465712ccce8fa65a33c0bcf3a033c5bbe0e0,1.043841,1.04384133611691,1.04384133611691,,0.8326036949784997
0x29a7a692023e5769713d9410b9b80b436c1d67d53bf60bd94adfd17f4880fe34,23823193,1763434799,0xa28ee7ec4756b4c3340c30a8c8cb8bd708e1dcdc,0x00000f91109c4d0007e90000d9facad5298a0cac,0xea8d465712ccce8fa65a33c0bcf3a033c5bbe0e0,1.043841,1.04384133611691,1.04384133611691,,0.8326036949784997
0x22cb5d9bf06b165349688345adb8374206f9625d7eb4688e887a69701eb44e47,23823193,1763434799,0xa28ee7ec4756b4c3340c30a8c8cb8bd708e1dcdc,0x00000f91109c4d0007e90000d9facad5298a0cac,0xea8d465712ccce8fa65a33c0bcf3a033c5bbe0e0,1.043841,1.04384133611691,1.04384133611691,,0.8326036949784997
0x0856ea4dcc2967d38719a675882800147b2fbf9be1ca43e736b6ab87b9d64c31,23823193,1763434799,0xa28ee7ec4756b4c3340c30a8c8cb8bd708e1dcdc,0x00000f91109c4d0007e90000d9facad5298a0cac,0xea8d465712ccce8fa65a33c0bcf3a033c5bbe0e0,1.043841,1.04384133611691,1.04384133611691,,0.8326036949784997
0x752f117bcf74ff498a84467dd5a2c0352ce56f75a91cda50688b4f68c8196170,23823193,1763434799,0xa28ee7ec4756b4c3340c30a8c8cb8bd708e1dcdc,0x00000f91109c4d0007e90000d9facad5298a0cac,0xea8d465712ccce8fa65a33c0bcf3a033c5bbe0e0,1.043841,1.04384133611691,1.04384133611691,,0.8326036949784997
0x615130bd778c414e79edcacf88d665e23367ea6b8d16bb5da3f6aa148f706466,23823193,1763434799,0xa28ee7ec4756b4c3340c30a8c8cb8bd708e1dcdc,0x00000f91109c4d0007e90000d9facad5298a0cac,0xea8d465712ccce8fa65a33c0bcf3a033c5bbe0e0,1.043841,1.04384133611691,1.04384133611691,,0.8326036949784997
0x6c616e54fcba43daca51cb54499a2ca85da5247875755d327ed3551fba4af307,23823193,1763434799,0xa28ee7ec4756b4c3340c30a8c8cb8bd708e1dcdc,0x00000f91109c4d0007e90000d9facad5298a0cac,0xea8d465712ccce8fa65a33c0bcf3a033c5bbe0e0,1.043841,1.04384133611691,1.04384133611691,,0.8326036949784997
0x44c38778e130d265a620c48b3faaf3605ff94f9120698458d33b1ba6edebc095,23823193,1763434799,0xa28ee7ec4756b4c3340c30a8c8cb8bd708e1dcdc,0x00000f91109c4d0007e90000d9facad5298a0cac,0xea8d465712ccce8fa65a33c0bcf3a033c5bbe0e0,1.043841,1.04384133611691,1.04384133611691,,0.8326036949784997
0xd595ff8529da2e8b12cad72f67a1c1fd61ba53240e345929ba61fea639be8e5d,23823193,1763434799,0xa28ee7ec4756b4c3340c30a8c8cb8bd708e1dcdc,0x00000f91109c4d0007e90000d9facad5298a0cac,0xea8d465712ccce8fa65a33c0bcf3a033c5bbe0e0,1.043841,1.04384133611691,1.04384133611691,,0.8326036949784997
0x84db1add73c98c5ac73cf09ee50f8dcfe4fdbb2ea2d044c467afe72640ae76cf,23823193,1763434799,0xa28ee7ec4756b4c3340c30a8c8cb8bd708e1dcdc,0x00000f91109c4d0007e90000d9facad5298a0cac,0xea8d465712ccce8fa65a33c0bcf3a033c5bbe0e0,1.043841,1.04384133611691,1.04384133611691,,0.8326036949784997
0xced6e934d00a9b2e6c53521b90809c45f9f21ca9e4e05a3cfd14fe326a4b33dd,23823193,1763434799,0xa28ee7ec4756b4c3340c30a8c8cb8bd708e1dcdc,0x00000f91109c4d0007e90000d9facad5298a0cac,0xea8d465712ccce8fa65a33c0bcf3a033c5bbe0e0,1.043841,1.04384133611691,1.04384133611691,,0.8326036949784997
0xe768ada1a605aca24437e84ba977708f937f51ea04631c9accc713d47a557da2,23823193,1763434799,0xa28ee7ec4756b4c3340c30a8c8cb8bd708e1dcdc,0x00000f91109c4d0007e90000d9facad5298a0cac,0xea8d465712ccce8fa65a33c0bcf3a033c5bbe0e0,1.043841,1.04384133611691,1.04384133611691,,0.8326036949784997
0x85e8506df5cd0c3bb2a4c17a4b9524af17502220dae3b060d887894ba22d7e36,23823193,1763434799,0xa28ee7ec4756b4c3340c30a8c8cb8bd708e1dcdc,0x00000f91109c4d0007e90000d9facad5298a0cac,0xea8d465712ccce8fa65a33c0bcf3a033c5bbe0e0,1.043841,1.04384133611691,1.04384133611691,,0.8326036949784997
0xe9e73bf06dd417781d21d3ea52582381f7c40b2d3988fdd7343665263be7371a,23823315,1763436275,0xa28ee7ec4756b4c3340c30a8c8cb8bd708e1dcdc,0x8848ca88ec1a3f9041514e1479933888eaaf0952,0xea8d465712ccce8fa65a33c0bcf3a033c5bbe0e0,1.043841,1.04384133611691,1.04384133611691,,0.8326036949784997
0x723f32fb3623c4ae78d24a3e054521b14277246256ba5a43ea45d8e3524d731f,23823315,1763436275,0xa28ee7ec4756b4c3340c30a8c8cb8bd708e1dcdc,0xe08d97e151473a848c3d9ca3f323cb720472d015,0xea8d465712ccce8fa65a33c0bcf3a033c5bbe0e0,1.043841,1.04384133611691,1.04384133611691,,0.8326036949784997
0x560f3e5a05e8bc279fd4c91eeff3e8c2aacb8413c8ed73ab9674797ef5e0a2ee,23823315,1763436275,0xa28ee7ec4756b4c3340c30a8c8cb8bd708e1dcdc,0xe08d97e151473a848c3d9ca3f323cb720472d015,0xea8d465712ccce8fa65a33c0bcf3a033c5bbe0e0,1.043841,1.04384133611691,1.04384133611691,,0.8326036949784997
0x82f17d6a4cf0508d646d96d451bb61899bdcfa3c41f003411bc267173edb87a1,23823315,1763436275,0xa28ee7ec4756b4c3340c30a8c8cb8bd708e1dcdc,0xe08d97e151473a848c3d9ca3f323cb720472d015,0xea8d465712ccce8fa65a33c0bcf3a033c5bbe0e0,1.043841,1.04384133611691,1.04384133611691,,0.8326036949784997
0x550df6a1e9c6bd437dcf5895af4813a0171af75e397dbf2f94bcf6b7a0ee57ca,23823315,1763436275,0xa28ee7ec4756b4c3340c30a8c8cb8bd708e1dcdc,0xe08d97e151473a848c3d9ca3f323cb720472d015,0xea8d465712ccce8fa65a33c0bcf3a033c5bbe0e0,1.043841,1.04384133611691,1.04384133611691,,0.8326036949784997
0x9c55ea979fc4c81ec3039d897580729905a7b177f2bdb4b2e4217b743aeea64f,23823315,1763436275,0xa28ee7ec4756b4c3340c30a8c8cb8bd708e1dcdc,0xe08d97e151473a848c3d9ca3f323cb720472d015,0xea8d465712ccce8fa65a33c0bcf3a033c5bbe0e0,1.043841,1.04384133611691,1.04384133611691,,0.8326036949784997
0xef42df7601eab075e431caa0e13912f292a17590434a12d00312d6df5172d429,23823316,1763436287,0xa28ee7ec4756b4c3340c30a8c8cb8bd708e1dcdc,0xc139a6fd6db661694b11f0b24bab30f00b3539b8,0xfa80e08921f465c4ac10ae135869019846040405,1.043841,1.04384133611691,1.04384133611691,,0.8326036949784997
0x508beca974f93823758b16f7572c472115735ff5543edcf998cbc9c9e4f60d74,23823316,1763436287,0xa28ee7ec4756b4c3340c30a8c8cb8bd708e1dcdc,0xe08d97e151473a848c3d9ca3f323cb720472d015,0xea8d465712ccce8fa65a33c0bcf3a033c5bbe0e0,1.043841,1.04384133611691,1.04384133611691,,0.8326036949784997
0x3e4943c61d3b59af930d09e334256fa0fb1e679418df7afda4e12d2c299766a5,23823732,1763441315,0xa28ee7ec4756b4c3340c30a8c8cb8bd708e1dcdc,0x7f71d142d8406d970df8dbdf84494a0fd183dcb1,0xea8d465712ccce8fa65a33c0bcf3a033c5bbe0e0,1.043841,1.04384133611691,1.04384133611691,,0.8326036949784997
0x0ebc119a4d0defebf4097839ffb17314438d541eb5858001dacf181f374d463b,23834997,1763578043,0xa28ee7ec4756b4c3340c30a8c8cb8bd708e1dcdc,0xe08d97e151473a848c3d9ca3f323cb720472d015,0xea8d465712ccce8fa65a33c0bcf3a033c5bbe0e0,1.043841,1.04384133611691,1.04384133611691,,0.8326036949784997
0x8fcda5e3ebc25e5d1a7f5aff67abb4cf89eda2b8dfb36f6b8744ed1a71f9b283,23834997,1763578043,0xa28ee7ec4756b4c3340c30a8c8cb8bd708e1dcdc,0xe08d97e151473a848c3d9ca3f323cb720472d015,0xea8d465712ccce8fa65a33c0bcf3a033c5bbe0e0,1.043841,1.04384133611691,1.04384133611691,,0.8326036949784997
0x7ec42bc2f957a7418059fd0ff4c6577c0dcc00329677ee3834004a300e92dc49,23834997,1763578043,0xa28ee7ec4756b4c3340c30a8c8cb8bd708e1dcdc,0xe08d97e151473a848c3d9ca3f323cb720472d015,0xea8d465712ccce8fa65a33c0bcf3a033c5bbe0e0,1.043841,1.04384133611691,1.04384133611691,,0.8326036949784997
0x5ef12374bb6e46e196907eaba867448b545884261c1fe4515e620284b0ed0bb8,23834997,1763578043,0xa28ee7ec4756b4c3340c30a8c8cb8bd708e1dcdc,0xe08d97e151473a848c3d9ca3f323cb720472d015,0xea8d465712ccce8fa65a33c0bcf3a033c5bbe0e0,1.043841,1.04384133611691,1.04384133611691,,0.8326036949784997
0x4f38ac27fb364954676b7654971989ce3e2371c18908ee9845af98665261319f,23834997,1763578043,0xa28ee7ec4756b4c3340c30a8c8cb8bd708e1dcdc,0xe08d97e151473a848c3d9ca3f323cb720472d015,0xea8d465712ccce8fa65a33c0bcf3a033c5bbe0e0,1.043841,1.04384133611691,1.04384133611691,,0.8326036949784997
0x5ab5d5b897b56d14f919614ff702c219d5c64380782dbb177174d38de36cdbe7,23834997,1763578043,0xa28ee7ec4756b4c3340c30a8c8cb8bd708e1dcdc,0xe08d97e151473a848c3d9ca3f323cb720472d015,0xea8d465712ccce8fa65a33c0bcf3a033c5bbe0e0,1.043841,1.04384133611691,1.04384133611691,,0.8326036949784997
0x79ec1ef82eb5dcb8657bde670cd0e550421375e26028a2abb7e2225d932c26d3,23834997,1763578043,0xa28ee7ec4756b4c3340c30a8c8cb8bd708e1dcdc,0xe08d97e151473a848c3d9ca3f323cb720472d015,0xea8d465712ccce8fa65a33c0bcf3a033c5bbe0e0,1.043841,1.04384133611691,1.04384133611691,,0.8326036949784997
0xbed2525e23d8ca8caf5897aa6a8cae0aae741233acb79e7ce564d98a7d236b1d,23834997,1763578043,0xa28ee7ec4756b4c3340c30a8c8cb8bd708e1dcdc,0xe08d97e151473a848c3d9ca3f323cb720472d015,0xea8d465712ccce8fa65a33c0bcf3a033c5bbe0e0,1.043841,1.04384133611691,1.04384133611691,,0.8326036949784997
0x30d8a5367a3c344fc6e58266fadb472acabea1aa784004a1ca7d4da2d2096eaa,23834997,1763578043,0xa28ee7ec4756b4c3340c30a8c8cb8bd708e1dcdc,0xe08d97e151473a848c3d9ca3f323cb720472d015,0xea8d465712ccce8fa65a33c0bcf3a033c5bbe0e0,1.043841,1.04384133611691,1.04384133611691,,0.8326036949784997
0xaef05bb3ae9e26c80699e682589de2414768173252808126a5f2ebc025391bee,23834997,1763578043,0xa28ee7ec4756b4c3340c30a8c8cb8bd708e1dcdc,0xe08d97e151473a848c3d9ca3f323cb720472d015,0xea8d465712ccce8fa65a33c0bcf3a033c5bbe0e0,1.043841,1.04384133611691,1.04384133611691,,0.8326036949784997
0xecbc928732da0c5284eb206a7a532eb0046a7241dd0ac66af3b7d5096d8a239f,23834997,1763578043,0xa28ee7ec4756b4c3340c30a8c8cb8bd708e1dcdc,0xe08d97e151473a848c3d9ca3f323cb720472d015,0xea8d465712ccce8fa65a33c0bcf3a033c5bbe0e0,1.043841,1.04384133611691,1.04384133611691,,0.8326036949784997
0x5e789a81d090fc553502cc7372de3eafd3aca993a717f3e9d5127e3fafcf7edc,23834997,1763578043,0xa28ee7ec4756b4c3340c30a8c8cb8bd708e1dcdc,0xe08d97e151473a848c3d9ca3f323cb720472d015,0xea8d465712ccce8fa65a33c0bcf3a033c5bbe0e0,1.043841,1.04384133611691,1.04384133611691,,0.8326036949784997
0x2e2a357ce61097bd7017d8abdfd85473d0b500b967380f48afdfb4eca3583639,23834997,1763578043,0xa28ee7ec4756b4c3340c30a8c8cb8bd708e1dcdc,0xe08d97e151473a848c3d9ca3f323cb720472d015,0xea8d465712ccce8fa65a33c0bcf3a033c5bbe0e0,1.043841,1.04384133611691,1.04384133611691,,0.8326036949784997
0x14b6f490dce842bb3a942a05670477620bd3af0c40dca0d9692caa051b83d5f6,23834997,1763578043,0xa28ee7ec4756b4c3340c30a8c8cb8bd708e1dcdc,0xe08d97e151473a848c3d9ca3f323cb720472d015,0xea8d465712ccce8fa65a33c0bcf3a033c5bbe0e0,1.043841,1.04384133611691,1.04384133611691,,0.8326036949784997
0x9b0b79c26274ea53fcc06cad0f05b23b868f2b1fe6cc2f828847db78384ef776,23834997,1763578043,0xa28ee7ec4756b4c3340c30a8c8cb8bd708e1dcdc,0xe08d97e151473a848c3d9ca3f323cb720472d015,0xea8d465712ccce8fa65a33c0bcf3a033c5bbe0e0,1.043841,1.04384133611691,1.04384133611691,,0.8326036949784997
0xa6e2224f77b9c7a8a166a4fdb2232f314f05870583bf9cc555a9fd55247ec8d9,23834997,1763578043,0xa28ee7ec4756b4c3340c30a8c8cb8bd708e1dcdc,0xe08d97e151473a848c3d9ca3f323cb720472d015,0xea8d465712ccce8fa65a33c0bcf3a033c5bbe0e0,1.043841,1.04384133611691,1.04384133611691,,0.8326036949784997
0x5f863ad9fbd77086bcc5c5823a6d0972523ccb4e00e99b29731b4f4f31c27e26,23834997,1763578043,0xa28ee7ec4756b4c3340c30a8c8cb8bd708e1dcdc,0xe08d97e151473a848c3d9ca3f323cb720472d015,0xea8d465712ccce8fa65a33c0bcf3a033c5bbe0e0,1.043841,1.04384133611691,1.04384133611691,,0.8326036949784997
0xd7a75eb4d3252b2e86541f83de2ce5a91f4edbf2f1c8b35158a6193daf006b3c,23834997,1763578043,0xa28ee7ec4756b4c3340c30a8c8cb8bd708e1dcdc,0xe08d97e151473a848c3d9ca3f323cb720472d015,0xea8d465712ccce8fa65a33c0bcf3a033c5bbe0e0,1.043841,1.04384133611691,1.04384133611691,,0.8326036949784997
0x4e709a749868f4d23478704b3f4d0ae0ab2ce048e63c6e56910c1c0fcf8740cc,23834997,1763578043,0xa28ee7ec4756b4c3340c30a8c8cb8bd708e1dcdc,0xe08d97e151473a848c3d9ca3f323cb720472d015,0xea8d465712ccce8fa65a33c0bcf3a033c5bbe0e0,1.043841,1.04384133611691,1.04384133611691,,0.8326036949784997
0x408f5dbee3ff73a51ab67a4625c9c7ba2c54e605cc5fe8ae9081e962d3edc179,23834997,1763578043,0xa28ee7ec4756b4c3340c30a8c8cb8bd708e1dcdc,0xe08d97e151473a848c3d9ca3f323cb720472d015,0xea8d465712ccce8fa65a33c0bcf3a033c5bbe0e0,1.043841,1.04384133611691,1.04384133611691,,0.8326036949784997
0xaf338a53ba8b02b14101f1c0bc35ebe6bd39fd3a75a78ad6b9fb5d2b2e9b4072,23834997,1763578043,0xa28ee7ec4756b4c3340c30a8c8cb8bd708e1dcdc,0xe08d97e151473a848c3d9ca3f323cb720472d015,0xea8d465712ccce8fa65a33c0bcf3a033c5bbe0e0,1.043841,1.04384133611691,1.04384133611691,,0.8326036949784997
0x9ed46d542a112ec970df9ec5843a95c31e2bdfbfe01f1c49288b0a41a1d8f268,23834997,1763578043,0xa28ee7ec4756b4c3340c30a8c8cb8bd708e1dcdc,0xe08d97e151473a848c3d9ca3f323cb720472d015,0xea8d465712ccce8fa65a33c0bcf3a033c5bbe0e0,1.043841,1.04384133611691,1.04384133611691,,0.8326036949784997
0x3760b31803b5897f31eca1046f948c0176243f168a96d4f67b33c74c0b1da094,23834997,1763578043,0xa28ee7ec4756b4c3340c30a8c8cb8bd708e1dcdc,0xe08d97e151473a848c3d9ca3f323cb720472d015,0xea8d465712ccce8fa65a33c0bcf3a033c5bbe0e0,1.043841,1.04384133611691,1.04384133611691,,0.8326036949784997
0xfc9754347ab146f9e2f1a5755b92b68cb3cceef525de4d755eda60c7121c6ed9,23834997,1763578043,0xa28ee7ec4756b4c3340c30a8c8cb8bd708e1dcdc,0xe08d97e151473a848c3d9ca3f323cb720472d015,0xea8d465712ccce8fa65a33c0bcf3a033c5bbe0e0,1.043841,1.04384133611691,1.04384133611691,,0.8326036949784997
0x39d7e69a837ef9d384fb8669c6b6e5a056fbd0e4472ce0d7cc4647b0ec407427,23834997,1763578043,0xa28ee7ec4756b4c3340c30a8c8cb8bd708e1dcdc,0xe08d97e151473a848c3d9ca3f323cb720472d015,0xea8d465712ccce8fa65a33c0bcf3a033c5bbe0e0,1.043841,1.04384133611691,1.04384133611691,,0.8326036949784997
0x0302a890bbe5552938244276b0bd9ce0362bb4943dcfeb277262c1b670e0cae6,23834997,1763578043,0xa28ee7ec4756b4c3340c30a8c8cb8bd708e1dcdc,0xe08d97e151473a848c3d9ca3f323cb720472d015,0xea8d465712ccce8fa65a33c0bcf3a033c5bbe0e0,1.043841,1.04384133611691,1.04384133611691,,0.8326036949784997
0x72f7b039675bf434401e121c6bac0c75259b6b86f3134b3f60e8ed9484658bbe,23834997,1763578043,0xa28ee7ec4756b4c3340c30a8c8cb8bd708e1dcdc,0xe08d97e151473a848c3d9ca3f323cb720472d015,0xea8d465712ccce8fa65a33c0bcf3a033c5bbe0e0,1.043841,1.04384133611691,1.04384133611691,,0.8326036949784997
0xdbb9c9ee02c4406cc77ad04e2b136f3c967dd58195e4066285300aaa73385ea1,23834997,1763578043,0xa28ee7ec4756b4c3340c30a8c8cb8bd708e1dcdc,0xe08d97e151473a848c3d9ca3f323cb720472d015,0xea8d465712ccce8fa65a33c0bcf3a033c5bbe0e0,1.043841,1.04384133611691,1.04384133611691,,0.8326036949784997
0xb5cc83c2f6455fe4603e33bf18d512d4d787e6a298b04c1c3709e0b86ccfe83a,23834997,1763578043,0xa28ee7ec4756b4c3340c30a8c8cb8bd708e1dcdc,0xe08d97e151473a848c3d9ca3f323cb720472d015,0xea8d465712ccce8fa65a33c0bcf3a033c5bbe0e0,1.043841,1.04384133611691,1.04384133611691,,0.8326036949784997
0x77821e7fb01ffd04103d65900f9c6637eff2e5f93a562af03fc0339c007e21dc,23834997,1763578043,0xa28ee7ec4756b4c3340c30a8c8cb8bd708e1dcdc,0xe08d97e151473a848c3d9ca3f323cb720472d015,0xea8d465712ccce8fa65a33c0bcf3a033c5bbe0e0,1.043841,1.04384133611691,1.04384133611691,,0.8326036949784997
0x3e7d7ba7811c3363158a6eaf0051fbffdbb576e3ccb13a840d5e53af22e21d3e,23834997,1763578043,0xa28ee7ec4756b4c3340c30a8c8cb8bd708e1dcdc,0xe08d97e151473a848c3d9ca3f323cb720472d015,0xea8d465712ccce8fa65a33c0bcf3a033c5bbe0e0,1.043841,1.04384133611691,1.04384133611691,,0.8326036949784997
0x2ec3ed021b9046cc28f144ae06452ef9bc142272aba5e51a8ad78dd1ca453fd3,23834997,1763578043,0xa28ee7ec4756b4c3340c30a8c8cb8bd708e1dcdc,0xe08d97e151473a848c3d9ca3f323cb720472d015,0xea8d465712ccce8fa65a33c0bcf3a033c5bbe0e0,1.043841,1.04384133611691,1.04384133611691,,0.8326036949784997
0x9c61e54e8ea35d3a07fe19247f6c0845cbfc8deed0c60ecc8eabfec547188ff3,23834997,1763578043,0xa28ee7ec4756b4c3340c30a8c8cb8bd708e1dcdc,0xe08d97e151473a848c3d9ca3f323cb720472d015,0xea8d465712ccce8fa65a33c0bcf3a033c5bbe0e0,1.043841,1.04384133611691,1.04384133611691,,0.8326036949784997
0xa402287438664eed2a7d46625b8cbd106a0fea11c8de83e0553dcb111bfb19be,23834997,1763578043,0xa28ee7ec4756b4c3340c30a8c8cb8bd708e1dcdc,0xe08d97e151473a848c3d9ca3f323cb720472d015,0xea8d465712ccce8fa65a33c0bcf3a033c5bbe0e0,1.043841,1.04384133611691,1.04384133611691,,0.8326036949784997
0xfe229c0ad3e6f409d8ada650d1d79c1fa995118c2879948cdbd6d1bcacd172ba,23834997,1763578043,0xa28ee7ec4756b4c3340c30a8c8cb8bd708e1dcdc,0xe08d97e151473a848c3d9ca3f323cb720472d015,0xea8d465712ccce8fa65a33c0bcf3a033c5bbe0e0,1.043841,1.04384133611691,1.04384133611691,,0.8326036949784997
0x4af20c74e3959fdaaf2d8c3f47e21e59661fd446caa847bc5e41acb682502e08,23834997,1763578043,0xa28ee7ec4756b4c3340c30a8c8cb8bd708e1dcdc,0xe08d97e151473a848c3d9ca3f323cb720472d015,0xea8d465712ccce8fa65a33c0bcf3a033c5bbe0e0,1.043841,1.04384133611691,1.04384133611691,,0.8326036949784997
0x7b3f5660b6acc11b51aaa443d852b24f5284ee4cd12cce8d5c987f0b66fc2105,23834997,1763578043,0xa28ee7ec4756b4c3340c30a8c8cb8bd708e1dcdc,0xe08d97e151473a848c3d9ca3f323cb720472d015,0xea8d465712ccce8fa65a33c0bcf3a033c5bbe0e0,1.043841,1.04384133611691,1.04384133611691,,0.8326036949784997
0x418882dfb71352dade580fab708762895c3880a0c3411b73c82104171cc8633c,23834997,1763578043,0xa28ee7ec4756b4c3340c30a8c8cb8bd708e1dcdc,0xe08d97e151473a848c3d9ca3f323cb720472d015,0xea8d465712ccce8fa65a33c0bcf3a033c5bbe0e0,1.043841,1.04384133611691,1.04384133611691,,0.8326036949784997
0xd46c9e65fdc60a187c7aa71227c3c44e8d7d0741c31ccb006ee4f4a20364d079,23834997,1763578043,0xa28ee7ec4756b4c3340c30a8c8cb8bd708e1dcdc,0xe08d97e151473a848c3d9ca3f323cb720472d015,0xea8d465712ccce8fa65a33c0bcf3a033c5bbe0e0,1.043841,1.04384133611691,1.04384133611691,,0.8326036949784997
0x3b1a66f092912b58580102daa1af5f7f33bb6c7b91493a9dd45b04384b64a9a5,23834997,1763578043,0xa28ee7ec4756b4c3340c30a8c8cb8bd708e1dcdc,0xe08d97e151473a848c3d9ca3f323cb720472d015,0xea8d465712ccce8fa65a33c0bcf3a033c5bbe0e0,1.043841,1.04384133611691,1.04384133611691,,0.8326036949784997
0x75b050ab23f4e406d49c257748e74ccf1a305203ae219dd48333de64fcb27607,23834997,1763578043,0xa28ee7ec4756b4c3340c30a8c8cb8bd708e1dcdc,0xe08d97e151473a848c3d9ca3f323cb720472d015,0xea8d465712ccce8fa65a33c0bcf3a033c5bbe0e0,1.043841,1.04384133611691,1.04384133611691,,0.8326036949784997
0xad8db5aecf919f9ec72a42e3139004bb85201032cff7e08a6812c9d224d5d405,23834997,1763578043,0xa28ee7ec4756b4c3340c30a8c8cb8bd708e1dcdc,0xe08d97e151473a848c3d9ca3f323cb720472d015,0xea8d465712ccce8fa65a33c0bcf3a033c5bbe0e0,1.043841,1.04384133611691,1.04384133611691,,0.8326036949784997
0xbd7af547f45288480d3d4f1726e4132cb5ba46ac9f1592e1b5a6031830456367,23834997,1763578043,0xa28ee7ec4756b4c3340c30a8c8cb8bd708e1dcdc,0xe08d97e151473a848c3d9ca3f323cb720472d015,0xea8d465712ccce8fa65a33c0bcf3a033c5bbe0e0,1.043841,1.04384133611691,1.04384133611691,,0.8326036949784997
0x8246237b1108f441f8c0f60bc3955391f2d2533c9c042ad0c0d59119e47f63dd,23834997,1763578043,0xa28ee7ec4756b4c3340c30a8c8cb8bd708e1dcdc,0xe08d97e151473a848c3d9ca3f323cb720472d015,0xea8d465712ccce8fa65a33c0bcf3a033c5bbe0e0,1.043841,1.04384133611691,1.04384133611691,,0.8326036949784997
0xe61fbaaff42de9b66bd3d52e2d1bf04ea8d184287f3637065fc384e9703f9789,23834997,1763578043,0xa28ee7ec4756b4c3340c30a8c8cb8bd708e1dcdc,0xe08d97e151473a848c3d9ca3f323cb720472d015,0xea8d465712ccce8fa65a33c0bcf3a033c5bbe0e0,1.043841,1.04384133611691,1.04384133611691,,0.8326036949784997
0xe546de55f1c4955beed1af2943ae95d51bd8ac427dbf76399e0c07dfa9592872,23834997,1763578043,0xa28ee7ec4756b4c3340c30a8c8cb8bd708e1dcdc,0xe08d97e151473a848c3d9ca3f323cb720472d015,0xea8d465712ccce8fa65a33c0bcf3a033c5bbe0e0,1.043841,1.04384133611691,1.04384133611691,,0.8326036949784997
0xfe14f7d40208b7a7c43d81982d111d1cbb04b3d563f345fa61521e5384f41648,23834997,1763578043,0xa28ee7ec4756b4c3340c30a8c8cb8bd708e1dcdc,0xe08d97e151473a848c3d9ca3f323cb720472d015,0xea8d465712ccce8fa65a33c0bcf3a033c5bbe0e0,1.043841,1.04384133611691,1.04384133611691,,0.8326036949784997
0x9826f6162a34320a56158c954be6ffadb15da7688a4668f16fcabf63f36eb7e2,23834997,1763578043,0xa28ee7ec4756b4c3340c30a8c8cb8bd708e1dcdc,0xe08d97e151473a848c3d9ca3f323cb720472d015,0xea8d465712ccce8fa65a33c0bcf3a033c5bbe0e0,1.043841,1.04384133611691,1.04384133611691,,0.8326036949784997
0x10f2c0524b0dd84ee0d11d70ec2509db285c946c664b17bfba8b4e73189fb86b,23834997,1763578043,0xa28ee7ec4756b4c3340c30a8c8cb8bd708e1dcdc,0xe08d97e151473a848c3d9ca3f323cb720472d015,0xea8d465712ccce8fa65a33c0bcf3a033c5bbe0e0,1.043841,1.04384133611691,1.04384133611691,,0.8326036949784997
0x5cd84de0bf7324ac43daf108d72c8c91465af91301e1e649920bc8643d08e7f7,23834997,1763578043,0xa28ee7ec4756b4c3340c30a8c8cb8bd708e1dcdc,0xe08d97e151473a848c3d9ca3f323cb720472d015,0xea8d465712ccce8fa65a33c0bcf3a033c5bbe0e0,1.043841,1.04384133611691,1.04384133611691,,0.8326036949784997
0xe28e0d1511b8905b02f455d62dbbd446c65a00b3335cb66eb4e950435ff43271,23834997,1763578043,0xa28ee7ec4756b4c3340c30a8c8cb8bd708e1dcdc,0xe08d97e151473a848c3d9ca3f323cb720472d015,0xea8d465712ccce8fa65a33c0bcf3a033c5bbe0e0,1.043841,1.04384133611691,1.04384133611691,,0.8326036949784997
0x36175789e98c85e9b753128b646eab88367639e6564fbedce88b04a2da0a1978,23834997,1763578043,0xa28ee7ec4756b4c3340c30a8c8cb8bd708e1dcdc,0xe08d97e151473a848c3d9ca3f323cb720472d015,0xea8d465712ccce8fa65a33c0bcf3a033c5bbe0e0,1.043841,1.04384133611691,1.04384133611691,,0.8326036949784997
0x5febed5cef0e8511212dad76e20b0dfaa8b4b0c2a811abde96cde855338e85f0,23834997,1763578043,0xa28ee7ec4756b4c3340c30a8c8cb8bd708e1dcdc,0xe08d97e151473a848c3d9ca3f323cb720472d015,0xea8d465712ccce8fa65a33c0bcf3a033c5bbe0e0,1.043841,1.04384133611691,1.04384133611691,,0.8326036949784997
0xedffeef5e74e88ceb547a08617cc2295dc0319acefbfcad1aa72cb6c46bdffcc,23834997,1763578043,0xa28ee7ec4756b4c3340c30a8c8cb8bd708e1dcdc,0xe08d97e151473a848c3d9ca3f323cb720472d015,0xea8d465712ccce8fa65a33c0bcf3a033c5bbe0e0,1.043841,1.04384133611691,1.04384133611691,,0.8326036949784997
0xf0f3cf193576a8c1b8a72aaf9a55ea35a87b15eae3847a3c626f1e549f1d88c1,23834997,1763578043,0xa28ee7ec4756b4c3340c30a8c8cb8bd708e1dcdc,0xe08d97e151473a848c3d9ca3f323cb720472d015,0xea8d465712ccce8fa65a33c0bcf3a033c5bbe0e0,1.043841,1.04384133611691,1.04384133611691,,0.8326036949784997
0x512accdf8a2af3c22bfde94de8503e7f107c37c7179d58a3ce53a4b054c9c9f4,23834997,1763578043,0xa28ee7ec4756b4c3340c30a8c8cb8bd708e1dcdc,0xe08d97e151473a848c3d9ca3f323cb720472d015,0xea8d465712ccce8fa65a33c0bcf3a033c5bbe0e0,1.043841,1.04384133611691,1.04384133611691,,0.8326036949784997
0x9d5177e69d0830527a232d1d12fcef0b7d88daf0056e60b84510c87ba234d714,23834997,1763578043,0xa28ee7ec4756b4c3340c30a8c8cb8bd708e1dcdc,0xe08d97e151473a848c3d9ca3f323cb720472d015,0xea8d465712ccce8fa65a33c0bcf3a033c5bbe0e0,1.043841,1.04384133611691,1.04384133611691,,0.8326036949784997
0xaeb36bbd9e244733e255c23b69d65d2d81cafd1a39bbad05d6bd739f37851cf6,23834997,1763578043,0xa28ee7ec4756b4c3340c30a8c8cb8bd708e1dcdc,0xe08d97e151473a848c3d9ca3f323cb720472d015,0xea8d465712ccce8fa65a33c0bcf3a033c5bbe0e0,1.043841,1.04384133611691,1.04384133611691,,0.8326036949784997
0x06c88ec38e1f40a2ba9ef65769e4b3ebb25ba4ef0e678740f327dffcb075896b,23834997,1763578043,0xa28ee7ec4756b4c3340c30a8c8cb8bd708e1dcdc,0xe08d97e151473a848c3d9ca3f323cb720472d015,0xea8d465712ccce8fa65a33c0bcf3a033c5bbe0e0,1.043841,1.04384133611691,1.04384133611691,,0.8326036949784997
0xc82d4d8e798976e8d04589d5cb68aaaee437ed2d0325c061377ab08828405a95,23834997,1763578043,0xa28ee7ec4756b4c3340c30a8c8cb8bd708e1dcdc,0xe08d97e151473a848c3d9ca3f323cb720472d015,0xea8d465712ccce8fa65a33c0bcf3a033c5bbe0e0,1.043841,1.04384133611691,1.04384133611691,,0.8326036949784997
0x8babf47fb9c608066e00501c43473ae7b97b1e21e1f0835c3313da3689f723c1,23834997,1763578043,0xa28ee7ec4756b4c3340c30a8c8cb8bd708e1dcdc,0xe08d97e151473a848c3d9ca3f323cb720472d015,0xea8d465712ccce8fa65a33c0bcf3a033c5bbe0e0,1.043841,1.04384133611691,1.04384133611691,,0.8326036949784997
0xc9421c514f1ba974eddb9eed1ee659556c8c92aa7efe5ef24dde3fec906dcdc1,23834997,1763578043,0xa28ee7ec4756b4c3340c30a8c8cb8bd708e1dcdc,0xe08d97e151473a848c3d9ca3f323cb720472d015,0xea8d465712ccce8fa65a33c0bcf3a033c5bbe0e0,1.043841,1.04384133611691,1.04384133611691,,0.8326036949784997
0xdbd538531031252d9a72e2bc10a8bbd307fa6f273ae0d598463a2a1366f88377,23834998,1763578055,0xa28ee7ec4756b4c3340c30a8c8cb8bd708e1dcdc,0x2bebdd5c75a16b23324aa6c78bebe3c6c3286fe3,0xea8d465712ccce8fa65a33c0bcf3a033c5bbe0e0,1.043841,1.04384133611691,1.04384133611691,,0.8326036949784997
0x61d0ff4dc9a5630b846405b8281fbe57f012b17a55dfc5bec4daeb30b4f4ade9,24340895,1769694347,0x860ce7e3b7a8e96df54ef9b733494e0804ef0ce5,0x00000f91109c4d0007e90000d9facad5298a0cac,0xe573768b1a01bf81dca597e5460daa4f63d6beb9,1.026167,1.0261672652642382,1.0261672652642382,,0.8978687766514472
0x4b873f334b1b80e156333214ff3cae791d64b7a10d2af364072ff91350f36a9e,24346482,1769761643,0x4c2401b490cec2ac30f54c9c4f3c65c2677ae07f,0xbbc133749e308694277aaa82ac780eb8aaed77f6,0x0000006094141cd5d88b13aa8845dc34e9b1c3a0,1.026167,1.0261672652642382,1.0261672652642382,,0.8978687766514472
0xe32610de4c09dd8da7272e29dbf5286906b07acfcdf238fce7bbec68343bb999,24346493,1769761775,0x860ce7e3b7a8e96df54ef9b733494e0804ef0ce5,0xbbc133749e308694277aaa82ac780eb8aaed77f6,0xe573768b1a01bf81dca597e5460daa4f63d6beb9,1.026167,1.0261672652642382,1.0261672652642382,,0.8978687766514472
0x31ec2f94165200eaa1bf6bb968cae287654025d099346cc46a753d8fb1eac18b,24346605,1769763131,0x860ce7e3b7a8e96df54ef9b733494e0804ef0ce5,0xbbc133749e308694277aaa82ac780eb8aaed77f6,0xa15a53b5b8e2e5ef1052f5cfe3f715754ca53598,1.026167,1.0261672652642382,1.0261672652642382,,0.8978687766514472
0xe51d10f1473b441188b1d8b4bde93ddd97fc2cca6cd5b7ae4d9404ea8bdc8e40,24356188,1769878559,0xa28ee7ec4756b4c3340c30a8c8cb8bd708e1dcdc,0x00000f91109c4d0007e90000d9facad5298a0cac,0xdb6990da6a4ce716d778bcf5e3e09bcfc5d4439c,1.043841,1.04384133611691,1.04384133611691,,0.8326036949784997
0xa4ff39d2760deeebec80d3335fe62bbed3caf1907ecd748a9160f12a5987bce3,24356503,1769882363,0xa28ee7ec4756b4c3340c30a8c8cb8bd708e1dcdc,0x80bf7db69556d9521c03461978b8fc731dbbd4e4,0x4e31820791ff065f69ef0054711ea8a073e5eba9,1.043841,1.04384133611691,1.04384133611691,,0.8326036949784997
0xbc3a7b586739af87823a7fa3f69056338510f540e19949cf665ecb759f76ef7c,24356587,1769883383,0xa28ee7ec4756b4c3340c30a8c8cb8bd708e1dcdc,0xbbc133749e308694277aaa82ac780eb8aaed77f6,0x721e3b6e8c3f8ef3d1a7605700cb3ba027ef8eba,1.043841,1.04384133611691,1.04384133611691,,0.8326036949784997
0x489a67eb2f44028fbb1822fe3ddc98dbd4c0387c7139f5d5c95ccdc3c9d79475,24356614,1769883707,0xa28ee7ec4756b4c3340c30a8c8cb8bd708e1dcdc,0xe08d97e151473a848c3d9ca3f323cb720472d015,0x4e31820791ff065f69ef0054711ea8a073e5eba9,1.043841,1.04384133611691,1.04384133611691,,0.8326036949784997
0x2bcbb02b7505d799003a56bde6d000b9ff27ec2e2a91415232cd9c95ad981f6a,24356614,1769883707,0xa28ee7ec4756b4c3340c30a8c8cb8bd708e1dcdc,0xe08d97e151473a848c3d9ca3f323cb720472d015,0x4e31820791ff065f69ef0054711ea8a073e5eba9,1.043841,1.04384133611691,1.04384133611691,,0.8326036949784997
0xf88dac6bfebe6d905e82b86d39ee82f6b71a51b9c60d5742c735fe16484c5105,24356618,1769883755,0xa28ee7ec4756b4c3340c30a8c8cb8bd708e1dcdc,0xe08d97e151473a848c3d9ca3f323cb720472d015,0x4e31820791ff065f69ef0054711ea8a073e5eba9,1.043841,1.04384133611691,1.04384133611691,,0.8326036949784997
0x6b8a28d38e98895277053d3698ed865a4149b6cfb6f7eeef3a69e1a615f0a505,24356704,1769884787,0xa28ee7ec4756b4c3340c30a8c8cb8bd708e1dcdc,0xe08d97e151473a848c3d9ca3f323cb720472d015,0x721e3b6e8c3f8ef3d1a7605700cb3ba027ef8eba,1.043841,1.04384133611691,1.04384133611691,,0.8326036949784997
0x447f09a1ff4708dcc1d106b91237a3fad0ff7dabb104c46d8b3e615f7cab0b74,24356705,1769884799,0xa28ee7ec4756b4c3340c30a8c8cb8bd708e1dcdc,0x57c848e4e09d6e7c719051b84337e30f498f8052,0x4e31820791ff065f69ef0054711ea8a073e5eba9,1.043841,1.04384133611691,1.04384133611691,,0.8326036949784997
0xf68d42c091c7ef942818365e0faa31d11c280512a3124867e6bed4207b438ae1,24356709,1769884847,0xa28ee7ec4756b4c3340c30a8c8cb8bd708e1dcdc,0xe08d97e151473a848c3d9ca3f323cb720472d015,0x721e3b6e8c3f8ef3d1a7605700cb3ba027ef8eba,1.043841,1.04384133611691,1.04384133611691,,0.8326036949784997
0x7ec7b837356fe0e35d871b132eb5879460da75cb2d9b2095fc81d0ea55a593bc,24356709,1769884847,0xa28ee7ec4756b4c3340c30a8c8cb8bd708e1dcdc,0xe08d97e151473a848c3d9ca3f323cb720472d015,0x721e3b6e8c3f8ef3d1a7605700cb3ba027ef8eba,1.043841,1.04384133611691,1.04384133611691,,0.8326036949784997
0xcdcc452ad6d30afc3c571088f2646a6dcab2b6ad2f531291922e33d9705b2d1b,24356709,1769884847,0xa28ee7ec4756b4c3340c30a8c8cb8bd708e1dcdc,0xe08d97e151473a848c3d9ca3f323cb720472d015,0x721e3b6e8c3f8ef3d1a7605700cb3ba027ef8eba,1.043841,1.04384133611691,1.04384133611691,,0.8326036949784997
0x4467603fee9dc4a39608544f9ea82e1b1aa3ae101b4b02c8c24171601f7ddd50,24356709,1769884847,0xa28ee7ec4756b4c3340c30a8c8cb8bd708e1dcdc,0xe08d97e151473a848c3d9ca3f323cb720472d015,0x721e3b6e8c3f8ef3d1a7605700cb3ba027ef8eba,1.043841,1.04384133611691,1.04384133611691,,0.8326036949784997
0x72f31568cfe72f80376248add1bd5f5b4a9bb5f549d9e9c06c036dc3c679fc4b,24356709,1769884847,0xa28ee7ec4756b4c3340c30a8c8cb8bd708e1dcdc,0xe08d97e151473a848c3d9ca3f323cb720472d015,0x721e3b6e8c3f8ef3d1a7605700cb3ba027ef8eba,1.043841,1.04384133611691,1.04384133611691,,0.8326036949784997
0x476c450f6fde7c4c11739710d01fc59947bbd31e55aad6169a15a9b562926739,24356717,1769884955,0xa28ee7ec4756b4c3340c30a8c8cb8bd708e1dcdc,0x09184ad65d695dfd6373c1e01ef62de0be49f19e,0x4e31820791ff065f69ef0054711ea8a073e5eba9,1.043841,1.04384133611691,1.04384133611691,,0.8326036949784997
0xbd79d2b97e9a25d142fc723153fc170b0a3c63573ec67047ca98801b704f05fd,24356718,1769884967,0xa28ee7ec4756b4c3340c30a8c8cb8bd708e1dcdc,0xf379979c6c9f0e82569b1d186d19f23c996bdb96,0x721e3b6e8c3f8ef3d1a7605700cb3ba027ef8eba,1.043841,1.04384133611691,1.04384133611691,,0.8326036949784997
0x243dd6b0a2e66786ba0c63ed02f627f8d12a2707cfd3f403d861c71a67baece3,24356765,1769885531,0xbfa7f9c1983ae40738ea0f128e58aa704461aa3a,0xbbc133749e308694277aaa82ac780eb8aaed77f6,0xa96c774dbcdad89ee7872078e58d5168170d684e,1.043841,1.04384133611691,1.04384133611691,,0.8326036949784997
0x9c45188f9c61e00440c44bb017ce0d6102611b7afdb53c25401455b15b35bfe9,24356999,1769888387,0xbfa7f9c1983ae40738ea0f128e58aa704461aa3a,0xbbc133749e308694277aaa82ac780eb8aaed77f6,0xaec4ee9a108304fcc5cdc323d8a2a1d331c342b7,1.043841,1.04384133611691,1.04384133611691,,0.8326036949784997
0x6a98deb2e3f5dd2af68bc54e63c547cb3a11021a4eabfa60d96d022886aee2b7,24357000,1769888399,0xbfa7f9c1983ae40738ea0f128e58aa704461aa3a,0x80bf7db69556d9521c03461978b8fc731dbbd4e4,0xa96c774dbcdad89ee7872078e58d5168170d684e,1.043841,1.04384133611691,1.04384133611691,,0.8326036949784997
0x3d32dc6316aa5d8a0dd119382af76ddc3aac696b1faba02ad731dec725cb5e40,24357082,1769889383,0x11b0f28028e3659c1ae18e153625c4f1c95698c8,0xbbc133749e308694277aaa82ac780eb8aaed77f6,0xdb6990da6a4ce716d778bcf5e3e09bcfc5d4439c,1.043841,1.04384133611691,1.04384133611691,,0.8326036949784997
0xc6f87cae9490d12f129408973b83d1c812d33cba25740986cee8e33c94724e6a,24357181,1769890583,0x11b0f28028e3659c1ae18e153625c4f1c95698c8,0x00000f91109c4d0007e90000d9facad5298a0cac,0xdb6990da6a4ce716d778bcf5e3e09bcfc5d4439c,1.043841,1.04384133611691,1.04384133611691,,0.8326036949784997
0x20e1cd6502492a9c38e5399d56fb566675b736623da91ed20e173147966e9dc2,24358026,1769900771,0x4c2401b490cec2ac30f54c9c4f3c65c2677ae07f,0xbbc133749e308694277aaa82ac780eb8aaed77f6,0x0000006094141cd5d88b13aa8845dc34e9b1c3a0,1.026167,1.0261672652642382,1.0261672652642382,,0.8978687766514472
0x809ea2ca2601295200309ae2335bb857b66e6a17854ce479b6f6e8132041c17a,24362625,1769956259,0xa28ee7ec4756b4c3340c30a8c8cb8bd708e1dcdc,0xe08d97e151473a848c3d9ca3f323cb720472d015,0xad95973c72045cd05b9ddaa2b27cf65f578e339e,1.043841,1.04384133611691,1.04384133611691,,0.8326036949784997
0xcbcfd74a3a9e36f4d07cfa19835e77f4ff3f8594069437de7374d7118576195d,24362659,1769956667,0x11b0f28028e3659c1ae18e153625c4f1c95698c8,0x00000f91109c4d0007e90000d9facad5298a0cac,0xdb6990da6a4ce716d778bcf5e3e09bcfc5d4439c,1.043841,1.04384133611691,1.04384133611691,,0.8326036949784997
0xedad4648ad53e4c6a858289d8a947105f5e978312735e79a0ee53aa1e0961aaa,24362674,1769956847,0xa28ee7ec4756b4c3340c30a8c8cb8bd708e1dcdc,0x80bf7db69556d9521c03461978b8fc731dbbd4e4,0xad95973c72045cd05b9ddaa2b27cf65f578e339e,1.043841,1.04384133611691,1.04384133611691,,0.8326036949784997
0xe61af3c435108ff4eae5233b3579d3d1f737338a6d83c49f122d48f0b97d3c67,24362907,1769959679,0xa28ee7ec4756b4c3340c30a8c8cb8bd708e1dcdc,0x00000f91109c4d0007e90000d9facad5298a0cac,0xad95973c72045cd05b9ddaa2b27cf65f578e339e,1.043841,1.04384133611691,1.04384133611691,,0.8326036949784997
0x654a4c1bb21a62358882f687f3390cce44a4e041f77787e2299d795677b250ed,24362907,1769959679,0xa28ee7ec4756b4c3340c30a8c8cb8bd708e1dcdc,0xe08d97e151473a848c3d9ca3f323cb720472d015,0x721e3b6e8c3f8ef3d1a7605700cb3ba027ef8eba,1.043841,1.04384133611691,1.04384133611691,,0.8326036949784997
0x9a5a7497e75b0bf789de6b65d139873c3b8ca96f97910e91f4b43ef1a2740bd6,24362907,1769959679,0xa28ee7ec4756b4c3340c30a8c8cb8bd708e1dcdc,0xe08d97e151473a848c3d9ca3f323cb720472d015,0x721e3b6e8c3f8ef3d1a7605700cb3ba027ef8eba,1.043841,1.04384133611691,1.04384133611691,,0.8326036949784997
0x1aa0ee95c76a39dafcda119263aee9e638bfa65e8d92c0592c653db2d8065583,24362907,1769959679,0xa28ee7ec4756b4c3340c30a8c8cb8bd708e1dcdc,0xe08d97e151473a848c3d9ca3f323cb720472d015,0x721e3b6e8c3f8ef3d1a7605700cb3ba027ef8eba,1.043841,1.04384133611691,1.04384133611691,,0.8326036949784997
0xe43ed7e66af4e896a2d1570994e4d4209570c5a02288227321d5f85f974d8e36,24362907,1769959679,0xa28ee7ec4756b4c3340c30a8c8cb8bd708e1dcdc,0xe08d97e151473a848c3d9ca3f323cb720472d015,0x721e3b6e8c3f8ef3d1a7605700cb3ba027ef8eba,1.043841,1.04384133611691,1.04384133611691,,0.8326036949784997
0x22c3755f86c7c054fe6f5f166861cb77da7345cd10c8b5c491cd4a8f078ae324,24362907,1769959679,0xa28ee7ec4756b4c3340c30a8c8cb8bd708e1dcdc,0xe08d97e151473a848c3d9ca3f323cb720472d015,0x4e31820791ff065f69ef0054711ea8a073e5eba9,1.043841,1.04384133611691,1.04384133611691,,0.8326036949784997
0xc4a7ec57386d0b632e07aa75b87ca09e54b97f5d1e5b94861ffaa552c378de2d,24362907,1769959679,0xa28ee7ec4756b4c3340c30a8c8cb8bd708e1dcdc,0xe08d97e151473a848c3d9ca3f323cb720472d015,0x4e31820791ff065f69ef0054711ea8a073e5eba9,1.043841,1.04384133611691,1.04384133611691,,0.8326036949784997
0xacc9c893c0877ccf2cc7410817b9104e730036f65468d21172c9ed44171eb827,24362907,1769959679,0xa28ee7ec4756b4c3340c30a8c8cb8bd708e1dcdc,0xe08d97e151473a848c3d9ca3f323cb720472d015,0x4e31820791ff065f69ef0054711ea8a073e5eba9,1.043841,1.04384133611691,1.04384133611691,,0.8326036949784997
0x1d316c08ec40d6e0925fe7392692ba0062f2e135079c3a45f402f01d139451e0,24362907,1769959679,0xa28ee7ec4756b4c3340c30a8c8cb8bd708e1dcdc,0xe08d97e151473a848c3d9ca3f323cb720472d015,0x4e31820791ff065f69ef0054711ea8a073e5eba9,1.043841,1.04384133611691,1.04384133611691,,0.8326036949784997
0x13d02ce987833c0ce787f3e232940eef2c8beb0c9615a4a45c250d4680db10ad,24362907,1769959679,0xa28ee7ec4756b4c3340c30a8c8cb8bd708e1dcdc,0xe08d97e151473a848c3d9ca3f323cb720472d015,0x4e31820791ff065f69ef0054711ea8a073e5eba9,1.043841,1.04384133611691,1.04384133611691,,0.8326036949784997
0x200e4a328f1b3dd207653542d2e15475d48c1acd30b7e9f944c24b16cad416f8,24362924,1769959883,0xbfa7f9c1983ae40738ea0f128e58aa704461aa3a,0x80bf7db69556d9521c03461978b8fc731dbbd4e4,0xaec4ee9a108304fcc5cdc323d8a2a1d331c342b7,1.043841,1.04384133611691,1.04384133611691,,0.8326036949784997
0x3bbd16f9d11d15c028c67179d3fc5bab1ab4f84c0180c13d536c87d484188b71,24362934,1769960003,0xbfa7f9c1983ae40738ea0f128e58aa704461aa3a,0x00000f91109c4d0007e90000d9facad5298a0cac,0xa96c774dbcdad89ee7872078e58d5168170d684e,1.043841,1.04384133611691,1.04384133611691,,0.8326036949784997
0x08f27b459642001c04d2d91cc687a6350e792d22e522ad09f0c5dd47ca6ad60d,24362946,1769960147,0xa28ee7ec4756b4c3340c30a8c8cb8bd708e1dcdc,0x00000f91109c4d0007e90000d9facad5298a0cac,0xad95973c72045cd05b9ddaa2b27cf65f578e339e,1.043841,1.04384133611691,1.04384133611691,,0.8326036949784997
0x5ab7635aace5b38304c44f564167fe38c9c8333c53d27cc729f699954d735301,24362958,1769960291,0x11b0f28028e3659c1ae18e153625c4f1c95698c8,0xe08d97e151473a848c3d9ca3f323cb720472d015,0xdb6990da6a4ce716d778bcf5e3e09bcfc5d4439c,1.043841,1.04384133611691,1.04384133611691,,0.8326036949784997
0x44591699e12fdf9ec1fcba0b3ce15f46371d4b27bcbe5bb33205b60cb5d8663c,24362972,1769960459,0x11b0f28028e3659c1ae18e153625c4f1c95698c8,0xe08d97e151473a848c3d9ca3f323cb720472d015,0xdb6990da6a4ce716d778bcf5e3e09bcfc5d4439c,1.043841,1.04384133611691,1.04384133611691,,0.8326036949784997
0xdc436d654f283ce5548249d81919634711fea73ef1256a845ca92079c0cec170,24364413,1769977859,0x11b0f28028e3659c1ae18e153625c4f1c95698c8,0x00000f91109c4d0007e90000d9facad5298a0cac,0xdb6990da6a4ce716d778bcf5e3e09bcfc5d4439c,1.043841,1.04384133611691,1.04384133611691,,0.8326036949784997
0x0acbb7efa35d711737791f9ef166da620dbae39df96ebd8e774a2f001d3aad8e,24364602,1769980151,0xa28ee7ec4756b4c3340c30a8c8cb8bd708e1dcdc,0xe08d97e151473a848c3d9ca3f323cb720472d015,0xad95973c72045cd05b9ddaa2b27cf65f578e339e,1.043841,1.04384133611691,1.04384133611691,,0.8326036949784997
0xd4fc4141b7b5be96e5d2a3d316dcbb65d0ce1e13a4e31f18a1d26386a4a313fe,24364602,1769980151,0xbfa7f9c1983ae40738ea0f128e58aa704461aa3a,0xe08d97e151473a848c3d9ca3f323cb720472d015,0xaec4ee9a108304fcc5cdc323d8a2a1d331c342b7,1.043841,1.04384133611691,1.04384133611691,,0.8326036949784997
0xb3eb0c45cd50aa66e7442f85dd7cac9777d897a3fb639b6a75428a4c67c47120,24364602,1769980151,0xa28ee7ec4756b4c3340c30a8c8cb8bd708e1dcdc,0xe08d97e151473a848c3d9ca3f323cb720472d015,0xad95973c72045cd05b9ddaa2b27cf65f578e339e,1.043841,1.04384133611691,1.04384133611691,,0.8326036949784997
0x023a28ad8f5959c97b7b64811379f49930e31f8f7f0a1abd3804cd01ef231f67,24364603,1769980163,0xa28ee7ec4756b4c3340c30a8c8cb8bd708e1dcdc,0x308eda0f5f09ba3507f46c2018160e3d433a31e8,0x721e3b6e8c3f8ef3d1a7605700cb3ba027ef8eba,1.043841,1.04384133611691,1.04384133611691,,0.8326036949784997
0x91bf374b8170f1cc0b47fa74f4a3aefde4239038551aad5b530d0b6419b2459e,24364604,1769980175,0xbfa7f9c1983ae40738ea0f128e58aa704461aa3a,0x682ea8aa9b23250e0e240580e8ae55205f612979,0xa96c774dbcdad89ee7872078e58d5168170d684e,1.043841,1.04384133611691,1.04384133611691,,0.8326036949784997
0xc3e27858f8d43370a0dcaeec5b883f89d562b373c430b96ca78784bdd699ca82,24364606,1769980199,0xa28ee7ec4756b4c3340c30a8c8cb8bd708e1dcdc,0x2ebca0fb41a540cea605b42b679907ebc883fd6f,0x4e31820791ff065f69ef0054711ea8a073e5eba9,1.043841,1.04384133611691,1.04384133611691,,0.8326036949784997
0x9899cec064aca698eeec13f8a145f2f0ceb40b84ba7aa0fe088afeb51b3e8517,24364609,1769980235,0xbfa7f9c1983ae40738ea0f128e58aa704461aa3a,0xbbc133749e308694277aaa82ac780eb8aaed77f6,0xaec4ee9a108304fcc5cdc323d8a2a1d331c342b7,1.043841,1.04384133611691,1.04384133611691,,0.8326036949784997
0x98a584fa71b6971f341472d708b0d4cc1c03302ba132a85219227800427f6b10,24364621,1769980379,0xa28ee7ec4756b4c3340c30a8c8cb8bd708e1dcdc,0x00000f91109c4d0007e90000d9facad5298a0cac,0xad95973c72045cd05b9ddaa2b27cf65f578e339e,1.043841,1.04384133611691,1.04384133611691,,0.8326036949784997
0xb40b08bdd593ff9116ec4971e6831e38b32ccb4f43ca7fd7a3c4ea637588f02c,24364641,1769980619,0xbfa7f9c1983ae40738ea0f128e58aa704461aa3a,0xbbc133749e308694277aaa82ac780eb8aaed77f6,0xa96c774dbcdad89ee7872078e58d5168170d684e,1.043841,1.04384133611691,1.04384133611691,,0.8326036949784997
0xb31c4b5e53f30ecd9f7d4b5230a2f3b7ef728cec8555317000b52721e63afde5,24364787,1769982371,0xa28ee7ec4756b4c3340c30a8c8cb8bd708e1dcdc,0x8e50d4769db8d522ab3df969d416488c69a2ab28,0x4e31820791ff065f69ef0054711ea8a073e5eba9,1.043841,1.04384133611691,1.04384133611691,,0.8326036949784997
0xb31c4b5e53f30ecd9f7d4b5230a2f3b7ef728cec8555317000b52721e63afde5,24364787,1769982371,0xa28ee7ec4756b4c3340c30a8c8cb8bd708e1dcdc,0x8e50d4769db8d522ab3df969d416488c69a2ab28,0x4e31820791ff065f69ef0054711ea8a073e5eba9,1.043841,1.04384133611691,1.04384133611691,,0.8326036949784997
0x37c8cd03e84378acd125490aeb9828137f278283503b3eb5c3a06e99d05e6613,24364789,1769982395,0xa28ee7ec4756b4c3340c30a8c8cb8bd708e1dcdc,0xd2306a7187fe8b0c0dee59b50fdc438d2075d24c,0xad95973c72045cd05b9ddaa2b27cf65f578e339e,1.043841,1.04384133611691,1.04384133611691,,0.8326036949784997
0x740e4a25cad1549c4c5b5b1ed711de8b7334fca6969364f5f3a30b9d8753890b,24364789,1769982395,0xbfa7f9c1983ae40738ea0f128e58aa704461aa3a,0xe08d97e151473a848c3d9ca3f323cb720472d015,0xaec4ee9a108304fcc5cdc323d8a2a1d331c342b7,1.043841,1.04384133611691,1.04384133611691,,0.8326036949784997
0x27d185ba98106091492432bb5fee078296fdbcf79884e94414b2be1cb96b235c,24364791,1769982419,0xbfa7f9c1983ae40738ea0f128e58aa704461aa3a,0xd2306a7187fe8b0c0dee59b50fdc438d2075d24c,0xa96c774dbcdad89ee7872078e58d5168170d684e,1.043841,1.04384133611691,1.04384133611691,,0.8326036949784997
0xafd8bfe31cfbf9fbf0cf9d11b2891b1781aefd71a5050fc9efec96caa1f40fdc,24364795,1769982467,0xbfa7f9c1983ae40738ea0f128e58aa704461aa3a,0xe08d97e151473a848c3d9ca3f323cb720472d015,0xa96c774dbcdad89ee7872078e58d5168170d684e,1.043841,1.04384133611691,1.04384133611691,,0.8326036949784997
0x1bf6f4a8f3802bc80ab467cf3bc7a73c3dac5736794a2cfad94ed5dac897d920,24364796,1769982479,0xa28ee7ec4756b4c3340c30a8c8cb8bd708e1dcdc,0x80bf7db69556d9521c03461978b8fc731dbbd4e4,0x721e3b6e8c3f8ef3d1a7605700cb3ba027ef8eba,1.043841,1.04384133611691,1.04384133611691,,0.8326036949784997
0xd890a00f0c3f5ced784da55cda4e79ddf1eb51ae6056d2e629931de2e1782f6d,24364823,1769982803,0xa28ee7ec4756b4c3340c30a8c8cb8bd708e1dcdc,0xbbc133749e308694277aaa82ac780eb8aaed77f6,0xcf4986ae0f0dbc20560a2d53f333ca20d0a3b4a3,1.04384,1.04384133611691,1.04384133611691,,0.8326036949784997
0xad15f8957585daeee463b3a5d2b61834c5504d9074081187307fcb438f01fa2d,24365193,1769987279,0xbfa7f9c1983ae40738ea0f128e58aa704461aa3a,0x682ea8aa9b23250e0e240580e8ae55205f612979,0xaec4ee9a108304fcc5cdc323d8a2a1d331c342b7,1.043841,1.04384133611691,1.04384133611691,,0.8326036949784997
0x9a5f4e097ae079efbbbd15bf4b43f4ca1e367e66892a695836a7e98c92504ddb,24365194,1769987291,0xa28ee7ec4756b4c3340c30a8c8cb8bd708e1dcdc,0x00000f91109c4d0007e90000d9facad5298a0cac,0x721e3b6e8c3f8ef3d1a7605700cb3ba027ef8eba,1.043841,1.04384133611691,1.04384133611691,,0.8326036949784997
0x5c9586a290b4e8519352ed1b311bc6e1cbc1a712cec4fecd71e7ca79a8d254f1,24365194,1769987291,0xa28ee7ec4756b4c3340c30a8c8cb8bd708e1dcdc,0x00000f91109c4d0007e90000d9facad5298a0cac,0x721e3b6e8c3f8ef3d1a7605700cb3ba027ef8eba,1.043841,1.04384133611691,1.04384133611691,,0.8326036949784997
0x343cd53a5c9d32b50e9315500ac23280ded516eaf44e1de7728d71f4d9f44c57,24365194,1769987291,0xa28ee7ec4756b4c3340c30a8c8cb8bd708e1dcdc,0x00000f91109c4d0007e90000d9facad5298a0cac,0x721e3b6e8c3f8ef3d1a7605700cb3ba027ef8eba,1.043841,1.04384133611691,1.04384133611691,,0.8326036949784997
0x610697114fd86829cf9aedbd6b80d06747174e99a64c039c7213c37bef12a3ea,24365194,1769987291,0xa28ee7ec4756b4c3340c30a8c8cb8bd708e1dcdc,0x00000f91109c4d0007e90000d9facad5298a0cac,0x721e3b6e8c3f8ef3d1a7605700cb3ba027ef8eba,1.043841,1.04384133611691,1.04384133611691,,0.8326036949784997
0xd98ba348ae76f3f4fe7f59ae3e608b25bd56c539194ea9379597560648c08cfd,24365194,1769987291,0xa28ee7ec4756b4c3340c30a8c8cb8bd708e1dcdc,0x00000f91109c4d0007e90000d9facad5298a0cac,0x721e3b6e8c3f8ef3d1a7605700cb3ba027ef8eba,1.043841,1.04384133611691,1.04384133611691,,0.8326036949784997
0xb90349e534c3b05e0a8916b467a0b261bd3043453e0c47875edede95341c2dd3,24365194,1769987291,0xa28ee7ec4756b4c3340c30a8c8cb8bd708e1dcdc,0x00000f91109c4d0007e90000d9facad5298a0cac,0x721e3b6e8c3f8ef3d1a7605700cb3ba027ef8eba,1.043841,1.04384133611691,1.04384133611691,,0.8326036949784997
0xd006c751191104d7be5b96771ca8c400052d1bd6cff03fca5a64bd7d84d78518,24365194,1769987291,0x11b0f28028e3659c1ae18e153625c4f1c95698c8,0x00000f91109c4d0007e90000d9facad5298a0cac,0xdb6990da6a4ce716d778bcf5e3e09bcfc5d4439c,1.043841,1.04384133611691,1.04384133611691,,0.8326036949784997
0xf7b319c922b54d385ed2b41964a467ca1740b37d369df7a545273a50507eeb7c,24365198,1769987339,0xa28ee7ec4756b4c3340c30a8c8cb8bd708e1dcdc,0x682ea8aa9b23250e0e240580e8ae55205f612979,0xad95973c72045cd05b9ddaa2b27cf65f578e339e,1.043841,1.04384133611691,1.04384133611691,,0.8326036949784997
0xdebccc21853edbb182ffcea7a5a9b90e1e294b300420f8e9582d8d889c9c446e,24365198,1769987339,0xbfa7f9c1983ae40738ea0f128e58aa704461aa3a,0x682ea8aa9b23250e0e240580e8ae55205f612979,0xa96c774dbcdad89ee7872078e58d5168170d684e,1.043841,1.04384133611691,1.04384133611691,,0.8326036949784997
0x85f92f23530a0aee8a23ada969e7d43b2389d493d9d3e602ab8271d12a4c322f,24365204,1769987411,0xbfa7f9c1983ae40738ea0f128e58aa704461aa3a,0x682ea8aa9b23250e0e240580e8ae55205f612979,0xaec4ee9a108304fcc5cdc323d8a2a1d331c342b7,1.043841,1.04384133611691,1.04384133611691,,0.8326036949784997
0x5b4f1c14334018ed4bdb270e2b75a707f4c6eed112871eb387efd2754cdd0bd7,24365206,1769987435,0xa28ee7ec4756b4c3340c30a8c8cb8bd708e1dcdc,0xe08d97e151473a848c3d9ca3f323cb720472d015,0xad95973c72045cd05b9ddaa2b27cf65f578e339e,1.043841,1.04384133611691,1.04384133611691,,0.8326036949784997
0x9fbc435745dd1f3ff31e8c00135d75e5182b4147fbd41bf9d7b8c27fd0a993ee,24365207,1769987447,0xa28ee7ec4756b4c3340c30a8c8cb8bd708e1dcdc,0x339c0db4a0030c88b4a48aafe56cdba23c8d4338,0x721e3b6e8c3f8ef3d1a7605700cb3ba027ef8eba,1.043841,1.04384133611691,1.04384133611691,,0.8326036949784997
0x9fbc435745dd1f3ff31e8c00135d75e5182b4147fbd41bf9d7b8c27fd0a993ee,24365207,1769987447,0xa28ee7ec4756b4c3340c30a8c8cb8bd708e1dcdc,0x339c0db4a0030c88b4a48aafe56cdba23c8d4338,0x721e3b6e8c3f8ef3d1a7605700cb3ba027ef8eba,1.043841,1.04384133611691,1.04384133611691,,0.8326036949784997
0x9fbc435745dd1f3ff31e8c00135d75e5182b4147fbd41bf9d7b8c27fd0a993ee,24365207,1769987447,0xa28ee7ec4756b4c3340c30a8c8cb8bd708e1dcdc,0x339c0db4a0030c88b4a48aafe56cdba23c8d4338,0x721e3b6e8c3f8ef3d1a7605700cb3ba027ef8eba,1.043841,1.04384133611691,1.04384133611691,,0.8326036949784997
0x9fbc435745dd1f3ff31e8c00135d75e5182b4147fbd41bf9d7b8c27fd0a993ee,24365207,1769987447,0xa28ee7ec4756b4c3340c30a8c8cb8bd708e1dcdc,0x339c0db4a0030c88b4a48aafe56cdba23c8d4338,0x721e3b6e8c3f8ef3d1a7605700cb3ba027ef8eba,1.043841,1.04384133611691,1.04384133611691,,0.8326036949784997
0xbad08e9da73152cf076c47ce9c8aa87ddd54920908a14afef77476c57960e1eb,24365207,1769987447,0xa28ee7ec4756b4c3340c30a8c8cb8bd708e1dcdc,0x49bc3cec1fb7978746f742a4e485d0d601831cea,0xad95973c72045cd05b9ddaa2b27cf65f578e339e,1.043841,1.04384133611691,1.04384133611691,,0.8326036949784997
0x29b359970fac2b4f0f0369f8bdcfaf18dd50d34f2db9a72001b100cc551fe78d,24365207,1769987447,0xa28ee7ec4756b4c3340c30a8c8cb8bd708e1dcdc,0x00000f91109c4d0007e90000d9facad5298a0cac,0x721e3b6e8c3f8ef3d1a7605700cb3ba027ef8eba,1.043841,1.04384133611691,1.04384133611691,,0.8326036949784997
0xb2df151fdd9c7de9a52ba0b786fd4dec8331f5c3cc23d976056600d0b0c7edeb,24365208,1769987459,0xa28ee7ec4756b4c3340c30a8c8cb8bd708e1dcdc,0x8050a2155477f121bd62199490602232be0192fb,0xad95973c72045cd05b9ddaa2b27cf65f578e339e,1.043841,1.04384133611691,1.04384133611691,,0.8326036949784997
0xb2df151fdd9c7de9a52ba0b786fd4dec8331f5c3cc23d976056600d0b0c7edeb,24365208,1769987459,0xa28ee7ec4756b4c3340c30a8c8cb8bd708e1dcdc,0x8050a2155477f121bd62199490602232be0192fb,0xad95973c72045cd05b9ddaa2b27cf65f578e339e,1.043841,1.04384133611691,1.04384133611691,,0.8326036949784997
0xb2df151fdd9c7de9a52ba0b786fd4dec8331f5c3cc23d976056600d0b0c7edeb,24365208,1769987459,0xa28ee7ec4756b4c3340c30a8c8cb8bd708e1dcdc,0x8050a2155477f121bd62199490602232be0192fb,0xad95973c72045cd05b9ddaa2b27cf65f578e339e,1.043841,1.04384133611691,1.04384133611691,,0.8326036949784997
0xb2df151fdd9c7de9a52ba0b786fd4dec8331f5c3cc23d976056600d0b0c7edeb,24365208,1769987459,0xa28ee7ec4756b4c3340c30a8c8cb8bd708e1dcdc,0x8050a2155477f121bd62199490602232be0192fb,0xad95973c72045cd05b9ddaa2b27cf65f578e339e,1.043841,1.04384133611691,1.04384133611691,,0.8326036949784997
0x51d1adfc12c5f2fb0e13f43ba782a766de21eab89301f0a5cb9fdff8a2f6d707,24365209,1769987471,0xa28ee7ec4756b4c3340c30a8c8cb8bd708e1dcdc,0xe08d97e151473a848c3d9ca3f323cb720472d015,0x4e31820791ff065f69ef0054711ea8a073e5eba9,1.043841,1.04384133611691,1.04384133611691,,0.8326036949784997
0xacfbed1737429b28f464b339be67e44d747192d278db2daca1cae1167ce47a19,24365210,1769987483,0xbfa7f9c1983ae40738ea0f128e58aa704461aa3a,0x682ea8aa9b23250e0e240580e8ae55205f612979,0xa96c774dbcdad89ee7872078e58d5168170d684e,1.043841,1.04384133611691,1.04384133611691,,0.8326036949784997
0x940ef38cca5aa1a3a742e875430128c20944ba10bde46b230ec493c08e521fee,24365215,1769987543,0xa28ee7ec4756b4c3340c30a8c8cb8bd708e1dcdc,0xe08d97e151473a848c3d9ca3f323cb720472d015,0x4e31820791ff065f69ef0054711ea8a073e5eba9,1.043841,1.04384133611691,1.04384133611691,,0.8326036949784997
0x940ef38cca5aa1a3a742e875430128c20944ba10bde46b230ec493c08e521fee,24365215,1769987543,0xa28ee7ec4756b4c3340c30a8c8cb8bd708e1dcdc,0xe08d97e151473a848c3d9ca3f323cb720472d015,0x4e31820791ff065f69ef0054711ea8a073e5eba9,1.043841,1.04384133611691,1.04384133611691,,0.8326036949784997
0x4b92f9571e4e13fe26a82a8ae0e86b91a1f090723e27277f42e1243bf70a395e,24365215,1769987543,0xbfa7f9c1983ae40738ea0f128e58aa704461aa3a,0xe08d97e151473a848c3d9ca3f323cb720472d015,0xaec4ee9a108304fcc5cdc323d8a2a1d331c342b7,1.043841,1.04384133611691,1.04384133611691,,0.8326036949784997
0xde586d8c72a8512dea39f58eb147f90d0297e00019bdbfb30f562578c33a6bcf,24365215,1769987543,0xa28ee7ec4756b4c3340c30a8c8cb8bd708e1dcdc,0xe08d97e151473a848c3d9ca3f323cb720472d015,0x4e31820791ff065f69ef0054711ea8a073e5eba9,1.043841,1.04384133611691,1.04384133611691,,0.8326036949784997
0xde586d8c72a8512dea39f58eb147f90d0297e00019bdbfb30f562578c33a6bcf,24365215,1769987543,0xa28ee7ec4756b4c3340c30a8c8cb8bd708e1dcdc,0xe08d97e151473a848c3d9ca3f323cb720472d015,0x4e31820791ff065f69ef0054711ea8a073e5eba9,1.043841,1.04384133611691,1.04384133611691,,0.8326036949784997
0xc7b14b3342364187b9d735efbf7637b82a91727c4efc13d3f3fbad052b0234f0,24365216,1769987555,0xa28ee7ec4756b4c3340c30a8c8cb8bd708e1dcdc,0x00000f91109c4d0007e90000d9facad5298a0cac,0x4e31820791ff065f69ef0054711ea8a073e5eba9,1.043841,1.04384133611691,1.04384133611691,,0.8326036949784997
0xc7b14b3342364187b9d735efbf7637b82a91727c4efc13d3f3fbad052b0234f0,24365216,1769987555,0xa28ee7ec4756b4c3340c30a8c8cb8bd708e1dcdc,0x00000f91109c4d0007e90000d9facad5298a0cac,0x4e31820791ff065f69ef0054711ea8a073e5eba9,1.043841,1.04384133611691,1.04384133611691,,0.8326036949784997
0xcf2b5c09edf3433a68fd7e94af077d63c4da89b9f0f289896bac374b35659b6d,24365216,1769987555,0xa28ee7ec4756b4c3340c30a8c8cb8bd708e1dcdc,0x00000f91109c4d0007e90000d9facad5298a0cac,0x4e31820791ff065f69ef0054711ea8a073e5eba9,1.043841,1.04384133611691,1.04384133611691,,0.8326036949784997
0xcf2b5c09edf3433a68fd7e94af077d63c4da89b9f0f289896bac374b35659b6d,24365216,1769987555,0xa28ee7ec4756b4c3340c30a8c8cb8bd708e1dcdc,0x00000f91109c4d0007e90000d9facad5298a0cac,0x4e31820791ff065f69ef0054711ea8a073e5eba9,1.043841,1.04384133611691,1.04384133611691,,0.8326036949784997
0x9bca34b55919c24ffbd0551af16f0a33327b9dd241abd8c1e1efac8ca3a86a59,24365216,1769987555,0xa28ee7ec4756b4c3340c30a8c8cb8bd708e1dcdc,0x00000f91109c4d0007e90000d9facad5298a0cac,0x4e31820791ff065f69ef0054711ea8a073e5eba9,1.043841,1.04384133611691,1.04384133611691,,0.8326036949784997
0x9bca34b55919c24ffbd0551af16f0a33327b9dd241abd8c1e1efac8ca3a86a59,24365216,1769987555,0xa28ee7ec4756b4c3340c30a8c8cb8bd708e1dcdc,0x00000f91109c4d0007e90000d9facad5298a0cac,0x4e31820791ff065f69ef0054711ea8a073e5eba9,1.043841,1.04384133611691,1.04384133611691,,0.8326036949784997
0x5670603a9d72e1f3b6863da512a9ac92e3e1d79b4116aace8e65c934395d184b,24365216,1769987555,0xa28ee7ec4756b4c3340c30a8c8cb8bd708e1dcdc,0x00000f91109c4d0007e90000d9facad5298a0cac,0x4e31820791ff065f69ef0054711ea8a073e5eba9,1.043841,1.04384133611691,1.04384133611691,,0.8326036949784997
0x5670603a9d72e1f3b6863da512a9ac92e3e1d79b4116aace8e65c934395d184b,24365216,1769987555,0xa28ee7ec4756b4c3340c30a8c8cb8bd708e1dcdc,0x00000f91109c4d0007e90000d9facad5298a0cac,0x4e31820791ff065f69ef0054711ea8a073e5eba9,1.043841,1.04384133611691,1.04384133611691,,0.8326036949784997
0xb7f08150c17afa9a81de6fbf994c59fc11f1aa19a03561fcb26b0f1f74b980fb,24365229,1769987711,0x11b0f28028e3659c1ae18e153625c4f1c95698c8,0xe08d97e151473a848c3d9ca3f323cb720472d015,0xdb6990da6a4ce716d778bcf5e3e09bcfc5d4439c,1.043841,1.04384133611691,1.04384133611691,,0.8326036949784997
0x6b641fa942bc1cc73755804629b48bf9e170aac5af17f3fcde1190489920d9e6,24366445,1770002375,0xa28ee7ec4756b4c3340c30a8c8cb8bd708e1dcdc,0x00000f91109c4d0007e90000d9facad5298a0cac,0x721e3b6e8c3f8ef3d1a7605700cb3ba027ef8eba,1.043841,1.04384133611691,1.04384133611691,,0.8326036949784997
0xc58cfa587bdecbea79176af6d4fcf84ab4b653c6596947e13e4aac84a7b707ee,24366445,1770002375,0xa28ee7ec4756b4c3340c30a8c8cb8bd708e1dcdc,0x00000f91109c4d0007e90000d9facad5298a0cac,0x721e3b6e8c3f8ef3d1a7605700cb3ba027ef8eba,1.043841,1.04384133611691,1.04384133611691,,0.8326036949784997
0x1ac3ed2850042e5aab195cda073ce3e575643082d3d6982e62e771c74a11501e,24366445,1770002375,0xa28ee7ec4756b4c3340c30a8c8cb8bd708e1dcdc,0x00000f91109c4d0007e90000d9facad5298a0cac,0x721e3b6e8c3f8ef3d1a7605700cb3ba027ef8eba,1.043841,1.04384133611691,1.04384133611691,,0.8326036949784997
0xdf8fc20fcc58d640a21c853de025a1c58977a39540cdbd112d7b208e261f6020,24366445,1770002375,0xa28ee7ec4756b4c3340c30a8c8cb8bd708e1dcdc,0x00000f91109c4d0007e90000d9facad5298a0cac,0x721e3b6e8c3f8ef3d1a7605700cb3ba027ef8eba,1.043841,1.04384133611691,1.04384133611691,,0.8326036949784997
0xbf70c2f8ea33b44dec828a2b9b3c8a749571c74028a139f15ef1247b4cd184ae,24366446,1770002387,0xa28ee7ec4756b4c3340c30a8c8cb8bd708e1dcdc,0xc8dfbbcd73f834e59b1bbe3a86cd7dd26bb912e4,0x4e31820791ff065f69ef0054711ea8a073e5eba9,1.043841,1.04384133611691,1.04384133611691,,0.8326036949784997
0x5e8b4540ff971efb44462ef7309ba8fa63d6fa3096705f7e67bea58d056bec61,24366451,1770002447,0xa28ee7ec4756b4c3340c30a8c8cb8bd708e1dcdc,0xc31a49d1c4c652af57cefdef248f3c55b801c649,0xad95973c72045cd05b9ddaa2b27cf65f578e339e,1.043841,1.04384133611691,1.04384133611691,,0.8326036949784997
0xe3c717656604aec5a1c52797ae0c36234f811f1015285f02fa1eeb7db4eb5f98,24366453,1770002471,0xa28ee7ec4756b4c3340c30a8c8cb8bd708e1dcdc,0x00000f91109c4d0007e90000d9facad5298a0cac,0xad95973c72045cd05b9ddaa2b27cf65f578e339e,1.043841,1.04384133611691,1.04384133611691,,0.8326036949784997
0xb401f630026f9880327a2c9fec1f563d91fbdded892c240411eda72a97624ca9,24366470,1770002675,0xa28ee7ec4756b4c3340c30a8c8cb8bd708e1dcdc,0xd2306a7187fe8b0c0dee59b50fdc438d2075d24c,0x721e3b6e8c3f8ef3d1a7605700cb3ba027ef8eba,1.043841,1.04384133611691,1.04384133611691,,0.8326036949784997
0x0575bc26dbfa9f5daece84cd5914544ca4557de34379dc06e86f6964c32727c1,24366471,1770002687,0xa28ee7ec4756b4c3340c30a8c8cb8bd708e1dcdc,0xcab972d57a8b9b6323496d74133b58f1200d8a10,0x4e31820791ff065f69ef0054711ea8a073e5eba9,1.043841,1.04384133611691,1.04384133611691,,0.8326036949784997
0x35b4509501fe7c44f6fc0246af165ea3ea1713fbe7d34f88231485a26a4dc274,24366471,1770002687,0xa28ee7ec4756b4c3340c30a8c8cb8bd708e1dcdc,0x00000f91109c4d0007e90000d9facad5298a0cac,0x721e3b6e8c3f8ef3d1a7605700cb3ba027ef8eba,1.043841,1.04384133611691,1.04384133611691,,0.8326036949784997
0x9634087166c8aa4cf02f3f259bd3ad132ce72ee84a7355e527466a10c6275d32,24366471,1770002687,0xa28ee7ec4756b4c3340c30a8c8cb8bd708e1dcdc,0x00000f91109c4d0007e90000d9facad5298a0cac,0x721e3b6e8c3f8ef3d1a7605700cb3ba027ef8eba,1.043841,1.04384133611691,1.04384133611691,,0.8326036949784997
0xa267fdf5c6d5936eb49a87f1a3e156f740b8525bc380e68d43b2d1e16ecd7886,24366471,1770002687,0xa28ee7ec4756b4c3340c30a8c8cb8bd708e1dcdc,0x00000f91109c4d0007e90000d9facad5298a0cac,0x721e3b6e8c3f8ef3d1a7605700cb3ba027ef8eba,1.043841,1.04384133611691,1.04384133611691,,0.8326036949784997
0xb728b8b321f5156f6e74ccca9026dc6e65c5063633c4631a215d280afa16349e,24366471,1770002687,0xa28ee7ec4756b4c3340c30a8c8cb8bd708e1dcdc,0x00000f91109c4d0007e90000d9facad5298a0cac,0x721e3b6e8c3f8ef3d1a7605700cb3ba027ef8eba,1.043841,1.04384133611691,1.04384133611691,,0.8326036949784997
0x7939bdf31f60c7fe2bf20fb14fc739cf8001badeb351bc61d90093abb729ec9c,24366471,1770002687,0xa28ee7ec4756b4c3340c30a8c8cb8bd708e1dcdc,0x00000f91109c4d0007e90000d9facad5298a0cac,0x721e3b6e8c3f8ef3d1a7605700cb3ba027ef8eba,1.043841,1.04384133611691,1.04384133611691,,0.8326036949784997
0x3e405f38f09951116cacc6c14927bea9a247bb0ba09ba195c9c300cf8aad79f9,24366473,1770002711,0xa28ee7ec4756b4c3340c30a8c8cb8bd708e1dcdc,0xda6bb15444fc74bb7bfaacd05e0d7c1c08cea830,0x4e31820791ff065f69ef0054711ea8a073e5eba9,1.043841,1.04384133611691,1.04384133611691,,0.8326036949784997
0x369399af36898054c3cbd2ec2d83a364b519c064263c7fd72214df86b321afb2,24366476,1770002747,0xa28ee7ec4756b4c3340c30a8c8cb8bd708e1dcdc,0xd7d2807b0715aa1af8157574642f4f06c9badda2,0xad95973c72045cd05b9ddaa2b27cf65f578e339e,1.043841,1.04384133611691,1.04384133611691,,0.8326036949784997
0xa422832796210b2f60f5403e327ebb63feb1ff6c280533403fa93728dd6855ba,24366477,1770002759,0xbfa7f9c1983ae40738ea0f128e58aa704461aa3a,0xd7d2807b0715aa1af8157574642f4f06c9badda2,0xa96c774dbcdad89ee7872078e58d5168170d684e,1.043841,1.04384133611691,1.04384133611691,,0.8326036949784997
0x5e642f669d9d93cfe1d4fb44da29601fb2968a0207904651624e888a2faee046,24366493,1770002951,0xbfa7f9c1983ae40738ea0f128e58aa704461aa3a,0x682ea8aa9b23250e0e240580e8ae55205f612979,0xa96c774dbcdad89ee7872078e58d5168170d684e,1.043841,1.04384133611691,1.04384133611691,,0.8326036949784997
0x0f530975df1966924f13b7111099ce817677328f656f2fd8dccf6a52a52c21dc,24366494,1770002963,0xbfa7f9c1983ae40738ea0f128e58aa704461aa3a,0x00000f91109c4d0007e90000d9facad5298a0cac,0xa96c774dbcdad89ee7872078e58d5168170d684e,1.043841,1.04384133611691,1.04384133611691,,0.8326036949784997
0x9899efd6b7d50105f7eb0c0a2c2b03ba4c6b475116efd1183149ca73e25cea7c,24366494,1770002963,0xbfa7f9c1983ae40738ea0f128e58aa704461aa3a,0x00000f91109c4d0007e90000d9facad5298a0cac,0xa96c774dbcdad89ee7872078e58d5168170d684e,1.043841,1.04384133611691,1.04384133611691,,0.8326036949784997
0xc4aa99a09cfec8e2eed5f93d41b46e0ecedf10f615f666b26c30db54d9b89698,24366494,1770002963,0xbfa7f9c1983ae40738ea0f128e58aa704461aa3a,0x00000f91109c4d0007e90000d9facad5298a0cac,0xa96c774dbcdad89ee7872078e58d5168170d684e,1.043841,1.04384133611691,1.04384133611691,,0.8326036949784997
0xa51df8d60a3012969edab22b4c6e2d28de904502261f39e50f3e23fd2766783a,24366494,1770002963,0xbfa7f9c1983ae40738ea0f128e58aa704461aa3a,0x00000f91109c4d0007e90000d9facad5298a0cac,0xa96c774dbcdad89ee7872078e58d5168170d684e,1.043841,1.04384133611691,1.04384133611691,,0.8326036949784997
0x0314220f30e5d9409071084561b9446c7cbe20b5da3b8a178187c88a2e6417e5,24366494,1770002963,0xbfa7f9c1983ae40738ea0f128e58aa704461aa3a,0x00000f91109c4d0007e90000d9facad5298a0cac,0xa96c774dbcdad89ee7872078e58d5168170d684e,1.043841,1.04384133611691,1.04384133611691,,0.8326036949784997
0x571789043798dade3ff603ca6ba22faeb20a38464364e2abc53fb210d38fdc12,24366494,1770002963,0xbfa7f9c1983ae40738ea0f128e58aa704461aa3a,0x00000f91109c4d0007e90000d9facad5298a0cac,0xa96c774dbcdad89ee7872078e58d5168170d684e,1.043841,1.04384133611691,1.04384133611691,,0.8326036949784997
0x5a750a7ff07095d39e4591a31f6cfeb6a54efbff01f255a1173557be77f56f9f,24366494,1770002963,0xbfa7f9c1983ae40738ea0f128e58aa704461aa3a,0x00000f91109c4d0007e90000d9facad5298a0cac,0xa96c774dbcdad89ee7872078e58d5168170d684e,1.043841,1.04384133611691,1.04384133611691,,0.8326036949784997
0x1490ab5a507b912962ba9999277bc8c6711fc75a38863e4cb6235131332f0084,24366494,1770002963,0xbfa7f9c1983ae40738ea0f128e58aa704461aa3a,0x00000f91109c4d0007e90000d9facad5298a0cac,0xa96c774dbcdad89ee7872078e58d5168170d684e,1.043841,1.04384133611691,1.04384133611691,,0.8326036949784997
0x338d3f7b24e48db39bbd72ea5979d032eb0383ad96659c6609a20758d84a3729,24366494,1770002963,0xbfa7f9c1983ae40738ea0f128e58aa704461aa3a,0x00000f91109c4d0007e90000d9facad5298a0cac,0xa96c774dbcdad89ee7872078e58d5168170d684e,1.043841,1.04384133611691,1.04384133611691,,0.8326036949784997
0x57f152023f11b2f6867f54ade80804bccc3cb47d94abbab510b71dc4371c51af,24366504,1770003083,0xbfa7f9c1983ae40738ea0f128e58aa704461aa3a,0xd7d2807b0715aa1af8157574642f4f06c9badda2,0xaec4ee9a108304fcc5cdc323d8a2a1d331c342b7,1.043841,1.04384133611691,1.04384133611691,,0.8326036949784997
0x09f307cc73836623f102ed5655060dd847655cb7ad0fb3502c163bc5f2a1631c,24366517,1770003239,0xbfa7f9c1983ae40738ea0f128e58aa704461aa3a,0x682ea8aa9b23250e0e240580e8ae55205f612979,0xaec4ee9a108304fcc5cdc323d8a2a1d331c342b7,1.043841,1.04384133611691,1.04384133611691,,0.8326036949784997
0xaadaebfbe2e787d4a66b8e58c189e4206efbd6fdf290ad39c0584541e84432de,24366520,1770003275,0xbfa7f9c1983ae40738ea0f128e58aa704461aa3a,0x00000f91109c4d0007e90000d9facad5298a0cac,0xd0cae02373c612e7fa2643f6742d5264685d2c75,1.043841,1.04384133611691,1.04384133611691,,0.8326036949784997
0xfe448a2905267f20b7d01a3f61425170669a6a550129983267785f5cb503e0ae,24366530,1770003395,0xbfa7f9c1983ae40738ea0f128e58aa704461aa3a,0xbbc133749e308694277aaa82ac780eb8aaed77f6,0xa96c774dbcdad89ee7872078e58d5168170d684e,1.043841,1.04384133611691,1.04384133611691,,0.8326036949784997
0xc34712ad96b63c9bb8864884133dcfd578ac055af235205bbee4d4e4316c1b50,24366542,1770003539,0xa28ee7ec4756b4c3340c30a8c8cb8bd708e1dcdc,0x00000f91109c4d0007e90000d9facad5298a0cac,0xad95973c72045cd05b9ddaa2b27cf65f578e339e,1.043841,1.04384133611691,1.04384133611691,,0.8326036949784997
0x3b851f1307e7f00c3eed01b940968646aebb829e482dc4e9ba904fa459ce70c7,24366547,1770003599,0xbfa7f9c1983ae40738ea0f128e58aa704461aa3a,0xd7d2807b0715aa1af8157574642f4f06c9badda2,0xaec4ee9a108304fcc5cdc323d8a2a1d331c342b7,1.043841,1.04384133611691,1.04384133611691,,0.8326036949784997
0xc26db342e5056d08f58b45580ee7de932006ee93e740f5c0ae2d0802498b14a1,24366547,1770003599,0xa28ee7ec4756b4c3340c30a8c8cb8bd708e1dcdc,0x00000f91109c4d0007e90000d9facad5298a0cac,0xad95973c72045cd05b9ddaa2b27cf65f578e339e,1.043841,1.04384133611691,1.04384133611691,,0.8326036949784997
0xbbafd2bd0ca5cb02ef2e9a58f09a37e08f6835ce8956469f0bb3a39dc320f25e,24366547,1770003599,0xa28ee7ec4756b4c3340c30a8c8cb8bd708e1dcdc,0x00000f91109c4d0007e90000d9facad5298a0cac,0xad95973c72045cd05b9ddaa2b27cf65f578e339e,1.043841,1.04384133611691,1.04384133611691,,0.8326036949784997
0x5fedcca2e4d56ca5401811e534ecea3e0086753aafe1d5095d2fb85ea22b952f,24366547,1770003599,0xa28ee7ec4756b4c3340c30a8c8cb8bd708e1dcdc,0x00000f91109c4d0007e90000d9facad5298a0cac,0xad95973c72045cd05b9ddaa2b27cf65f578e339e,1.043841,1.04384133611691,1.04384133611691,,0.8326036949784997
0x73e6c39a44ca82bd34641c40fa62e5ef2db3012f5dc20a817364e06773c4fa09,24366547,1770003599,0xa28ee7ec4756b4c3340c30a8c8cb8bd708e1dcdc,0x00000f91109c4d0007e90000d9facad5298a0cac,0xad95973c72045cd05b9ddaa2b27cf65f578e339e,1.043841,1.04384133611691,1.04384133611691,,0.8326036949784997
0x365b5d3f3526e98ad85035ed1e432b8b9b6dff09c7188597a444ff367ecedcf9,24366547,1770003599,0xa28ee7ec4756b4c3340c30a8c8cb8bd708e1dcdc,0x00000f91109c4d0007e90000d9facad5298a0cac,0xad95973c72045cd05b9ddaa2b27cf65f578e339e,1.043841,1.04384133611691,1.04384133611691,,0.8326036949784997
0x475b5736f45aa214b8e94318c63c723ec8732e30cd0759546f444d327c5c36e5,24366547,1770003599,0xa28ee7ec4756b4c3340c30a8c8cb8bd708e1dcdc,0x00000f91109c4d0007e90000d9facad5298a0cac,0xad95973c72045cd05b9ddaa2b27cf65f578e339e,1.043841,1.04384133611691,1.04384133611691,,0.8326036949784997
0x2ba60dae2a1ef2a4715237ea68b4b1785074d0b30a4797f9788785e9d71cc4a0,24366547,1770003599,0xa28ee7ec4756b4c3340c30a8c8cb8bd708e1dcdc,0x00000f91109c4d0007e90000d9facad5298a0cac,0xad95973c72045cd05b9ddaa2b27cf65f578e339e,1.043841,1.04384133611691,1.04384133611691,,0.8326036949784997
0x0eb399f4df72f431834015b6b662861097366887da79af286125fc32f6da8e51,24366548,1770003611,0xa28ee7ec4756b4c3340c30a8c8cb8bd708e1dcdc,0xd734730d06b39cd13c72c75e16952016fa8d3e82,0x4e31820791ff065f69ef0054711ea8a073e5eba9,1.043841,1.04384133611691,1.04384133611691,,0.8326036949784997
0x987ae8e93f5885da869ab62dd542f14f71e993da9782667960fb780cf766dd05,24366548,1770003611,0xa28ee7ec4756b4c3340c30a8c8cb8bd708e1dcdc,0x5b5a0580bcfd3673820bb249514234afad33e209,0x721e3b6e8c3f8ef3d1a7605700cb3ba027ef8eba,1.043841,1.04384133611691,1.04384133611691,,0.8326036949784997
0xcbab4b4fd5de7a482234f21ba4f9686db756e159f4c63b4cc2a3696dccdad4be,24366548,1770003611,0xa28ee7ec4756b4c3340c30a8c8cb8bd708e1dcdc,0x5b5a0580bcfd3673820bb249514234afad33e209,0x721e3b6e8c3f8ef3d1a7605700cb3ba027ef8eba,1.043841,1.04384133611691,1.04384133611691,,0.8326036949784997
0x2594be7b43b599e825eaeb6c32e4c38f609b1f53eda7bf7d0f7a7080ec86b3eb,24366548,1770003611,0xa28ee7ec4756b4c3340c30a8c8cb8bd708e1dcdc,0x5b5a0580bcfd3673820bb249514234afad33e209,0x721e3b6e8c3f8ef3d1a7605700cb3ba027ef8eba,1.043841,1.04384133611691,1.04384133611691,,0.8326036949784997
0xadadee15da0b55425330055912b764e066fa00eb19ce3a96e82f16e66af0635b,24366548,1770003611,0xa28ee7ec4756b4c3340c30a8c8cb8bd708e1dcdc,0x5b5a0580bcfd3673820bb249514234afad33e209,0x721e3b6e8c3f8ef3d1a7605700cb3ba027ef8eba,1.043841,1.04384133611691,1.04384133611691,,0.8326036949784997
0xa89a8f7774181561f7566d13b71511ecd1a44884ab6b6ad5afdeed4a6943648c,24366548,1770003611,0xa28ee7ec4756b4c3340c30a8c8cb8bd708e1dcdc,0x5b5a0580bcfd3673820bb249514234afad33e209,0x721e3b6e8c3f8ef3d1a7605700cb3ba027ef8eba,1.043841,1.04384133611691,1.04384133611691,,0.8326036949784997
0x7588fba33a102e7ae652385d2aac5a3f14713125909d77a0f723db107631f497,24366548,1770003611,0xa28ee7ec4756b4c3340c30a8c8cb8bd708e1dcdc,0x5b5a0580bcfd3673820bb249514234afad33e209,0x721e3b6e8c3f8ef3d1a7605700cb3ba027ef8eba,1.043841,1.04384133611691,1.04384133611691,,0.8326036949784997
0x2438fc1a7541b19b9f6a75f66a5fff9d4dd2f3f3b73e0a5f5165f15849f29ba6,24366548,1770003611,0xa28ee7ec4756b4c3340c30a8c8cb8bd708e1dcdc,0x5b5a0580bcfd3673820bb249514234afad33e209,0x721e3b6e8c3f8ef3d1a7605700cb3ba027ef8eba,1.043841,1.04384133611691,1.04384133611691,,0.8326036949784997
0x12fd5005c6aaf758d033d75b561457f1ae9bd7abfc8c605f6977d38e013bba9a,24366548,1770003611,0xa28ee7ec4756b4c3340c30a8c8cb8bd708e1dcdc,0x5b5a0580bcfd3673820bb249514234afad33e209,0x721e3b6e8c3f8ef3d1a7605700cb3ba027ef8eba,1.043841,1.04384133611691,1.04384133611691,,0.8326036949784997
0x72e35c88c7e25464078c3ffc860459bb108c4d09a930e22711009611722082ae,24366549,1770003623,0xbfa7f9c1983ae40738ea0f128e58aa704461aa3a,0xd7d2807b0715aa1af8157574642f4f06c9badda2,0xa96c774dbcdad89ee7872078e58d5168170d684e,1.043841,1.04384133611691,1.04384133611691,,0.8326036949784997
0x70960f220a861840700e8ea0f944e4001f7a5702ed02430582b201c94665a254,24366551,1770003647,0xa28ee7ec4756b4c3340c30a8c8cb8bd708e1dcdc,0x00000f91109c4d0007e90000d9facad5298a0cac,0x163d2d8fb1ca05bfddbacd065b0172dc0255a37b,1.043841,1.04384133611691,1.04384133611691,,0.8326036949784997
0xb2632fe0d761852de9e859db503682c67fefb4321fac6b63352b5fde9e7ffbba,24366551,1770003647,0xa28ee7ec4756b4c3340c30a8c8cb8bd708e1dcdc,0x00000f91109c4d0007e90000d9facad5298a0cac,0x163d2d8fb1ca05bfddbacd065b0172dc0255a37b,1.043841,1.04384133611691,1.04384133611691,,0.8326036949784997
0x9adbb5c9344fe548dd17fd98b4b46342749eb4c4d5ef9ad6b272325b8db5d9e9,24366551,1770003647,0xa28ee7ec4756b4c3340c30a8c8cb8bd708e1dcdc,0x00000f91109c4d0007e90000d9facad5298a0cac,0x163d2d8fb1ca05bfddbacd065b0172dc0255a37b,1.043841,1.04384133611691,1.04384133611691,,0.8326036949784997
0x1c96a8fa3c92a0634015bfa7997b903f79930a15110784fbf0e82b680e9af786,24366553,1770003671,0xbfa7f9c1983ae40738ea0f128e58aa704461aa3a,0xd2306a7187fe8b0c0dee59b50fdc438d2075d24c,0xd0cae02373c612e7fa2643f6742d5264685d2c75,1.043841,1.04384133611691,1.04384133611691,,0.8326036949784997
0xb8eb64ddc4eea0a08c61fb59ff4177dbab6fe2e1f919f312778970138f856af6,24366556,1770003707,0xbfa7f9c1983ae40738ea0f128e58aa704461aa3a,0xd2306a7187fe8b0c0dee59b50fdc438d2075d24c,0xa96c774dbcdad89ee7872078e58d5168170d684e,1.043841,1.04384133611691,1.04384133611691,,0.8326036949784997
0xd4daaab8a47f844cf19f6a88a7d8841fffde91d2efe12bbb6a773efcf2e2fb2a,24366556,1770003707,0xa28ee7ec4756b4c3340c30a8c8cb8bd708e1dcdc,0xbbc133749e308694277aaa82ac780eb8aaed77f6,0xcf4986ae0f0dbc20560a2d53f333ca20d0a3b4a3,1.043841,1.04384133611691,1.04384133611691,,0.8326036949784997
0x7fef2f9210dd355bfb1aa9cfb4cff1babc36b1be645bc5cd8118b20c709ccf2e,24366557,1770003719,0xbfa7f9c1983ae40738ea0f128e58aa704461aa3a,0x00000f91109c4d0007e90000d9facad5298a0cac,0xa96c774dbcdad89ee7872078e58d5168170d684e,1.043841,1.04384133611691,1.04384133611691,,0.8326036949784997
0x10e64eaf2e70399883b82f6cd14b49f1de7e09dc68ed9225a38503cc17f4914d,24366558,1770003731,0xbfa7f9c1983ae40738ea0f128e58aa704461aa3a,0x00000f91109c4d0007e90000d9facad5298a0cac,0xa96c774dbcdad89ee7872078e58d5168170d684e,1.043841,1.04384133611691,1.04384133611691,,0.8326036949784997
0x0493cb131b3b3509a082537e12b9ee59569ec675f11050de1ac7f812b8f219e4,24366559,1770003743,0x11b0f28028e3659c1ae18e153625c4f1c95698c8,0x00000f91109c4d0007e90000d9facad5298a0cac,0xdb6990da6a4ce716d778bcf5e3e09bcfc5d4439c,1.043841,1.04384133611691,1.04384133611691,,0.8326036949784997
0xa99acdc0691359ffd00778e63e4e40c3ac7b197a3135359305b0048ed01c53e1,24366570,1770003875,0xbfa7f9c1983ae40738ea0f128e58aa704461aa3a,0xbbc133749e308694277aaa82ac780eb8aaed77f6,0xaec4ee9a108304fcc5cdc323d8a2a1d331c342b7,1.043841,1.04384133611691,1.04384133611691,,0.8326036949784997
0x1e2d79519a064c0b6deb1f1d89d22a7b258b9ebfef1e06ad1270fa2bb7974d1d,24366572,1770003899,0xbfa7f9c1983ae40738ea0f128e58aa704461aa3a,0xbbc133749e308694277aaa82ac780eb8aaed77f6,0xd0cae02373c612e7fa2643f6742d5264685d2c75,1.043841,1.04384133611691,1.04384133611691,,0.8326036949784997
0x29568c0351de35dd6e27b2d0c7cd4565f4f93d1c043dfbf11c1a12f56142d9ab,24366575,1770003935,0xa28ee7ec4756b4c3340c30a8c8cb8bd708e1dcdc,0xbbc133749e308694277aaa82ac780eb8aaed77f6,0xad95973c72045cd05b9ddaa2b27cf65f578e339e,1.043841,1.04384133611691,1.04384133611691,,0.8326036949784997
0x9e368a66135d2b772ab881321b298c982a17ce12820ca34198b19a580711deb6,24366604,1770004283,0xbfa7f9c1983ae40738ea0f128e58aa704461aa3a,0x80bf7db69556d9521c03461978b8fc731dbbd4e4,0x721e3b6e8c3f8ef3d1a7605700cb3ba027ef8eba,1.043841,1.04384133611691,1.04384133611691,,0.8326036949784997
0x8dedf5b05512958aa83948d7c20d4596c938d51e1eed609a74826d9368f3d86d,24367006,1770009143,0xbfa7f9c1983ae40738ea0f128e58aa704461aa3a,0x80bf7db69556d9521c03461978b8fc731dbbd4e4,0x721e3b6e8c3f8ef3d1a7605700cb3ba027ef8eba,1.043841,1.04384133611691,1.04384133611691,,0.8326036949784997
0xb271ed3ed8c2ee51d9a9e81d836e2d506c8427babb19a1a4847cc326b1e67871,24367086,1770010103,0xbfa7f9c1983ae40738ea0f128e58aa704461aa3a,0xc31a49d1c4c652af57cefdef248f3c55b801c649,0x721e3b6e8c3f8ef3d1a7605700cb3ba027ef8eba,1.043841,1.04384133611691,1.04384133611691,,0.8326036949784997
0x818e1ccc226ce18478abb4c71ab2669c121df5139f5a9d3412c03640b7c98b70,24367092,1770010175,0xa28ee7ec4756b4c3340c30a8c8cb8bd708e1dcdc,0x00000f91109c4d0007e90000d9facad5298a0cac,0xcf4986ae0f0dbc20560a2d53f333ca20d0a3b4a3,1.043841,1.04384133611691,1.04384133611691,,0.8326036949784997
0x6d1b8522e3ec56ed5e296b71c7a41d4ce8c36fe2d84ad819fec373a475809e1e,24367094,1770010199,0xbfa7f9c1983ae40738ea0f128e58aa704461aa3a,0x00000f91109c4d0007e90000d9facad5298a0cac,0x721e3b6e8c3f8ef3d1a7605700cb3ba027ef8eba,1.043841,1.04384133611691,1.04384133611691,,0.8326036949784997
0x138fb56a1ef29c8c8542d47ce54404e2cd2b51f9370c92e09c24046e55aac41d,24367267,1770012299,0x11b0f28028e3659c1ae18e153625c4f1c95698c8,0x00000f91109c4d0007e90000d9facad5298a0cac,0xdb6990da6a4ce716d778bcf5e3e09bcfc5d4439c,1.043841,1.04384133611691,1.04384133611691,,0.8326036949784997
0xa9f3b16a572a3d460ff6f664eca2dba26bd5d7431f852c30f5a04cd363ae2595,24367444,1770014447,0x11b0f28028e3659c1ae18e153625c4f1c95698c8,0x00000f91109c4d0007e90000d9facad5298a0cac,0xdb6990da6a4ce716d778bcf5e3e09bcfc5d4439c,1.043841,1.04384133611691,1.04384133611691,,0.8326036949784997
0x422158fb08c11a1d21b772838ad1cdf701e22cdf7495dca01dbed0357605e906,24371119,1770058751,0x860ce7e3b7a8e96df54ef9b733494e0804ef0ce5,0x902367430ad1618a7bba2c3ab6c92bbe05f26a17,0xe573768b1a01bf81dca597e5460daa4f63d6beb9,1.026167,1.0261672652642382,1.0261672652642382,,0.8978687766514472
0x08acd22b01261cf6ab60261b20a1c560dbacc7929366eb8ed92d6c8863792da3,24371119,1770058751,0x860ce7e3b7a8e96df54ef9b733494e0804ef0ce5,0x902367430ad1618a7bba2c3ab6c92bbe05f26a17,0x8aac198a3013e78dce158231fe69faece4a17803,1.026167,1.0261672652642382,1.0261672652642382,,0.8978687766514472
0x1dadb9768ed4a50fa9e11c7bbd6965ebfdba5f8289b4d6cb6e3f4108fc20066b,24371119,1770058751,0x860ce7e3b7a8e96df54ef9b733494e0804ef0ce5,0x902367430ad1618a7bba2c3ab6c92bbe05f26a17,0xa15a53b5b8e2e5ef1052f5cfe3f715754ca53598,1.026167,1.0261672652642382,1.0261672652642382,,0.8978687766514472
0xfccfbea4e751a8e9aa0e823addac6814f46899c569375080731b7212ab2847a8,24371119,1770058751,0x4c2401b490cec2ac30f54c9c4f3c65c2677ae07f,0x902367430ad1618a7bba2c3ab6c92bbe05f26a17,0x0000006094141cd5d88b13aa8845dc34e9b1c3a0,1.026167,1.0261672652642382,1.0261672652642382,,0.8978687766514472
0x3e973483e91ecf5c81b1dffeaa0d028b1ab5342e173bd69d32f029c458d97acb,24372353,1770073679,0x860ce7e3b7a8e96df54ef9b733494e0804ef0ce5,0xbbc133749e308694277aaa82ac780eb8aaed77f6,0xe573768b1a01bf81dca597e5460daa4f63d6beb9,1.026167,1.0261672652642382,1.0261672652642382,,0.8978687766514472
0xe0397e1f7008cc194b2030a22a1d6da64b0fb9c37bd4ac1d8d7affadd5b49e1c,24372355,1770073703,0x860ce7e3b7a8e96df54ef9b733494e0804ef0ce5,0xbbc133749e308694277aaa82ac780eb8aaed77f6,0x8aac198a3013e78dce158231fe69faece4a17803,1.026167,1.0261672652642382,1.0261672652642382,,0.8978687766514472
0xa648a02e62a8402301914bd0bc3c267ff80509faccc6ddab371428764edd07d7,24372356,1770073715,0x860ce7e3b7a8e96df54ef9b733494e0804ef0ce5,0xbbc133749e308694277aaa82ac780eb8aaed77f6,0xa15a53b5b8e2e5ef1052f5cfe3f715754ca53598,1.026167,1.0261672652642382,1.0261672652642382,,0.8978687766514472
0x04adf610b3a8c6e712256bd9691c21998223d2f93e983f4b09473aecca0057bf,24372358,1770073739,0x4c2401b490cec2ac30f54c9c4f3c65c2677ae07f,0xbbc133749e308694277aaa82ac780eb8aaed77f6,0x0000006094141cd5d88b13aa8845dc34e9b1c3a0,1.026167,1.0261672652642382,1.0261672652642382,,0.8978687766514472
0xb53437b91daa2e410148ae91fcf5f936ed53c5cd72a63589b1684938e1383d71,24372437,1770074687,0x11b0f28028e3659c1ae18e153625c4f1c95698c8,0xbbc133749e308694277aaa82ac780eb8aaed77f6,0xa777e4260cebe62aeecfbfd9a27339fea8020060,1.0,1.04384133611691,1.04384133611691,,0.8326036949784997
0x175ce90b841d256cfb858560c7f1e46a78b6707048a56a8fb897c755232a92f4,24373685,1770089795,0x11b0f28028e3659c1ae18e153625c4f1c95698c8,0x902367430ad1618a7bba2c3ab6c92bbe05f26a17,0xa777e4260cebe62aeecfbfd9a27339fea8020060,1.0,1.04384133611691,1.04384133611691,,0.8326036949784997
0x5759554e53672f97ce3c57295881f62144df8aeb4c25ce4bf7ff5ec4b9c87a07,24375881,1770116303,0x860ce7e3b7a8e96df54ef9b733494e0804ef0ce5,0xb90aa6ad4e00d9201d3c26610a5ef7f0456eecd2,0xe573768b1a01bf81dca597e5460daa4f63d6beb9,1.026167,1.0261672652642382,1.0261672652642382,,0.8978687766514472
0xb629073e9f73ac07f5a8d448931d3ab625d7a32cb498e125f278e5dcd124bae0,24375881,1770116303,0x860ce7e3b7a8e96df54ef9b733494e0804ef0ce5,0xb90aa6ad4e00d9201d3c26610a5ef7f0456eecd2,0xa15a53b5b8e2e5ef1052f5cfe3f715754ca53598,1.026167,1.0261672652642382,1.0261672652642382,,0.8978687766514472
0xab1ad116ef0ba4e97afb1ab914263f8a88b08ef11f30361eb9a61e9da419e89f,24375888,1770116387,0x860ce7e3b7a8e96df54ef9b733494e0804ef0ce5,0xbbc133749e308694277aaa82ac780eb8aaed77f6,0x8aac198a3013e78dce158231fe69faece4a17803,1.026167,1.0261672652642382,1.0261672652642382,,0.8978687766514472
0x117add36d165420b8ebce1e8783ee1d1f1e5b5b20f73fa0def3fb42c76063cc6,24376419,1770122795,0x11b0f28028e3659c1ae18e153625c4f1c95698c8,0x902367430ad1618a7bba2c3ab6c92bbe05f26a17,0xa777e4260cebe62aeecfbfd9a27339fea8020060,1.0,1.04384133611691,1.04384133611691,,0.8326036949784997
0x86940c8ee12fcf1a32a1926484055aae2acec63b29b9146518a26ddab80594f0,24376553,1770124403,0x4c2401b490cec2ac30f54c9c4f3c65c2677ae07f,0x902367430ad1618a7bba2c3ab6c92bbe05f26a17,0x0000006094141cd5d88b13aa8845dc34e9b1c3a0,1.026167,1.0261672652642382,1.0261672652642382,,0.8978687766514472
0x82e9273f8cd40cddf2e89f0e8f7ac3c60253807d9d16b0355978d4efd725b6e7,24377736,1770138695,0x11b0f28028e3659c1ae18e153625c4f1c95698c8,0xbbc133749e308694277aaa82ac780eb8aaed77f6,0xb87346c8f7e4e56fbe34ba7c82caf783bc304adc,1.043753,1.04384133611691,1.04384133611691,,0.8326036949784997
0x3e70c3d1634e7b4fe6cebf671bb4e40e59a02d8a92de5977e1f6681bcc766690,24377756,1770138935,0xf2b653f65bb2ebd06a04d6c6d8b306e709d9c646,0xf00001968c1d6196d3d0553030c7af8d1905dcbb,0x1f9c50b4d59cd2d16bdbdcbca6f17f39237415b3,1.043841,1.04384133611691,1.04384133611691,,0.8326036949784997
0x9383ce2bfa07b947802286f43ede7df774ac26c97ecfd3682fc04f92d9507aec,24377889,1770140543,0xf2b653f65bb2ebd06a04d6c6d8b306e709d9c646,0xe08d97e151473a848c3d9ca3f323cb720472d015,0x1f9c50b4d59cd2d16bdbdcbca6f17f39237415b3,1.043841,1.04384133611691,1.04384133611691,,0.8326036949784997
0x5b97671c9815eb65e424866e437d54ba7f9381e42467b607cbb68fb0901290b1,24377890,1770140555,0xf2b653f65bb2ebd06a04d6c6d8b306e709d9c646,0xe08d97e151473a848c3d9ca3f323cb720472d015,0x1f9c50b4d59cd2d16bdbdcbca6f17f39237415b3,1.043841,1.04384133611691,1.04384133611691,,0.8326036949784997
0xfd2017c2f2f3333e7711ba622a9fa631b8d91ea9d76506d5b82fa677ad454504,24377890,1770140555,0xf2b653f65bb2ebd06a04d6c6d8b306e709d9c646,0xe08d97e151473a848c3d9ca3f323cb720472d015,0x1f9c50b4d59cd2d16bdbdcbca6f17f39237415b3,1.043841,1.04384133611691,1.04384133611691,,0.8326036949784997
0xe2d4c7dfc25beab9a0e7f5982a810ed2ede8c7963f12461fdbd0a95b081d7d0b,24377910,1770140795,0x11b0f28028e3659c1ae18e153625c4f1c95698c8,0xbbc133749e308694277aaa82ac780eb8aaed77f6,0xb87346c8f7e4e56fbe34ba7c82caf783bc304adc,1.043786,1.04384133611691,1.04384133611691,,0.8326036949784997
0xaee77127e0b90d08224db727d2547c7c9566bf2bf7c22ee791e66376b0a8227b,24377957,1770141359,0xf2b653f65bb2ebd06a04d6c6d8b306e709d9c646,0xe08d97e151473a848c3d9ca3f323cb720472d015,0x1f9c50b4d59cd2d16bdbdcbca6f17f39237415b3,1.049696,1.04384133611691,1.04384133611691,,0.8326036949784997
0xc4ca1ff82b22c35d5ac6f8427d1204ec629ac9ff00c679c048035b4946f8bd4f,24377957,1770141359,0xf2b653f65bb2ebd06a04d6c6d8b306e709d9c646,0xe08d97e151473a848c3d9ca3f323cb720472d015,0x1f9c50b4d59cd2d16bdbdcbca6f17f39237415b3,1.049696,1.04384133611691,1.04384133611691,,0.8326036949784997
0xa65e28d47ae300e04db877252a2bd6872d2dd61989286ee30ed047877323dff4,24377957,1770141359,0xf2b653f65bb2ebd06a04d6c6d8b306e709d9c646,0xe08d97e151473a848c3d9ca3f323cb720472d015,0x1f9c50b4d59cd2d16bdbdcbca6f17f39237415b3,1.049696,1.04384133611691,1.04384133611691,,0.8326036949784997
0xb202baa5350570fbdccd7e2118b4493dc33015eb95d562a64cd52c1a2652788a,24377957,1770141359,0xf2b653f65bb2ebd06a04d6c6d8b306e709d9c646,0xe08d97e151473a848c3d9ca3f323cb720472d015,0x1f9c50b4d59cd2d16bdbdcbca6f17f39237415b3,1.049696,1.04384133611691,1.04384133611691,,0.8326036949784997
0x7c3a3223c91f9a9f20c053fe393d23e047223ca320a8f135a5a07c65c51e65b1,24377957,1770141359,0xf2b653f65bb2ebd06a04d6c6d8b306e709d9c646,0xe08d97e151473a848c3d9ca3f323cb720472d015,0x1f9c50b4d59cd2d16bdbdcbca6f17f39237415b3,1.049696,1.04384133611691,1.04384133611691,,0.8326036949784997
0xf19d650ce669e2baae363b88255f05f03b3b2a42926f5ad541a1ed0e0f6bd113,24377957,1770141359,0xf2b653f65bb2ebd06a04d6c6d8b306e709d9c646,0xe08d97e151473a848c3d9ca3f323cb720472d015,0x1f9c50b4d59cd2d16bdbdcbca6f17f39237415b3,1.049696,1.04384133611691,1.04384133611691,,0.8326036949784997
0xa3d28e67d9e05b8085cd5f301cb4f7b89b1d98a75a491bd0b29ac1be24869f55,24377957,1770141359,0xf2b653f65bb2ebd06a04d6c6d8b306e709d9c646,0xe08d97e151473a848c3d9ca3f323cb720472d015,0x1f9c50b4d59cd2d16bdbdcbca6f17f39237415b3,1.049696,1.04384133611691,1.04384133611691,,0.8326036949784997
0xc32e0b174433525d7ecc02b0a1efbba1a565a8061818b3e3a8cbe7576754c381,24377957,1770141359,0xf2b653f65bb2ebd06a04d6c6d8b306e709d9c646,0xe08d97e151473a848c3d9ca3f323cb720472d015,0x1f9c50b4d59cd2d16bdbdcbca6f17f39237415b3,1.049696,1.04384133611691,1.04384133611691,,0.8326036949784997
0xe48d6966e52f8cdfa855174b9b256de71de999bbbc7f126bc9c5af0ec89d5d2f,24377957,1770141359,0xf2b653f65bb2ebd06a04d6c6d8b306e709d9c646,0xe08d97e151473a848c3d9ca3f323cb720472d015,0x1f9c50b4d59cd2d16bdbdcbca6f17f39237415b3,1.049696,1.04384133611691,1.04384133611691,,0.8326036949784997
0xd195b73b1323692dbe70a4ce4dace6fdcae0b57cba136ba27f2dae35db65d625,24377957,1770141359,0xf2b653f65bb2ebd06a04d6c6d8b306e709d9c646,0xe08d97e151473a848c3d9ca3f323cb720472d015,0x1f9c50b4d59cd2d16bdbdcbca6f17f39237415b3,1.049696,1.04384133611691,1.04384133611691,,0.8326036949784997
0x67e082428647cc2c572bfc7952720c8d50654a588bfe7cacff1ebad3f96dbe9f,24377959,1770141383,0xbfa7f9c1983ae40738ea0f128e58aa704461aa3a,0xafc846603021dc404bb9966e5f10485485e553ba,0x721e3b6e8c3f8ef3d1a7605700cb3ba027ef8eba,1.043841,1.04384133611691,1.04384133611691,,0.8326036949784997
0x12aaf3fc8c532fb8b636dc60bb45d7ae289dee729cbe1c725391050c2dd72fac,24378062,1770142619,0x11b0f28028e3659c1ae18e153625c4f1c95698c8,0xbbc133749e308694277aaa82ac780eb8aaed77f6,0xb87346c8f7e4e56fbe34ba7c82caf783bc304adc,1.043802,1.04384133611691,1.04384133611691,,0.8326036949784997
0xca911ff3709a906f01708d9cc6aef7c5b0815fd8312052d345c52c91f11e5e71,24378091,1770142979,0xf2b653f65bb2ebd06a04d6c6d8b306e709d9c646,0xf00001968c1d6196d3d0553030c7af8d1905dcbb,0x1f9c50b4d59cd2d16bdbdcbca6f17f39237415b3,1.043841,1.04384133611691,1.04384133611691,,0.8326036949784997
0x0ab90c5965675fe62c41e6e14f87aa5638ece83a547e54a4fcd781f97f03c9a1,24378091,1770142979,0xbfa7f9c1983ae40738ea0f128e58aa704461aa3a,0xa000016d11e045500240e2dfb9938c226e8a873c,0xaec4ee9a108304fcc5cdc323d8a2a1d331c342b7,1.043841,1.04384133611691,1.04384133611691,,0.8326036949784997
0x654f59cdef093a3776f41e0634944e23bc0a6eb50f2b23adf73a0b3b40979034,24378094,1770143015,0xbfa7f9c1983ae40738ea0f128e58aa704461aa3a,0xf00001968c1d6196d3d0553030c7af8d1905dcbb,0x721e3b6e8c3f8ef3d1a7605700cb3ba027ef8eba,1.043841,1.04384133611691,1.04384133611691,,0.8326036949784997
0xc074dc6686d8e67b3b97cfb265eea4d88ffb181394f0051cbd45a921486307a5,24378098,1770143063,0xa28ee7ec4756b4c3340c30a8c8cb8bd708e1dcdc,0xf00001968c1d6196d3d0553030c7af8d1905dcbb,0x721e3b6e8c3f8ef3d1a7605700cb3ba027ef8eba,1.043841,1.04384133611691,1.04384133611691,,0.8326036949784997
0xdd66a7afecee354362a32bf073edada690a73c809a434d88210a651e55db18a0,24378098,1770143063,0xa28ee7ec4756b4c3340c30a8c8cb8bd708e1dcdc,0xf00001968c1d6196d3d0553030c7af8d1905dcbb,0x4e31820791ff065f69ef0054711ea8a073e5eba9,1.043841,1.04384133611691,1.04384133611691,,0.8326036949784997
0x1a4e068ae8172adb4ed2235a987db309bb69c16275896e39f00cc2aa5a343404,24378098,1770143063,0xa28ee7ec4756b4c3340c30a8c8cb8bd708e1dcdc,0xf00001968c1d6196d3d0553030c7af8d1905dcbb,0xad95973c72045cd05b9ddaa2b27cf65f578e339e,1.043841,1.04384133611691,1.04384133611691,,0.8326036949784997
0x9906b13b44532b49198670bbcc8e307507bce3e404a5fe355efe5786dd406958,24378098,1770143063,0xa28ee7ec4756b4c3340c30a8c8cb8bd708e1dcdc,0xa000016d11e045500240e2dfb9938c226e8a873c,0x163d2d8fb1ca05bfddbacd065b0172dc0255a37b,1.043841,1.04384133611691,1.04384133611691,,0.8326036949784997
0xc7be6a159683e804bd421c1ac8d68753da5a0a6c906ef9c239a6c37ecbc2672e,24378100,1770143087,0x11b0f28028e3659c1ae18e153625c4f1c95698c8,0xf00001968c1d6196d3d0553030c7af8d1905dcbb,0x21e39af4f3a2f06cf89dc13155dbd6e2f7576bbf,1.043841,1.04384133611691,1.04384133611691,,0.8326036949784997
0x6479ad6fa0bbf1e2a5c0997cac15ec8f5733a547299ecafc508321fe9b2674cd,24378101,1770143099,0xbfa7f9c1983ae40738ea0f128e58aa704461aa3a,0xe08d97e151473a848c3d9ca3f323cb720472d015,0xd0cae02373c612e7fa2643f6742d5264685d2c75,1.043841,1.04384133611691,1.04384133611691,,0.8326036949784997
0x60c6bb6bd224790607ff1e28ea8b3298beb9ba680bac34b928b4cf5526f9913e,24378107,1770143171,0xa28ee7ec4756b4c3340c30a8c8cb8bd708e1dcdc,0xe08d97e151473a848c3d9ca3f323cb720472d015,0x721e3b6e8c3f8ef3d1a7605700cb3ba027ef8eba,1.043841,1.04384133611691,1.04384133611691,,0.8326036949784997
0xfcd55000f291202bc2e7da30e8f80983ff807d88a4c0ac0e6f66c6826e2a59cf,24378107,1770143171,0xa28ee7ec4756b4c3340c30a8c8cb8bd708e1dcdc,0xe08d97e151473a848c3d9ca3f323cb720472d015,0x721e3b6e8c3f8ef3d1a7605700cb3ba027ef8eba,1.043841,1.04384133611691,1.04384133611691,,0.8326036949784997
0xee8bf130b1780c136cc599f18e459a9d95258a5dfeac79196ca02630e1a3f52c,24378107,1770143171,0xbfa7f9c1983ae40738ea0f128e58aa704461aa3a,0xe08d97e151473a848c3d9ca3f323cb720472d015,0x721e3b6e8c3f8ef3d1a7605700cb3ba027ef8eba,1.043841,1.04384133611691,1.04384133611691,,0.8326036949784997
0x28f3147c428ec557bf31d300dcaa3a0f219a502b8e2cb0014858e80a67afba37,24378107,1770143171,0xa28ee7ec4756b4c3340c30a8c8cb8bd708e1dcdc,0xe08d97e151473a848c3d9ca3f323cb720472d015,0x4e31820791ff065f69ef0054711ea8a073e5eba9,1.043841,1.04384133611691,1.04384133611691,,0.8326036949784997
0x76fb27c6752ee2e82ae37728adbe521c6f2a60b892600aa5c1dcd11aea65be14,24378107,1770143171,0xa28ee7ec4756b4c3340c30a8c8cb8bd708e1dcdc,0xe08d97e151473a848c3d9ca3f323cb720472d015,0x4e31820791ff065f69ef0054711ea8a073e5eba9,1.043841,1.04384133611691,1.04384133611691,,0.8326036949784997
0x3e6d5d368949a9933e195c66b9a0beb84b2a29cc52350040310ab625468f8e6a,24378107,1770143171,0xf2b653f65bb2ebd06a04d6c6d8b306e709d9c646,0xe08d97e151473a848c3d9ca3f323cb720472d015,0x1f9c50b4d59cd2d16bdbdcbca6f17f39237415b3,1.043841,1.04384133611691,1.04384133611691,,0.8326036949784997
0x34d8d55989433f095e9b473c08c1d7b8ce2bef562d29c20b62c95527466d72d6,24378108,1770143183,0xa28ee7ec4756b4c3340c30a8c8cb8bd708e1dcdc,0x339c0db4a0030c88b4a48aafe56cdba23c8d4338,0x721e3b6e8c3f8ef3d1a7605700cb3ba027ef8eba,1.043841,1.04384133611691,1.04384133611691,,0.8326036949784997
0x3d1c8e531adc834a9a1b84eab10cf4361e9eb205fd4d68491d1656736fa4dee7,24378108,1770143183,0xa28ee7ec4756b4c3340c30a8c8cb8bd708e1dcdc,0xf00001968c1d6196d3d0553030c7af8d1905dcbb,0xad95973c72045cd05b9ddaa2b27cf65f578e339e,1.043841,1.04384133611691,1.04384133611691,,0.8326036949784997
0x1e8a86ecbab23adb5b9d22d3c165c730ca173449e74f2daa5e12c13d490ba8a4,24378109,1770143195,0xf2b653f65bb2ebd06a04d6c6d8b306e709d9c646,0xf00001968c1d6196d3d0553030c7af8d1905dcbb,0x1f9c50b4d59cd2d16bdbdcbca6f17f39237415b3,1.043841,1.04384133611691,1.04384133611691,,0.8326036949784997
0xcc81f7b4cd5839cba35ccbc578bbe7d5887a7ccadcd30eef59f937ce1b866ab1,24378109,1770143195,0xa28ee7ec4756b4c3340c30a8c8cb8bd708e1dcdc,0xf00001968c1d6196d3d0553030c7af8d1905dcbb,0x721e3b6e8c3f8ef3d1a7605700cb3ba027ef8eba,1.043841,1.04384133611691,1.04384133611691,,0.8326036949784997
0xc070c7d09ce8e2811bc62e294b32a5e6151d3b6b4a28344901d5a2414e68265b,24378109,1770143195,0xa28ee7ec4756b4c3340c30a8c8cb8bd708e1dcdc,0xf00001968c1d6196d3d0553030c7af8d1905dcbb,0x4e31820791ff065f69ef0054711ea8a073e5eba9,1.043841,1.04384133611691,1.04384133611691,,0.8326036949784997
0xf0d064c8b1dc2fffafba7c87bb2f20941440f23355d8b4affb5a5534f113e898,24378109,1770143195,0xa28ee7ec4756b4c3340c30a8c8cb8bd708e1dcdc,0xd2306a7187fe8b0c0dee59b50fdc438d2075d24c,0x163d2d8fb1ca05bfddbacd065b0172dc0255a37b,1.043841,1.04384133611691,1.04384133611691,,0.8326036949784997
0xb333e5163eddfe8954d23e8deb76fb1d039163d52774f17e3fbd1c4f56d98442,24378109,1770143195,0xa28ee7ec4756b4c3340c30a8c8cb8bd708e1dcdc,0xd2306a7187fe8b0c0dee59b50fdc438d2075d24c,0x163d2d8fb1ca05bfddbacd065b0172dc0255a37b,1.043841,1.04384133611691,1.04384133611691,,0.8326036949784997
0xcbd6601997bc22273a3c45a25c7babdbd2552cc05f27b6531a271a69d0d323f1,24378110,1770143207,0xbfa7f9c1983ae40738ea0f128e58aa704461aa3a,0xf00001968c1d6196d3d0553030c7af8d1905dcbb,0xaec4ee9a108304fcc5cdc323d8a2a1d331c342b7,1.043841,1.04384133611691,1.04384133611691,,0.8326036949784997
0xcaa8390870f7f8f339df878b40ca43b533374b9f5510a8d8da0beb2101f07c3f,24378111,1770143219,0xbfa7f9c1983ae40738ea0f128e58aa704461aa3a,0xe08d97e151473a848c3d9ca3f323cb720472d015,0xd0cae02373c612e7fa2643f6742d5264685d2c75,1.043841,1.04384133611691,1.04384133611691,,0.8326036949784997
0xee738c08e60bf12e033c52184149bec73158c5e98b52ec739ced9d515944e441,24378111,1770143219,0xbfa7f9c1983ae40738ea0f128e58aa704461aa3a,0xe08d97e151473a848c3d9ca3f323cb720472d015,0xd0cae02373c612e7fa2643f6742d5264685d2c75,1.043841,1.04384133611691,1.04384133611691,,0.8326036949784997
0xd38279f5af9ce059ee3f67c318f43e8876630043c33f3294293d01559b3ad709,24378114,1770143255,0x0e09ce5c48b48bf72bb667715cbe6977489042cb,0xf00001968c1d6196d3d0553030c7af8d1905dcbb,0x163d2d8fb1ca05bfddbacd065b0172dc0255a37b,1.043841,1.04384133611691,1.04384133611691,,0.8326036949784997
0x1465caf311b179486a8b0cd06cd092cf5a07735757eef720653504b8ec3ab791,24378179,1770144035,0xbfa7f9c1983ae40738ea0f128e58aa704461aa3a,0x00000f91109c4d0007e90000d9facad5298a0cac,0xd0cae02373c612e7fa2643f6742d5264685d2c75,1.043841,1.04384133611691,1.04384133611691,,0.8326036949784997
0x722d599d459e18d019cdc347a51f034ec20def21ba6c6dd8f60b27aceeed95ef,24378187,1770144131,0x11b0f28028e3659c1ae18e153625c4f1c95698c8,0xf00001968c1d6196d3d0553030c7af8d1905dcbb,0x21e39af4f3a2f06cf89dc13155dbd6e2f7576bbf,1.043841,1.04384133611691,1.04384133611691,,0.8326036949784997
0xbd43b40fdcaa650f7614dc5aa2764f84e62fc283616b76d73a10443ed0f7b775,24378207,1770144371,0xa28ee7ec4756b4c3340c30a8c8cb8bd708e1dcdc,0xaf682de1f2e6f710731121a05a44cb3c1b511f7d,0x721e3b6e8c3f8ef3d1a7605700cb3ba027ef8eba,1.043841,1.04384133611691,1.04384133611691,,0.8326036949784997
0x544f5dc740aa2ce4787a5410112d16b1a186f0d0bbf0926e61ace74616426ef8,24378207,1770144371,0xa28ee7ec4756b4c3340c30a8c8cb8bd708e1dcdc,0x00000f91109c4d0007e90000d9facad5298a0cac,0xad95973c72045cd05b9ddaa2b27cf65f578e339e,1.043841,1.04384133611691,1.04384133611691,,0.8326036949784997
0xf12cc8173212480f1d3692a2f8c376426d5d0b4692e07d110cd6b106fac60ba1,24378207,1770144371,0xa28ee7ec4756b4c3340c30a8c8cb8bd708e1dcdc,0x00000f91109c4d0007e90000d9facad5298a0cac,0xad95973c72045cd05b9ddaa2b27cf65f578e339e,1.043841,1.04384133611691,1.04384133611691,,0.8326036949784997
0x277a93614f6f18bc4141c7ae51677306d91c8cdb0a1ef476d4a3462364677c8e,24378207,1770144371,0xa28ee7ec4756b4c3340c30a8c8cb8bd708e1dcdc,0x00000f91109c4d0007e90000d9facad5298a0cac,0xad95973c72045cd05b9ddaa2b27cf65f578e339e,1.043841,1.04384133611691,1.04384133611691,,0.8326036949784997
0xc067d9a75f0e33aa1745edadb6cf32eef71ae7a979ed4a3a2e83349a59830f9c,24378207,1770144371,0xa28ee7ec4756b4c3340c30a8c8cb8bd708e1dcdc,0x00000f91109c4d0007e90000d9facad5298a0cac,0xad95973c72045cd05b9ddaa2b27cf65f578e339e,1.043841,1.04384133611691,1.04384133611691,,0.8326036949784997
0xb17c98b029bfc669eb1e526979ce33b6865af2903212e353bf03fcd0521067c7,24378207,1770144371,0xa28ee7ec4756b4c3340c30a8c8cb8bd708e1dcdc,0x00000f91109c4d0007e90000d9facad5298a0cac,0xad95973c72045cd05b9ddaa2b27cf65f578e339e,1.043841,1.04384133611691,1.04384133611691,,0.8326036949784997
0x75e5107de78c59cbefea426842efe956fb35f22373e6c1a0e3d3c3261eb7e00f,24378208,1770144383,0xa28ee7ec4756b4c3340c30a8c8cb8bd708e1dcdc,0xd2306a7187fe8b0c0dee59b50fdc438d2075d24c,0x163d2d8fb1ca05bfddbacd065b0172dc0255a37b,1.043841,1.04384133611691,1.04384133611691,,0.8326036949784997
0x349a528a50c3af54cc26cb4f0be01c64e06ad54ab88a5fc3cb4113e49f38cbca,24378208,1770144383,0xbfa7f9c1983ae40738ea0f128e58aa704461aa3a,0xc31a49d1c4c652af57cefdef248f3c55b801c649,0xd0cae02373c612e7fa2643f6742d5264685d2c75,1.043841,1.04384133611691,1.04384133611691,,0.8326036949784997
0x0f57158efde31eed2a2a958f1644e47e7f259c29010465b23bea3370a7d6fddb,24378209,1770144395,0xf2b653f65bb2ebd06a04d6c6d8b306e709d9c646,0xe08d97e151473a848c3d9ca3f323cb720472d015,0x1f9c50b4d59cd2d16bdbdcbca6f17f39237415b3,1.043841,1.04384133611691,1.04384133611691,,0.8326036949784997
0x24268925ff0a4a4f0103f39896fbdd5d5ccaffdc84224f69d21a61dfe199bab5,24378209,1770144395,0xf2b653f65bb2ebd06a04d6c6d8b306e709d9c646,0xe08d97e151473a848c3d9ca3f323cb720472d015,0x1f9c50b4d59cd2d16bdbdcbca6f17f39237415b3,1.043841,1.04384133611691,1.04384133611691,,0.8326036949784997
0xcc0fd15f26afb970b02ef0f42a4c84b0f4b665e43eccaf8403bda44494968974,24378209,1770144395,0xf2b653f65bb2ebd06a04d6c6d8b306e709d9c646,0xe08d97e151473a848c3d9ca3f323cb720472d015,0x1f9c50b4d59cd2d16bdbdcbca6f17f39237415b3,1.043841,1.04384133611691,1.04384133611691,,0.8326036949784997
0xa43e02e5dd5bf3578fef3fb968c9af338e556a5a74f974585a65fb0442ebdc0a,24378209,1770144395,0xa28ee7ec4756b4c3340c30a8c8cb8bd708e1dcdc,0xe08d97e151473a848c3d9ca3f323cb720472d015,0x163d2d8fb1ca05bfddbacd065b0172dc0255a37b,1.043841,1.04384133611691,1.04384133611691,,0.8326036949784997
0x9b478ab2711b3d7591a3c97807ad71a14f602b2591d036ac04ea4793a4d3cf20,24378209,1770144395,0xa28ee7ec4756b4c3340c30a8c8cb8bd708e1dcdc,0xf00001968c1d6196d3d0553030c7af8d1905dcbb,0xad95973c72045cd05b9ddaa2b27cf65f578e339e,1.043841,1.04384133611691,1.04384133611691,,0.8326036949784997
0xc8dde32defb6888e69490977e47f9b396de0b171eeac0b7434c375aff05ca9ab,24378210,1770144407,0xa28ee7ec4756b4c3340c30a8c8cb8bd708e1dcdc,0xf00001968c1d6196d3d0553030c7af8d1905dcbb,0x4e31820791ff065f69ef0054711ea8a073e5eba9,1.043841,1.04384133611691,1.04384133611691,,0.8326036949784997
0x5684daa045153b9fb8f2a5a8c0fea01a3e1f485daa8266a56053a4da8f1bc5e7,24378210,1770144407,0xbfa7f9c1983ae40738ea0f128e58aa704461aa3a,0xf00001968c1d6196d3d0553030c7af8d1905dcbb,0xaec4ee9a108304fcc5cdc323d8a2a1d331c342b7,1.043841,1.04384133611691,1.04384133611691,,0.8326036949784997
0xacd292322f9630eac0463f708289cbf4ff0abc8b42499fb2fb87fb0cf3179425,24378210,1770144407,0xbfa7f9c1983ae40738ea0f128e58aa704461aa3a,0xf00001968c1d6196d3d0553030c7af8d1905dcbb,0x721e3b6e8c3f8ef3d1a7605700cb3ba027ef8eba,1.043841,1.04384133611691,1.04384133611691,,0.8326036949784997
0xd25a755b2bea7fe929336116f76a0044d28e740d44b904763d48a35f0089d756,24378210,1770144407,0xbfa7f9c1983ae40738ea0f128e58aa704461aa3a,0xf00001968c1d6196d3d0553030c7af8d1905dcbb,0xa96c774dbcdad89ee7872078e58d5168170d684e,1.043841,1.04384133611691,1.04384133611691,,0.8326036949784997
0xeb1e1fd63d784c7dd47e528b08b85e17cb3893062b1f1fefb8abd11f349f425e,24378210,1770144407,0x0e09ce5c48b48bf72bb667715cbe6977489042cb,0xf00001968c1d6196d3d0553030c7af8d1905dcbb,0x163d2d8fb1ca05bfddbacd065b0172dc0255a37b,1.043841,1.04384133611691,1.04384133611691,,0.8326036949784997
0x0c2a6afaf18048a89989365449a2a6af847d5590f3084537057ea4ffec9793c0,24378210,1770144407,0xbfa7f9c1983ae40738ea0f128e58aa704461aa3a,0x00000f91109c4d0007e90000d9facad5298a0cac,0xd0cae02373c612e7fa2643f6742d5264685d2c75,1.043841,1.04384133611691,1.04384133611691,,0.8326036949784997
0x1d0a30fe1530e36ea3f948efb0f5ece2aaad17c7e3b344944eaafc21bd8dec53,24378210,1770144407,0xbfa7f9c1983ae40738ea0f128e58aa704461aa3a,0x00000f91109c4d0007e90000d9facad5298a0cac,0xd0cae02373c612e7fa2643f6742d5264685d2c75,1.043841,1.04384133611691,1.04384133611691,,0.8326036949784997
0x52bf22f66e48f299af06490785ae0cec9a5c092ce230b27cec45b4e818d0ac45,24378211,1770144419,0xbfa7f9c1983ae40738ea0f128e58aa704461aa3a,0xf00001968c1d6196d3d0553030c7af8d1905dcbb,0x721e3b6e8c3f8ef3d1a7605700cb3ba027ef8eba,1.043841,1.04384133611691,1.04384133611691,,0.8326036949784997
0x0ccab665b9f68affcbea2df54519f506e46101eee37226872f106d4d1cb0ca1b,24378224,1770144575,0xa28ee7ec4756b4c3340c30a8c8cb8bd708e1dcdc,0x00000f91109c4d0007e90000d9facad5298a0cac,0x163d2d8fb1ca05bfddbacd065b0172dc0255a37b,1.043841,1.04384133611691,1.04384133611691,,0.8326036949784997
0xb77fe6992594250cbd0ae39cda76b741ae822d085380db700814f56f29f5df51,24378230,1770144647,0xa28ee7ec4756b4c3340c30a8c8cb8bd708e1dcdc,0x00000f91109c4d0007e90000d9facad5298a0cac,0x721e3b6e8c3f8ef3d1a7605700cb3ba027ef8eba,1.043841,1.04384133611691,1.04384133611691,,0.8326036949784997
0xcd8244e0c1ebd3407bd95d70f8967652251a436d203295c246e3397f4acdeaec,24378230,1770144647,0xa28ee7ec4756b4c3340c30a8c8cb8bd708e1dcdc,0x00000f91109c4d0007e90000d9facad5298a0cac,0x721e3b6e8c3f8ef3d1a7605700cb3ba027ef8eba,1.043841,1.04384133611691,1.04384133611691,,0.8326036949784997
0x75c4a200e330874f8b04c9bd195510b403d67156c7b39192d8794a5d9dab1728,24378230,1770144647,0xa28ee7ec4756b4c3340c30a8c8cb8bd708e1dcdc,0x00000f91109c4d0007e90000d9facad5298a0cac,0x721e3b6e8c3f8ef3d1a7605700cb3ba027ef8eba,1.043841,1.04384133611691,1.04384133611691,,0.8326036949784997
0x273fa2d6a5179409419d694b1cb39f53e18ff65feddff316864d10db08e82ebb,24378230,1770144647,0xa28ee7ec4756b4c3340c30a8c8cb8bd708e1dcdc,0x00000f91109c4d0007e90000d9facad5298a0cac,0x721e3b6e8c3f8ef3d1a7605700cb3ba027ef8eba,1.043841,1.04384133611691,1.04384133611691,,0.8326036949784997
0x7f543873de95e96ff8ad01920f3f031443321a328e94bbc78c26ae7667828caf,24378230,1770144647,0xa28ee7ec4756b4c3340c30a8c8cb8bd708e1dcdc,0x00000f91109c4d0007e90000d9facad5298a0cac,0x721e3b6e8c3f8ef3d1a7605700cb3ba027ef8eba,1.043841,1.04384133611691,1.04384133611691,,0.8326036949784997
0xc78f22faca32deb4a60779b24dbcff2fb6812e340ae51c63e395fa12d85cf470,24378230,1770144647,0xa28ee7ec4756b4c3340c30a8c8cb8bd708e1dcdc,0x00000f91109c4d0007e90000d9facad5298a0cac,0xad95973c72045cd05b9ddaa2b27cf65f578e339e,1.043841,1.04384133611691,1.04384133611691,,0.8326036949784997
0x673a493161ff538a82de0f43227a493bb92f9193b694590957f30f9150f1fdbe,24378230,1770144647,0xa28ee7ec4756b4c3340c30a8c8cb8bd708e1dcdc,0x00000f91109c4d0007e90000d9facad5298a0cac,0xad95973c72045cd05b9ddaa2b27cf65f578e339e,1.043841,1.04384133611691,1.04384133611691,,0.8326036949784997
0x2be252cf47c42275255e0e351df7a19d41cd4a4d036058825496f507b3524bd3,24378230,1770144647,0xa28ee7ec4756b4c3340c30a8c8cb8bd708e1dcdc,0x00000f91109c4d0007e90000d9facad5298a0cac,0xad95973c72045cd05b9ddaa2b27cf65f578e339e,1.043841,1.04384133611691,1.04384133611691,,0.8326036949784997
0x706865d782cfd87cf0416f6f8b1738e06c95de48b0eb61e1bab67e8cdfda26ad,24378230,1770144647,0xa28ee7ec4756b4c3340c30a8c8cb8bd708e1dcdc,0x00000f91109c4d0007e90000d9facad5298a0cac,0xad95973c72045cd05b9ddaa2b27cf65f578e339e,1.043841,1.04384133611691,1.04384133611691,,0.8326036949784997
0x0e2bad7174979001e102559c7ab4d12d272f1b2c2e3e084005f918e2c2fabe9c,24378230,1770144647,0xa28ee7ec4756b4c3340c30a8c8cb8bd708e1dcdc,0x00000f91109c4d0007e90000d9facad5298a0cac,0xad95973c72045cd05b9ddaa2b27cf65f578e339e,1.043841,1.04384133611691,1.04384133611691,,0.8326036949784997
0x586d642283bc991764783fb84b2c362ae1c748262c28aa6fe5fe1e65cad6b83d,24378230,1770144647,0xa28ee7ec4756b4c3340c30a8c8cb8bd708e1dcdc,0x00000f91109c4d0007e90000d9facad5298a0cac,0xad95973c72045cd05b9ddaa2b27cf65f578e339e,1.043841,1.04384133611691,1.04384133611691,,0.8326036949784997
0x038450ad85af5a8eb4a5d74ed9fff97efbf7bab96d3ce545f1b8b8a30139cf24,24378230,1770144647,0xa28ee7ec4756b4c3340c30a8c8cb8bd708e1dcdc,0x00000f91109c4d0007e90000d9facad5298a0cac,0x163d2d8fb1ca05bfddbacd065b0172dc0255a37b,1.043841,1.04384133611691,1.04384133611691,,0.8326036949784997
0x30f27decb10caffbc4c427e215bfdbe2c91f0784a2d756c851c54bbdc0e3d224,24378230,1770144647,0xbfa7f9c1983ae40738ea0f128e58aa704461aa3a,0x00000f91109c4d0007e90000d9facad5298a0cac,0x721e3b6e8c3f8ef3d1a7605700cb3ba027ef8eba,1.043841,1.04384133611691,1.04384133611691,,0.8326036949784997
0x640547d558ce2c64b2bdbdb7fb2fdcda7067d549bebe6cc00e2b9ddb40c559e5,24378230,1770144647,0xbfa7f9c1983ae40738ea0f128e58aa704461aa3a,0x00000f91109c4d0007e90000d9facad5298a0cac,0x721e3b6e8c3f8ef3d1a7605700cb3ba027ef8eba,1.043841,1.04384133611691,1.04384133611691,,0.8326036949784997
0x739a55cc951c15774421801dd0cd4ba2eff5a7b9c5348c440e3e9ca43bce7392,24378230,1770144647,0xbfa7f9c1983ae40738ea0f128e58aa704461aa3a,0x00000f91109c4d0007e90000d9facad5298a0cac,0x721e3b6e8c3f8ef3d1a7605700cb3ba027ef8eba,1.043841,1.04384133611691,1.04384133611691,,0.8326036949784997
0xb6d5c23f82b1c8ad5249585e32c5b5e6c4612482b176eb0ca92a4a3709c04e1b,24378230,1770144647,0xbfa7f9c1983ae40738ea0f128e58aa704461aa3a,0x00000f91109c4d0007e90000d9facad5298a0cac,0x721e3b6e8c3f8ef3d1a7605700cb3ba027ef8eba,1.043841,1.04384133611691,1.04384133611691,,0.8326036949784997
0x1e1c3a54cc147d4ef546a9ee0445076b23aa1ae4114c7e911f778691a87bb090,24378230,1770144647,0xbfa7f9c1983ae40738ea0f128e58aa704461aa3a,0x00000f91109c4d0007e90000d9facad5298a0cac,0x721e3b6e8c3f8ef3d1a7605700cb3ba027ef8eba,1.043841,1.04384133611691,1.04384133611691,,0.8326036949784997
0x0ba2c54c1dd1a0091be8174aab6ff6c1b0972ab667da05cdb7fe2438ed84a297,24378230,1770144647,0xbfa7f9c1983ae40738ea0f128e58aa704461aa3a,0x00000f91109c4d0007e90000d9facad5298a0cac,0xd0cae02373c612e7fa2643f6742d5264685d2c75,1.043841,1.04384133611691,1.04384133611691,,0.8326036949784997
0x6ec07050c9e37272d91b05c4d8af7d0bbdf1884b13003f42b70e1f5545117a3d,24378231,1770144659,0xa28ee7ec4756b4c3340c30a8c8cb8bd708e1dcdc,0xd2306a7187fe8b0c0dee59b50fdc438d2075d24c,0x4e31820791ff065f69ef0054711ea8a073e5eba9,1.043841,1.04384133611691,1.04384133611691,,0.8326036949784997
0x61f6fef939b24cea4bd2c6213a2302630403696c7c4830b7442748a8bb516ef8,24378231,1770144659,0xbfa7f9c1983ae40738ea0f128e58aa704461aa3a,0xd2306a7187fe8b0c0dee59b50fdc438d2075d24c,0xaec4ee9a108304fcc5cdc323d8a2a1d331c342b7,1.043841,1.04384133611691,1.04384133611691,,0.8326036949784997
0x0fed24af9b078ff103b00b8ce0cb70a553e6364dbbfba01eb7991d22be5472c6,24378231,1770144659,0xbfa7f9c1983ae40738ea0f128e58aa704461aa3a,0xd2306a7187fe8b0c0dee59b50fdc438d2075d24c,0xa96c774dbcdad89ee7872078e58d5168170d684e,1.043841,1.04384133611691,1.04384133611691,,0.8326036949784997
0x449e8208186f31fa224b2d2732be85c85a557bef2e82e6eb6bc27b0ee19a3867,24378231,1770144659,0x0e09ce5c48b48bf72bb667715cbe6977489042cb,0xd2306a7187fe8b0c0dee59b50fdc438d2075d24c,0x163d2d8fb1ca05bfddbacd065b0172dc0255a37b,1.043841,1.04384133611691,1.04384133611691,,0.8326036949784997
0x8517f438e5471bb92779dad71ced9cd62d9154ad47a9f7725a256c83610e9b6c,24378231,1770144659,0xbfa7f9c1983ae40738ea0f128e58aa704461aa3a,0xd2306a7187fe8b0c0dee59b50fdc438d2075d24c,0x721e3b6e8c3f8ef3d1a7605700cb3ba027ef8eba,1.043841,1.04384133611691,1.04384133611691,,0.8326036949784997
0x52cae449f8f4d460535d537d94ffdc935ec12e8490294a3b5387cf9ddb557b5a,24378231,1770144659,0xf2b653f65bb2ebd06a04d6c6d8b306e709d9c646,0xf00001968c1d6196d3d0553030c7af8d1905dcbb,0x1f9c50b4d59cd2d16bdbdcbca6f17f39237415b3,1.043841,1.04384133611691,1.04384133611691,,0.8326036949784997
0x0909791e284f9f9bb971c5f59e92a45951334d44a87da8aa8cbe84e195cbf8a9,24378231,1770144659,0xa28ee7ec4756b4c3340c30a8c8cb8bd708e1dcdc,0xf00001968c1d6196d3d0553030c7af8d1905dcbb,0x721e3b6e8c3f8ef3d1a7605700cb3ba027ef8eba,1.043841,1.04384133611691,1.04384133611691,,0.8326036949784997
0x05c591794db34800d91a15e56c00eb6a0c2965831247fb6f70492a945b83f0de,24378231,1770144659,0xbfa7f9c1983ae40738ea0f128e58aa704461aa3a,0x00000f91109c4d0007e90000d9facad5298a0cac,0x721e3b6e8c3f8ef3d1a7605700cb3ba027ef8eba,1.043841,1.04384133611691,1.04384133611691,,0.8326036949784997
0x1395b31915e871b35c0a745925a4f48fdf6a551b10f3d324d67c399cfa523fd5,24378231,1770144659,0xa28ee7ec4756b4c3340c30a8c8cb8bd708e1dcdc,0xaf682de1f2e6f710731121a05a44cb3c1b511f7d,0x163d2d8fb1ca05bfddbacd065b0172dc0255a37b,1.04384,1.04384133611691,1.04384133611691,,0.8326036949784997
0x7072c119534c3a40a9f9eec618b5acf1001eeda4bd7820552fb39ad0ee312236,24378232,1770144671,0xbfa7f9c1983ae40738ea0f128e58aa704461aa3a,0x00000f91109c4d0007e90000d9facad5298a0cac,0xa96c774dbcdad89ee7872078e58d5168170d684e,1.043841,1.04384133611691,1.04384133611691,,0.8326036949784997
0x47d82be19d9c357490c4bea25618f5c4a5d664a45161a972ccf6ef4dbd58ca46,24378234,1770144695,0xbfa7f9c1983ae40738ea0f128e58aa704461aa3a,0xf00001968c1d6196d3d0553030c7af8d1905dcbb,0x10a132b6feed4998f9011ffd6dbe3e2413614245,1.043841,1.04384133611691,1.04384133611691,,0.8326036949784997
0x9681b5c6880c86a4b2745b63cf04f8bcc99b9abf1c752d379d631568f5f764e4,24378234,1770144695,0xbfa7f9c1983ae40738ea0f128e58aa704461aa3a,0x00000f91109c4d0007e90000d9facad5298a0cac,0xd0cae02373c612e7fa2643f6742d5264685d2c75,1.043841,1.04384133611691,1.04384133611691,,0.8326036949784997
0xff68a84553b101291daf6b8917ffd3dbedbc919c1cacd6ea1e20f6ef61f89407,24378234,1770144695,0xbfa7f9c1983ae40738ea0f128e58aa704461aa3a,0x00000f91109c4d0007e90000d9facad5298a0cac,0xa96c774dbcdad89ee7872078e58d5168170d684e,1.043841,1.04384133611691,1.04384133611691,,0.8326036949784997
0xc4b1efc8b50a944479720c5b92d4f9d119ece67418f785621d34c50b09427d0c,24378234,1770144695,0xbfa7f9c1983ae40738ea0f128e58aa704461aa3a,0x00000f91109c4d0007e90000d9facad5298a0cac,0xa96c774dbcdad89ee7872078e58d5168170d684e,1.043841,1.04384133611691,1.04384133611691,,0.8326036949784997
0xf0a90b762a78d20481c625314b4b41ab0b74a60eaa994b801f49cd08f6d0348d,24378234,1770144695,0xbfa7f9c1983ae40738ea0f128e58aa704461aa3a,0x00000f91109c4d0007e90000d9facad5298a0cac,0xa96c774dbcdad89ee7872078e58d5168170d684e,1.043841,1.04384133611691,1.04384133611691,,0.8326036949784997
0x08eae4122e9ce7e48446380b7a5745c32a65eac16a68e1717a171d5f615c2d15,24378237,1770144731,0xa28ee7ec4756b4c3340c30a8c8cb8bd708e1dcdc,0xf00001968c1d6196d3d0553030c7af8d1905dcbb,0x4e31820791ff065f69ef0054711ea8a073e5eba9,1.043841,1.04384133611691,1.04384133611691,,0.8326036949784997
0x5f59bf04c1c1ba07985a120612ffab37a9c0def595680df9da2b4494f84bf62c,24378302,1770145511,0xbfa7f9c1983ae40738ea0f128e58aa704461aa3a,0x00000f91109c4d0007e90000d9facad5298a0cac,0xd0cae02373c612e7fa2643f6742d5264685d2c75,1.043841,1.04384133611691,1.04384133611691,,0.8326036949784997
0x656015a1083bdf1819453fa5a0321378d401d8f9e93871ee29c6f50feb0337b9,24379447,1770159395,0x860ce7e3b7a8e96df54ef9b733494e0804ef0ce5,0xb90aa6ad4e00d9201d3c26610a5ef7f0456eecd2,0xe573768b1a01bf81dca597e5460daa4f63d6beb9,1.026167,1.0261672652642382,1.0261672652642382,,0.8978687766514472
0x5db39e693387f676ac96106c0bed16c70b3425a218c6c49e2992f520f715f96e,24379459,1770159539,0x860ce7e3b7a8e96df54ef9b733494e0804ef0ce5,0xb90aa6ad4e00d9201d3c26610a5ef7f0456eecd2,0xa15a53b5b8e2e5ef1052f5cfe3f715754ca53598,1.026167,1.0261672652642382,1.0261672652642382,,0.8978687766514472
0x71d7fbe7a36ebde9a3dce1c84ff97ef82a808200f951027b28e0b9d327a01f1b,24379871,1770164507,0x860ce7e3b7a8e96df54ef9b733494e0804ef0ce5,0xbbc133749e308694277aaa82ac780eb8aaed77f6,0x8aac198a3013e78dce158231fe69faece4a17803,1.026167,1.0261672652642382,1.0261672652642382,,0.8978687766514472
0x48ccdea7cabce28e4cc22cc68135a79c1352296cea3e647105f6c95ac98cf6d9,24382993,1770202127,0x860ce7e3b7a8e96df54ef9b733494e0804ef0ce5,0xb90aa6ad4e00d9201d3c26610a5ef7f0456eecd2,0xe573768b1a01bf81dca597e5460daa4f63d6beb9,1.026167,1.0261672652642382,1.0261672652642382,,0.8978687766514472
0x545f5c215451a7394098e4e1a51719b08cf2884e5f684c68c092563fe292116c,24382994,1770202139,0x860ce7e3b7a8e96df54ef9b733494e0804ef0ce5,0xb90aa6ad4e00d9201d3c26610a5ef7f0456eecd2,0xa15a53b5b8e2e5ef1052f5cfe3f715754ca53598,1.026167,1.0261672652642382,1.0261672652642382,,0.8978687766514472
0x5fdfcb4ae5f6e00f7f070ddeec8593b5cdeb72249817daedfc3107b7e45a861f,24383266,1770205403,0x860ce7e3b7a8e96df54ef9b733494e0804ef0ce5,0xbbc133749e308694277aaa82ac780eb8aaed77f6,0x8aac198a3013e78dce158231fe69faece4a17803,1.026167,1.0261672652642382,1.0261672652642382,,0.8978687766514472
0xdd6d9c0271adb817ed0509eca3fa3a6c92df51412e65375498723426355125ca,24384267,1770217463,0x11b0f28028e3659c1ae18e153625c4f1c95698c8,0x902367430ad1618a7bba2c3ab6c92bbe05f26a17,0xdb6990da6a4ce716d778bcf5e3e09bcfc5d4439c,1.043841,1.04384133611691,1.04384133611691,,0.8326036949784997
0xa792a1e4160017c47f7fbaf101e2340cf38e4910399c7cb298354d501f5062fe,24384282,1770217643,0x11b0f28028e3659c1ae18e153625c4f1c95698c8,0xbbc133749e308694277aaa82ac780eb8aaed77f6,0xb87346c8f7e4e56fbe34ba7c82caf783bc304adc,1.043782,1.04384133611691,1.04384133611691,,0.8326036949784997
0x7f8271f48bbc477aaee2c251750ffa106855804181c894cd88084a297958d9d6,24384601,1770221495,0x11b0f28028e3659c1ae18e153625c4f1c95698c8,0x902367430ad1618a7bba2c3ab6c92bbe05f26a17,0xdb6990da6a4ce716d778bcf5e3e09bcfc5d4439c,1.043841,1.04384133611691,1.04384133611691,,0.8326036949784997
0x349f5970bc82170116de4112bff3430ba5e1e4e2f13fae37a8a9774096fbb403,24384603,1770221519,0x11b0f28028e3659c1ae18e153625c4f1c95698c8,0xbbc133749e308694277aaa82ac780eb8aaed77f6,0xb87346c8f7e4e56fbe34ba7c82caf783bc304adc,1.043803,1.04384133611691,1.04384133611691,,0.8326036949784997
0x4d353ebfef27e3f31d4aaf83ad291ab6df393fbfd9991d96154d9e629f901ea8,24384606,1770221555,0x11b0f28028e3659c1ae18e153625c4f1c95698c8,0xa000016d11e045500240e2dfb9938c226e8a873c,0x21e39af4f3a2f06cf89dc13155dbd6e2f7576bbf,1.043841,1.04384133611691,1.04384133611691,,0.8326036949784997
0x58f625c3badd3407b2265a86cf1a9b12500c444b2eb24aca104bf61dd46d0046,24384737,1770223175,0x11b0f28028e3659c1ae18e153625c4f1c95698c8,0xe08d97e151473a848c3d9ca3f323cb720472d015,0x21e39af4f3a2f06cf89dc13155dbd6e2f7576bbf,1.043841,1.04384133611691,1.04384133611691,,0.8326036949784997
0x66a28cae97802a84240698ae4bf15857c93c089c18e4c1af0adad0e645d1154c,24384737,1770223175,0x11b0f28028e3659c1ae18e153625c4f1c95698c8,0xe08d97e151473a848c3d9ca3f323cb720472d015,0x21e39af4f3a2f06cf89dc13155dbd6e2f7576bbf,1.043841,1.04384133611691,1.04384133611691,,0.8326036949784997
0xf5a31bf1b47d6599b3bfbaba5747de2ead538874d2d56f0a800fb7a1ff64e208,24384737,1770223175,0x11b0f28028e3659c1ae18e153625c4f1c95698c8,0xe08d97e151473a848c3d9ca3f323cb720472d015,0x21e39af4f3a2f06cf89dc13155dbd6e2f7576bbf,1.043841,1.04384133611691,1.04384133611691,,0.8326036949784997
0x75f988db05feedfc78083acec97558a79367b501aade297341ff301ef2c1de59,24384737,1770223175,0x11b0f28028e3659c1ae18e153625c4f1c95698c8,0xe08d97e151473a848c3d9ca3f323cb720472d015,0x21e39af4f3a2f06cf89dc13155dbd6e2f7576bbf,1.043841,1.04384133611691,1.04384133611691,,0.8326036949784997
0xc6b556ba0843cef2f6b3ed060e4b1b3cd70bbec969823e12149a329b1752fe68,24384737,1770223175,0x11b0f28028e3659c1ae18e153625c4f1c95698c8,0xe08d97e151473a848c3d9ca3f323cb720472d015,0x21e39af4f3a2f06cf89dc13155dbd6e2f7576bbf,1.043841,1.04384133611691,1.04384133611691,,0.8326036949784997
0x51701fb0bd418e6fa6763e8b6c8739dcaaf218a79dc5beac6d4edb1a15159efc,24384737,1770223175,0x11b0f28028e3659c1ae18e153625c4f1c95698c8,0xe08d97e151473a848c3d9ca3f323cb720472d015,0x21e39af4f3a2f06cf89dc13155dbd6e2f7576bbf,1.043841,1.04384133611691,1.04384133611691,,0.8326036949784997
0x4981d8d54de865a5a672a9493570436796f6505ac6a46f8e8df27c834fc67a12,24384737,1770223175,0x11b0f28028e3659c1ae18e153625c4f1c95698c8,0xe08d97e151473a848c3d9ca3f323cb720472d015,0x21e39af4f3a2f06cf89dc13155dbd6e2f7576bbf,1.043841,1.04384133611691,1.04384133611691,,0.8326036949784997
0x740110bea516a9cc456c293d0c6765e9d99e53e9a29c938d4160c0349c33fa65,24384740,1770223211,0x11b0f28028e3659c1ae18e153625c4f1c95698c8,0xe08d97e151473a848c3d9ca3f323cb720472d015,0x21e39af4f3a2f06cf89dc13155dbd6e2f7576bbf,1.043841,1.04384133611691,1.04384133611691,,0.8326036949784997
0x4f4669d76e0548465a50229dc2132696b4327585b28f458285e9ccaf02c936ae,24384740,1770223211,0x11b0f28028e3659c1ae18e153625c4f1c95698c8,0xe08d97e151473a848c3d9ca3f323cb720472d015,0xdb6990da6a4ce716d778bcf5e3e09bcfc5d4439c,1.043841,1.04384133611691,1.04384133611691,,0.8326036949784997
0x0707e4f1c6b1e49c008381573df413aa96941f7d818d83ce57e9b40873745554,24384752,1770223355,0x11b0f28028e3659c1ae18e153625c4f1c95698c8,0xbbc133749e308694277aaa82ac780eb8aaed77f6,0xb87346c8f7e4e56fbe34ba7c82caf783bc304adc,1.043781,1.04384133611691,1.04384133611691,,0.8326036949784997
0x1b575a7f1b4214b60a99663af378412bbf988d29a9f5f4c97408ef04a3f7c6fa,24384895,1770225071,0xbfa7f9c1983ae40738ea0f128e58aa704461aa3a,0xe08d97e151473a848c3d9ca3f323cb720472d015,0x721e3b6e8c3f8ef3d1a7605700cb3ba027ef8eba,1.043841,1.04384133611691,1.04384133611691,,0.8326036949784997
0x8e57c74e3da45e52ceca09362ccc941180d81757cd9ff73d2c88c23909eb604b,24384895,1770225071,0xbfa7f9c1983ae40738ea0f128e58aa704461aa3a,0xe08d97e151473a848c3d9ca3f323cb720472d015,0x721e3b6e8c3f8ef3d1a7605700cb3ba027ef8eba,1.043841,1.04384133611691,1.04384133611691,,0.8326036949784997
0x6d7d8465ad60e66bb00fc37acbd74ab9a662431bb5c07e1f4ce61d2ff300d4f9,24384895,1770225071,0xbfa7f9c1983ae40738ea0f128e58aa704461aa3a,0xe08d97e151473a848c3d9ca3f323cb720472d015,0x721e3b6e8c3f8ef3d1a7605700cb3ba027ef8eba,1.043841,1.04384133611691,1.04384133611691,,0.8326036949784997
0x38c43dbbc0c9867d0d080cb86d9d729630ef73b46c9872e4125c24614c830037,24384895,1770225071,0xbfa7f9c1983ae40738ea0f128e58aa704461aa3a,0xe08d97e151473a848c3d9ca3f323cb720472d015,0x721e3b6e8c3f8ef3d1a7605700cb3ba027ef8eba,1.043841,1.04384133611691,1.04384133611691,,0.8326036949784997
0x8e35cf6d84a05cff097ec3b2e6792385cd7a1d86e0cd4768d509e5510d551ed8,24384895,1770225071,0xbfa7f9c1983ae40738ea0f128e58aa704461aa3a,0xe08d97e151473a848c3d9ca3f323cb720472d015,0x721e3b6e8c3f8ef3d1a7605700cb3ba027ef8eba,1.043841,1.04384133611691,1.04384133611691,,0.8326036949784997
0x45f5ceb8bf846958d9b51cc3ca6cf15cc71f79f43be324732f743b7fa825a759,24384895,1770225071,0xbfa7f9c1983ae40738ea0f128e58aa704461aa3a,0xe08d97e151473a848c3d9ca3f323cb720472d015,0x721e3b6e8c3f8ef3d1a7605700cb3ba027ef8eba,1.043841,1.04384133611691,1.04384133611691,,0.8326036949784997
0x076ea6b6c4f219abd6008f227b674a5cce2f7bb9f147472a67e6b28405780591,24384895,1770225071,0xbfa7f9c1983ae40738ea0f128e58aa704461aa3a,0xe08d97e151473a848c3d9ca3f323cb720472d015,0x721e3b6e8c3f8ef3d1a7605700cb3ba027ef8eba,1.043841,1.04384133611691,1.04384133611691,,0.8326036949784997
0x79253b4088ca784d151fc2cba484898969a488f0e92ddae250db906e250474ca,24384895,1770225071,0xbfa7f9c1983ae40738ea0f128e58aa704461aa3a,0xe08d97e151473a848c3d9ca3f323cb720472d015,0x721e3b6e8c3f8ef3d1a7605700cb3ba027ef8eba,1.043841,1.04384133611691,1.04384133611691,,0.8326036949784997
0xc028427fb3eb8a2ed9b1ba5eb716df8807adc44d7ec0968588d7739533c5a85e,24384895,1770225071,0xbfa7f9c1983ae40738ea0f128e58aa704461aa3a,0xe08d97e151473a848c3d9ca3f323cb720472d015,0x721e3b6e8c3f8ef3d1a7605700cb3ba027ef8eba,1.043841,1.04384133611691,1.04384133611691,,0.8326036949784997
0x25da1aaa0a8007aaa629e8e59a2cbb8d67ce454359e82510a11dab6df58e6840,24384895,1770225071,0xbfa7f9c1983ae40738ea0f128e58aa704461aa3a,0xe08d97e151473a848c3d9ca3f323cb720472d015,0x721e3b6e8c3f8ef3d1a7605700cb3ba027ef8eba,1.043841,1.04384133611691,1.04384133611691,,0.8326036949784997
0xc53a03032646773800254cb4b18a49a195b1c071b22126dc51c0454127e5021a,24384895,1770225071,0xbfa7f9c1983ae40738ea0f128e58aa704461aa3a,0xe08d97e151473a848c3d9ca3f323cb720472d015,0x721e3b6e8c3f8ef3d1a7605700cb3ba027ef8eba,1.043841,1.04384133611691,1.04384133611691,,0.8326036949784997
0x976a518b320eb60376d0f5cfafa96c237c6107c283dba98ee15783ad48808c2c,24384895,1770225071,0xbfa7f9c1983ae40738ea0f128e58aa704461aa3a,0xe08d97e151473a848c3d9ca3f323cb720472d015,0x721e3b6e8c3f8ef3d1a7605700cb3ba027ef8eba,1.043841,1.04384133611691,1.04384133611691,,0.8326036949784997
0x63045a988c3ce094e3bde45e77bacf37635ff053e4a4320242e75dde6507e8f8,24384895,1770225071,0xbfa7f9c1983ae40738ea0f128e58aa704461aa3a,0xe08d97e151473a848c3d9ca3f323cb720472d015,0x721e3b6e8c3f8ef3d1a7605700cb3ba027ef8eba,1.043841,1.04384133611691,1.04384133611691,,0.8326036949784997
0x179206fcff265edac8eb0f633bb2d95da61c3db21e7be90e08258e0a26a002d5,24384895,1770225071,0xa28ee7ec4756b4c3340c30a8c8cb8bd708e1dcdc,0x00000f91109c4d0007e90000d9facad5298a0cac,0xad95973c72045cd05b9ddaa2b27cf65f578e339e,1.043841,1.04384133611691,1.04384133611691,,0.8326036949784997
0xbc151fe9efc6ec786a7c440827b3861e09398a758bc618f246a2aff0d2cc4511,24384895,1770225071,0xbfa7f9c1983ae40738ea0f128e58aa704461aa3a,0x00000f91109c4d0007e90000d9facad5298a0cac,0xd0cae02373c612e7fa2643f6742d5264685d2c75,1.043841,1.04384133611691,1.04384133611691,,0.8326036949784997
0x1f69da27ed688423edddc2f8ff84eee3f18d79b480ee3290401199f398ec4a57,24384895,1770225071,0xa28ee7ec4756b4c3340c30a8c8cb8bd708e1dcdc,0x00000f91109c4d0007e90000d9facad5298a0cac,0xad95973c72045cd05b9ddaa2b27cf65f578e339e,1.043841,1.04384133611691,1.04384133611691,,0.8326036949784997
0x297915678e1003d9741b6683a3e704029cccccfa6d9f0100094e1e22e4187a2f,24384895,1770225071,0xbfa7f9c1983ae40738ea0f128e58aa704461aa3a,0x00000f91109c4d0007e90000d9facad5298a0cac,0xd0cae02373c612e7fa2643f6742d5264685d2c75,1.043841,1.04384133611691,1.04384133611691,,0.8326036949784997
0x72f6a70f0ce85946d4e12286978867060c9238880c4b0b64503ba7f3601bb6b3,24384895,1770225071,0xa28ee7ec4756b4c3340c30a8c8cb8bd708e1dcdc,0x00000f91109c4d0007e90000d9facad5298a0cac,0xad95973c72045cd05b9ddaa2b27cf65f578e339e,1.043841,1.04384133611691,1.04384133611691,,0.8326036949784997
0xfb7e606d36159e43261aa753ee13e48122152cb777c9c5f1cecefa792ba3f4a2,24384895,1770225071,0xa28ee7ec4756b4c3340c30a8c8cb8bd708e1dcdc,0xafc846603021dc404bb9966e5f10485485e553ba,0x163d2d8fb1ca05bfddbacd065b0172dc0255a37b,1.043841,1.04384133611691,1.04384133611691,,0.8326036949784997
0x13bbe3bc19d1424cd2d28086fd815549bbbd2b9953ea06e044de2c859a6a77db,24384896,1770225083,0xa28ee7ec4756b4c3340c30a8c8cb8bd708e1dcdc,0x339c0db4a0030c88b4a48aafe56cdba23c8d4338,0xad95973c72045cd05b9ddaa2b27cf65f578e339e,1.043841,1.04384133611691,1.04384133611691,,0.8326036949784997
0x13bbe3bc19d1424cd2d28086fd815549bbbd2b9953ea06e044de2c859a6a77db,24384896,1770225083,0xbfa7f9c1983ae40738ea0f128e58aa704461aa3a,0x339c0db4a0030c88b4a48aafe56cdba23c8d4338,0xd0cae02373c612e7fa2643f6742d5264685d2c75,1.043841,1.04384133611691,1.04384133611691,,0.8326036949784997
0x720fa648499045569d6aa2f7c91d0524fa29857feb0b357d4640ea301e04e2a7,24384896,1770225083,0xbfa7f9c1983ae40738ea0f128e58aa704461aa3a,0x00000f91109c4d0007e90000d9facad5298a0cac,0xd0cae02373c612e7fa2643f6742d5264685d2c75,1.043841,1.04384133611691,1.04384133611691,,0.8326036949784997
0x136d537cf18be25799a4e9acd6244b66e6d18ad353a66121d6b38b10d5badd18,24384896,1770225083,0xbfa7f9c1983ae40738ea0f128e58aa704461aa3a,0x00000f91109c4d0007e90000d9facad5298a0cac,0xd0cae02373c612e7fa2643f6742d5264685d2c75,1.043841,1.04384133611691,1.04384133611691,,0.8326036949784997
0x95c8ed0ba61f377b2ff69b16825829e5d092245255b8b813d7a888a0c6f1022b,24384896,1770225083,0xbfa7f9c1983ae40738ea0f128e58aa704461aa3a,0x00000f91109c4d0007e90000d9facad5298a0cac,0xd0cae02373c612e7fa2643f6742d5264685d2c75,1.043841,1.04384133611691,1.04384133611691,,0.8326036949784997
0xdcc8d4ba4994aaba1e67b42e67011467152b8e5f744d455d506d11a614abc036,24384896,1770225083,0xbfa7f9c1983ae40738ea0f128e58aa704461aa3a,0x00000f91109c4d0007e90000d9facad5298a0cac,0xd0cae02373c612e7fa2643f6742d5264685d2c75,1.043841,1.04384133611691,1.04384133611691,,0.8326036949784997
0x58323d7aae8dcf26f4d5a2bcb5f4b6839cbc958b3eddb7dca4cc7b86d507a8f6,24384896,1770225083,0xbfa7f9c1983ae40738ea0f128e58aa704461aa3a,0x00000f91109c4d0007e90000d9facad5298a0cac,0xd0cae02373c612e7fa2643f6742d5264685d2c75,1.043841,1.04384133611691,1.04384133611691,,0.8326036949784997
0x3a6bd7c9c7c0006abb15a258ce27a3b521e3f13f5373155188f7e1b5b9fbc926,24384897,1770225095,0xa28ee7ec4756b4c3340c30a8c8cb8bd708e1dcdc,0x3179b0d19256b4ecde47584e4d861505eccf59c2,0x4e31820791ff065f69ef0054711ea8a073e5eba9,1.043841,1.04384133611691,1.04384133611691,,0.8326036949784997
0xedac446511da84699b3b35d138a96b6874db5d11fdf62c1a79783ae05d58e19b,24384897,1770225095,0xa28ee7ec4756b4c3340c30a8c8cb8bd708e1dcdc,0xa000016d11e045500240e2dfb9938c226e8a873c,0x163d2d8fb1ca05bfddbacd065b0172dc0255a37b,1.043841,1.04384133611691,1.04384133611691,,0.8326036949784997
0xe7072581a6db82f360596688043fc85eb890d466d85e0d8523d4920985ffd4c7,24384898,1770225107,0xa28ee7ec4756b4c3340c30a8c8cb8bd708e1dcdc,0xaf682de1f2e6f710731121a05a44cb3c1b511f7d,0xad95973c72045cd05b9ddaa2b27cf65f578e339e,1.04384,1.04384133611691,1.04384133611691,,0.8326036949784997
0x68f401c5ee2453ba54f6da419a297a86064103282320a62d0b440e365e9fa3e0,24384899,1770225119,0xa28ee7ec4756b4c3340c30a8c8cb8bd708e1dcdc,0xafc846603021dc404bb9966e5f10485485e553ba,0x721e3b6e8c3f8ef3d1a7605700cb3ba027ef8eba,1.043841,1.04384133611691,1.04384133611691,,0.8326036949784997
0xbc8c64087327980e46963a5f496b3717ed5809ebd7afd0d70130298020c2d08a,24384901,1770225143,0xa28ee7ec4756b4c3340c30a8c8cb8bd708e1dcdc,0xe08d97e151473a848c3d9ca3f323cb720472d015,0x721e3b6e8c3f8ef3d1a7605700cb3ba027ef8eba,1.043841,1.04384133611691,1.04384133611691,,0.8326036949784997
0x75af6aaa5144fe7b9873930d9c41eae903130bc71cb3886024f362126a862cf3,24384901,1770225143,0xa28ee7ec4756b4c3340c30a8c8cb8bd708e1dcdc,0xe08d97e151473a848c3d9ca3f323cb720472d015,0x721e3b6e8c3f8ef3d1a7605700cb3ba027ef8eba,1.043841,1.04384133611691,1.04384133611691,,0.8326036949784997
0x621ea48d67915e1f65291bfe6e519b5b99783ac445222c9e77dced1d6b7dcfc8,24384901,1770225143,0xa28ee7ec4756b4c3340c30a8c8cb8bd708e1dcdc,0xe08d97e151473a848c3d9ca3f323cb720472d015,0x721e3b6e8c3f8ef3d1a7605700cb3ba027ef8eba,1.043841,1.04384133611691,1.04384133611691,,0.8326036949784997
0xe06c13c4cdd3c00854bc005c6d91c666bf81866a9aae69d7748dfba2c6f628dc,24384902,1770225155,0xbfa7f9c1983ae40738ea0f128e58aa704461aa3a,0xf00001968c1d6196d3d0553030c7af8d1905dcbb,0xaec4ee9a108304fcc5cdc323d8a2a1d331c342b7,1.043841,1.04384133611691,1.04384133611691,,0.8326036949784997
0x4facaca66c1248d33a21faf9ce4389295b4160fa157b9638d21911a7558db225,24384902,1770225155,0xbfa7f9c1983ae40738ea0f128e58aa704461aa3a,0xa000016d11e045500240e2dfb9938c226e8a873c,0x10a132b6feed4998f9011ffd6dbe3e2413614245,1.043841,1.04384133611691,1.04384133611691,,0.8326036949784997
0xa167a5d1157f8010c6fa86544c6ae4e89f3b7b4ba6ea09f9a3b3688ca35e3d75,24384902,1770225155,0xa28ee7ec4756b4c3340c30a8c8cb8bd708e1dcdc,0xf00001968c1d6196d3d0553030c7af8d1905dcbb,0x721e3b6e8c3f8ef3d1a7605700cb3ba027ef8eba,1.043841,1.04384133611691,1.04384133611691,,0.8326036949784997
0x13c6dd08b919204850a87314fd84d95afd7eea7af599d5b9dc03367569464359,24384902,1770225155,0x0e09ce5c48b48bf72bb667715cbe6977489042cb,0xf00001968c1d6196d3d0553030c7af8d1905dcbb,0x163d2d8fb1ca05bfddbacd065b0172dc0255a37b,1.043841,1.04384133611691,1.04384133611691,,0.8326036949784997
0x3f93f409b6c2f2b8d335c7f45b9a83236fa7ad332bffc91f9367bb5bf9dfeac2,24384975,1770226067,0xa28ee7ec4756b4c3340c30a8c8cb8bd708e1dcdc,0x339c0db4a0030c88b4a48aafe56cdba23c8d4338,0x721e3b6e8c3f8ef3d1a7605700cb3ba027ef8eba,1.043841,1.04384133611691,1.04384133611691,,0.8326036949784997
0xdddf05bf1ff7f20f033e079bf239ca980146d61850af698add43a3da8d62c740,24384975,1770226067,0xa28ee7ec4756b4c3340c30a8c8cb8bd708e1dcdc,0xaf682de1f2e6f710731121a05a44cb3c1b511f7d,0xad95973c72045cd05b9ddaa2b27cf65f578e339e,1.043841,1.04384133611691,1.04384133611691,,0.8326036949784997
0xa40b19af145cf07c4b87c7ce581cd0e9c3efba0907c8e3812d5aa15cd8c1c382,24384975,1770226067,0xbfa7f9c1983ae40738ea0f128e58aa704461aa3a,0xaf682de1f2e6f710731121a05a44cb3c1b511f7d,0x721e3b6e8c3f8ef3d1a7605700cb3ba027ef8eba,1.043841,1.04384133611691,1.04384133611691,,0.8326036949784997
0x841692ac68f8ae97fd1eb308e0297a71bbbff712aff6213ada2aa74f831f40fc,24384975,1770226067,0xa28ee7ec4756b4c3340c30a8c8cb8bd708e1dcdc,0xafc846603021dc404bb9966e5f10485485e553ba,0x163d2d8fb1ca05bfddbacd065b0172dc0255a37b,1.043841,1.04384133611691,1.04384133611691,,0.8326036949784997
0x5de73e1762aa03ca556898f12b07a72e5c1b25db71ea91f3bfe49daf4783f209,24384975,1770226067,0xbfa7f9c1983ae40738ea0f128e58aa704461aa3a,0xaf682de1f2e6f710731121a05a44cb3c1b511f7d,0xd0cae02373c612e7fa2643f6742d5264685d2c75,1.043839,1.04384133611691,1.04384133611691,,0.8326036949784997
0xc2cc81e0b9cd3d529fd52e13bedf30538865e42676328350c26e8b2da9faf14d,24384976,1770226079,0xa28ee7ec4756b4c3340c30a8c8cb8bd708e1dcdc,0xf00001968c1d6196d3d0553030c7af8d1905dcbb,0x4e31820791ff065f69ef0054711ea8a073e5eba9,1.043841,1.04384133611691,1.04384133611691,,0.8326036949784997
0x8b21a53b52419cd746dad5cc6a2d2118423c72636c1b1edce5c6a964a7ed1cdf,24384978,1770226103,0x0e09ce5c48b48bf72bb667715cbe6977489042cb,0xf00001968c1d6196d3d0553030c7af8d1905dcbb,0x18d00a5f7730a414a3979fb5bcd60104c69f0ed2,1.043841,1.04384133611691,1.04384133611691,,0.8326036949784997
0x002d476d84203c0ff3bec585446ae9146f6e6870db2ffa8e9152e78615190988,24384978,1770226103,0xa28ee7ec4756b4c3340c30a8c8cb8bd708e1dcdc,0xafc846603021dc404bb9966e5f10485485e553ba,0x163d2d8fb1ca05bfddbacd065b0172dc0255a37b,1.043841,1.04384133611691,1.04384133611691,,0.8326036949784997
0xbb0c2f769223f09bf3697fb71dd7d53edde18ed8de92cf8ebaa890f82e08dfd1,24384979,1770226115,0xbfa7f9c1983ae40738ea0f128e58aa704461aa3a,0xf00001968c1d6196d3d0553030c7af8d1905dcbb,0xaec4ee9a108304fcc5cdc323d8a2a1d331c342b7,1.043841,1.04384133611691,1.04384133611691,,0.8326036949784997
0xa33b324d4285ba371b78b264a6bd7c6c5693f76c39eb9070e192fd06c48aaf73,24384979,1770226115,0xbfa7f9c1983ae40738ea0f128e58aa704461aa3a,0xf00001968c1d6196d3d0553030c7af8d1905dcbb,0x10a132b6feed4998f9011ffd6dbe3e2413614245,1.043841,1.04384133611691,1.04384133611691,,0.8326036949784997
0xd393452cf5b1fc541f6e8e2c675201ce622df0f2e523bf71f7c31bae164f9762,24385172,1770228443,0x4c2401b490cec2ac30f54c9c4f3c65c2677ae07f,0x902367430ad1618a7bba2c3ab6c92bbe05f26a17,0x0000006094141cd5d88b13aa8845dc34e9b1c3a0,1.026167,1.0261672652642382,1.0261672652642382,,0.8978687766514472
0x3315cdce42b140dca41d8e10ab7386daedec98c426325fa304182d58bb643e8b,24385191,1770228683,0x11b0f28028e3659c1ae18e153625c4f1c95698c8,0x80bf7db69556d9521c03461978b8fc731dbbd4e4,0x21e39af4f3a2f06cf89dc13155dbd6e2f7576bbf,1.043841,1.04384133611691,1.04384133611691,,0.8326036949784997
0xbd4f3b405ef4938687a6708c82961aa91d0f7f7dee3e626b7c94747bc1f5697f,24385285,1770229823,0x11b0f28028e3659c1ae18e153625c4f1c95698c8,0x902367430ad1618a7bba2c3ab6c92bbe05f26a17,0xdb6990da6a4ce716d778bcf5e3e09bcfc5d4439c,1.043841,1.04384133611691,1.04384133611691,,0.8326036949784997
0x08d514a57a09d11d46b056074500443d2bc40f29806f9b112a15f77413a57c74,24386246,1770241535,0xa28ee7ec4756b4c3340c30a8c8cb8bd708e1dcdc,0x339c0db4a0030c88b4a48aafe56cdba23c8d4338,0x721e3b6e8c3f8ef3d1a7605700cb3ba027ef8eba,1.043841,1.04384133611691,1.04384133611691,,0.8326036949784997
0x60ca73889d29e462fb5e6447e33199ef7572e309102ce380b85937d80afacc40,24386248,1770241559,0xa28ee7ec4756b4c3340c30a8c8cb8bd708e1dcdc,0xf00001968c1d6196d3d0553030c7af8d1905dcbb,0x4e31820791ff065f69ef0054711ea8a073e5eba9,1.043841,1.04384133611691,1.04384133611691,,0.8326036949784997
0xd9b8400a05b98d47d05aff0695c10d49416a8bf77762c7bf659a03dadf48606d,24386258,1770241679,0xbfa7f9c1983ae40738ea0f128e58aa704461aa3a,0x1bb031d4c5188f59b0091497caa8fbd77f90e579,0x721e3b6e8c3f8ef3d1a7605700cb3ba027ef8eba,1.043841,1.04384133611691,1.04384133611691,,0.8326036949784997
0x597a88cffea157b1e9c311ed0781349ab4803e00cf95c5b55cbb69dd27edfc20,24386258,1770241679,0xbfa7f9c1983ae40738ea0f128e58aa704461aa3a,0xfa0253943c3ff0e43898cba5a7a0da9d17c27995,0xaec4ee9a108304fcc5cdc323d8a2a1d331c342b7,1.043841,1.04384133611691,1.04384133611691,,0.8326036949784997
0xfe4a7b4ace834c471014344308dbfe55e5edb71b9602fd590f72351779da2ca3,24386267,1770241787,0xa28ee7ec4756b4c3340c30a8c8cb8bd708e1dcdc,0xfa0253943c3ff0e43898cba5a7a0da9d17c27995,0x163d2d8fb1ca05bfddbacd065b0172dc0255a37b,1.043841,1.04384133611691,1.04384133611691,,0.8326036949784997
0xf306b9a25a444f37fa1847ab9acb96cd124e1794b9572bb1c237296a3d141ecb,24386277,1770241907,0xbfa7f9c1983ae40738ea0f128e58aa704461aa3a,0xafc846603021dc404bb9966e5f10485485e553ba,0x10a132b6feed4998f9011ffd6dbe3e2413614245,1.043841,1.04384133611691,1.04384133611691,,0.8326036949784997
0x8912f57c9a7c5a0f6b0c8302b126b57c01eb2ee76f579c58ba8ba70f5502adf0,24386287,1770242027,0xbfa7f9c1983ae40738ea0f128e58aa704461aa3a,0xfa0253943c3ff0e43898cba5a7a0da9d17c27995,0xd0cae02373c612e7fa2643f6742d5264685d2c75,1.043841,1.04384133611691,1.04384133611691,,0.8326036949784997
0xf0ffc44272aac6bd3619ad565b7e6d0541cf69a20e45465f65c5f04907643b3c,24386309,1770242291,0xa28ee7ec4756b4c3340c30a8c8cb8bd708e1dcdc,0xe08d97e151473a848c3d9ca3f323cb720472d015,0xad95973c72045cd05b9ddaa2b27cf65f578e339e,1.043841,1.04384133611691,1.04384133611691,,0.8326036949784997
0x1ed1512a843cd0e11bbe3b512f500bd86a118f2e9901e8fa23ff92aa13f947e9,24386347,1770242747,0xa28ee7ec4756b4c3340c30a8c8cb8bd708e1dcdc,0xaf682de1f2e6f710731121a05a44cb3c1b511f7d,0x721e3b6e8c3f8ef3d1a7605700cb3ba027ef8eba,1.043841,1.04384133611691,1.04384133611691,,0.8326036949784997
0x44ff1c35e8afe9061f4c651a48af41e184be27262de48219ce4911b3a37c61d7,24386347,1770242747,0xbfa7f9c1983ae40738ea0f128e58aa704461aa3a,0xfad7cbc822031717d5a73c96d94ea35d5ef444d4,0xaec4ee9a108304fcc5cdc323d8a2a1d331c342b7,1.043841,1.04384133611691,1.04384133611691,,0.8326036949784997
0x5c6a4d66b8fcae9b76476d16aba545898c1d653481b5fc7737d59cef776c1d57,24386347,1770242747,0xa28ee7ec4756b4c3340c30a8c8cb8bd708e1dcdc,0xaf682de1f2e6f710731121a05a44cb3c1b511f7d,0xad95973c72045cd05b9ddaa2b27cf65f578e339e,1.043841,1.04384133611691,1.04384133611691,,0.8326036949784997
0xf4cb917375de06d64ad96a4f4d13aae3183fa4a506792415f0f02a29371e7b2f,24386347,1770242747,0xbfa7f9c1983ae40738ea0f128e58aa704461aa3a,0xaf682de1f2e6f710731121a05a44cb3c1b511f7d,0x721e3b6e8c3f8ef3d1a7605700cb3ba027ef8eba,1.043841,1.04384133611691,1.04384133611691,,0.8326036949784997
0x27c35307f0c830bae8c49166f61906c1e962eb574fed411be0930220d107c86c,24386347,1770242747,0xbfa7f9c1983ae40738ea0f128e58aa704461aa3a,0xaf682de1f2e6f710731121a05a44cb3c1b511f7d,0x10a132b6feed4998f9011ffd6dbe3e2413614245,1.043841,1.04384133611691,1.04384133611691,,0.8326036949784997
0x87f1d83b58c3d0933a78da48fe39cbe368e08817c4541e67586d2c0592c8a91f,24386347,1770242747,0x0e09ce5c48b48bf72bb667715cbe6977489042cb,0xf00001968c1d6196d3d0553030c7af8d1905dcbb,0x163d2d8fb1ca05bfddbacd065b0172dc0255a37b,1.043841,1.04384133611691,1.04384133611691,,0.8326036949784997
0x74d94d2bf79db20a6d6b456659b74081cc4a182985e5ef9e42847cb894d91c36,24386347,1770242747,0xa28ee7ec4756b4c3340c30a8c8cb8bd708e1dcdc,0xe08d97e151473a848c3d9ca3f323cb720472d015,0x163d2d8fb1ca05bfddbacd065b0172dc0255a37b,1.043841,1.04384133611691,1.04384133611691,,0.8326036949784997
0xd1ab672ae56fb6a1abda3f31ed7c61671e9d7acbd55e887d5a75716310be6cad,24386347,1770242747,0xbfa7f9c1983ae40738ea0f128e58aa704461aa3a,0x00000f91109c4d0007e90000d9facad5298a0cac,0xd0cae02373c612e7fa2643f6742d5264685d2c75,1.043841,1.04384133611691,1.04384133611691,,0.8326036949784997
0x7f60010c73fa48e1437f37c9774d6335c576bbb5265d0f78ffc0237602371b33,24386347,1770242747,0xbfa7f9c1983ae40738ea0f128e58aa704461aa3a,0x00000f91109c4d0007e90000d9facad5298a0cac,0xd0cae02373c612e7fa2643f6742d5264685d2c75,1.043841,1.04384133611691,1.04384133611691,,0.8326036949784997
0xba83bc73e32d5090ab7151361187a7f9f269e2a0bfef1c409d497fe2b4eab753,24386347,1770242747,0xbfa7f9c1983ae40738ea0f128e58aa704461aa3a,0x00000f91109c4d0007e90000d9facad5298a0cac,0xd0cae02373c612e7fa2643f6742d5264685d2c75,1.043841,1.04384133611691,1.04384133611691,,0.8326036949784997
0x51303118d7fd1fd7cdd227d08ed3df1c1c8c1c9c190260cc6c5b654f8d2baa0c,24386347,1770242747,0xbfa7f9c1983ae40738ea0f128e58aa704461aa3a,0x00000f91109c4d0007e90000d9facad5298a0cac,0xd0cae02373c612e7fa2643f6742d5264685d2c75,1.043841,1.04384133611691,1.04384133611691,,0.8326036949784997
0x1c0116c7bf69188063bbf57559b0d9e0ebd522f86d7c7defe0cb2dbc5de17d82,24386347,1770242747,0xbfa7f9c1983ae40738ea0f128e58aa704461aa3a,0x00000f91109c4d0007e90000d9facad5298a0cac,0xd0cae02373c612e7fa2643f6742d5264685d2c75,1.043841,1.04384133611691,1.04384133611691,,0.8326036949784997
0x618344479ce77cd4ee943ce5b4fed6db537fe375620c4903b352741b356f44d1,24386348,1770242759,0xbfa7f9c1983ae40738ea0f128e58aa704461aa3a,0xaf682de1f2e6f710731121a05a44cb3c1b511f7d,0xaec4ee9a108304fcc5cdc323d8a2a1d331c342b7,1.043841,1.04384133611691,1.04384133611691,,0.8326036949784997
0x8fc0fbad76111a29e0cb63ef25028767e7557be9d8bd18c692d2553a49f27dbd,24386348,1770242759,0xbfa7f9c1983ae40738ea0f128e58aa704461aa3a,0x00000f91109c4d0007e90000d9facad5298a0cac,0xd0cae02373c612e7fa2643f6742d5264685d2c75,1.043841,1.04384133611691,1.04384133611691,,0.8326036949784997
0xf4f2d79f43ab16376a8b90e9faa88487bc89895738958e6f2354d57cfb542b61,24386353,1770242819,0x0e09ce5c48b48bf72bb667715cbe6977489042cb,0xf00001968c1d6196d3d0553030c7af8d1905dcbb,0x18d00a5f7730a414a3979fb5bcd60104c69f0ed2,1.043841,1.04384133611691,1.04384133611691,,0.8326036949784997
0xb81ac0144c67a3c621890c4936729193d11ec7efb39aff6be1ea6fdbe5543bd1,24386353,1770242819,0xa28ee7ec4756b4c3340c30a8c8cb8bd708e1dcdc,0xf00001968c1d6196d3d0553030c7af8d1905dcbb,0xd0cae02373c612e7fa2643f6742d5264685d2c75,1.043841,1.04384133611691,1.04384133611691,,0.8326036949784997
0x3b49b85f71af6f8380d38219cbf3267b6ae987371f83dd0f0db7f2024e0f6bf2,24386354,1770242831,0xa28ee7ec4756b4c3340c30a8c8cb8bd708e1dcdc,0xf00001968c1d6196d3d0553030c7af8d1905dcbb,0x4e31820791ff065f69ef0054711ea8a073e5eba9,1.043841,1.04384133611691,1.04384133611691,,0.8326036949784997
0x4243a8df76f3c68cb48443eadc48ba3e6e6edb9d0b50b4b9c16a98958ba8a4ec,24386356,1770242855,0xa28ee7ec4756b4c3340c30a8c8cb8bd708e1dcdc,0x682ea8aa9b23250e0e240580e8ae55205f612979,0x163d2d8fb1ca05bfddbacd065b0172dc0255a37b,1.043841,1.04384133611691,1.04384133611691,,0.8326036949784997
0xd627dd2ac8881a2796ed90fb2c2134f169e25b1a8c9f95aa077a366cb4587b9c,24386377,1770243107,0xbfa7f9c1983ae40738ea0f128e58aa704461aa3a,0xafc846603021dc404bb9966e5f10485485e553ba,0xd0cae02373c612e7fa2643f6742d5264685d2c75,1.043841,1.04384133611691,1.04384133611691,,0.8326036949784997
0xb5d3fcc5bb3ccb97e152b9721379b94996e3180ad26b98643083a6ddb49815f6,24386426,1770243695,0x860ce7e3b7a8e96df54ef9b733494e0804ef0ce5,0xb90aa6ad4e00d9201d3c26610a5ef7f0456eecd2,0xe573768b1a01bf81dca597e5460daa4f63d6beb9,1.026167,1.0261672652642382,1.0261672652642382,,0.8978687766514472
0xa838b2978617622b708014a945f11777f06049723b532f2833edfc47c1f7f2a1,24386426,1770243695,0x860ce7e3b7a8e96df54ef9b733494e0804ef0ce5,0xb90aa6ad4e00d9201d3c26610a5ef7f0456eecd2,0xa15a53b5b8e2e5ef1052f5cfe3f715754ca53598,1.026167,1.0261672652642382,1.0261672652642382,,0.8978687766514472
0x18d189a8dbe7c85e57f25907608211e73722b588bf5f7053b79cbcba761e553b,24386674,1770246707,0x860ce7e3b7a8e96df54ef9b733494e0804ef0ce5,0xbbc133749e308694277aaa82ac780eb8aaed77f6,0x8aac198a3013e78dce158231fe69faece4a17803,1.026167,1.0261672652642382,1.0261672652642382,,0.8978687766514472
0x98285c91a2e06f0505c1207c5290030a0c8d12e8534dcd68c458510a7a6bbec5,24387324,1770254543,0xa28ee7ec4756b4c3340c30a8c8cb8bd708e1dcdc,0x8050a2155477f121bd62199490602232be0192fb,0x721e3b6e8c3f8ef3d1a7605700cb3ba027ef8eba,1.043841,1.04384133611691,1.04384133611691,,0.8326036949784997
0xe74aa560e7416267cb5e6fe81bab287483f952a1e4ec33de4eddbdb4888631b5,24387325,1770254555,0xa28ee7ec4756b4c3340c30a8c8cb8bd708e1dcdc,0x11477b812e713b90a967059ee1a6d2054776d8bc,0xd0cae02373c612e7fa2643f6742d5264685d2c75,1.043841,1.04384133611691,1.04384133611691,,0.8326036949784997
0x79bb8401b795eabc6a44588b1e3440b70bf0743c7ede83409c0acae46eba48c3,24387325,1770254555,0xa28ee7ec4756b4c3340c30a8c8cb8bd708e1dcdc,0x00000f91109c4d0007e90000d9facad5298a0cac,0xad95973c72045cd05b9ddaa2b27cf65f578e339e,1.043841,1.04384133611691,1.04384133611691,,0.8326036949784997
0x352b2afff194aa4c8ef79f85a0adfdb0b7fa2ae629853a444be77d272bc8428d,24387325,1770254555,0xa28ee7ec4756b4c3340c30a8c8cb8bd708e1dcdc,0xe08d97e151473a848c3d9ca3f323cb720472d015,0x4e31820791ff065f69ef0054711ea8a073e5eba9,1.043841,1.04384133611691,1.04384133611691,,0.8326036949784997
0x7d7cd3eb459d46104e2be0906c4e4a515a5367dca61f0ee3bed8d1cb8e8f6321,24387326,1770254567,0xa28ee7ec4756b4c3340c30a8c8cb8bd708e1dcdc,0x02a0a9c8c9cf26366ab151d46540b9169348bd0f,0x4e31820791ff065f69ef0054711ea8a073e5eba9,1.043841,1.04384133611691,1.04384133611691,,0.8326036949784997
0xf418d5bfaac90eba02d03414ff9574d35bd0346c8fd8ccc29c0fd6c2e1b4e2db,24387326,1770254567,0xbfa7f9c1983ae40738ea0f128e58aa704461aa3a,0xe08d97e151473a848c3d9ca3f323cb720472d015,0xaec4ee9a108304fcc5cdc323d8a2a1d331c342b7,1.043841,1.04384133611691,1.04384133611691,,0.8326036949784997
0x44e25921009b3c0dcd7673470a11ed90a75ac63a9471a4e705794b60b2cd45f8,24387326,1770254567,0xa28ee7ec4756b4c3340c30a8c8cb8bd708e1dcdc,0xe08d97e151473a848c3d9ca3f323cb720472d015,0xad95973c72045cd05b9ddaa2b27cf65f578e339e,1.043841,1.04384133611691,1.04384133611691,,0.8326036949784997
0x78d1e884caffe9710c0467454d14330f9e9784440c656446d3659186c0600103,24387326,1770254567,0xa28ee7ec4756b4c3340c30a8c8cb8bd708e1dcdc,0xe08d97e151473a848c3d9ca3f323cb720472d015,0xad95973c72045cd05b9ddaa2b27cf65f578e339e,1.043841,1.04384133611691,1.04384133611691,,0.8326036949784997
0xb91cd87b7a3e175613b8b8384fb6cb70ad3e023e4b4d9f5be16c16f643ba595a,24387327,1770254579,0xbfa7f9c1983ae40738ea0f128e58aa704461aa3a,0xaf682de1f2e6f710731121a05a44cb3c1b511f7d,0xaec4ee9a108304fcc5cdc323d8a2a1d331c342b7,1.043839,1.04384133611691,1.04384133611691,,0.8326036949784997
0x9aacfb24d889f5b1c9510b4ac9214d7afc8bcea9c43e84cb08952d9df8c0b6b6,24387327,1770254579,0xbfa7f9c1983ae40738ea0f128e58aa704461aa3a,0x00000f91109c4d0007e90000d9facad5298a0cac,0xd0cae02373c612e7fa2643f6742d5264685d2c75,1.043841,1.04384133611691,1.04384133611691,,0.8326036949784997
0xc4dc37ce73e59bc569e23451aa34d96962495a3a09294abe5ce4376109785b36,24387329,1770254603,0xbfa7f9c1983ae40738ea0f128e58aa704461aa3a,0xf00001968c1d6196d3d0553030c7af8d1905dcbb,0x10a132b6feed4998f9011ffd6dbe3e2413614245,1.043841,1.04384133611691,1.04384133611691,,0.8326036949784997
0x98628d32daec6137ce0307026dbddd0c720fcd6c97b1271982420ce2fb162494,24387330,1770254615,0xbfa7f9c1983ae40738ea0f128e58aa704461aa3a,0xf00001968c1d6196d3d0553030c7af8d1905dcbb,0x721e3b6e8c3f8ef3d1a7605700cb3ba027ef8eba,1.043841,1.04384133611691,1.04384133611691,,0.8326036949784997
0xb2b8ef37e09a214d95d53fef4e72b718e8052a6ff62092312b56bd8741be1ee7,24387336,1770254687,0xa28ee7ec4756b4c3340c30a8c8cb8bd708e1dcdc,0xafc846603021dc404bb9966e5f10485485e553ba,0x163d2d8fb1ca05bfddbacd065b0172dc0255a37b,1.043841,1.04384133611691,1.04384133611691,,0.8326036949784997
0x137afa3c2f4e3e87604b00a149bde5364871dbbb674fabd9ea31a5f17b294e9d,24387423,1770255731,0x0e09ce5c48b48bf72bb667715cbe6977489042cb,0xe08d97e151473a848c3d9ca3f323cb720472d015,0xd2515c793af89c55169191b5c43a99989cf63c54,1.043841,1.04384133611691,1.04384133611691,,0.8326036949784997
0xd1a350e95df45125999d0cdf7f2d1ba7158c7ed66dc0704e453f760a0b401658,24387423,1770255731,0x0e09ce5c48b48bf72bb667715cbe6977489042cb,0xe08d97e151473a848c3d9ca3f323cb720472d015,0xd2515c793af89c55169191b5c43a99989cf63c54,1.043841,1.04384133611691,1.04384133611691,,0.8326036949784997
0x5f25a14167c667d17ebca12cf6586845d2c59ea649dff35518fcb4022e415bc0,24387592,1770257783,0xa28ee7ec4756b4c3340c30a8c8cb8bd708e1dcdc,0xf1c9e5f3810390da0ffe6662d8092a30c6a89ff2,0x4e31820791ff065f69ef0054711ea8a073e5eba9,1.043841,1.04384133611691,1.04384133611691,,0.8326036949784997
0x10cd56a7aafb6eae9da9416ca93c355838497df330a33f76efe32f03c9b36525,24387592,1770257783,0xa28ee7ec4756b4c3340c30a8c8cb8bd708e1dcdc,0xe08d97e151473a848c3d9ca3f323cb720472d015,0x721e3b6e8c3f8ef3d1a7605700cb3ba027ef8eba,1.043841,1.04384133611691,1.04384133611691,,0.8326036949784997
0x1edfc709a82ec25540377b85a17e34478a195a163d86ffb5ac455bbdb0c45523,24387592,1770257783,0xa28ee7ec4756b4c3340c30a8c8cb8bd708e1dcdc,0xe08d97e151473a848c3d9ca3f323cb720472d015,0xad95973c72045cd05b9ddaa2b27cf65f578e339e,1.043841,1.04384133611691,1.04384133611691,,0.8326036949784997
0x1edfc709a82ec25540377b85a17e34478a195a163d86ffb5ac455bbdb0c45523,24387592,1770257783,0xbfa7f9c1983ae40738ea0f128e58aa704461aa3a,0xe08d97e151473a848c3d9ca3f323cb720472d015,0xd0cae02373c612e7fa2643f6742d5264685d2c75,1.043841,1.04384133611691,1.04384133611691,,0.8326036949784997
0xd8b1548bc65dc573ba6045e5cd222a2deb6d5cdf23200267e20467a83e9c6944,24387592,1770257783,0xa28ee7ec4756b4c3340c30a8c8cb8bd708e1dcdc,0xe08d97e151473a848c3d9ca3f323cb720472d015,0xad95973c72045cd05b9ddaa2b27cf65f578e339e,1.043841,1.04384133611691,1.04384133611691,,0.8326036949784997
0xd8b1548bc65dc573ba6045e5cd222a2deb6d5cdf23200267e20467a83e9c6944,24387592,1770257783,0xbfa7f9c1983ae40738ea0f128e58aa704461aa3a,0xe08d97e151473a848c3d9ca3f323cb720472d015,0xd0cae02373c612e7fa2643f6742d5264685d2c75,1.043841,1.04384133611691,1.04384133611691,,0.8326036949784997
0xbff0e7104153c989b24510162e62803265ce4960a37c1d2d4e60efee8ba22127,24387592,1770257783,0xa28ee7ec4756b4c3340c30a8c8cb8bd708e1dcdc,0xe08d97e151473a848c3d9ca3f323cb720472d015,0xd0cae02373c612e7fa2643f6742d5264685d2c75,1.043841,1.04384133611691,1.04384133611691,,0.8326036949784997
0x66bec11494925b719238228fea644859ca3a23b535e6e3953f86cf7b908804e4,24387592,1770257783,0xa28ee7ec4756b4c3340c30a8c8cb8bd708e1dcdc,0xe08d97e151473a848c3d9ca3f323cb720472d015,0x4e31820791ff065f69ef0054711ea8a073e5eba9,1.043841,1.04384133611691,1.04384133611691,,0.8326036949784997
0x1e90f1c266ed6edba4a9b0a3a266829a3284f3d8b5c9b16ec0cfb4b6bf2ac886,24387592,1770257783,0xbfa7f9c1983ae40738ea0f128e58aa704461aa3a,0xe08d97e151473a848c3d9ca3f323cb720472d015,0xaec4ee9a108304fcc5cdc323d8a2a1d331c342b7,1.043841,1.04384133611691,1.04384133611691,,0.8326036949784997
0x627fdc04ef2660c0930b9ce3d02c73895987daa47ae63b421670adc0cf0fdc7c,24387592,1770257783,0xbfa7f9c1983ae40738ea0f128e58aa704461aa3a,0xe08d97e151473a848c3d9ca3f323cb720472d015,0xaec4ee9a108304fcc5cdc323d8a2a1d331c342b7,1.043841,1.04384133611691,1.04384133611691,,0.8326036949784997
0x7300394faa7d3c6adedfa91cad53dd55c8ac534060b4fff663bb3fa06126ae2d,24387592,1770257783,0xbfa7f9c1983ae40738ea0f128e58aa704461aa3a,0xe08d97e151473a848c3d9ca3f323cb720472d015,0xaec4ee9a108304fcc5cdc323d8a2a1d331c342b7,1.043839,1.04384133611691,1.04384133611691,,0.8326036949784997
0xac67a5f5717cb807d56fc15aa23ff055c48d5fbf79ecee6d41b6bba08831c068,24387592,1770257783,0xa28ee7ec4756b4c3340c30a8c8cb8bd708e1dcdc,0xe08d97e151473a848c3d9ca3f323cb720472d015,0x163d2d8fb1ca05bfddbacd065b0172dc0255a37b,1.043841,1.04384133611691,1.04384133611691,,0.8326036949784997
0xa25d601ad63790e4cc43977ad0b52a38bfdc7652605b65406b7432b6a9cb0bf6,24387593,1770257795,0xa28ee7ec4756b4c3340c30a8c8cb8bd708e1dcdc,0xaf682de1f2e6f710731121a05a44cb3c1b511f7d,0x4e31820791ff065f69ef0054711ea8a073e5eba9,1.043839,1.04384133611691,1.04384133611691,,0.8326036949784997
0xef54e07706bce2a0066fb9f6ca51a1d3290a0c290329b844b58bd87efc2d9e9d,24387593,1770257795,0xbfa7f9c1983ae40738ea0f128e58aa704461aa3a,0x80bf7db69556d9521c03461978b8fc731dbbd4e4,0x721e3b6e8c3f8ef3d1a7605700cb3ba027ef8eba,1.043841,1.04384133611691,1.04384133611691,,0.8326036949784997
0x18f71a0bc342a338a22ae300af610a6e28127ce0b7c8317ab31b715b5c62b2b1,24387593,1770257795,0xa28ee7ec4756b4c3340c30a8c8cb8bd708e1dcdc,0xe08d97e151473a848c3d9ca3f323cb720472d015,0x721e3b6e8c3f8ef3d1a7605700cb3ba027ef8eba,1.043841,1.04384133611691,1.04384133611691,,0.8326036949784997
0x64194f2aeaa8ac81e8471e92edebe41aac272fca81a8ef1c966d405472c388fb,24387593,1770257795,0xbfa7f9c1983ae40738ea0f128e58aa704461aa3a,0xe08d97e151473a848c3d9ca3f323cb720472d015,0xd0cae02373c612e7fa2643f6742d5264685d2c75,1.043841,1.04384133611691,1.04384133611691,,0.8326036949784997
0x5966b7444e0ec71bc389d7d38e5e39afcd37813691d3a81cf9daa2fe3e113425,24387594,1770257807,0xbfa7f9c1983ae40738ea0f128e58aa704461aa3a,0x8d201a3832885f8788729ef0ffd6b93029fb1a51,0x10a132b6feed4998f9011ffd6dbe3e2413614245,1.043841,1.04384133611691,1.04384133611691,,0.8326036949784997
0x50287222543f6b23cc1bbeccd7dc75aa266311bc277e1d869eb70950f1df51c5,24387594,1770257807,0xa28ee7ec4756b4c3340c30a8c8cb8bd708e1dcdc,0x80bf7db69556d9521c03461978b8fc731dbbd4e4,0x721e3b6e8c3f8ef3d1a7605700cb3ba027ef8eba,1.043841,1.04384133611691,1.04384133611691,,0.8326036949784997
0x5199a5903b6ef7e047856cd161b2b69ad1ef2bd2aabc07505cc986c40ed274a6,24387594,1770257807,0xbfa7f9c1983ae40738ea0f128e58aa704461aa3a,0xaf682de1f2e6f710731121a05a44cb3c1b511f7d,0xd0cae02373c612e7fa2643f6742d5264685d2c75,1.043829,1.04384133611691,1.04384133611691,,0.8326036949784997
0x5fbc6222c5ebcfaf1dfc963530b2c18a30741a4d5033750139be279876f858c9,24387594,1770257807,0x0e09ce5c48b48bf72bb667715cbe6977489042cb,0x00000f91109c4d0007e90000d9facad5298a0cac,0xd2515c793af89c55169191b5c43a99989cf63c54,1.043841,1.04384133611691,1.04384133611691,,0.8326036949784997
0xcb826b8a3e3efc0eec3b01b21907a3ffafca8712b63381978458f24ad300999c,24387594,1770257807,0x0e09ce5c48b48bf72bb667715cbe6977489042cb,0x00000f91109c4d0007e90000d9facad5298a0cac,0xd2515c793af89c55169191b5c43a99989cf63c54,1.043841,1.04384133611691,1.04384133611691,,0.8326036949784997
0x4e1ece046a9b3a08a3f1e539a329e2f1adc12c40deb7037011116a1b3a6fb4d0,24387594,1770257807,0x0e09ce5c48b48bf72bb667715cbe6977489042cb,0x00000f91109c4d0007e90000d9facad5298a0cac,0xd2515c793af89c55169191b5c43a99989cf63c54,1.043841,1.04384133611691,1.04384133611691,,0.8326036949784997
0xcb1545d135b0f2db49dffaab53a6ddf85e5edb8313501f599b848497a2a08cba,24387594,1770257807,0x0e09ce5c48b48bf72bb667715cbe6977489042cb,0x00000f91109c4d0007e90000d9facad5298a0cac,0xd2515c793af89c55169191b5c43a99989cf63c54,1.043841,1.04384133611691,1.04384133611691,,0.8326036949784997
0x5c4e7272b59ffa4f47036a7a6aea7b0bbefe13c43dd3033c37b374e86d9c3d52,24387594,1770257807,0x0e09ce5c48b48bf72bb667715cbe6977489042cb,0x00000f91109c4d0007e90000d9facad5298a0cac,0xd2515c793af89c55169191b5c43a99989cf63c54,1.043841,1.04384133611691,1.04384133611691,,0.8326036949784997
0x1f85716fa3ab08bcb3a9ad16e028b4a5bf1ea21ea3f1e4e375f8861581cac21a,24387594,1770257807,0x0e09ce5c48b48bf72bb667715cbe6977489042cb,0x00000f91109c4d0007e90000d9facad5298a0cac,0xd2515c793af89c55169191b5c43a99989cf63c54,1.043841,1.04384133611691,1.04384133611691,,0.8326036949784997
0x93384b5a8b0e36a3b3b808798bd83d0cc574363ba6861422019c41f38f47e0cb,24387594,1770257807,0x0e09ce5c48b48bf72bb667715cbe6977489042cb,0x00000f91109c4d0007e90000d9facad5298a0cac,0xd2515c793af89c55169191b5c43a99989cf63c54,1.043841,1.04384133611691,1.04384133611691,,0.8326036949784997
0x1873ec454bf8541ce9fafd7c7eb6c7c0fcebe63dca8e8e22a180e8d7eecd5824,24387594,1770257807,0x0e09ce5c48b48bf72bb667715cbe6977489042cb,0x00000f91109c4d0007e90000d9facad5298a0cac,0xd2515c793af89c55169191b5c43a99989cf63c54,1.043841,1.04384133611691,1.04384133611691,,0.8326036949784997
0x46607c0cb7044c5c4acad48e1a5955e76b4ecf9b138cb58774085bf7f2f3ee25,24387594,1770257807,0x0e09ce5c48b48bf72bb667715cbe6977489042cb,0x00000f91109c4d0007e90000d9facad5298a0cac,0xd2515c793af89c55169191b5c43a99989cf63c54,1.043841,1.04384133611691,1.04384133611691,,0.8326036949784997
0x9da3e6c0c24d30a2f2734459179565b89fe86f9e32b8675d147eb185ed420080,24387594,1770257807,0x0e09ce5c48b48bf72bb667715cbe6977489042cb,0x00000f91109c4d0007e90000d9facad5298a0cac,0xd2515c793af89c55169191b5c43a99989cf63c54,1.043841,1.04384133611691,1.04384133611691,,0.8326036949784997
0xa699f793ff5ffc1217f0ceef4856da3941a5bc5cc739e7a23d8ec8b239348cdb,24387594,1770257807,0x0e09ce5c48b48bf72bb667715cbe6977489042cb,0x00000f91109c4d0007e90000d9facad5298a0cac,0xd2515c793af89c55169191b5c43a99989cf63c54,1.043841,1.04384133611691,1.04384133611691,,0.8326036949784997
0x5f796f603420c3763f7e58f13af65c7aede2e8df70ab929bee525d29080a82ae,24387594,1770257807,0x0e09ce5c48b48bf72bb667715cbe6977489042cb,0x00000f91109c4d0007e90000d9facad5298a0cac,0xd2515c793af89c55169191b5c43a99989cf63c54,1.043841,1.04384133611691,1.04384133611691,,0.8326036949784997
0xf155dc9498698b81004dec9a5525f1bbf63cf48b8ec86194f98e45b1ea0d2c20,24387594,1770257807,0x0e09ce5c48b48bf72bb667715cbe6977489042cb,0x00000f91109c4d0007e90000d9facad5298a0cac,0xd2515c793af89c55169191b5c43a99989cf63c54,1.043841,1.04384133611691,1.04384133611691,,0.8326036949784997
0xce856dfb1b140cd606b2e7e255e645c8879d01845587c3390b446b66d2205bef,24387594,1770257807,0x0e09ce5c48b48bf72bb667715cbe6977489042cb,0x00000f91109c4d0007e90000d9facad5298a0cac,0xd2515c793af89c55169191b5c43a99989cf63c54,1.043841,1.04384133611691,1.04384133611691,,0.8326036949784997
0xca825820d845a70bd92def1495de36a554499fa2794670190461932855ef1f02,24387594,1770257807,0x0e09ce5c48b48bf72bb667715cbe6977489042cb,0x00000f91109c4d0007e90000d9facad5298a0cac,0xd2515c793af89c55169191b5c43a99989cf63c54,1.043841,1.04384133611691,1.04384133611691,,0.8326036949784997
0x72063f8c81541722001771da26051ab1b9d45278ebe58982318c2680228ca106,24387594,1770257807,0x0e09ce5c48b48bf72bb667715cbe6977489042cb,0x00000f91109c4d0007e90000d9facad5298a0cac,0xd2515c793af89c55169191b5c43a99989cf63c54,1.043841,1.04384133611691,1.04384133611691,,0.8326036949784997
0x55859bf21e1075b9faf6ee5c811adf43969d32d4ed24ea7d0331fad10e22f85a,24387594,1770257807,0x0e09ce5c48b48bf72bb667715cbe6977489042cb,0x00000f91109c4d0007e90000d9facad5298a0cac,0xd2515c793af89c55169191b5c43a99989cf63c54,1.043841,1.04384133611691,1.04384133611691,,0.8326036949784997
0x9c3f2cd7c02c815402a7c9c45595f52cdcd9c3dd7e4f01523ced66c6b01e1cf3,24387594,1770257807,0x0e09ce5c48b48bf72bb667715cbe6977489042cb,0x00000f91109c4d0007e90000d9facad5298a0cac,0xd2515c793af89c55169191b5c43a99989cf63c54,1.043841,1.04384133611691,1.04384133611691,,0.8326036949784997
0x24928c12fbbae3688a8dce17b9001496bfd370a614c1605a020b4dcce32605ea,24387594,1770257807,0x0e09ce5c48b48bf72bb667715cbe6977489042cb,0x00000f91109c4d0007e90000d9facad5298a0cac,0xd2515c793af89c55169191b5c43a99989cf63c54,1.043841,1.04384133611691,1.04384133611691,,0.8326036949784997
0x9329ac5b8b851b3685604db16e5fe0e1ffc8f06707432ef876d9b0f141bd7b6d,24387594,1770257807,0x0e09ce5c48b48bf72bb667715cbe6977489042cb,0x00000f91109c4d0007e90000d9facad5298a0cac,0xd2515c793af89c55169191b5c43a99989cf63c54,1.043841,1.04384133611691,1.04384133611691,,0.8326036949784997
0x523c95edba9d7db3665cf648ce2741240c7e2dc9a535f202951c0c367f983f61,24387594,1770257807,0x0e09ce5c48b48bf72bb667715cbe6977489042cb,0x00000f91109c4d0007e90000d9facad5298a0cac,0xd2515c793af89c55169191b5c43a99989cf63c54,1.043841,1.04384133611691,1.04384133611691,,0.8326036949784997
0x56b4f364f44023843cd26e733c41d721af520dae94a89bb2a3d582717cedd370,24387594,1770257807,0x0e09ce5c48b48bf72bb667715cbe6977489042cb,0x00000f91109c4d0007e90000d9facad5298a0cac,0xd2515c793af89c55169191b5c43a99989cf63c54,1.043841,1.04384133611691,1.04384133611691,,0.8326036949784997
0xbf4fa28b455882da75f0b7bb1aa25d0b05d73073e8727fef506a4e2faf10e1e6,24387596,1770257831,0xbfa7f9c1983ae40738ea0f128e58aa704461aa3a,0xf00001968c1d6196d3d0553030c7af8d1905dcbb,0x10a132b6feed4998f9011ffd6dbe3e2413614245,1.043841,1.04384133611691,1.04384133611691,,0.8326036949784997
0x2a78e73bfdee56cc5412ca33721210cbd39acacb4efa5f5dab277ca7fe886882,24387596,1770257831,0xbfa7f9c1983ae40738ea0f128e58aa704461aa3a,0xf00001968c1d6196d3d0553030c7af8d1905dcbb,0x721e3b6e8c3f8ef3d1a7605700cb3ba027ef8eba,1.043841,1.04384133611691,1.04384133611691,,0.8326036949784997
0xa9aba1e418fcff08ba00af034c673837646eb00500ccaf7be3f265d5026a1560,24387599,1770257867,0xa28ee7ec4756b4c3340c30a8c8cb8bd708e1dcdc,0xa000016d11e045500240e2dfb9938c226e8a873c,0xd0cae02373c612e7fa2643f6742d5264685d2c75,1.043841,1.04384133611691,1.04384133611691,,0.8326036949784997
0x29d6270e81b4ebd766d4f4426e2d78af5f80437b5c4e475bf59be928bd92344d,24387606,1770257951,0xa28ee7ec4756b4c3340c30a8c8cb8bd708e1dcdc,0x00000f91109c4d0007e90000d9facad5298a0cac,0xad95973c72045cd05b9ddaa2b27cf65f578e339e,1.043841,1.04384133611691,1.04384133611691,,0.8326036949784997
0xa3a32739be189a9acde56320c4e88aa8026b4f3368be577d19250683138d443e,24387607,1770257963,0x0e09ce5c48b48bf72bb667715cbe6977489042cb,0xf00001968c1d6196d3d0553030c7af8d1905dcbb,0x163d2d8fb1ca05bfddbacd065b0172dc0255a37b,1.043841,1.04384133611691,1.04384133611691,,0.8326036949784997
0xacaf6e9faa4c1bc1bbae76545191410293e75e6c036f92e3b5a0a71db0104b73,24387614,1770258047,0xa28ee7ec4756b4c3340c30a8c8cb8bd708e1dcdc,0x682ea8aa9b23250e0e240580e8ae55205f612979,0x163d2d8fb1ca05bfddbacd065b0172dc0255a37b,1.043841,1.04384133611691,1.04384133611691,,0.8326036949784997
0xa95e4c0dc2a4afb524fe9dff7327604e4b2ab2c8a4a7f03ac93779c3f67ca45c,24387757,1770259763,0xa28ee7ec4756b4c3340c30a8c8cb8bd708e1dcdc,0x339c0db4a0030c88b4a48aafe56cdba23c8d4338,0x721e3b6e8c3f8ef3d1a7605700cb3ba027ef8eba,1.043841,1.04384133611691,1.04384133611691,,0.8326036949784997
0x84ee749ade80230747ed9c4eca615d6b11b600c6064e090150268cb2d2ae1ed8,24387764,1770259847,0x0e09ce5c48b48bf72bb667715cbe6977489042cb,0xd2306a7187fe8b0c0dee59b50fdc438d2075d24c,0xd2515c793af89c55169191b5c43a99989cf63c54,1.043841,1.04384133611691,1.04384133611691,,0.8326036949784997
0x93c725e4948ea160733d75740340234af559e629eb249a47bf1ce23d59f51ef5,24387768,1770259895,0xbfa7f9c1983ae40738ea0f128e58aa704461aa3a,0xaf682de1f2e6f710731121a05a44cb3c1b511f7d,0xaec4ee9a108304fcc5cdc323d8a2a1d331c342b7,1.04384,1.04384133611691,1.04384133611691,,0.8326036949784997
0x3cad6f13339a4f11b90c9c3593e2f36eadd9510da3ce40c217efd1ca7887f927,24387809,1770260399,0xa28ee7ec4756b4c3340c30a8c8cb8bd708e1dcdc,0x0f8bbe4b3d2e41ee58406eb1c772e7c78c249f5f,0x721e3b6e8c3f8ef3d1a7605700cb3ba027ef8eba,1.043841,1.04384133611691,1.04384133611691,,0.8326036949784997
0x38eb65776d0cf86014ec65d8d3a634599d71a7b30a95fd5626b9569a3399122b,24387809,1770260399,0xa28ee7ec4756b4c3340c30a8c8cb8bd708e1dcdc,0xf00001968c1d6196d3d0553030c7af8d1905dcbb,0x4e31820791ff065f69ef0054711ea8a073e5eba9,1.043841,1.04384133611691,1.04384133611691,,0.8326036949784997
0x9cc5f786770b309029c7a9e19add22ac2f959e5141bb5780bd8149e9a33095e5,24387809,1770260399,0xa28ee7ec4756b4c3340c30a8c8cb8bd708e1dcdc,0xe08d97e151473a848c3d9ca3f323cb720472d015,0xd0cae02373c612e7fa2643f6742d5264685d2c75,1.043841,1.04384133611691,1.04384133611691,,0.8326036949784997
0x7d3fb6817c70b6fdf52677478b8ebfa1212415e9bf9e687601e49c2b9d3f8391,24387809,1770260399,0xa28ee7ec4756b4c3340c30a8c8cb8bd708e1dcdc,0xe08d97e151473a848c3d9ca3f323cb720472d015,0xd0cae02373c612e7fa2643f6742d5264685d2c75,1.043841,1.04384133611691,1.04384133611691,,0.8326036949784997
0x20e7438c65b780d9e6cdbdef589072b8ef081e22c1463b36fdaf03bc999190e9,24387809,1770260399,0xa28ee7ec4756b4c3340c30a8c8cb8bd708e1dcdc,0xe08d97e151473a848c3d9ca3f323cb720472d015,0xd0cae02373c612e7fa2643f6742d5264685d2c75,1.043841,1.04384133611691,1.04384133611691,,0.8326036949784997
0x06d2c59f28de19296c0b855f6febfd352c841fe508ef18ec84e6cc129e42cd1d,24387809,1770260399,0xa28ee7ec4756b4c3340c30a8c8cb8bd708e1dcdc,0xe08d97e151473a848c3d9ca3f323cb720472d015,0x163d2d8fb1ca05bfddbacd065b0172dc0255a37b,1.043841,1.04384133611691,1.04384133611691,,0.8326036949784997
0x9ae16a06f481dfe2b9debeafa349346be6078343dd0b0c6da9799a146dae8c38,24387809,1770260399,0xa28ee7ec4756b4c3340c30a8c8cb8bd708e1dcdc,0xe08d97e151473a848c3d9ca3f323cb720472d015,0x163d2d8fb1ca05bfddbacd065b0172dc0255a37b,1.043841,1.04384133611691,1.04384133611691,,0.8326036949784997
0x4afd18b4eaccbb433ef8eaedc48fc5ae05d2f6f04bbcadd9641bfe3b26f50851,24387810,1770260411,0xbfa7f9c1983ae40738ea0f128e58aa704461aa3a,0xdc72b6efdefd38339839ee7b733cdf6b84c16fca,0xaec4ee9a108304fcc5cdc323d8a2a1d331c342b7,1.043841,1.04384133611691,1.04384133611691,,0.8326036949784997
0xd857bc1a533f942057325818e198edb57bdb395d4a9352c2d355f0cad2a3b77a,24387810,1770260411,0xa28ee7ec4756b4c3340c30a8c8cb8bd708e1dcdc,0x00000f91109c4d0007e90000d9facad5298a0cac,0xad95973c72045cd05b9ddaa2b27cf65f578e339e,1.043841,1.04384133611691,1.04384133611691,,0.8326036949784997
0xb3ea9ca5405822e96d6a480b8b50c35b84d9d01e4ce111589ab8742b44b1de5b,24387810,1770260411,0xa28ee7ec4756b4c3340c30a8c8cb8bd708e1dcdc,0x00000f91109c4d0007e90000d9facad5298a0cac,0xad95973c72045cd05b9ddaa2b27cf65f578e339e,1.043841,1.04384133611691,1.04384133611691,,0.8326036949784997
0xb3ea9ca5405822e96d6a480b8b50c35b84d9d01e4ce111589ab8742b44b1de5b,24387810,1770260411,0xbfa7f9c1983ae40738ea0f128e58aa704461aa3a,0x00000f91109c4d0007e90000d9facad5298a0cac,0xd0cae02373c612e7fa2643f6742d5264685d2c75,1.043841,1.04384133611691,1.04384133611691,,0.8326036949784997
0xe228a9cc0c366f63427b37a6e4b9a602d7f92202484db3cbdb4e44221674b656,24387810,1770260411,0xa28ee7ec4756b4c3340c30a8c8cb8bd708e1dcdc,0x00000f91109c4d0007e90000d9facad5298a0cac,0xad95973c72045cd05b9ddaa2b27cf65f578e339e,1.043841,1.04384133611691,1.04384133611691,,0.8326036949784997
0xe228a9cc0c366f63427b37a6e4b9a602d7f92202484db3cbdb4e44221674b656,24387810,1770260411,0xbfa7f9c1983ae40738ea0f128e58aa704461aa3a,0x00000f91109c4d0007e90000d9facad5298a0cac,0xd0cae02373c612e7fa2643f6742d5264685d2c75,1.043841,1.04384133611691,1.04384133611691,,0.8326036949784997
0x56d3cd2b1445441d43d3ed22d51917a33a337f9b32e85298ca6541273e3e50bd,24387810,1770260411,0xa28ee7ec4756b4c3340c30a8c8cb8bd708e1dcdc,0x00000f91109c4d0007e90000d9facad5298a0cac,0xd0cae02373c612e7fa2643f6742d5264685d2c75,1.043841,1.04384133611691,1.04384133611691,,0.8326036949784997
0x8882b688dfbb546efb30153cb97b6991924986f04b0bca5eb7793cac65c4b8f9,24387811,1770260423,0xbfa7f9c1983ae40738ea0f128e58aa704461aa3a,0xe08d97e151473a848c3d9ca3f323cb720472d015,0x10a132b6feed4998f9011ffd6dbe3e2413614245,1.043841,1.04384133611691,1.04384133611691,,0.8326036949784997
0x6a304ec734c7dc9324688adc2c29598d46d1f0d7f8db58746677ad29db21d3d6,24387811,1770260423,0xbfa7f9c1983ae40738ea0f128e58aa704461aa3a,0xe08d97e151473a848c3d9ca3f323cb720472d015,0x721e3b6e8c3f8ef3d1a7605700cb3ba027ef8eba,1.043841,1.04384133611691,1.04384133611691,,0.8326036949784997
0x2a976352423770fc0e5e32aecd675ec8bbd3f997b560e9e6f67e570e49a5a74c,24387811,1770260423,0xbfa7f9c1983ae40738ea0f128e58aa704461aa3a,0xe08d97e151473a848c3d9ca3f323cb720472d015,0x721e3b6e8c3f8ef3d1a7605700cb3ba027ef8eba,1.043841,1.04384133611691,1.04384133611691,,0.8326036949784997
0x2f001303ac304257d7bdb16784355217dbcb51e53c715eb1bd0d1af03ec7678f,24387811,1770260423,0xbfa7f9c1983ae40738ea0f128e58aa704461aa3a,0xe08d97e151473a848c3d9ca3f323cb720472d015,0x721e3b6e8c3f8ef3d1a7605700cb3ba027ef8eba,1.043841,1.04384133611691,1.04384133611691,,0.8326036949784997
0x37bf5dadda64a7cb08808a95b8280b3902043fb951d71acc4ee7eb6590ea410c,24387811,1770260423,0xbfa7f9c1983ae40738ea0f128e58aa704461aa3a,0xe08d97e151473a848c3d9ca3f323cb720472d015,0x10a132b6feed4998f9011ffd6dbe3e2413614245,1.043841,1.04384133611691,1.04384133611691,,0.8326036949784997
0xdae8238c28467fd4011bc296cd8eec18eeb19ee80b717a7d57914651924e59c4,24387811,1770260423,0xbfa7f9c1983ae40738ea0f128e58aa704461aa3a,0xe08d97e151473a848c3d9ca3f323cb720472d015,0xaec4ee9a108304fcc5cdc323d8a2a1d331c342b7,1.043839,1.04384133611691,1.04384133611691,,0.8326036949784997
0xef69e9f55f25536ceb801fc22678b989b81504e7939355ee2d1e657dee12286f,24387811,1770260423,0xa28ee7ec4756b4c3340c30a8c8cb8bd708e1dcdc,0xe08d97e151473a848c3d9ca3f323cb720472d015,0xad95973c72045cd05b9ddaa2b27cf65f578e339e,1.043841,1.04384133611691,1.04384133611691,,0.8326036949784997
0xa94ec02243331fa8f4385361b1eb86a9b543a2cb4b194e7ebb093b8da40269e9,24387811,1770260423,0xbfa7f9c1983ae40738ea0f128e58aa704461aa3a,0xe08d97e151473a848c3d9ca3f323cb720472d015,0xd0cae02373c612e7fa2643f6742d5264685d2c75,1.043841,1.04384133611691,1.04384133611691,,0.8326036949784997
0xe6b4d4df487c3468f32829b2d0da544ffce75029834ceab04d07063f4ee2a986,24387811,1770260423,0xbfa7f9c1983ae40738ea0f128e58aa704461aa3a,0xe08d97e151473a848c3d9ca3f323cb720472d015,0xd0cae02373c612e7fa2643f6742d5264685d2c75,1.043841,1.04384133611691,1.04384133611691,,0.8326036949784997
0xc927b1c6b0cd15c1f5c0e122baa4a31990af333a5fac5d69be0a77601efdc0f9,24387811,1770260423,0xbfa7f9c1983ae40738ea0f128e58aa704461aa3a,0xe08d97e151473a848c3d9ca3f323cb720472d015,0xd0cae02373c612e7fa2643f6742d5264685d2c75,1.043841,1.04384133611691,1.04384133611691,,0.8326036949784997
0x667cef3c65a0726aa4c89f781460e406c8d0f3b4688dcf650ea193c3c17facad,24387811,1770260423,0xbfa7f9c1983ae40738ea0f128e58aa704461aa3a,0xe08d97e151473a848c3d9ca3f323cb720472d015,0xd0cae02373c612e7fa2643f6742d5264685d2c75,1.043841,1.04384133611691,1.04384133611691,,0.8326036949784997
0xdb1c429408e73a1b9f5be14045e33770b8f5d60d70592b82776cf7ede32f78ba,24387811,1770260423,0xbfa7f9c1983ae40738ea0f128e58aa704461aa3a,0xe08d97e151473a848c3d9ca3f323cb720472d015,0xd0cae02373c612e7fa2643f6742d5264685d2c75,1.043841,1.04384133611691,1.04384133611691,,0.8326036949784997
0x5974886741ccd2ae5e835ffa0c3fca56c6b5f91f3a96489515b5e7b53b0eac0a,24387811,1770260423,0xbfa7f9c1983ae40738ea0f128e58aa704461aa3a,0xe08d97e151473a848c3d9ca3f323cb720472d015,0xd0cae02373c612e7fa2643f6742d5264685d2c75,1.043841,1.04384133611691,1.04384133611691,,0.8326036949784997
0x1a9d504423debe83286a1498fac7ce7230bb4cbf5d4390acddabbc8ef2950595,24387811,1770260423,0xbfa7f9c1983ae40738ea0f128e58aa704461aa3a,0xe08d97e151473a848c3d9ca3f323cb720472d015,0xd0cae02373c612e7fa2643f6742d5264685d2c75,1.043841,1.04384133611691,1.04384133611691,,0.8326036949784997
0xe27cba10befd22f1a81620f2b3b03b4c5e2328c97e3a0ed56606cdd08e3a0e30,24387812,1770260435,0x0e09ce5c48b48bf72bb667715cbe6977489042cb,0xe08d97e151473a848c3d9ca3f323cb720472d015,0x163d2d8fb1ca05bfddbacd065b0172dc0255a37b,1.043841,1.04384133611691,1.04384133611691,,0.8326036949784997
0x8bb6ee07d961a32dac9ca2a414b77ef5e6487836fa7a240c96e511ba04bdc039,24387812,1770260435,0xa28ee7ec4756b4c3340c30a8c8cb8bd708e1dcdc,0xe08d97e151473a848c3d9ca3f323cb720472d015,0x163d2d8fb1ca05bfddbacd065b0172dc0255a37b,1.043841,1.04384133611691,1.04384133611691,,0.8326036949784997
0x0dd6cabaa6727152a75f2cd86386c602cf8b42b9dcf791a706addfa589b162a5,24387812,1770260435,0xa28ee7ec4756b4c3340c30a8c8cb8bd708e1dcdc,0xe08d97e151473a848c3d9ca3f323cb720472d015,0x163d2d8fb1ca05bfddbacd065b0172dc0255a37b,1.043841,1.04384133611691,1.04384133611691,,0.8326036949784997
0xfca1fc80e0c00b81a1d8219641699d659d6b393d1412a483381f6afbee95df48,24387812,1770260435,0xa28ee7ec4756b4c3340c30a8c8cb8bd708e1dcdc,0xe08d97e151473a848c3d9ca3f323cb720472d015,0x163d2d8fb1ca05bfddbacd065b0172dc0255a37b,1.043841,1.04384133611691,1.04384133611691,,0.8326036949784997
0x93a3341b1961466289e91ab9a0ba010494e6b7c18341e49a041eeb2c3b36b2da,24387812,1770260435,0xa28ee7ec4756b4c3340c30a8c8cb8bd708e1dcdc,0xe08d97e151473a848c3d9ca3f323cb720472d015,0x163d2d8fb1ca05bfddbacd065b0172dc0255a37b,1.043841,1.04384133611691,1.04384133611691,,0.8326036949784997
0xb87d2a866cf8b2f8e8f0e8153b56ef5c809c9a9e559225071e84ae4c63661e3f,24387816,1770260483,0xa28ee7ec4756b4c3340c30a8c8cb8bd708e1dcdc,0xa000016d11e045500240e2dfb9938c226e8a873c,0xd0cae02373c612e7fa2643f6742d5264685d2c75,1.043841,1.04384133611691,1.04384133611691,,0.8326036949784997
0x9ca128b6105dff4dd13f1466b8153f69fe64f981fba75d26103149caf9bddb94,24387905,1770261551,0xa28ee7ec4756b4c3340c30a8c8cb8bd708e1dcdc,0xaf682de1f2e6f710731121a05a44cb3c1b511f7d,0xfce88de8b752b27936c82b9bda6705fea0a1fa5c,1.04384,1.04384133611691,1.04384133611691,,0.8326036949784997
0x8372fc8d31664765802a7726fa9afb618cee2676227b4eec2aeea1b13933e491,24387917,1770261695,0x11b0f28028e3659c1ae18e153625c4f1c95698c8,0xbbc133749e308694277aaa82ac780eb8aaed77f6,0xb87346c8f7e4e56fbe34ba7c82caf783bc304adc,1.043535,1.04384133611691,1.04384133611691,,0.8326036949784997
0x7e3ab4ce6ce3e087ea27617367bd87f1dc803e0861b0afb873e0d6c67457831d,24387955,1770262151,0xbfa7f9c1983ae40738ea0f128e58aa704461aa3a,0x00000f91109c4d0007e90000d9facad5298a0cac,0x10a132b6feed4998f9011ffd6dbe3e2413614245,1.043841,1.04384133611691,1.04384133611691,,0.8326036949784997
0x14c1c7759f0e84feafa32174b75d31c7f26fd444f3af53264f80da9ac3750c23,24387955,1770262151,0xbfa7f9c1983ae40738ea0f128e58aa704461aa3a,0x00000f91109c4d0007e90000d9facad5298a0cac,0xd0cae02373c612e7fa2643f6742d5264685d2c75,1.043841,1.04384133611691,1.04384133611691,,0.8326036949784997
0x0454debfcfc93a8da5997612e9e469407b1bf242e50e45a7a4e926b22986e1d4,24388145,1770264455,0xa28ee7ec4756b4c3340c30a8c8cb8bd708e1dcdc,0xe08d97e151473a848c3d9ca3f323cb720472d015,0x721e3b6e8c3f8ef3d1a7605700cb3ba027ef8eba,1.043841,1.04384133611691,1.04384133611691,,0.8326036949784997
0xd1202e39e659727788fc118be08af1a6b68c855979eb77e0d292c086ccad15f7,24388145,1770264455,0xa28ee7ec4756b4c3340c30a8c8cb8bd708e1dcdc,0xe08d97e151473a848c3d9ca3f323cb720472d015,0xad95973c72045cd05b9ddaa2b27cf65f578e339e,1.043841,1.04384133611691,1.04384133611691,,0.8326036949784997
0xa0289a36be5eb9b3a61e4dc0734b168719f491f84222b0876fc5d8ed6bbfe90a,24388145,1770264455,0xa28ee7ec4756b4c3340c30a8c8cb8bd708e1dcdc,0xe08d97e151473a848c3d9ca3f323cb720472d015,0x4e31820791ff065f69ef0054711ea8a073e5eba9,1.043841,1.04384133611691,1.04384133611691,,0.8326036949784997
0x875bc47a2e3f743872185c31c0cf29bf40057cd092fa77522aa705167b097193,24388145,1770264455,0xbfa7f9c1983ae40738ea0f128e58aa704461aa3a,0xe08d97e151473a848c3d9ca3f323cb720472d015,0xaec4ee9a108304fcc5cdc323d8a2a1d331c342b7,1.043841,1.04384133611691,1.04384133611691,,0.8326036949784997
0xc6cf75c8f936ee3dc21a102654b5230a4cef45155393bccb3b7a5aa84bc28d32,24388145,1770264455,0xbfa7f9c1983ae40738ea0f128e58aa704461aa3a,0xe08d97e151473a848c3d9ca3f323cb720472d015,0x721e3b6e8c3f8ef3d1a7605700cb3ba027ef8eba,1.043841,1.04384133611691,1.04384133611691,,0.8326036949784997
0xb30cb54d12b6a77f89b6b307c3a939019c3a5b2f3722605d8a419ef1888b3118,24388145,1770264455,0xbfa7f9c1983ae40738ea0f128e58aa704461aa3a,0xe08d97e151473a848c3d9ca3f323cb720472d015,0x10a132b6feed4998f9011ffd6dbe3e2413614245,1.043841,1.04384133611691,1.04384133611691,,0.8326036949784997
0xbc852f721db0810a09200e6469e850fafbcc7ee885a2b61efb1edaab0070dfe9,24388145,1770264455,0xa28ee7ec4756b4c3340c30a8c8cb8bd708e1dcdc,0xe08d97e151473a848c3d9ca3f323cb720472d015,0x721e3b6e8c3f8ef3d1a7605700cb3ba027ef8eba,1.043841,1.04384133611691,1.04384133611691,,0.8326036949784997
0x3e0b63d43e27f1daf5edbfbdcd637476b1cb49a00f08ed13ac74cbedf95bb24c,24388145,1770264455,0xbfa7f9c1983ae40738ea0f128e58aa704461aa3a,0xe08d97e151473a848c3d9ca3f323cb720472d015,0x10a132b6feed4998f9011ffd6dbe3e2413614245,1.043841,1.04384133611691,1.04384133611691,,0.8326036949784997
0xa953cd960db7b0d40ba21f6b68778f1dc4adea3868b11282d7b6103105f00501,24388145,1770264455,0xa28ee7ec4756b4c3340c30a8c8cb8bd708e1dcdc,0xe08d97e151473a848c3d9ca3f323cb720472d015,0xd0cae02373c612e7fa2643f6742d5264685d2c75,1.043841,1.04384133611691,1.04384133611691,,0.8326036949784997
0x3d0e7f24a72cc28a5f35905d6ededbd310c958a8c533b478c67b8a1304153cc2,24388145,1770264455,0xa28ee7ec4756b4c3340c30a8c8cb8bd708e1dcdc,0xe08d97e151473a848c3d9ca3f323cb720472d015,0xd0cae02373c612e7fa2643f6742d5264685d2c75,1.043841,1.04384133611691,1.04384133611691,,0.8326036949784997
0x5450d4e24a4f5cc01e26b71e747b63b25b982fcff86e2af7d55393238ad31eb6,24388145,1770264455,0xa28ee7ec4756b4c3340c30a8c8cb8bd708e1dcdc,0xe08d97e151473a848c3d9ca3f323cb720472d015,0xd0cae02373c612e7fa2643f6742d5264685d2c75,1.043841,1.04384133611691,1.04384133611691,,0.8326036949784997
0x1b8e14b79765daeb02202762bf28ebc34b2e895da6c022ec0ce7f205fc920144,24388145,1770264455,0xa28ee7ec4756b4c3340c30a8c8cb8bd708e1dcdc,0xe08d97e151473a848c3d9ca3f323cb720472d015,0x4e31820791ff065f69ef0054711ea8a073e5eba9,1.043841,1.04384133611691,1.04384133611691,,0.8326036949784997
0x0f2af909dd8a0803100fab124c54e132919d94d5b26a60045494b378d77baac3,24388145,1770264455,0xa28ee7ec4756b4c3340c30a8c8cb8bd708e1dcdc,0xe08d97e151473a848c3d9ca3f323cb720472d015,0x4e31820791ff065f69ef0054711ea8a073e5eba9,1.043841,1.04384133611691,1.04384133611691,,0.8326036949784997
0xde672ba26c63620363f78dcf07d3192a119186470c72d9af3991318187aed4d4,24388145,1770264455,0xa28ee7ec4756b4c3340c30a8c8cb8bd708e1dcdc,0xe08d97e151473a848c3d9ca3f323cb720472d015,0x163d2d8fb1ca05bfddbacd065b0172dc0255a37b,1.043841,1.04384133611691,1.04384133611691,,0.8326036949784997
0x716b3585886e75a1851d77c74f36d1a8891322980c9ab0dbf9c1ed1ce328b356,24388145,1770264455,0xa28ee7ec4756b4c3340c30a8c8cb8bd708e1dcdc,0xe08d97e151473a848c3d9ca3f323cb720472d015,0x163d2d8fb1ca05bfddbacd065b0172dc0255a37b,1.043841,1.04384133611691,1.04384133611691,,0.8326036949784997
0xf94abc033ae146e8ecad78be502e9209bc699060bd735358a5586990d2af7d95,24388145,1770264455,0xa28ee7ec4756b4c3340c30a8c8cb8bd708e1dcdc,0xe08d97e151473a848c3d9ca3f323cb720472d015,0xad95973c72045cd05b9ddaa2b27cf65f578e339e,1.043841,1.04384133611691,1.04384133611691,,0.8326036949784997
0xe89c6e7bc4cb8c7eb354ce4d26656ac5412fd806a7602385229ab72faf3a5444,24388145,1770264455,0xbfa7f9c1983ae40738ea0f128e58aa704461aa3a,0xe08d97e151473a848c3d9ca3f323cb720472d015,0xaec4ee9a108304fcc5cdc323d8a2a1d331c342b7,1.04384,1.04384133611691,1.04384133611691,,0.8326036949784997
0x98c06b5a4e16438abb6b24ceb64b64ea5dbee7dc008881aab85313a7c0590703,24388145,1770264455,0xbfa7f9c1983ae40738ea0f128e58aa704461aa3a,0xe08d97e151473a848c3d9ca3f323cb720472d015,0xaec4ee9a108304fcc5cdc323d8a2a1d331c342b7,1.04384,1.04384133611691,1.04384133611691,,0.8326036949784997
0xe7e87d3e72e397dcd30e0c7a8992cd612b699e84f01eb41588a6aa475a3539c0,24388145,1770264455,0xbfa7f9c1983ae40738ea0f128e58aa704461aa3a,0xe08d97e151473a848c3d9ca3f323cb720472d015,0xaec4ee9a108304fcc5cdc323d8a2a1d331c342b7,1.04384,1.04384133611691,1.04384133611691,,0.8326036949784997
0x0e41c54c4924f6ffc55de4c00a3663f47cab3251e7f02fd94734b21ab3943760,24388146,1770264467,0xa28ee7ec4756b4c3340c30a8c8cb8bd708e1dcdc,0xaf682de1f2e6f710731121a05a44cb3c1b511f7d,0x721e3b6e8c3f8ef3d1a7605700cb3ba027ef8eba,1.04384,1.04384133611691,1.04384133611691,,0.8326036949784997
0xa3c7cc0ab5453867d4b0958a1220f1901b87bee475c6a89d156dae4b883afd99,24388146,1770264467,0x0e09ce5c48b48bf72bb667715cbe6977489042cb,0x00000f91109c4d0007e90000d9facad5298a0cac,0x163d2d8fb1ca05bfddbacd065b0172dc0255a37b,1.043841,1.04384133611691,1.04384133611691,,0.8326036949784997
0x0994cd9b13eee85e4691c64877cf4208aa85acb831ae3ee73c310e4f0b6474b1,24388146,1770264467,0xbfa7f9c1983ae40738ea0f128e58aa704461aa3a,0x00000f91109c4d0007e90000d9facad5298a0cac,0xd0cae02373c612e7fa2643f6742d5264685d2c75,1.043841,1.04384133611691,1.04384133611691,,0.8326036949784997
0xcd6a4763a7a591e8bf99723e11d137a90b2f916200ef36f23cb319ed91717fe9,24388146,1770264467,0x0e09ce5c48b48bf72bb667715cbe6977489042cb,0x00000f91109c4d0007e90000d9facad5298a0cac,0x163d2d8fb1ca05bfddbacd065b0172dc0255a37b,1.043841,1.04384133611691,1.04384133611691,,0.8326036949784997
0x7c2a6d424f50c2a1f14e920af3cfdf98d2c773c1826d4337b686408ab9ebedea,24388147,1770264479,0xa28ee7ec4756b4c3340c30a8c8cb8bd708e1dcdc,0x00000f91109c4d0007e90000d9facad5298a0cac,0xfce88de8b752b27936c82b9bda6705fea0a1fa5c,1.04384,1.04384133611691,1.04384133611691,,0.8326036949784997
0xf8bc7bbe597a71e49a31f2f4c141ce603968d03048e1c10cb5c9830a48be9441,24388147,1770264479,0x0e09ce5c48b48bf72bb667715cbe6977489042cb,0x00000f91109c4d0007e90000d9facad5298a0cac,0x163d2d8fb1ca05bfddbacd065b0172dc0255a37b,1.043841,1.04384133611691,1.04384133611691,,0.8326036949784997
0x7a5e8b7854a9547524278587c3a8bc42c5adfb07e844dd27217678deffeb31ff,24388147,1770264479,0xbfa7f9c1983ae40738ea0f128e58aa704461aa3a,0x00000f91109c4d0007e90000d9facad5298a0cac,0x10a132b6feed4998f9011ffd6dbe3e2413614245,1.043841,1.04384133611691,1.04384133611691,,0.8326036949784997
0xfddedbd0fa965c3a56f8c11f524537dbb488af355dd37f55f8fa676d122a58d5,24388147,1770264479,0xbfa7f9c1983ae40738ea0f128e58aa704461aa3a,0x00000f91109c4d0007e90000d9facad5298a0cac,0xd0cae02373c612e7fa2643f6742d5264685d2c75,1.043841,1.04384133611691,1.04384133611691,,0.8326036949784997
0xd2da78011f235f165855369008c8aead335aa7805eaa2f289fe1fa9b4b68b003,24388147,1770264479,0xbfa7f9c1983ae40738ea0f128e58aa704461aa3a,0x00000f91109c4d0007e90000d9facad5298a0cac,0xd0cae02373c612e7fa2643f6742d5264685d2c75,1.043841,1.04384133611691,1.04384133611691,,0.8326036949784997
0xecd619b48832fac13d24c83343c8d0e383837202ee6b642f1771fbd8e0439a1b,24388147,1770264479,0xbfa7f9c1983ae40738ea0f128e58aa704461aa3a,0x00000f91109c4d0007e90000d9facad5298a0cac,0xd0cae02373c612e7fa2643f6742d5264685d2c75,1.043841,1.04384133611691,1.04384133611691,,0.8326036949784997
0x95c2feb2a88c5b5cd209d05d11ac67907f2f2137c2827099c49cf6f22d3230e7,24388147,1770264479,0xbfa7f9c1983ae40738ea0f128e58aa704461aa3a,0x00000f91109c4d0007e90000d9facad5298a0cac,0xd0cae02373c612e7fa2643f6742d5264685d2c75,1.043841,1.04384133611691,1.04384133611691,,0.8326036949784997
0xdf46106e6d4ac511f02df94738e95af95ea49134425af5c038d2ca219c13eb88,24388147,1770264479,0xbfa7f9c1983ae40738ea0f128e58aa704461aa3a,0x00000f91109c4d0007e90000d9facad5298a0cac,0xd0cae02373c612e7fa2643f6742d5264685d2c75,1.043841,1.04384133611691,1.04384133611691,,0.8326036949784997
0x1168bcc4186c62d18643461fa1aa502a961eb3d7b2a3e44ef9e04831606e2f54,24388147,1770264479,0xbfa7f9c1983ae40738ea0f128e58aa704461aa3a,0x00000f91109c4d0007e90000d9facad5298a0cac,0xd0cae02373c612e7fa2643f6742d5264685d2c75,1.043841,1.04384133611691,1.04384133611691,,0.8326036949784997
0xed6570c5bd1a660d3d110e99d983e8fe7b516310bba28ee92eb183b0de02a323,24388150,1770264515,0xbfa7f9c1983ae40738ea0f128e58aa704461aa3a,0xe08d97e151473a848c3d9ca3f323cb720472d015,0x721e3b6e8c3f8ef3d1a7605700cb3ba027ef8eba,1.043841,1.04384133611691,1.04384133611691,,0.8326036949784997
0x5a9cc484cff6be01eb0452d1c1638321e1a70e2887088a64b946a75468378574,24388150,1770264515,0xbfa7f9c1983ae40738ea0f128e58aa704461aa3a,0xe08d97e151473a848c3d9ca3f323cb720472d015,0xd0cae02373c612e7fa2643f6742d5264685d2c75,1.043841,1.04384133611691,1.04384133611691,,0.8326036949784997
0xe1313cfb761803defbcaa9f4869bc4447ab2b9fd502920a2a8dc54ce5a9554b6,24388152,1770264539,0x0e09ce5c48b48bf72bb667715cbe6977489042cb,0xf00001968c1d6196d3d0553030c7af8d1905dcbb,0xd2515c793af89c55169191b5c43a99989cf63c54,1.043841,1.04384133611691,1.04384133611691,,0.8326036949784997
0x8b52aef91c09a7591c12b77d4ef81168327171fe8f578c715d4c4e2a949aa96e,24388158,1770264611,0xa28ee7ec4756b4c3340c30a8c8cb8bd708e1dcdc,0xe08d97e151473a848c3d9ca3f323cb720472d015,0xd0cae02373c612e7fa2643f6742d5264685d2c75,1.043841,1.04384133611691,1.04384133611691,,0.8326036949784997
0x752bf88c698162c7c51ff8e559d0e83fbac19b740d2c637164adccf7c872e02a,24388185,1770264935,0xa28ee7ec4756b4c3340c30a8c8cb8bd708e1dcdc,0x00000f91109c4d0007e90000d9facad5298a0cac,0xfce88de8b752b27936c82b9bda6705fea0a1fa5c,1.043841,1.04384133611691,1.04384133611691,,0.8326036949784997
0x60158dd80f91122aba355d7243af51bc23b68d7c98935a0a96b78839c6054c85,24388395,1770267467,0xa28ee7ec4756b4c3340c30a8c8cb8bd708e1dcdc,0xc31a49d1c4c652af57cefdef248f3c55b801c649,0xfce88de8b752b27936c82b9bda6705fea0a1fa5c,1.043841,1.04384133611691,1.04384133611691,,0.8326036949784997
0xafed1b09dba76e31478b704c99244433c643cf3b400fdc6f19dd5d6e428d18cc,24388396,1770267479,0xa28ee7ec4756b4c3340c30a8c8cb8bd708e1dcdc,0x682ea8aa9b23250e0e240580e8ae55205f612979,0xfce88de8b752b27936c82b9bda6705fea0a1fa5c,1.043841,1.04384133611691,1.04384133611691,,0.8326036949784997
0xd7e8677754be6f7cb39d326dde496579003fb250a97c7d28da08adf9dfee0f08,24388514,1770268919,0xa28ee7ec4756b4c3340c30a8c8cb8bd708e1dcdc,0x80bf7db69556d9521c03461978b8fc731dbbd4e4,0x721e3b6e8c3f8ef3d1a7605700cb3ba027ef8eba,1.043841,1.04384133611691,1.04384133611691,,0.8326036949784997
0x64692a3314081a962dab3c69b52723bb52498e287b7e8cd7fe402430380830cf,24388515,1770268931,0xa28ee7ec4756b4c3340c30a8c8cb8bd708e1dcdc,0xe08d97e151473a848c3d9ca3f323cb720472d015,0x4e31820791ff065f69ef0054711ea8a073e5eba9,1.043841,1.04384133611691,1.04384133611691,,0.8326036949784997
0xc76fcd863e2f76e5e46ff7e911811398602bfad19407e8bbfcea432320aff3d2,24388515,1770268931,0xa28ee7ec4756b4c3340c30a8c8cb8bd708e1dcdc,0xe08d97e151473a848c3d9ca3f323cb720472d015,0x4e31820791ff065f69ef0054711ea8a073e5eba9,1.043841,1.04384133611691,1.04384133611691,,0.8326036949784997
0x0e96b8803df5756b6be287d2ed66af7e6f33862e800732164e92f3754869bf01,24388515,1770268931,0xbfa7f9c1983ae40738ea0f128e58aa704461aa3a,0xe08d97e151473a848c3d9ca3f323cb720472d015,0x721e3b6e8c3f8ef3d1a7605700cb3ba027ef8eba,1.043841,1.04384133611691,1.04384133611691,,0.8326036949784997
0x01da86271410e6b15d5ab93d0a313ea6f3d513dd76df1d9760e0300740cda992,24388515,1770268931,0xbfa7f9c1983ae40738ea0f128e58aa704461aa3a,0xe08d97e151473a848c3d9ca3f323cb720472d015,0x721e3b6e8c3f8ef3d1a7605700cb3ba027ef8eba,1.043841,1.04384133611691,1.04384133611691,,0.8326036949784997
0xf87379db8ddc4b171cf63590632efdff376ac6d49a811fd0a09fae37028d7ded,24388515,1770268931,0xa28ee7ec4756b4c3340c30a8c8cb8bd708e1dcdc,0xe08d97e151473a848c3d9ca3f323cb720472d015,0xad95973c72045cd05b9ddaa2b27cf65f578e339e,1.043841,1.04384133611691,1.04384133611691,,0.8326036949784997
0xf87379db8ddc4b171cf63590632efdff376ac6d49a811fd0a09fae37028d7ded,24388515,1770268931,0xbfa7f9c1983ae40738ea0f128e58aa704461aa3a,0xe08d97e151473a848c3d9ca3f323cb720472d015,0xd0cae02373c612e7fa2643f6742d5264685d2c75,1.043841,1.04384133611691,1.04384133611691,,0.8326036949784997
0x4b43c7cab60937bc82e03c7b0d00a762b640cba85cf6fb3009183e23649c9410,24388515,1770268931,0xa28ee7ec4756b4c3340c30a8c8cb8bd708e1dcdc,0xe08d97e151473a848c3d9ca3f323cb720472d015,0xad95973c72045cd05b9ddaa2b27cf65f578e339e,1.043841,1.04384133611691,1.04384133611691,,0.8326036949784997
0x4b43c7cab60937bc82e03c7b0d00a762b640cba85cf6fb3009183e23649c9410,24388515,1770268931,0xbfa7f9c1983ae40738ea0f128e58aa704461aa3a,0xe08d97e151473a848c3d9ca3f323cb720472d015,0xd0cae02373c612e7fa2643f6742d5264685d2c75,1.043841,1.04384133611691,1.04384133611691,,0.8326036949784997
0xc2db3a2a835a40b4df9b759439c0095823e54ca55865ed060a83f003c447a884,24388515,1770268931,0xa28ee7ec4756b4c3340c30a8c8cb8bd708e1dcdc,0xe08d97e151473a848c3d9ca3f323cb720472d015,0xad95973c72045cd05b9ddaa2b27cf65f578e339e,1.043841,1.04384133611691,1.04384133611691,,0.8326036949784997
0xc2db3a2a835a40b4df9b759439c0095823e54ca55865ed060a83f003c447a884,24388515,1770268931,0xbfa7f9c1983ae40738ea0f128e58aa704461aa3a,0xe08d97e151473a848c3d9ca3f323cb720472d015,0xd0cae02373c612e7fa2643f6742d5264685d2c75,1.043841,1.04384133611691,1.04384133611691,,0.8326036949784997
0x413527cfaf4603c0267f48e02ab8f169be8affe751ac989160f42b7321c3a0de,24388515,1770268931,0xbfa7f9c1983ae40738ea0f128e58aa704461aa3a,0xe08d97e151473a848c3d9ca3f323cb720472d015,0x10a132b6feed4998f9011ffd6dbe3e2413614245,1.043841,1.04384133611691,1.04384133611691,,0.8326036949784997
0x843190460fd5ddc19d53655b677653d141e56355af60495c7726bab3ab9eca67,24388515,1770268931,0xbfa7f9c1983ae40738ea0f128e58aa704461aa3a,0xe08d97e151473a848c3d9ca3f323cb720472d015,0x10a132b6feed4998f9011ffd6dbe3e2413614245,1.043841,1.04384133611691,1.04384133611691,,0.8326036949784997
0xe489bbeb477c682d1089cedcd5d6f5c999bbdf79ab8963608b7ef0c249d123fb,24388515,1770268931,0xa28ee7ec4756b4c3340c30a8c8cb8bd708e1dcdc,0xe08d97e151473a848c3d9ca3f323cb720472d015,0xd0cae02373c612e7fa2643f6742d5264685d2c75,1.043841,1.04384133611691,1.04384133611691,,0.8326036949784997
0xcad41c9b1b80fab2562211cdbdb64731f63768362d1e725a5e9225beb354730e,24388515,1770268931,0xa28ee7ec4756b4c3340c30a8c8cb8bd708e1dcdc,0xe08d97e151473a848c3d9ca3f323cb720472d015,0xd0cae02373c612e7fa2643f6742d5264685d2c75,1.043841,1.04384133611691,1.04384133611691,,0.8326036949784997
0xdb98cb8af7115e0fa1dfcc506ffebe15550e1206feac9e8c5fc8fc429ff9a3a7,24388515,1770268931,0xa28ee7ec4756b4c3340c30a8c8cb8bd708e1dcdc,0xe08d97e151473a848c3d9ca3f323cb720472d015,0x4e31820791ff065f69ef0054711ea8a073e5eba9,1.043841,1.04384133611691,1.04384133611691,,0.8326036949784997
0xcb8b02532128f1f65b9f1fe1ae8c4c03a4d48d1ecc073f8dd23a563e1715642d,24388515,1770268931,0xbfa7f9c1983ae40738ea0f128e58aa704461aa3a,0xe08d97e151473a848c3d9ca3f323cb720472d015,0x721e3b6e8c3f8ef3d1a7605700cb3ba027ef8eba,1.043841,1.04384133611691,1.04384133611691,,0.8326036949784997
0x5004566358cdeb6d11bffd29e644e80ef075ea485afc29aad81c46d90c8911b8,24388515,1770268931,0xbfa7f9c1983ae40738ea0f128e58aa704461aa3a,0xe08d97e151473a848c3d9ca3f323cb720472d015,0xaec4ee9a108304fcc5cdc323d8a2a1d331c342b7,1.04384,1.04384133611691,1.04384133611691,,0.8326036949784997
0xa839e5ef06f8ddf5b7d2fd4e2e348dd0348bc1dafbc4e9fa4bb64c05bc08e89a,24388515,1770268931,0xbfa7f9c1983ae40738ea0f128e58aa704461aa3a,0xe08d97e151473a848c3d9ca3f323cb720472d015,0x10a132b6feed4998f9011ffd6dbe3e2413614245,1.043841,1.04384133611691,1.04384133611691,,0.8326036949784997
0xa0a31fda809db608722e1c3288d55ea044dbe930ae2570b2460fb99dadd83093,24388515,1770268931,0xbfa7f9c1983ae40738ea0f128e58aa704461aa3a,0xe08d97e151473a848c3d9ca3f323cb720472d015,0xaec4ee9a108304fcc5cdc323d8a2a1d331c342b7,1.04384,1.04384133611691,1.04384133611691,,0.8326036949784997
0x44ce650069f6a0274cdd88d91aac76a076fc7ce87001484f7f30408bd9965ce3,24388515,1770268931,0xbfa7f9c1983ae40738ea0f128e58aa704461aa3a,0xe08d97e151473a848c3d9ca3f323cb720472d015,0xaec4ee9a108304fcc5cdc323d8a2a1d331c342b7,1.04384,1.04384133611691,1.04384133611691,,0.8326036949784997
0x51444fa85898dffbc4f03bfbfed0ea3ec0c6efdc2cc636306093f53f725b2ca4,24388515,1770268931,0xa28ee7ec4756b4c3340c30a8c8cb8bd708e1dcdc,0xe08d97e151473a848c3d9ca3f323cb720472d015,0x163d2d8fb1ca05bfddbacd065b0172dc0255a37b,1.043841,1.04384133611691,1.04384133611691,,0.8326036949784997
0xaab53de9f43aab9ccfb2c819beec1b495e04dd579fbd7d78f9a25b93a66de4c5,24388515,1770268931,0xbfa7f9c1983ae40738ea0f128e58aa704461aa3a,0xe08d97e151473a848c3d9ca3f323cb720472d015,0xaec4ee9a108304fcc5cdc323d8a2a1d331c342b7,1.04384,1.04384133611691,1.04384133611691,,0.8326036949784997
0x3db82a42187370f0b9872849e2e82209078499934ad8839434b2d469845a6bf3,24388515,1770268931,0xbfa7f9c1983ae40738ea0f128e58aa704461aa3a,0xe08d97e151473a848c3d9ca3f323cb720472d015,0xaec4ee9a108304fcc5cdc323d8a2a1d331c342b7,1.043839,1.04384133611691,1.04384133611691,,0.8326036949784997
0x27b923a12cceebd01992ee7428e4addcdaf441d9ec2b1b0fe5479bcef7825599,24388517,1770268955,0xa28ee7ec4756b4c3340c30a8c8cb8bd708e1dcdc,0xf00001968c1d6196d3d0553030c7af8d1905dcbb,0x4e31820791ff065f69ef0054711ea8a073e5eba9,1.043841,1.04384133611691,1.04384133611691,,0.8326036949784997
0x147dbb5a9f44141074e9657290bb50c80068655053e2e65aaa3322bbb565ab46,24388517,1770268955,0xa28ee7ec4756b4c3340c30a8c8cb8bd708e1dcdc,0x00000f91109c4d0007e90000d9facad5298a0cac,0xad95973c72045cd05b9ddaa2b27cf65f578e339e,1.043841,1.04384133611691,1.04384133611691,,0.8326036949784997
0x894ac4a5ee3f3cbcd848f5d08a5259ca78a7666f2622ec6f271b861266dc056b,24388517,1770268955,0xa28ee7ec4756b4c3340c30a8c8cb8bd708e1dcdc,0x00000f91109c4d0007e90000d9facad5298a0cac,0xad95973c72045cd05b9ddaa2b27cf65f578e339e,1.043841,1.04384133611691,1.04384133611691,,0.8326036949784997
0xa4a10b6313c2fd1af3e85dee30f91d29e40c8162824f3d91169a386ca9128e63,24388518,1770268967,0xa28ee7ec4756b4c3340c30a8c8cb8bd708e1dcdc,0x00000f91109c4d0007e90000d9facad5298a0cac,0xad95973c72045cd05b9ddaa2b27cf65f578e339e,1.043841,1.04384133611691,1.04384133611691,,0.8326036949784997
0x7369bd5f7d04f314b366c8da0ec29fb24958387f38029d101f364c09eb94ad56,24388518,1770268967,0xa28ee7ec4756b4c3340c30a8c8cb8bd708e1dcdc,0xaf682de1f2e6f710731121a05a44cb3c1b511f7d,0xfce88de8b752b27936c82b9bda6705fea0a1fa5c,1.043838,1.04384133611691,1.04384133611691,,0.8326036949784997
0x01fc2a34c658a3f60bca9b38ead48078d0b14614dec6e6d5754f857cee5bdacd,24388518,1770268967,0xbfa7f9c1983ae40738ea0f128e58aa704461aa3a,0xe08d97e151473a848c3d9ca3f323cb720472d015,0xd0cae02373c612e7fa2643f6742d5264685d2c75,1.043841,1.04384133611691,1.04384133611691,,0.8326036949784997
0xfb03e981daead8d0f51a255ba4f8e1b5f1aa1aed9e65b4cf1c1ba1b7c142d626,24388518,1770268967,0xbfa7f9c1983ae40738ea0f128e58aa704461aa3a,0xe08d97e151473a848c3d9ca3f323cb720472d015,0xd0cae02373c612e7fa2643f6742d5264685d2c75,1.043841,1.04384133611691,1.04384133611691,,0.8326036949784997
0x7efea0911074b540e6d14e032d899718e9a29c7fcfc9ca05caeaaa4277a323b0,24388523,1770269027,0xbfa7f9c1983ae40738ea0f128e58aa704461aa3a,0x00000f91109c4d0007e90000d9facad5298a0cac,0x10a132b6feed4998f9011ffd6dbe3e2413614245,1.049599,1.04384133611691,1.04384133611691,,0.8326036949784997
0x6eee8a05fa2c7b719b22135d399d9e7a854cf2f5e106b9b5c7decd5af5a26bef,24388524,1770269039,0xa28ee7ec4756b4c3340c30a8c8cb8bd708e1dcdc,0x339c0db4a0030c88b4a48aafe56cdba23c8d4338,0x721e3b6e8c3f8ef3d1a7605700cb3ba027ef8eba,1.043841,1.04384133611691,1.04384133611691,,0.8326036949784997
0x78cb9ff95323ed0870db0e2a7ee0505fc216840e757253947ec24df1d191f5b2,24388524,1770269039,0xbfa7f9c1983ae40738ea0f128e58aa704461aa3a,0xaf682de1f2e6f710731121a05a44cb3c1b511f7d,0x721e3b6e8c3f8ef3d1a7605700cb3ba027ef8eba,1.043841,1.04384133611691,1.04384133611691,,0.8326036949784997
0x894f8329c6c9d17de9b330c5f9584c83aa46d60199768349a5e4b244edaf54ed,24388524,1770269039,0xa28ee7ec4756b4c3340c30a8c8cb8bd708e1dcdc,0x00000f91109c4d0007e90000d9facad5298a0cac,0xad95973c72045cd05b9ddaa2b27cf65f578e339e,1.043841,1.04384133611691,1.04384133611691,,0.8326036949784997
0xbed41608e2ddc0b08f370645239fd7b88716d11a2d43fe99d711fd0e8709e249,24388524,1770269039,0x0e09ce5c48b48bf72bb667715cbe6977489042cb,0xf00001968c1d6196d3d0553030c7af8d1905dcbb,0x163d2d8fb1ca05bfddbacd065b0172dc0255a37b,1.043841,1.04384133611691,1.04384133611691,,0.8326036949784997
0xbca9add9bfd0b92b9edf6700c2fe5b9f8db0399702190363ed97f5cdbb6c133d,24388524,1770269039,0xbfa7f9c1983ae40738ea0f128e58aa704461aa3a,0x00000f91109c4d0007e90000d9facad5298a0cac,0x10a132b6feed4998f9011ffd6dbe3e2413614245,1.043841,1.04384133611691,1.04384133611691,,0.8326036949784997
0x878507e9b7bb36f5d8bbf0438b4b67f25b3b7e38e73cf0c687c08bfb06a689c3,24388524,1770269039,0xbfa7f9c1983ae40738ea0f128e58aa704461aa3a,0x00000f91109c4d0007e90000d9facad5298a0cac,0x10a132b6feed4998f9011ffd6dbe3e2413614245,1.043841,1.04384133611691,1.04384133611691,,0.8326036949784997
0xc11aa4dcb620870ca037b492816897781f75af883bd3dfa2d80b9c61e966e5f8,24388525,1770269051,0xa28ee7ec4756b4c3340c30a8c8cb8bd708e1dcdc,0xe08d97e151473a848c3d9ca3f323cb720472d015,0x721e3b6e8c3f8ef3d1a7605700cb3ba027ef8eba,1.043841,1.04384133611691,1.04384133611691,,0.8326036949784997
0x3dc68f149270d919467d89d359102ec7e4ae8e7f43dfaa27c226f1d24fe7f9ae,24388525,1770269051,0xa28ee7ec4756b4c3340c30a8c8cb8bd708e1dcdc,0xe08d97e151473a848c3d9ca3f323cb720472d015,0xd0cae02373c612e7fa2643f6742d5264685d2c75,1.043841,1.04384133611691,1.04384133611691,,0.8326036949784997
0xceea0661076ccc294289ad9860d8533c34b1702e01b036e7f935219d8b9c3d5c,24388525,1770269051,0xa28ee7ec4756b4c3340c30a8c8cb8bd708e1dcdc,0xe08d97e151473a848c3d9ca3f323cb720472d015,0xd0cae02373c612e7fa2643f6742d5264685d2c75,1.043841,1.04384133611691,1.04384133611691,,0.8326036949784997
0x5a6914909ebe94d10322fb6b4462c11ab3cc3b2fc1f122ade730e15a23f81268,24388525,1770269051,0xa28ee7ec4756b4c3340c30a8c8cb8bd708e1dcdc,0xe08d97e151473a848c3d9ca3f323cb720472d015,0x163d2d8fb1ca05bfddbacd065b0172dc0255a37b,1.043841,1.04384133611691,1.04384133611691,,0.8326036949784997
0xd24cec0f4f753e04d96593816b624f158aa6213118cd3d9ac372519c85271dec,24388525,1770269051,0xa28ee7ec4756b4c3340c30a8c8cb8bd708e1dcdc,0xe08d97e151473a848c3d9ca3f323cb720472d015,0x163d2d8fb1ca05bfddbacd065b0172dc0255a37b,1.043841,1.04384133611691,1.04384133611691,,0.8326036949784997
0xcf9ac72889d9c404651cec8433b2f4a6002f68e3ade18d38c8cce0d5a0a11d8a,24388525,1770269051,0xa28ee7ec4756b4c3340c30a8c8cb8bd708e1dcdc,0x339c0db4a0030c88b4a48aafe56cdba23c8d4338,0x4e31820791ff065f69ef0054711ea8a073e5eba9,1.043841,1.04384133611691,1.04384133611691,,0.8326036949784997
0xd49163052334e09bd1301aded15b56d2ecd44d4db9e7d527824ea2d7b56f8d12,24388526,1770269063,0xbfa7f9c1983ae40738ea0f128e58aa704461aa3a,0xf00001968c1d6196d3d0553030c7af8d1905dcbb,0xaec4ee9a108304fcc5cdc323d8a2a1d331c342b7,1.043841,1.04384133611691,1.04384133611691,,0.8326036949784997
0xfa34143b20dde42848e7d18545bb05f97b1a35c819feecda0e588dcdaf52ba9d,24388526,1770269063,0xbfa7f9c1983ae40738ea0f128e58aa704461aa3a,0xa000016d11e045500240e2dfb9938c226e8a873c,0x10a132b6feed4998f9011ffd6dbe3e2413614245,1.043841,1.04384133611691,1.04384133611691,,0.8326036949784997
0xa5caf0060ec10264ec3f0d0622af8eeb79185fd8443d2ef68700f0aa526c767f,24388526,1770269063,0xa28ee7ec4756b4c3340c30a8c8cb8bd708e1dcdc,0xf00001968c1d6196d3d0553030c7af8d1905dcbb,0xd0cae02373c612e7fa2643f6742d5264685d2c75,1.043841,1.04384133611691,1.04384133611691,,0.8326036949784997
0xf68d0e0f5c8613c10a75c8d95178a82959d6db825f192e82ffc56fcaed269894,24388526,1770269063,0xa28ee7ec4756b4c3340c30a8c8cb8bd708e1dcdc,0xaf682de1f2e6f710731121a05a44cb3c1b511f7d,0xfce88de8b752b27936c82b9bda6705fea0a1fa5c,1.04384,1.04384133611691,1.04384133611691,,0.8326036949784997
0x2c128d63db65ea36714873df5d3fbb9b7212021d813cdc5c2b0a23a1292b7426,24388526,1770269063,0xbfa7f9c1983ae40738ea0f128e58aa704461aa3a,0xaf682de1f2e6f710731121a05a44cb3c1b511f7d,0xd0cae02373c612e7fa2643f6742d5264685d2c75,1.04384,1.04384133611691,1.04384133611691,,0.8326036949784997
0x21d4118d2ea917cb3bafa7b6e06bdc0a00b011c69da32c3f97f011b6e35ca17b,24388527,1770269075,0xa28ee7ec4756b4c3340c30a8c8cb8bd708e1dcdc,0xf00001968c1d6196d3d0553030c7af8d1905dcbb,0x4e31820791ff065f69ef0054711ea8a073e5eba9,1.043841,1.04384133611691,1.04384133611691,,0.8326036949784997
0x82cbebedc6491d957d7c4693c79479cf427413ad091bca5e86c54ba9c83a89fd,24388527,1770269075,0x11b0f28028e3659c1ae18e153625c4f1c95698c8,0xf00001968c1d6196d3d0553030c7af8d1905dcbb,0x21e39af4f3a2f06cf89dc13155dbd6e2f7576bbf,1.043841,1.04384133611691,1.04384133611691,,0.8326036949784997
0xd51dac7b5383c6de90523b480289fb2cfa8fcd8a8ddeae0e1d0059c5a6790c4b,24388531,1770269123,0x34ede59541b2a53cb15dfeb6acd5c85901568e95,0xa000016d11e045500240e2dfb9938c226e8a873c,0x91ad95702fedc4b83843d3f3aaaa9f0ef68f71ff,1.043841,1.04384133611691,1.04384133611691,,0.8326036949784997
0xa2e82faa01f0a433267faff36aa4065e48c7a2ed2775d028a3599dd7569087ca,24388531,1770269123,0xa28ee7ec4756b4c3340c30a8c8cb8bd708e1dcdc,0x5b5a0580bcfd3673820bb249514234afad33e209,0xad95973c72045cd05b9ddaa2b27cf65f578e339e,1.043841,1.04384133611691,1.04384133611691,,0.8326036949784997
0xe8c59427bfed266cc45fb3d94b934f7f3b494c18f4b194e1b2bc22a48c26e021,24388535,1770269171,0x0e09ce5c48b48bf72bb667715cbe6977489042cb,0xe08d97e151473a848c3d9ca3f323cb720472d015,0xd2515c793af89c55169191b5c43a99989cf63c54,1.043841,1.04384133611691,1.04384133611691,,0.8326036949784997
0x3145eb85a19bbf30dac38bdfafefd3a5a92f267ee52e067bb04bed95165f9be9,24388535,1770269171,0x0e09ce5c48b48bf72bb667715cbe6977489042cb,0xe08d97e151473a848c3d9ca3f323cb720472d015,0xd2515c793af89c55169191b5c43a99989cf63c54,1.043841,1.04384133611691,1.04384133611691,,0.8326036949784997
0x511737a12dd031152f6b9207ed9eb9ff0e4de5d518ae251315ae5fb63a433240,24388546,1770269315,0xbfa7f9c1983ae40738ea0f128e58aa704461aa3a,0xf00001968c1d6196d3d0553030c7af8d1905dcbb,0x8f714eeaaeb838c9c7e295b5f105abfab311b286,1.043841,1.04384133611691,1.04384133611691,,0.8326036949784997
0xc2a4bb4e7fcae65462f009b926de183243945e091aebe90095f9f34792074291,24388581,1770269735,0x11b0f28028e3659c1ae18e153625c4f1c95698c8,0x902367430ad1618a7bba2c3ab6c92bbe05f26a17,0xdb6990da6a4ce716d778bcf5e3e09bcfc5d4439c,1.043841,1.04384133611691,1.04384133611691,,0.8326036949784997
0xb802b1c221d4ef70ae47155c3f141827b2c70e4e36481f758bbaa6fce232ab06,24388736,1770271595,0x11b0f28028e3659c1ae18e153625c4f1c95698c8,0xe08d97e151473a848c3d9ca3f323cb720472d015,0x21e39af4f3a2f06cf89dc13155dbd6e2f7576bbf,1.043841,1.04384133611691,1.04384133611691,,0.8326036949784997
0x0ed69d9ec32079abac5509cfef6b5571456fcf353851be22765842857de1577e,24388736,1770271595,0x11b0f28028e3659c1ae18e153625c4f1c95698c8,0xe08d97e151473a848c3d9ca3f323cb720472d015,0xdb6990da6a4ce716d778bcf5e3e09bcfc5d4439c,1.043841,1.04384133611691,1.04384133611691,,0.8326036949784997
0x2366ef3f4b4fbe2246e1a5315f2583920f59faf42823252910b4f706ff488b42,24388747,1770271727,0x11b0f28028e3659c1ae18e153625c4f1c95698c8,0xbbc133749e308694277aaa82ac780eb8aaed77f6,0xb87346c8f7e4e56fbe34ba7c82caf783bc304adc,1.043779,1.04384133611691,1.04384133611691,,0.8326036949784997
0xe999c0bcc5baf8ed1a3f75ffde63a32c4887d136efd069bad8095b6cdd14b190,24388752,1770271787,0x11b0f28028e3659c1ae18e153625c4f1c95698c8,0x902367430ad1618a7bba2c3ab6c92bbe05f26a17,0x21e39af4f3a2f06cf89dc13155dbd6e2f7576bbf,1.043841,1.04384133611691,1.04384133611691,,0.8326036949784997
0xfa487099d3df1c54e97a1e9270ddd8be51c8c8188341b1c7b8f3d528179c53a4,24389774,1770284171,0x860ce7e3b7a8e96df54ef9b733494e0804ef0ce5,0xb90aa6ad4e00d9201d3c26610a5ef7f0456eecd2,0xe573768b1a01bf81dca597e5460daa4f63d6beb9,1.026167,1.0261672652642382,1.0261672652642382,,0.8978687766514472
0x1ea2693c9680319f919385f3de13f8a9f0a5bbf68490f4d43013eb73982f92fd,24390040,1770287375,0x860ce7e3b7a8e96df54ef9b733494e0804ef0ce5,0xbbc133749e308694277aaa82ac780eb8aaed77f6,0x8aac198a3013e78dce158231fe69faece4a17803,1.026167,1.0261672652642382,1.0261672652642382,,0.8978687766514472
0x4849ac4369a5019502d392be882f92a7c6d2afdb7989a10e3cb3b63a10b8108c,24390316,1770290699,0x11b0f28028e3659c1ae18e153625c4f1c95698c8,0xf00001968c1d6196d3d0553030c7af8d1905dcbb,0x21e39af4f3a2f06cf89dc13155dbd6e2f7576bbf,1.043841,1.04384133611691,1.04384133611691,,0.8326036949784997
0x86b01b90d01b1a5fe0e3af36dc98637469c746eb4a28642a4b0b3ed94341c002,24390335,1770290927,0xa28ee7ec4756b4c3340c30a8c8cb8bd708e1dcdc,0xafc846603021dc404bb9966e5f10485485e553ba,0xad95973c72045cd05b9ddaa2b27cf65f578e339e,1.043841,1.04384133611691,1.04384133611691,,0.8326036949784997
0x4060f2af8e0d5d2cd0d05562e878f26e770ae3861148e2008411aee4964c204d,24390336,1770290939,0xa28ee7ec4756b4c3340c30a8c8cb8bd708e1dcdc,0xaeca1340f45330028940a689beef1dd0cbbbce79,0x4e31820791ff065f69ef0054711ea8a073e5eba9,1.043841,1.04384133611691,1.04384133611691,,0.8326036949784997
0xc847f34d994e0082c22d7abac1ad5393b4f092c4e5808c37e9002be94a1b56ba,24390336,1770290939,0xa28ee7ec4756b4c3340c30a8c8cb8bd708e1dcdc,0xaf682de1f2e6f710731121a05a44cb3c1b511f7d,0xad95973c72045cd05b9ddaa2b27cf65f578e339e,1.04384,1.04384133611691,1.04384133611691,,0.8326036949784997
0x46c9176e96a3638f3298f070e42b38b16adc23c8bd19afc529e82a17dbddc670,24390336,1770290939,0xbfa7f9c1983ae40738ea0f128e58aa704461aa3a,0xd7d2807b0715aa1af8157574642f4f06c9badda2,0xd0cae02373c612e7fa2643f6742d5264685d2c75,1.043841,1.04384133611691,1.04384133611691,,0.8326036949784997
0x19fd0796f769c87283efde38ba65bcfae5983bcb6241ee3863ef36016fa97066,24390337,1770290951,0xbfa7f9c1983ae40738ea0f128e58aa704461aa3a,0x468c4c69e3ab73cf9f40e7781e4d1ae14d482b53,0x10a132b6feed4998f9011ffd6dbe3e2413614245,1.043841,1.04384133611691,1.04384133611691,,0.8326036949784997
0x87b42445bfed54430c80d5b04dcdeb19d1c22b7a1b5221c10e0c6709f51a1523,24390337,1770290951,0xbfa7f9c1983ae40738ea0f128e58aa704461aa3a,0x00000f91109c4d0007e90000d9facad5298a0cac,0xd0cae02373c612e7fa2643f6742d5264685d2c75,1.043841,1.04384133611691,1.04384133611691,,0.8326036949784997
0x49adfbcc31e4a7132d76802dbdc089e4b5d33fed31be9caf6d054f1a33f37373,24390338,1770290963,0xa28ee7ec4756b4c3340c30a8c8cb8bd708e1dcdc,0x6747c90b68082e4c0ee19628a035def25c43588d,0xd0cae02373c612e7fa2643f6742d5264685d2c75,1.043841,1.04384133611691,1.04384133611691,,0.8326036949784997
0x7a96a670744fd4e56df907682c7de754e51b44e83f1c2785fa454ba02dffafb9,24390339,1770290975,0xa28ee7ec4756b4c3340c30a8c8cb8bd708e1dcdc,0xf00001968c1d6196d3d0553030c7af8d1905dcbb,0x721e3b6e8c3f8ef3d1a7605700cb3ba027ef8eba,1.043841,1.04384133611691,1.04384133611691,,0.8326036949784997
0x765885ae0c0591d2201958c31feb7360b744c442827f44156c6cfc12e9e25806,24390339,1770290975,0xbfa7f9c1983ae40738ea0f128e58aa704461aa3a,0xf00001968c1d6196d3d0553030c7af8d1905dcbb,0x8f714eeaaeb838c9c7e295b5f105abfab311b286,1.043841,1.04384133611691,1.04384133611691,,0.8326036949784997
0x21cd5b5cf8f0de72f46c18feafa5de9a21ac42b0adf69a0867b21ba348e0a40d,24390339,1770290975,0xbfa7f9c1983ae40738ea0f128e58aa704461aa3a,0xf00001968c1d6196d3d0553030c7af8d1905dcbb,0xaec4ee9a108304fcc5cdc323d8a2a1d331c342b7,1.043841,1.04384133611691,1.04384133611691,,0.8326036949784997
0x761b0871cd3ef576d482de953f1600704bd1a6de2a03109306ba092bbe217581,24390339,1770290975,0xbfa7f9c1983ae40738ea0f128e58aa704461aa3a,0xa000016d11e045500240e2dfb9938c226e8a873c,0x721e3b6e8c3f8ef3d1a7605700cb3ba027ef8eba,1.043841,1.04384133611691,1.04384133611691,,0.8326036949784997
0xa472be48718ee551bf868d74129ec27adcdc7dfacf2a3a7209d901d79a4f50ed,24390340,1770290987,0xbfa7f9c1983ae40738ea0f128e58aa704461aa3a,0xaf682de1f2e6f710731121a05a44cb3c1b511f7d,0xd0cae02373c612e7fa2643f6742d5264685d2c75,1.043839,1.04384133611691,1.04384133611691,,0.8326036949784997
0xb61f9f849c630169a710ca1d435cc042aec80f798c82f76ba07c894bc59b3a60,24390342,1770291011,0xa28ee7ec4756b4c3340c30a8c8cb8bd708e1dcdc,0x682ea8aa9b23250e0e240580e8ae55205f612979,0xfce88de8b752b27936c82b9bda6705fea0a1fa5c,1.043841,1.04384133611691,1.04384133611691,,0.8326036949784997
0xf02ed4fa80dfbd3feaffcedf5f6d1b8a1b893085de04a3d7af318492061a3782,24390353,1770291143,0xa28ee7ec4756b4c3340c30a8c8cb8bd708e1dcdc,0x682ea8aa9b23250e0e240580e8ae55205f612979,0xfce88de8b752b27936c82b9bda6705fea0a1fa5c,1.043841,1.04384133611691,1.04384133611691,,0.8326036949784997
0x6e0f733acb7c3edca45730bdc52dd9b53fce499a6272d99c39c43250ba7025fe,24390362,1770291251,0xa28ee7ec4756b4c3340c30a8c8cb8bd708e1dcdc,0x682ea8aa9b23250e0e240580e8ae55205f612979,0xfce88de8b752b27936c82b9bda6705fea0a1fa5c,1.043841,1.04384133611691,1.04384133611691,,0.8326036949784997
0x89a955dd72c7ec6abef0b6c44c2f0ba8c480dcb55db955d15e34ce68348e8f91,24390581,1770293903,0xbfa7f9c1983ae40738ea0f128e58aa704461aa3a,0xf00001968c1d6196d3d0553030c7af8d1905dcbb,0x8f714eeaaeb838c9c7e295b5f105abfab311b286,1.043841,1.04384133611691,1.04384133611691,,0.8326036949784997
0x843a83314203a0c871c017f38adecb285404a113cbd17589e5429557191b86c4,24390581,1770293903,0xbfa7f9c1983ae40738ea0f128e58aa704461aa3a,0xf00001968c1d6196d3d0553030c7af8d1905dcbb,0x10a132b6feed4998f9011ffd6dbe3e2413614245,1.043841,1.04384133611691,1.04384133611691,,0.8326036949784997
0x42838f56995ba6fd077ad348143f6da570818839234ddb078d72ad0c7fc0ae4c,24390581,1770293903,0xbfa7f9c1983ae40738ea0f128e58aa704461aa3a,0xf00001968c1d6196d3d0553030c7af8d1905dcbb,0x721e3b6e8c3f8ef3d1a7605700cb3ba027ef8eba,1.043841,1.04384133611691,1.04384133611691,,0.8326036949784997
0x6a787065cf433cbd1eba02f42ad4f7001a98f428da486c38823978e59774b455,24390582,1770293927,0xa28ee7ec4756b4c3340c30a8c8cb8bd708e1dcdc,0xe08d97e151473a848c3d9ca3f323cb720472d015,0x721e3b6e8c3f8ef3d1a7605700cb3ba027ef8eba,1.043841,1.04384133611691,1.04384133611691,,0.8326036949784997
0xe5be09e6aefe346b69a608d9dc3edc606e92b4c4e197026588facca518b185ec,24390582,1770293927,0xa28ee7ec4756b4c3340c30a8c8cb8bd708e1dcdc,0xe08d97e151473a848c3d9ca3f323cb720472d015,0x721e3b6e8c3f8ef3d1a7605700cb3ba027ef8eba,1.043841,1.04384133611691,1.04384133611691,,0.8326036949784997
0x0039cc9d73d990033f3a93a4128b04d8b53b0f30a35aa13a2648028b1ee00d80,24390582,1770293927,0xa28ee7ec4756b4c3340c30a8c8cb8bd708e1dcdc,0xe08d97e151473a848c3d9ca3f323cb720472d015,0xad95973c72045cd05b9ddaa2b27cf65f578e339e,1.043841,1.04384133611691,1.04384133611691,,0.8326036949784997
0x62920632df4e99507fc115e19af75823ee2d29f2c3b99096bfb37358e586f7df,24390582,1770293927,0xa28ee7ec4756b4c3340c30a8c8cb8bd708e1dcdc,0xe08d97e151473a848c3d9ca3f323cb720472d015,0xad95973c72045cd05b9ddaa2b27cf65f578e339e,1.043841,1.04384133611691,1.04384133611691,,0.8326036949784997
0x93ad4760bc913e4c8ca64e50bfabc0538ae7c712c46a1656c92fb088685be48b,24390582,1770293927,0xbfa7f9c1983ae40738ea0f128e58aa704461aa3a,0xe08d97e151473a848c3d9ca3f323cb720472d015,0xaec4ee9a108304fcc5cdc323d8a2a1d331c342b7,1.043841,1.04384133611691,1.04384133611691,,0.8326036949784997
0x8f37e397dbc0ae775f0173eb6f8f99c2339d5810395969d64ca7ef53b0732fb2,24390582,1770293927,0xbfa7f9c1983ae40738ea0f128e58aa704461aa3a,0xe08d97e151473a848c3d9ca3f323cb720472d015,0xaec4ee9a108304fcc5cdc323d8a2a1d331c342b7,1.043841,1.04384133611691,1.04384133611691,,0.8326036949784997
0xb1c25344d4f8a71600886a85fa7c68903e0f75b8bbcbce325cf444aed5312b9d,24390582,1770293927,0xa28ee7ec4756b4c3340c30a8c8cb8bd708e1dcdc,0xe08d97e151473a848c3d9ca3f323cb720472d015,0x4e31820791ff065f69ef0054711ea8a073e5eba9,1.043841,1.04384133611691,1.04384133611691,,0.8326036949784997
0x38a879d0b07d0c7138e8954fbec639c3819faa462a77b6914e9b2bd4e3dd68d5,24390582,1770293927,0xa28ee7ec4756b4c3340c30a8c8cb8bd708e1dcdc,0xe08d97e151473a848c3d9ca3f323cb720472d015,0xad95973c72045cd05b9ddaa2b27cf65f578e339e,1.043841,1.04384133611691,1.04384133611691,,0.8326036949784997
0x8ddcb7ffa7fed9df5be3c016239d5c536cbd3b80dca408b672b26e90edc31d16,24390583,1770293939,0xa28ee7ec4756b4c3340c30a8c8cb8bd708e1dcdc,0x3e3521e18932c01195f4bd3964108623d3b899c5,0x4e31820791ff065f69ef0054711ea8a073e5eba9,1.043841,1.04384133611691,1.04384133611691,,0.8326036949784997
0x30db3d554d075d1dc3f0cc53e121522e77190a649f3cb323b544800bbb91fed3,24390583,1770293939,0xbfa7f9c1983ae40738ea0f128e58aa704461aa3a,0xf00001968c1d6196d3d0553030c7af8d1905dcbb,0xaec4ee9a108304fcc5cdc323d8a2a1d331c342b7,1.043841,1.04384133611691,1.04384133611691,,0.8326036949784997
0xddda25e9a8def07ee09f683727951b2d2169c700c30fa20cccca8d2ea7982147,24390583,1770293939,0xa28ee7ec4756b4c3340c30a8c8cb8bd708e1dcdc,0xafc846603021dc404bb9966e5f10485485e553ba,0x163d2d8fb1ca05bfddbacd065b0172dc0255a37b,1.043841,1.04384133611691,1.04384133611691,,0.8326036949784997
0xbd026288fe41ea4e53724054531cc6b920538778ec727b3c29d57724bde7444f,24390583,1770293939,0xa28ee7ec4756b4c3340c30a8c8cb8bd708e1dcdc,0xe08d97e151473a848c3d9ca3f323cb720472d015,0xad95973c72045cd05b9ddaa2b27cf65f578e339e,1.043841,1.04384133611691,1.04384133611691,,0.8326036949784997
0x22edb90924a004e492695ae2837ee26b5ea4e68ae6ed740d822d55df4735ba18,24390585,1770293963,0xa28ee7ec4756b4c3340c30a8c8cb8bd708e1dcdc,0xaf682de1f2e6f710731121a05a44cb3c1b511f7d,0x721e3b6e8c3f8ef3d1a7605700cb3ba027ef8eba,1.043841,1.04384133611691,1.04384133611691,,0.8326036949784997
0x456107d131f30725c98fd9c7fd74b24212cca68cadadb49edd1e0e7b4ac67b0c,24390585,1770293963,0xbfa7f9c1983ae40738ea0f128e58aa704461aa3a,0x1b0db114842d2028c94d7e5ffe03d1e96dcd4373,0xd0cae02373c612e7fa2643f6742d5264685d2c75,1.04384,1.04384133611691,1.04384133611691,,0.8326036949784997
0x2c999db21b9951dc12c659cc5f849ae85308dea35bbbf4d4e1709961cffc335f,24390585,1770293963,0xa28ee7ec4756b4c3340c30a8c8cb8bd708e1dcdc,0xe08d97e151473a848c3d9ca3f323cb720472d015,0xd0cae02373c612e7fa2643f6742d5264685d2c75,1.043841,1.04384133611691,1.04384133611691,,0.8326036949784997
0x696fb699b301e8c1317c20b7d67a8458aafc8f669f978c3082f448355cc7625a,24390585,1770293963,0xa28ee7ec4756b4c3340c30a8c8cb8bd708e1dcdc,0xe08d97e151473a848c3d9ca3f323cb720472d015,0x163d2d8fb1ca05bfddbacd065b0172dc0255a37b,1.043841,1.04384133611691,1.04384133611691,,0.8326036949784997
0x5c09167449a86a5c962f930aff3cec96b3dbb9c582ff1e7b801fc9007b817ec7,24390585,1770293963,0xa28ee7ec4756b4c3340c30a8c8cb8bd708e1dcdc,0x682ea8aa9b23250e0e240580e8ae55205f612979,0x4e31820791ff065f69ef0054711ea8a073e5eba9,1.043841,1.04384133611691,1.04384133611691,,0.8326036949784997
0x78df88a07e02d0edd6e74de9399825e04c872b2b8708e009716c97b21098ebfc,24390586,1770293975,0xa28ee7ec4756b4c3340c30a8c8cb8bd708e1dcdc,0xcec358b06722f38030db87f687c3e414f193d9a0,0xd0cae02373c612e7fa2643f6742d5264685d2c75,1.043841,1.04384133611691,1.04384133611691,,0.8326036949784997
0x8f5762e39c3857b31d22b550eecb7ae8ed0b5ecc8ba2ceb6c29df14d0ed29be2,24390587,1770293987,0xa28ee7ec4756b4c3340c30a8c8cb8bd708e1dcdc,0xf00001968c1d6196d3d0553030c7af8d1905dcbb,0xd0cae02373c612e7fa2643f6742d5264685d2c75,1.043841,1.04384133611691,1.04384133611691,,0.8326036949784997
0xe321fce61108493eafceb003e73745d7e4c07c83d1a8678d201071850fd5c5c9,24390588,1770293999,0xa28ee7ec4756b4c3340c30a8c8cb8bd708e1dcdc,0xf00001968c1d6196d3d0553030c7af8d1905dcbb,0x4e31820791ff065f69ef0054711ea8a073e5eba9,1.043841,1.04384133611691,1.04384133611691,,0.8326036949784997
0x781b3dc689d81146f94f6d0999fe45be9df4819ec81ccffd9398454296cee31e,24390614,1770294311,0xbfa7f9c1983ae40738ea0f128e58aa704461aa3a,0x5a1f7b85c8782969f132bc64acc9200e0b774bc5,0x8f714eeaaeb838c9c7e295b5f105abfab311b286,1.043841,1.04384133611691,1.04384133611691,,0.8326036949784997
0x071b1dfe4fd0d9b934481f1d201b4e2ef605585bcb9272c21073d01e626a2c8a,24390614,1770294311,0xa28ee7ec4756b4c3340c30a8c8cb8bd708e1dcdc,0xaf682de1f2e6f710731121a05a44cb3c1b511f7d,0x721e3b6e8c3f8ef3d1a7605700cb3ba027ef8eba,1.043841,1.04384133611691,1.04384133611691,,0.8326036949784997
0xc8277f06a411bfb0acd354ededb2ffafd81bc254dbda999c209bdd940123db11,24390614,1770294311,0xa28ee7ec4756b4c3340c30a8c8cb8bd708e1dcdc,0xe08d97e151473a848c3d9ca3f323cb720472d015,0x4e31820791ff065f69ef0054711ea8a073e5eba9,1.043841,1.04384133611691,1.04384133611691,,0.8326036949784997
0x82645333d4e418d9f0f17e22f3209dfa4da8a8004652aff10cc7edec90a3b605,24390614,1770294311,0xbfa7f9c1983ae40738ea0f128e58aa704461aa3a,0xe08d97e151473a848c3d9ca3f323cb720472d015,0xaec4ee9a108304fcc5cdc323d8a2a1d331c342b7,1.043841,1.04384133611691,1.04384133611691,,0.8326036949784997
0xfc1558983eaf1502ba6b8c8b03f0c5e91e6eb67a1853ee9bd71313280cd995c7,24390614,1770294311,0xbfa7f9c1983ae40738ea0f128e58aa704461aa3a,0xe08d97e151473a848c3d9ca3f323cb720472d015,0xaec4ee9a108304fcc5cdc323d8a2a1d331c342b7,1.043841,1.04384133611691,1.04384133611691,,0.8326036949784997
0xc8928337d31166ac6fdc68b557e708e0b788089bc1fd132a90cb5d3559cd1d13,24390614,1770294311,0xbfa7f9c1983ae40738ea0f128e58aa704461aa3a,0xe08d97e151473a848c3d9ca3f323cb720472d015,0x721e3b6e8c3f8ef3d1a7605700cb3ba027ef8eba,1.043841,1.04384133611691,1.04384133611691,,0.8326036949784997
0xe99aa39b98d93b70fd48603725646a62f60eecb58607ae85fa751f3c2479e39c,24390614,1770294311,0xbfa7f9c1983ae40738ea0f128e58aa704461aa3a,0xe08d97e151473a848c3d9ca3f323cb720472d015,0x721e3b6e8c3f8ef3d1a7605700cb3ba027ef8eba,1.043841,1.04384133611691,1.04384133611691,,0.8326036949784997
0xa5d5dea8f0ff90e0be402b564f206884cfd5b205cce65f3c5ac8a8b5e6157116,24390614,1770294311,0xbfa7f9c1983ae40738ea0f128e58aa704461aa3a,0xe08d97e151473a848c3d9ca3f323cb720472d015,0x10a132b6feed4998f9011ffd6dbe3e2413614245,1.043841,1.04384133611691,1.04384133611691,,0.8326036949784997
0xde0f7b6620c07b84cc9aeea2436bd32937d8d0ef9e709773bde79685ecb268ed,24390614,1770294311,0xbfa7f9c1983ae40738ea0f128e58aa704461aa3a,0xe08d97e151473a848c3d9ca3f323cb720472d015,0x10a132b6feed4998f9011ffd6dbe3e2413614245,1.043841,1.04384133611691,1.04384133611691,,0.8326036949784997
0x97e15f59ae82144e34988adddfacdc037eb5655b7c7d425a2fa3793fe17dee72,24390614,1770294311,0xa28ee7ec4756b4c3340c30a8c8cb8bd708e1dcdc,0xe08d97e151473a848c3d9ca3f323cb720472d015,0xd0cae02373c612e7fa2643f6742d5264685d2c75,1.043841,1.04384133611691,1.04384133611691,,0.8326036949784997
0x8386f78a9f2389c47e6a9083bd4079063489117e0b8c5212dcbc5f544d9268d6,24390614,1770294311,0xa28ee7ec4756b4c3340c30a8c8cb8bd708e1dcdc,0xe08d97e151473a848c3d9ca3f323cb720472d015,0xd0cae02373c612e7fa2643f6742d5264685d2c75,1.043841,1.04384133611691,1.04384133611691,,0.8326036949784997
0x113be92c26ec1662779434a0f8187066c570cfa30a7b87966f8b6376afddbf94,24390614,1770294311,0xa28ee7ec4756b4c3340c30a8c8cb8bd708e1dcdc,0x682ea8aa9b23250e0e240580e8ae55205f612979,0x4e31820791ff065f69ef0054711ea8a073e5eba9,1.043841,1.04384133611691,1.04384133611691,,0.8326036949784997
0xd960383bd63bd95371b332cb48a8352b164630e3bdff6459957804e00727b444,24390614,1770294311,0xa28ee7ec4756b4c3340c30a8c8cb8bd708e1dcdc,0xc31a49d1c4c652af57cefdef248f3c55b801c649,0x163d2d8fb1ca05bfddbacd065b0172dc0255a37b,1.043841,1.04384133611691,1.04384133611691,,0.8326036949784997
0x46b6284c9c1be268b970707c91b4f640ae4b4c60cfd8e9d433acb53f515e75c1,24390615,1770294323,0xa28ee7ec4756b4c3340c30a8c8cb8bd708e1dcdc,0xfa0253943c3ff0e43898cba5a7a0da9d17c27995,0x4e31820791ff065f69ef0054711ea8a073e5eba9,1.043841,1.04384133611691,1.04384133611691,,0.8326036949784997
0x42c602d47abcd42bef97219287e974816b2bc1df92dc1301132aaac6622e1092,24390615,1770294323,0xbfa7f9c1983ae40738ea0f128e58aa704461aa3a,0x84980621d8a88ccf392d3b95f234a86a0b88aa1e,0xd0cae02373c612e7fa2643f6742d5264685d2c75,1.04384,1.04384133611691,1.04384133611691,,0.8326036949784997
0xbe081d625b466b001f8164d6a6150982a52e863ea1f1baa74f3d4898519ea1cb,24390615,1770294323,0x0e09ce5c48b48bf72bb667715cbe6977489042cb,0xf00001968c1d6196d3d0553030c7af8d1905dcbb,0x163d2d8fb1ca05bfddbacd065b0172dc0255a37b,1.043841,1.04384133611691,1.04384133611691,,0.8326036949784997
0xfe33aa9761d121641eff735e46232c64da14b1c0efc8a482da8362c6b7b926f4,24390615,1770294323,0xa28ee7ec4756b4c3340c30a8c8cb8bd708e1dcdc,0x00000f91109c4d0007e90000d9facad5298a0cac,0xad95973c72045cd05b9ddaa2b27cf65f578e339e,1.043841,1.04384133611691,1.04384133611691,,0.8326036949784997
0x5a0adf34f49b290b4ae132cbc138c318370cd854ca8f6f88e535780f3f457adb,24390615,1770294323,0xa28ee7ec4756b4c3340c30a8c8cb8bd708e1dcdc,0x00000f91109c4d0007e90000d9facad5298a0cac,0xad95973c72045cd05b9ddaa2b27cf65f578e339e,1.043841,1.04384133611691,1.04384133611691,,0.8326036949784997
0xc21e05cfcbbdb5bdeb2473d4219ddaa6bc29675ea2a462fb2e2379761788b070,24390615,1770294323,0xa28ee7ec4756b4c3340c30a8c8cb8bd708e1dcdc,0x00000f91109c4d0007e90000d9facad5298a0cac,0xad95973c72045cd05b9ddaa2b27cf65f578e339e,1.043841,1.04384133611691,1.04384133611691,,0.8326036949784997
0x9380260ac6adfbe0f54fede76f0eb2eb512b47ea6bc75e5f850a00fd0052d7e0,24390615,1770294323,0xa28ee7ec4756b4c3340c30a8c8cb8bd708e1dcdc,0x00000f91109c4d0007e90000d9facad5298a0cac,0xad95973c72045cd05b9ddaa2b27cf65f578e339e,1.043841,1.04384133611691,1.04384133611691,,0.8326036949784997
0x99123c0b3a216eb7d34c78b0a66c531ed226d1456f9466645c99e5df7d3a78d8,24390620,1770294383,0xbfa7f9c1983ae40738ea0f128e58aa704461aa3a,0xf00001968c1d6196d3d0553030c7af8d1905dcbb,0xa96c774dbcdad89ee7872078e58d5168170d684e,1.043841,1.04384133611691,1.04384133611691,,0.8326036949784997
0xd5464921bc57a7518ac5ae6485abb264a9c5443b00d6cf77b3ea5855f621cbfa,24390622,1770294407,0xa28ee7ec4756b4c3340c30a8c8cb8bd708e1dcdc,0xa000016d11e045500240e2dfb9938c226e8a873c,0x9398563acd4539df8f2c613f964c2ecbe6020d6b,1.043841,1.04384133611691,1.04384133611691,,0.8326036949784997
0xe94869ddbc340582f15f73df4d7adcaa5c88b65995a1eda6efeea45872c59d25,24390622,1770294407,0xbfa7f9c1983ae40738ea0f128e58aa704461aa3a,0xf00001968c1d6196d3d0553030c7af8d1905dcbb,0x10a132b6feed4998f9011ffd6dbe3e2413614245,1.043841,1.04384133611691,1.04384133611691,,0.8326036949784997
0x0ad7b44fbb4618bbfc62b1d637d4b384b15bcc257831409648b41e505b9cf157,24390622,1770294407,0xa28ee7ec4756b4c3340c30a8c8cb8bd708e1dcdc,0xa000016d11e045500240e2dfb9938c226e8a873c,0xfce88de8b752b27936c82b9bda6705fea0a1fa5c,1.043841,1.04384133611691,1.04384133611691,,0.8326036949784997
0x9ff8111003c1bf5112241da0501b4914c4346ec261d61184d4d4b678409c9d5e,24390624,1770294431,0xbfa7f9c1983ae40738ea0f128e58aa704461aa3a,0xd7d2807b0715aa1af8157574642f4f06c9badda2,0xaec4ee9a108304fcc5cdc323d8a2a1d331c342b7,1.043841,1.04384133611691,1.04384133611691,,0.8326036949784997
0xee03ca10ecd2a747cc3cdaab79062f0776eca76c296a0d1761c2a604e7399942,24390768,1770296159,0x11b0f28028e3659c1ae18e153625c4f1c95698c8,0xf00001968c1d6196d3d0553030c7af8d1905dcbb,0x21e39af4f3a2f06cf89dc13155dbd6e2f7576bbf,1.043841,1.04384133611691,1.04384133611691,,0.8326036949784997
0x88053d221405c77b4279668a843a65610785fce258a10b95f6b473c5219842bb,24390768,1770296159,0x11b0f28028e3659c1ae18e153625c4f1c95698c8,0x902367430ad1618a7bba2c3ab6c92bbe05f26a17,0xdb6990da6a4ce716d778bcf5e3e09bcfc5d4439c,1.043841,1.04384133611691,1.04384133611691,,0.8326036949784997
0x3deeeff2d49fe5e1503c27d238fa0ddf0acc19a3bd5a1acd85a41dfdb9d83825,24390936,1770298247,0x11b0f28028e3659c1ae18e153625c4f1c95698c8,0x00000f91109c4d0007e90000d9facad5298a0cac,0x21e39af4f3a2f06cf89dc13155dbd6e2f7576bbf,1.043841,1.04384133611691,1.04384133611691,,0.8326036949784997
0x6aa3adcf80a0b93510cd4c224fb8d38058113ea8e65b0b8cb105fabf4c2eeda0,24391401,1770303851,0x11b0f28028e3659c1ae18e153625c4f1c95698c8,0xf00001968c1d6196d3d0553030c7af8d1905dcbb,0x21e39af4f3a2f06cf89dc13155dbd6e2f7576bbf,1.043841,1.04384133611691,1.04384133611691,,0.8326036949784997
0x349b4da7e29973edd5b12d3a8515dd800caba5e33155e695274ada161a6fb054,24391403,1770303875,0xa28ee7ec4756b4c3340c30a8c8cb8bd708e1dcdc,0xe08d97e151473a848c3d9ca3f323cb720472d015,0x721e3b6e8c3f8ef3d1a7605700cb3ba027ef8eba,1.043841,1.04384133611691,1.04384133611691,,0.8326036949784997
0xe27e4bd104d8b25e7ff23b08c4929ddcb47e82cb9f85f34d3e23d3b4026fee76,24391403,1770303875,0xbfa7f9c1983ae40738ea0f128e58aa704461aa3a,0xe08d97e151473a848c3d9ca3f323cb720472d015,0x8f714eeaaeb838c9c7e295b5f105abfab311b286,1.043841,1.04384133611691,1.04384133611691,,0.8326036949784997
0x3850e1802d786ccfc3e15ab2fe6a12d815bd3318552325c69f6bc72111b084f3,24391403,1770303875,0xbfa7f9c1983ae40738ea0f128e58aa704461aa3a,0xe08d97e151473a848c3d9ca3f323cb720472d015,0x8f714eeaaeb838c9c7e295b5f105abfab311b286,1.043841,1.04384133611691,1.04384133611691,,0.8326036949784997
0x2fe5de288794ee9881f93dc6814a8b95c514a1083b9b4d3a981bc7b319dae4f8,24391403,1770303875,0xa28ee7ec4756b4c3340c30a8c8cb8bd708e1dcdc,0xe08d97e151473a848c3d9ca3f323cb720472d015,0x4e31820791ff065f69ef0054711ea8a073e5eba9,1.043841,1.04384133611691,1.04384133611691,,0.8326036949784997
0x1c126d0000f5aab7cbc5601808763296413d8f5681d13c9eb56c2b1f46379391,24391403,1770303875,0xbfa7f9c1983ae40738ea0f128e58aa704461aa3a,0xe08d97e151473a848c3d9ca3f323cb720472d015,0xaec4ee9a108304fcc5cdc323d8a2a1d331c342b7,1.043841,1.04384133611691,1.04384133611691,,0.8326036949784997
0xb47f40f9d4039982c260f4c40637111c3e3126b48abe8cd3033b81796e0698b7,24391403,1770303875,0xbfa7f9c1983ae40738ea0f128e58aa704461aa3a,0xe08d97e151473a848c3d9ca3f323cb720472d015,0xaec4ee9a108304fcc5cdc323d8a2a1d331c342b7,1.043841,1.04384133611691,1.04384133611691,,0.8326036949784997
0xac3cedf2b306ad762c18548c63f1a6dee7a25dbed866cd3278f22ce9c1849de4,24391403,1770303875,0xbfa7f9c1983ae40738ea0f128e58aa704461aa3a,0xe08d97e151473a848c3d9ca3f323cb720472d015,0x721e3b6e8c3f8ef3d1a7605700cb3ba027ef8eba,1.043841,1.04384133611691,1.04384133611691,,0.8326036949784997
0x00f912512da9f89ac87a4f8d66803465aa4da7eeef8a3ef67ff3e4acb6a7969e,24391403,1770303875,0xbfa7f9c1983ae40738ea0f128e58aa704461aa3a,0xe08d97e151473a848c3d9ca3f323cb720472d015,0x721e3b6e8c3f8ef3d1a7605700cb3ba027ef8eba,1.043841,1.04384133611691,1.04384133611691,,0.8326036949784997
0xb2f5946ce0101af31807714793d3b5f943e2edaa7fafdb7a8f5da32e7dfbf970,24391404,1770303887,0xa28ee7ec4756b4c3340c30a8c8cb8bd708e1dcdc,0x00000f91109c4d0007e90000d9facad5298a0cac,0xad95973c72045cd05b9ddaa2b27cf65f578e339e,1.043841,1.04384133611691,1.04384133611691,,0.8326036949784997
0xd5847b53d6aa6d96ea6244725b984d8bba50d3f185a5eed3f09ea1b5dc297313,24391404,1770303887,0xa28ee7ec4756b4c3340c30a8c8cb8bd708e1dcdc,0x00000f91109c4d0007e90000d9facad5298a0cac,0xad95973c72045cd05b9ddaa2b27cf65f578e339e,1.043841,1.04384133611691,1.04384133611691,,0.8326036949784997
0xb810e8e1e133bd6c02d43c3e6231af05ee56b293c10331a2590718450d8eee7c,24391404,1770303887,0xa28ee7ec4756b4c3340c30a8c8cb8bd708e1dcdc,0x00000f91109c4d0007e90000d9facad5298a0cac,0xad95973c72045cd05b9ddaa2b27cf65f578e339e,1.043841,1.04384133611691,1.04384133611691,,0.8326036949784997
0x9c1be75d761a7f7e8b112449ccdccb07c170d04964be7e905aa61405f89a1276,24391404,1770303887,0x1ac73015626cb8941f83f83f1039102d87fb7838,0x339c0db4a0030c88b4a48aafe56cdba23c8d4338,0x1a7cda1f6eb3080287b3c2b4c2bef45ef9047996,1.043841,1.04384133611691,1.04384133611691,,0.8326036949784997
0x06cfa03f88c62f17b520067c6c711e0c105527e240390be00ba9d6dd2c2b83d5,24391404,1770303887,0xa28ee7ec4756b4c3340c30a8c8cb8bd708e1dcdc,0xaf682de1f2e6f710731121a05a44cb3c1b511f7d,0x721e3b6e8c3f8ef3d1a7605700cb3ba027ef8eba,1.043841,1.04384133611691,1.04384133611691,,0.8326036949784997
0x534b99aca5dbb664560637d379bf44600e4bc02d70343616961a30988b907821,24391404,1770303887,0xa28ee7ec4756b4c3340c30a8c8cb8bd708e1dcdc,0xfa0253943c3ff0e43898cba5a7a0da9d17c27995,0x4e31820791ff065f69ef0054711ea8a073e5eba9,1.043841,1.04384133611691,1.04384133611691,,0.8326036949784997
0x4c50974bbc5b69e823a412d45c0e9c737d48b275c817c13a44c99ef22b864b4a,24391404,1770303887,0x0e09ce5c48b48bf72bb667715cbe6977489042cb,0xf00001968c1d6196d3d0553030c7af8d1905dcbb,0xd2515c793af89c55169191b5c43a99989cf63c54,1.043841,1.04384133611691,1.04384133611691,,0.8326036949784997
0xbfc3b53eb12f6b881ad383400499e47cd07e8177fb34c34eba917c002dbe09f4,24391404,1770303887,0xa28ee7ec4756b4c3340c30a8c8cb8bd708e1dcdc,0xafc846603021dc404bb9966e5f10485485e553ba,0x163d2d8fb1ca05bfddbacd065b0172dc0255a37b,1.043841,1.04384133611691,1.04384133611691,,0.8326036949784997
0x28600fdcf4d544a491d4e8e3227f6de66dec00e1fef68d60563d4b2e00bf9654,24391404,1770303887,0xa28ee7ec4756b4c3340c30a8c8cb8bd708e1dcdc,0x00000f91109c4d0007e90000d9facad5298a0cac,0xd0cae02373c612e7fa2643f6742d5264685d2c75,1.043841,1.04384133611691,1.04384133611691,,0.8326036949784997
0xcec9579af1f82e7d10f56a08cf894567e2595d2d2ed3d7a21d7f69a31abaf5ac,24391404,1770303887,0xa28ee7ec4756b4c3340c30a8c8cb8bd708e1dcdc,0x00000f91109c4d0007e90000d9facad5298a0cac,0xd0cae02373c612e7fa2643f6742d5264685d2c75,1.043841,1.04384133611691,1.04384133611691,,0.8326036949784997
0x439ef5e6a43c949644bafd1121b606a95e31ab444ea6772c0b6900741450dc6b,24391405,1770303899,0xbfa7f9c1983ae40738ea0f128e58aa704461aa3a,0x5d05db2121604887b7f5df5ad1c659fc6349796c,0x10a132b6feed4998f9011ffd6dbe3e2413614245,1.043841,1.04384133611691,1.04384133611691,,0.8326036949784997
0x14e6c5cdf1079a65e2458b55522528892b0886459fc4e76173d427218e9f4be0,24391405,1770303899,0xbfa7f9c1983ae40738ea0f128e58aa704461aa3a,0x00000f91109c4d0007e90000d9facad5298a0cac,0xd0cae02373c612e7fa2643f6742d5264685d2c75,1.043841,1.04384133611691,1.04384133611691,,0.8326036949784997
0xc900bffedfabbc630fcfaff6883bb7ba44dfe204216a92ce9e74b1dd9fceb46b,24391409,1770303947,0xbfa7f9c1983ae40738ea0f128e58aa704461aa3a,0xf00001968c1d6196d3d0553030c7af8d1905dcbb,0xa96c774dbcdad89ee7872078e58d5168170d684e,1.043841,1.04384133611691,1.04384133611691,,0.8326036949784997
0xeaf5ca59b719967a6d6c93501a8a9d660ace9abfd0066ac46b30f29389875396,24391409,1770303947,0xa28ee7ec4756b4c3340c30a8c8cb8bd708e1dcdc,0xf00001968c1d6196d3d0553030c7af8d1905dcbb,0x9398563acd4539df8f2c613f964c2ecbe6020d6b,1.043841,1.04384133611691,1.04384133611691,,0.8326036949784997
0x52dd5038cc169cdf49d93375c9e61d07917f33a534ba7d41407181b266200d59,24391410,1770303959,0xa28ee7ec4756b4c3340c30a8c8cb8bd708e1dcdc,0xf00001968c1d6196d3d0553030c7af8d1905dcbb,0xd0cae02373c612e7fa2643f6742d5264685d2c75,1.043841,1.04384133611691,1.04384133611691,,0.8326036949784997
0x122785d1fae2d72ca09ac4889ab90e7f43cfcfebb87712f80f0fc97d87c7b342,24391410,1770303959,0xbfa7f9c1983ae40738ea0f128e58aa704461aa3a,0xf00001968c1d6196d3d0553030c7af8d1905dcbb,0x721e3b6e8c3f8ef3d1a7605700cb3ba027ef8eba,1.043841,1.04384133611691,1.04384133611691,,0.8326036949784997
0xe47afffec2a0f7bee6de466eb9864c7394c9d6fe48b19002e85e2998fed32f00,24391421,1770304091,0xbfa7f9c1983ae40738ea0f128e58aa704461aa3a,0x1f988f903f66405be492eadb6791687e5852a474,0x8f714eeaaeb838c9c7e295b5f105abfab311b286,1.043841,1.04384133611691,1.04384133611691,,0.8326036949784997
0xb93fcba81bf4185ed78f8eb072ff91c1e2c54109623e0ed6a54b163766758bbb,24391421,1770304091,0xa28ee7ec4756b4c3340c30a8c8cb8bd708e1dcdc,0xe08d97e151473a848c3d9ca3f323cb720472d015,0x721e3b6e8c3f8ef3d1a7605700cb3ba027ef8eba,1.043841,1.04384133611691,1.04384133611691,,0.8326036949784997
0x12ead03e1b7a6a1825d6bbdbca7c95689fd6d43858506ade601421ea0134a576,24391421,1770304091,0xa28ee7ec4756b4c3340c30a8c8cb8bd708e1dcdc,0xe08d97e151473a848c3d9ca3f323cb720472d015,0x721e3b6e8c3f8ef3d1a7605700cb3ba027ef8eba,1.043841,1.04384133611691,1.04384133611691,,0.8326036949784997
0xe5f69278ce362332533c293739c83ec6279b10869ac26c7401dad79995c7f83b,24391421,1770304091,0xbfa7f9c1983ae40738ea0f128e58aa704461aa3a,0xe08d97e151473a848c3d9ca3f323cb720472d015,0x10a132b6feed4998f9011ffd6dbe3e2413614245,1.043841,1.04384133611691,1.04384133611691,,0.8326036949784997
0x42f15240ea140d15f7209a360f785e660e953cd66fb7525e85e2dc77e6050861,24391421,1770304091,0xbfa7f9c1983ae40738ea0f128e58aa704461aa3a,0xe08d97e151473a848c3d9ca3f323cb720472d015,0xa96c774dbcdad89ee7872078e58d5168170d684e,1.043841,1.04384133611691,1.04384133611691,,0.8326036949784997
0x88b7a0451a3b3afb5e98db33e7300d8a30b5f9a401c1232d04ed2c48ed94cdc2,24391421,1770304091,0xbfa7f9c1983ae40738ea0f128e58aa704461aa3a,0xe08d97e151473a848c3d9ca3f323cb720472d015,0xaec4ee9a108304fcc5cdc323d8a2a1d331c342b7,1.043841,1.04384133611691,1.04384133611691,,0.8326036949784997
0xa229e9001663916227e73b46f6df1061a3d561318533b595b2768495c6b81140,24391421,1770304091,0xbfa7f9c1983ae40738ea0f128e58aa704461aa3a,0xe08d97e151473a848c3d9ca3f323cb720472d015,0xaec4ee9a108304fcc5cdc323d8a2a1d331c342b7,1.043841,1.04384133611691,1.04384133611691,,0.8326036949784997
0x2fb24c23f136829d290b821b09c0b7b8de7e47ca24d3c8516ce1504fd4e9efd6,24391421,1770304091,0xa28ee7ec4756b4c3340c30a8c8cb8bd708e1dcdc,0xe08d97e151473a848c3d9ca3f323cb720472d015,0xad95973c72045cd05b9ddaa2b27cf65f578e339e,1.043841,1.04384133611691,1.04384133611691,,0.8326036949784997
0x04ddc07555db9cd939ea5dbf881cd8297d7cb487aa3a0e50720ea4c19fbf0f6e,24391421,1770304091,0xa28ee7ec4756b4c3340c30a8c8cb8bd708e1dcdc,0xe08d97e151473a848c3d9ca3f323cb720472d015,0xad95973c72045cd05b9ddaa2b27cf65f578e339e,1.043841,1.04384133611691,1.04384133611691,,0.8326036949784997
0xfd9365a6b4a28813bb04fe43dccd8e1d23f4debd314176614b4ea226adcb4a52,24391421,1770304091,0xa28ee7ec4756b4c3340c30a8c8cb8bd708e1dcdc,0xe08d97e151473a848c3d9ca3f323cb720472d015,0xad95973c72045cd05b9ddaa2b27cf65f578e339e,1.043841,1.04384133611691,1.04384133611691,,0.8326036949784997
0xbe7073ee1d5ebc0516b4fe36d874ceeb4680c909a37f5ff374a637f78c947da1,24391421,1770304091,0xa28ee7ec4756b4c3340c30a8c8cb8bd708e1dcdc,0xe08d97e151473a848c3d9ca3f323cb720472d015,0xd0cae02373c612e7fa2643f6742d5264685d2c75,1.043841,1.04384133611691,1.04384133611691,,0.8326036949784997
0x04d713e020c38912374d46406a84f504b98f2b7f2542b6d7a5fba2fa91b7febc,24391421,1770304091,0x11b0f28028e3659c1ae18e153625c4f1c95698c8,0xe08d97e151473a848c3d9ca3f323cb720472d015,0x21e39af4f3a2f06cf89dc13155dbd6e2f7576bbf,1.054869,1.04384133611691,1.04384133611691,,0.8326036949784997
0xb3a174eada408f3ef2f5b84b4dbef160a58c28e6cc861c1b4733e36aa3ef0970,24391421,1770304091,0xa28ee7ec4756b4c3340c30a8c8cb8bd708e1dcdc,0xe08d97e151473a848c3d9ca3f323cb720472d015,0xd0cae02373c612e7fa2643f6742d5264685d2c75,1.043841,1.04384133611691,1.04384133611691,,0.8326036949784997
0x1670c4f3fac99222cafcbad91cf97069ee8a3f929d0f2fb1ed210cb593078909,24391421,1770304091,0xa28ee7ec4756b4c3340c30a8c8cb8bd708e1dcdc,0xe08d97e151473a848c3d9ca3f323cb720472d015,0xad95973c72045cd05b9ddaa2b27cf65f578e339e,1.04384,1.04384133611691,1.04384133611691,,0.8326036949784997
0x1b71b3500d1527770f233f0cca626397332f9645bd44062df7b933203dbc79d7,24391421,1770304091,0xa28ee7ec4756b4c3340c30a8c8cb8bd708e1dcdc,0xf00001968c1d6196d3d0553030c7af8d1905dcbb,0x4e31820791ff065f69ef0054711ea8a073e5eba9,1.043841,1.04384133611691,1.04384133611691,,0.8326036949784997
0xa11df7f5630d1a124b3df8c0e949eb3c3d9b2227bc78f7de6907a27a9c1aeb3c,24391421,1770304091,0xa28ee7ec4756b4c3340c30a8c8cb8bd708e1dcdc,0xf00001968c1d6196d3d0553030c7af8d1905dcbb,0x163d2d8fb1ca05bfddbacd065b0172dc0255a37b,1.043841,1.04384133611691,1.04384133611691,,0.8326036949784997
0xcce6ad9fcfca598325ef692b3c93752cd7932205d81b22dc5a5915409625e0f2,24391422,1770304103,0xbfa7f9c1983ae40738ea0f128e58aa704461aa3a,0xaf682de1f2e6f710731121a05a44cb3c1b511f7d,0x8f714eeaaeb838c9c7e295b5f105abfab311b286,1.043841,1.04384133611691,1.04384133611691,,0.8326036949784997
0x6390e3aaf1b6691db05ecca0d291e5863ae736db3e5f257864a978b347b5d288,24391422,1770304103,0xbfa7f9c1983ae40738ea0f128e58aa704461aa3a,0x00000f91109c4d0007e90000d9facad5298a0cac,0xd0cae02373c612e7fa2643f6742d5264685d2c75,1.04384,1.04384133611691,1.04384133611691,,0.8326036949784997
0x154c75dcb45c43c3a53b677ca7fbfb47872ca089763bc5fd885e07ee0c04ae22,24391422,1770304103,0xa28ee7ec4756b4c3340c30a8c8cb8bd708e1dcdc,0x00000f91109c4d0007e90000d9facad5298a0cac,0xfce88de8b752b27936c82b9bda6705fea0a1fa5c,1.043839,1.04384133611691,1.04384133611691,,0.8326036949784997
0xa13dd09ddfe272aba9dea0594090f54df53ec862317b6c10b17daec6c51c5219,24391424,1770304127,0xbfa7f9c1983ae40738ea0f128e58aa704461aa3a,0x2c27d2a451844fff8e154467302eb4e4f714924a,0x721e3b6e8c3f8ef3d1a7605700cb3ba027ef8eba,1.043841,1.04384133611691,1.04384133611691,,0.8326036949784997
0x1f8c71245c1347d8e94b8c2da0e1bd424c2e785edf0e6f0e30e89a1d3f475fad,24391424,1770304127,0x0e09ce5c48b48bf72bb667715cbe6977489042cb,0xaf682de1f2e6f710731121a05a44cb3c1b511f7d,0xd2515c793af89c55169191b5c43a99989cf63c54,1.043835,1.04384133611691,1.04384133611691,,0.8326036949784997
0xc62594c79a2247b2a6b1058b82751fa3c7e0dfc755bae70dc57745bc237f0567,24391424,1770304127,0xa28ee7ec4756b4c3340c30a8c8cb8bd708e1dcdc,0xaf682de1f2e6f710731121a05a44cb3c1b511f7d,0xfce88de8b752b27936c82b9bda6705fea0a1fa5c,1.043838,1.04384133611691,1.04384133611691,,0.8326036949784997
0xf97ff5286502eb7139e66ad459d4a87c53fca56888819cc5c9f461e06bfea9a3,24391425,1770304139,0xa28ee7ec4756b4c3340c30a8c8cb8bd708e1dcdc,0x1267b9c8e06a1d44ba4d925c9c7e9d0ee1520662,0x9398563acd4539df8f2c613f964c2ecbe6020d6b,1.043841,1.04384133611691,1.04384133611691,,0.8326036949784997
0xbd2336a30eca21368bdc5af7b6628725e074545fbb0f664e7f48ddc4c458f67b,24391429,1770304187,0x0e09ce5c48b48bf72bb667715cbe6977489042cb,0xf00001968c1d6196d3d0553030c7af8d1905dcbb,0x163d2d8fb1ca05bfddbacd065b0172dc0255a37b,1.043841,1.04384133611691,1.04384133611691,,0.8326036949784997
0x72b1256231936a8c3acb1577d87fcd45fcb489ca40d94ac1abcafa1c2bdfa2df,24391446,1770304391,0xa28ee7ec4756b4c3340c30a8c8cb8bd708e1dcdc,0xe08d97e151473a848c3d9ca3f323cb720472d015,0x721e3b6e8c3f8ef3d1a7605700cb3ba027ef8eba,1.043841,1.04384133611691,1.04384133611691,,0.8326036949784997
0x729375a5fb20dc831543f8fe6acd55ce0a530a384468376576f154ab4525580a,24391446,1770304391,0xa28ee7ec4756b4c3340c30a8c8cb8bd708e1dcdc,0xe08d97e151473a848c3d9ca3f323cb720472d015,0x721e3b6e8c3f8ef3d1a7605700cb3ba027ef8eba,1.043841,1.04384133611691,1.04384133611691,,0.8326036949784997
0xb76497ba9b0ea36d49ca3c800068c8ae35a058d3f4181c5dd65d93ffa58a51ba,24391446,1770304391,0x1ac73015626cb8941f83f83f1039102d87fb7838,0xe08d97e151473a848c3d9ca3f323cb720472d015,0x1a7cda1f6eb3080287b3c2b4c2bef45ef9047996,1.043841,1.04384133611691,1.04384133611691,,0.8326036949784997
0xc1a9547b6776ac6f5720834d18dbfd45a496818691b89b80a7bd0c5593e4862c,24391448,1770304415,0xbfa7f9c1983ae40738ea0f128e58aa704461aa3a,0x00000f91109c4d0007e90000d9facad5298a0cac,0x8f714eeaaeb838c9c7e295b5f105abfab311b286,1.043841,1.04384133611691,1.04384133611691,,0.8326036949784997
0x5f84b4d5f78fe3615f44c19d2b65a0cd6b9a2afca284d563236cf5db9c743dfe,24391448,1770304415,0xa28ee7ec4756b4c3340c30a8c8cb8bd708e1dcdc,0x00000f91109c4d0007e90000d9facad5298a0cac,0x163d2d8fb1ca05bfddbacd065b0172dc0255a37b,1.04384,1.04384133611691,1.04384133611691,,0.8326036949784997
0x64d091f6ebcd6fe741959214f3c6ec53a7dc09518384f341d1619de25545c0b0,24391448,1770304415,0xbfa7f9c1983ae40738ea0f128e58aa704461aa3a,0x00000f91109c4d0007e90000d9facad5298a0cac,0xaec4ee9a108304fcc5cdc323d8a2a1d331c342b7,1.043841,1.04384133611691,1.04384133611691,,0.8326036949784997
0x0de135587c82336c8775d8b45b7991570671d2d3dfcd6ce0d951a5b1c9c5794c,24391448,1770304415,0xbfa7f9c1983ae40738ea0f128e58aa704461aa3a,0x00000f91109c4d0007e90000d9facad5298a0cac,0xd0cae02373c612e7fa2643f6742d5264685d2c75,1.04384,1.04384133611691,1.04384133611691,,0.8326036949784997
0xf1dd6b6c37557c10af56998cc6e72bae8815a41168a4909d88b36ceac7e7eb69,24391448,1770304415,0xbfa7f9c1983ae40738ea0f128e58aa704461aa3a,0x00000f91109c4d0007e90000d9facad5298a0cac,0xaec4ee9a108304fcc5cdc323d8a2a1d331c342b7,1.043841,1.04384133611691,1.04384133611691,,0.8326036949784997
0xf885034a876196c71d992fc0a96dcd27e4bc5b8ca0788bba6b4388296b7ac4de,24391448,1770304415,0xbfa7f9c1983ae40738ea0f128e58aa704461aa3a,0x00000f91109c4d0007e90000d9facad5298a0cac,0xaec4ee9a108304fcc5cdc323d8a2a1d331c342b7,1.043838,1.04384133611691,1.04384133611691,,0.8326036949784997
0x21ca98628925fa897d6ba3c363b530f7d8725a6c1a9e6331ede2e86d6f3674b9,24391448,1770304415,0xa28ee7ec4756b4c3340c30a8c8cb8bd708e1dcdc,0xa000016d11e045500240e2dfb9938c226e8a873c,0xad95973c72045cd05b9ddaa2b27cf65f578e339e,1.043841,1.04384133611691,1.04384133611691,,0.8326036949784997
0x0d8d78224c6d872602d6fefd6791e98eeb1b71c9b2bd583b5d50cc7a09def420,24391448,1770304415,0xa28ee7ec4756b4c3340c30a8c8cb8bd708e1dcdc,0xc31a49d1c4c652af57cefdef248f3c55b801c649,0x4e31820791ff065f69ef0054711ea8a073e5eba9,1.043841,1.04384133611691,1.04384133611691,,0.8326036949784997
0x330b7c74ec517463c6f1f867647b9d41ef0ae2dc4a01a2ef9677c612fd46b62c,24391448,1770304415,0xa28ee7ec4756b4c3340c30a8c8cb8bd708e1dcdc,0xc31a49d1c4c652af57cefdef248f3c55b801c649,0x4e31820791ff065f69ef0054711ea8a073e5eba9,1.043841,1.04384133611691,1.04384133611691,,0.8326036949784997
0x886beb2444eb9bcbe427e9ad9b91137b74aa36c52331182fe646ee5509fa9961,24391449,1770304427,0xbfa7f9c1983ae40738ea0f128e58aa704461aa3a,0xaf682de1f2e6f710731121a05a44cb3c1b511f7d,0x8f714eeaaeb838c9c7e295b5f105abfab311b286,1.043841,1.04384133611691,1.04384133611691,,0.8326036949784997
0x8e993137971cea171d2373c0033bc3731a225222825de8958c6806a02b4df6ff,24391449,1770304427,0xbfa7f9c1983ae40738ea0f128e58aa704461aa3a,0xe08d97e151473a848c3d9ca3f323cb720472d015,0xa96c774dbcdad89ee7872078e58d5168170d684e,1.043841,1.04384133611691,1.04384133611691,,0.8326036949784997
0x553074e241486e6bb4f1b595ed4fffe1c5804fa80cbc5806f785e9c0932e5f0d,24391449,1770304427,0xbfa7f9c1983ae40738ea0f128e58aa704461aa3a,0xe08d97e151473a848c3d9ca3f323cb720472d015,0xaec4ee9a108304fcc5cdc323d8a2a1d331c342b7,1.043841,1.04384133611691,1.04384133611691,,0.8326036949784997
0xe00d043181549e28849ec0cd973482e7d7c78a597911d154e95dbab451913015,24391449,1770304427,0xbfa7f9c1983ae40738ea0f128e58aa704461aa3a,0xe08d97e151473a848c3d9ca3f323cb720472d015,0x721e3b6e8c3f8ef3d1a7605700cb3ba027ef8eba,1.043841,1.04384133611691,1.04384133611691,,0.8326036949784997
0x5e390150b9becf81168dc5c4c4dc701da5ac7c93a379eb7aa17087177c8ba76b,24391449,1770304427,0xa28ee7ec4756b4c3340c30a8c8cb8bd708e1dcdc,0xe08d97e151473a848c3d9ca3f323cb720472d015,0x9398563acd4539df8f2c613f964c2ecbe6020d6b,1.043841,1.04384133611691,1.04384133611691,,0.8326036949784997
0xc65224ea5e995ae3ad8709db751125d05a043b76cc541961b0438565340da1f1,24391449,1770304427,0xa28ee7ec4756b4c3340c30a8c8cb8bd708e1dcdc,0xe08d97e151473a848c3d9ca3f323cb720472d015,0xd0cae02373c612e7fa2643f6742d5264685d2c75,1.043841,1.04384133611691,1.04384133611691,,0.8326036949784997
0x5634f1a52b71abbebd679eac06da096b7d789b021ee140e5e76170cec20c17a2,24391449,1770304427,0xa28ee7ec4756b4c3340c30a8c8cb8bd708e1dcdc,0xe08d97e151473a848c3d9ca3f323cb720472d015,0xd0cae02373c612e7fa2643f6742d5264685d2c75,1.043841,1.04384133611691,1.04384133611691,,0.8326036949784997
0x81168c18b19492d0453f95daca67ac837ba8131bbca918ac22d6977d7631d192,24391449,1770304427,0xbfa7f9c1983ae40738ea0f128e58aa704461aa3a,0xf00001968c1d6196d3d0553030c7af8d1905dcbb,0x10a132b6feed4998f9011ffd6dbe3e2413614245,1.043841,1.04384133611691,1.04384133611691,,0.8326036949784997
0x853f789a3af909f8c700301e8c476fb33eff3fa9f732995e67584a6e2199e349,24391451,1770304451,0xbfa7f9c1983ae40738ea0f128e58aa704461aa3a,0x6e04bacb2c31faae163d2be0e31a38d263986b89,0x721e3b6e8c3f8ef3d1a7605700cb3ba027ef8eba,1.043841,1.04384133611691,1.04384133611691,,0.8326036949784997
0xa3bb971a7c6da6fe3d34a0b8e489cd8d88406a14907f614bc7262094601f1930,24391451,1770304451,0xa28ee7ec4756b4c3340c30a8c8cb8bd708e1dcdc,0xf00001968c1d6196d3d0553030c7af8d1905dcbb,0xad95973c72045cd05b9ddaa2b27cf65f578e339e,1.043841,1.04384133611691,1.04384133611691,,0.8326036949784997
0xf39f2f767e7647873e4d0914c749beb4c5275c4bf5fcc867354ea17ac42be68c,24391451,1770304451,0xa28ee7ec4756b4c3340c30a8c8cb8bd708e1dcdc,0xaf682de1f2e6f710731121a05a44cb3c1b511f7d,0xfce88de8b752b27936c82b9bda6705fea0a1fa5c,1.043841,1.04384133611691,1.04384133611691,,0.8326036949784997
0xee905dba32f88ba76c67b9855642714a9d8d5ede2f049e48de363bb9895b30d7,24391486,1770304871,0x1ac73015626cb8941f83f83f1039102d87fb7838,0xaf682de1f2e6f710731121a05a44cb3c1b511f7d,0x1a7cda1f6eb3080287b3c2b4c2bef45ef9047996,1.050544,1.04384133611691,1.04384133611691,,0.8326036949784997
0x2a27ea73f3befd24c8f93aaf33da0e89a615fa64d86a8d600018cb8e689f9cda,24391487,1770304883,0x1ac73015626cb8941f83f83f1039102d87fb7838,0x339c0db4a0030c88b4a48aafe56cdba23c8d4338,0x1a7cda1f6eb3080287b3c2b4c2bef45ef9047996,1.043841,1.04384133611691,1.04384133611691,,0.8326036949784997
0xe6a0856e88bc89d39093cdd5621537c80a8ba6e484665b3248e3128cea4d01c0,24391487,1770304883,0x11b0f28028e3659c1ae18e153625c4f1c95698c8,0xe08d97e151473a848c3d9ca3f323cb720472d015,0x21e39af4f3a2f06cf89dc13155dbd6e2f7576bbf,1.043841,1.04384133611691,1.04384133611691,,0.8326036949784997
0x472d8dccafa745ec038c86cea18aef5f2140489990881d12f363d6d01dc8c6af,24391488,1770304895,0x11b0f28028e3659c1ae18e153625c4f1c95698c8,0xf00001968c1d6196d3d0553030c7af8d1905dcbb,0xfbe874e5d9bc5afd18880232f97b3c2c34045f64,1.043841,1.04384133611691,1.04384133611691,,0.8326036949784997
0xb89e0a824d115d3204631cbd2a376fe61e36c99dfe626d758ce15deac671a61a,24391488,1770304895,0x1ac73015626cb8941f83f83f1039102d87fb7838,0x80bf7db69556d9521c03461978b8fc731dbbd4e4,0x1a7cda1f6eb3080287b3c2b4c2bef45ef9047996,1.043841,1.04384133611691,1.04384133611691,,0.8326036949784997
0x7f37409a0e1606688110d7c814bf1ea075c83d0ca032b2a6bd1dc852017a0a0c,24391488,1770304895,0x11b0f28028e3659c1ae18e153625c4f1c95698c8,0xaf682de1f2e6f710731121a05a44cb3c1b511f7d,0x21e39af4f3a2f06cf89dc13155dbd6e2f7576bbf,1.043841,1.04384133611691,1.04384133611691,,0.8326036949784997
0xb6f0a635b2af7fbdafeb90372f624a501a220d6799d7a9a4d5fbe15679ccda19,24391491,1770304931,0xa28ee7ec4756b4c3340c30a8c8cb8bd708e1dcdc,0x682ea8aa9b23250e0e240580e8ae55205f612979,0x721e3b6e8c3f8ef3d1a7605700cb3ba027ef8eba,1.043841,1.04384133611691,1.04384133611691,,0.8326036949784997
0x0909bf28cf6e8ea2b7085121d95b74507286c53d5bfd2093ff0ff1cad01dbbaa,24391491,1770304931,0xbfa7f9c1983ae40738ea0f128e58aa704461aa3a,0xe08d97e151473a848c3d9ca3f323cb720472d015,0x8f714eeaaeb838c9c7e295b5f105abfab311b286,1.043841,1.04384133611691,1.04384133611691,,0.8326036949784997
0xc238bd5917007266ea7b8ea8fff7d1007d786cf88a866ccccaf0c105f1cfa079,24391494,1770304967,0xa28ee7ec4756b4c3340c30a8c8cb8bd708e1dcdc,0x00000f91109c4d0007e90000d9facad5298a0cac,0x721e3b6e8c3f8ef3d1a7605700cb3ba027ef8eba,1.043841,1.04384133611691,1.04384133611691,,0.8326036949784997
0x6ba39836a2a90fca622277a70921be4cf1a8f7e13e778435ec1b4051ad296f42,24391494,1770304967,0xa28ee7ec4756b4c3340c30a8c8cb8bd708e1dcdc,0x00000f91109c4d0007e90000d9facad5298a0cac,0xad95973c72045cd05b9ddaa2b27cf65f578e339e,1.043841,1.04384133611691,1.04384133611691,,0.8326036949784997
0xd9b0bba374234d24eb3a54ec8e6e091dbf4caf13f07e84c01466680208851ed5,24391494,1770304967,0xbfa7f9c1983ae40738ea0f128e58aa704461aa3a,0x00000f91109c4d0007e90000d9facad5298a0cac,0xaec4ee9a108304fcc5cdc323d8a2a1d331c342b7,1.043841,1.04384133611691,1.04384133611691,,0.8326036949784997
0xd1b2267c70e89e24ea8387e94ec35fbce256e7b76c1ba4a7935a735fbee350c6,24391494,1770304967,0xbfa7f9c1983ae40738ea0f128e58aa704461aa3a,0x00000f91109c4d0007e90000d9facad5298a0cac,0xd0cae02373c612e7fa2643f6742d5264685d2c75,1.04384,1.04384133611691,1.04384133611691,,0.8326036949784997
0x152294960de21cb31a7948acba5a19c03f4859764b285b9870caaf88a597f452,24391494,1770304967,0xbfa7f9c1983ae40738ea0f128e58aa704461aa3a,0x00000f91109c4d0007e90000d9facad5298a0cac,0xaec4ee9a108304fcc5cdc323d8a2a1d331c342b7,1.043839,1.04384133611691,1.04384133611691,,0.8326036949784997
0xf847c145dd58a687b2e7084d98d577b6d252a3fe456cb85dc026a57f288a989c,24391494,1770304967,0xbfa7f9c1983ae40738ea0f128e58aa704461aa3a,0x00000f91109c4d0007e90000d9facad5298a0cac,0xaec4ee9a108304fcc5cdc323d8a2a1d331c342b7,1.043839,1.04384133611691,1.04384133611691,,0.8326036949784997
0x0c172e2e0a1ac96caeec7c5f0091db2acfc1ef6d1f2c888862d803f09ddab9d5,24391494,1770304967,0xa28ee7ec4756b4c3340c30a8c8cb8bd708e1dcdc,0x00000f91109c4d0007e90000d9facad5298a0cac,0xad95973c72045cd05b9ddaa2b27cf65f578e339e,1.043841,1.04384133611691,1.04384133611691,,0.8326036949784997
0x7341a49926a67f5e78016ecf973f8afcce5fcf4db2f16d80c0b952ce732151bd,24391494,1770304967,0xa28ee7ec4756b4c3340c30a8c8cb8bd708e1dcdc,0x00000f91109c4d0007e90000d9facad5298a0cac,0xad95973c72045cd05b9ddaa2b27cf65f578e339e,1.043841,1.04384133611691,1.04384133611691,,0.8326036949784997
0x9c3d8299f09f74f6e5e4746649dbc57bf0e01f53520a4ae500407617a2d0b992,24391494,1770304967,0xa28ee7ec4756b4c3340c30a8c8cb8bd708e1dcdc,0xc31a49d1c4c652af57cefdef248f3c55b801c649,0x4e31820791ff065f69ef0054711ea8a073e5eba9,1.043841,1.04384133611691,1.04384133611691,,0.8326036949784997
0x8a28d0d06333bf9c0f3552a26f8670fd69b92b4a57b289770bd85283913b695e,24391494,1770304967,0xa28ee7ec4756b4c3340c30a8c8cb8bd708e1dcdc,0xc31a49d1c4c652af57cefdef248f3c55b801c649,0x4e31820791ff065f69ef0054711ea8a073e5eba9,1.043841,1.04384133611691,1.04384133611691,,0.8326036949784997
0x86d7a04766dc61448a7118b55f8553edf3576ca9728600eec8c6493af2f49bf6,24391494,1770304967,0xa28ee7ec4756b4c3340c30a8c8cb8bd708e1dcdc,0xc31a49d1c4c652af57cefdef248f3c55b801c649,0x163d2d8fb1ca05bfddbacd065b0172dc0255a37b,1.043841,1.04384133611691,1.04384133611691,,0.8326036949784997
0x7f9ca72f4b1f15c9d9ff31b52d132d4b2edd266e2282cc1cecf28fb57f1a32b0,24391494,1770304967,0x0e09ce5c48b48bf72bb667715cbe6977489042cb,0xf00001968c1d6196d3d0553030c7af8d1905dcbb,0x333e2fb07c2451e6e01fa40adde521b73413ef6a,1.043841,1.04384133611691,1.04384133611691,,0.8326036949784997
0xd8ce3d44a174c61c4350b7256caa43297aece1dd488e20cfb73fc26afb65fe0c,24391495,1770304979,0xa28ee7ec4756b4c3340c30a8c8cb8bd708e1dcdc,0xf00001968c1d6196d3d0553030c7af8d1905dcbb,0xc99882e7efb11e4258dfee59954226e53fef4e68,1.043841,1.04384133611691,1.04384133611691,,0.8326036949784997
0xb28ea88e0b07cbb41c3ad108b7fb34d0d95db3a9df9ba8398010a274ca7bbc06,24391495,1770304979,0xa28ee7ec4756b4c3340c30a8c8cb8bd708e1dcdc,0xa000016d11e045500240e2dfb9938c226e8a873c,0xd0cae02373c612e7fa2643f6742d5264685d2c75,1.043841,1.04384133611691,1.04384133611691,,0.8326036949784997
0xd361d187b3a70fb59e2279571afb22a5e9a95cde8ded43c0970489bf255f60a1,24391495,1770304979,0xa28ee7ec4756b4c3340c30a8c8cb8bd708e1dcdc,0xf00001968c1d6196d3d0553030c7af8d1905dcbb,0x9398563acd4539df8f2c613f964c2ecbe6020d6b,1.043841,1.04384133611691,1.04384133611691,,0.8326036949784997
0x1f9fd3a1539fd6b927ffed0e703106a8f196bf656aa3fe3d18e750171a22f65b,24391495,1770304979,0xa28ee7ec4756b4c3340c30a8c8cb8bd708e1dcdc,0xf00001968c1d6196d3d0553030c7af8d1905dcbb,0x721e3b6e8c3f8ef3d1a7605700cb3ba027ef8eba,1.043841,1.04384133611691,1.04384133611691,,0.8326036949784997
0x4b66aa04c99a1c0ed33017a846d28ce8e4337505609855577fdb55c0800fc588,24391495,1770304979,0xa28ee7ec4756b4c3340c30a8c8cb8bd708e1dcdc,0xf00001968c1d6196d3d0553030c7af8d1905dcbb,0xad95973c72045cd05b9ddaa2b27cf65f578e339e,1.043841,1.04384133611691,1.04384133611691,,0.8326036949784997
0xd12f284f9bb844c5d68ca4a0053ad8968ebdfd3706a1557155f1938984fb1759,24391496,1770304991,0x1ac73015626cb8941f83f83f1039102d87fb7838,0xe08d97e151473a848c3d9ca3f323cb720472d015,0x1a7cda1f6eb3080287b3c2b4c2bef45ef9047996,1.043841,1.04384133611691,1.04384133611691,,0.8326036949784997
0xa922edd0930e118c23928c485d47f6ffe9baee75610926409deb3f6c3df81a94,24391496,1770304991,0x1ac73015626cb8941f83f83f1039102d87fb7838,0xe08d97e151473a848c3d9ca3f323cb720472d015,0x1a7cda1f6eb3080287b3c2b4c2bef45ef9047996,1.043841,1.04384133611691,1.04384133611691,,0.8326036949784997
0x5d6479830ff6493b129901ef4d4a08d1bdd53c6314662707f95539e54f0e0b9d,24391501,1770305051,0xa28ee7ec4756b4c3340c30a8c8cb8bd708e1dcdc,0xf00001968c1d6196d3d0553030c7af8d1905dcbb,0xc99882e7efb11e4258dfee59954226e53fef4e68,1.043841,1.04384133611691,1.04384133611691,,0.8326036949784997
0x44bbcfd3f02497aae930e6d06c67b8903e12f12fd7fa4c7b8203b4f02965a713,24391501,1770305051,0xa28ee7ec4756b4c3340c30a8c8cb8bd708e1dcdc,0xaf682de1f2e6f710731121a05a44cb3c1b511f7d,0x721e3b6e8c3f8ef3d1a7605700cb3ba027ef8eba,1.043841,1.04384133611691,1.04384133611691,,0.8326036949784997
0x5131d2378aa5baba456fab0a8e47bf0f2f1f00f88fb50ee8b7992f236c7961b3,24391501,1770305051,0xbfa7f9c1983ae40738ea0f128e58aa704461aa3a,0xaf682de1f2e6f710731121a05a44cb3c1b511f7d,0x8f714eeaaeb838c9c7e295b5f105abfab311b286,1.043841,1.04384133611691,1.04384133611691,,0.8326036949784997
0x951e30f3b51470014d52b6e8bcefa99d890beed24ed594407ee0d01648b2c8c0,24391501,1770305051,0xbfa7f9c1983ae40738ea0f128e58aa704461aa3a,0xf00001968c1d6196d3d0553030c7af8d1905dcbb,0x721e3b6e8c3f8ef3d1a7605700cb3ba027ef8eba,1.043841,1.04384133611691,1.04384133611691,,0.8326036949784997
0xb097c22aa49a8f48d76451e664778a50027cdee1f6be8789f4da8e4e8fc0071e,24391503,1770305075,0x11b0f28028e3659c1ae18e153625c4f1c95698c8,0xf00001968c1d6196d3d0553030c7af8d1905dcbb,0xfbe874e5d9bc5afd18880232f97b3c2c34045f64,1.043841,1.04384133611691,1.04384133611691,,0.8326036949784997
0x72e0542e3ed92e705a4e74290f7780153724428bf9db4371dc9f5258fd15566a,24391504,1770305087,0xa28ee7ec4756b4c3340c30a8c8cb8bd708e1dcdc,0x00000f91109c4d0007e90000d9facad5298a0cac,0xad95973c72045cd05b9ddaa2b27cf65f578e339e,1.043841,1.04384133611691,1.04384133611691,,0.8326036949784997
0xf1db0b451a2ba4852b745af545e657674440e6367f850607876e5253765ceb1c,24391504,1770305087,0xbfa7f9c1983ae40738ea0f128e58aa704461aa3a,0x00000f91109c4d0007e90000d9facad5298a0cac,0x10a132b6feed4998f9011ffd6dbe3e2413614245,1.043841,1.04384133611691,1.04384133611691,,0.8326036949784997
0xf1852c810acf5821f640b5fe91a5644d4da8ac1ba9ab5687bbf712e53f879a7a,24391504,1770305087,0xbfa7f9c1983ae40738ea0f128e58aa704461aa3a,0x00000f91109c4d0007e90000d9facad5298a0cac,0xd0cae02373c612e7fa2643f6742d5264685d2c75,1.043841,1.04384133611691,1.04384133611691,,0.8326036949784997
0xf1bd8249f3dd07c9e0a5be7ebd128c2578f7877a8937419e181a0b0eef3e2130,24391504,1770305087,0xbfa7f9c1983ae40738ea0f128e58aa704461aa3a,0x00000f91109c4d0007e90000d9facad5298a0cac,0xaec4ee9a108304fcc5cdc323d8a2a1d331c342b7,1.043841,1.04384133611691,1.04384133611691,,0.8326036949784997
0xf2f90586d099f6add77eb3d847a28cd8e3081b742bbaaed32423165f5210a368,24391504,1770305087,0xa28ee7ec4756b4c3340c30a8c8cb8bd708e1dcdc,0x00000f91109c4d0007e90000d9facad5298a0cac,0xfce88de8b752b27936c82b9bda6705fea0a1fa5c,1.04384,1.04384133611691,1.04384133611691,,0.8326036949784997
0x9c9e311c1f2ed07aeff829a5c439361c276f3b42b71443554decd4c229b86dd1,24391504,1770305087,0x11b0f28028e3659c1ae18e153625c4f1c95698c8,0xa000016d11e045500240e2dfb9938c226e8a873c,0xfbe874e5d9bc5afd18880232f97b3c2c34045f64,1.043841,1.04384133611691,1.04384133611691,,0.8326036949784997
0x4e24f95962e8a09cf699838a0cc0c98dee07a443d28ca41e8554cf1f732a582f,24391504,1770305087,0x1ac73015626cb8941f83f83f1039102d87fb7838,0xaf682de1f2e6f710731121a05a44cb3c1b511f7d,0x1a7cda1f6eb3080287b3c2b4c2bef45ef9047996,1.043841,1.04384133611691,1.04384133611691,,0.8326036949784997
0xd4982230c8812302a9fd6e99c42fb0e6f718c95e7f941e2d70f5965d7db68cfa,24391504,1770305087,0x11b0f28028e3659c1ae18e153625c4f1c95698c8,0xa000016d11e045500240e2dfb9938c226e8a873c,0xd8fa2f704ac2d5ff4acecbf248db61523f99833b,1.043841,1.04384133611691,1.04384133611691,,0.8326036949784997
0xa0779a2c743fc119e888d8eb57ccd5797c03111c47ab7996da3c2843f0e284fd,24391504,1770305087,0xa28ee7ec4756b4c3340c30a8c8cb8bd708e1dcdc,0xa000016d11e045500240e2dfb9938c226e8a873c,0x4e31820791ff065f69ef0054711ea8a073e5eba9,1.043841,1.04384133611691,1.04384133611691,,0.8326036949784997
0x6f02f97b306fe76b6048fb008b68e155a93088c8fb41806a6a7a9e15c2b59753,24391507,1770305123,0x11b0f28028e3659c1ae18e153625c4f1c95698c8,0xf00001968c1d6196d3d0553030c7af8d1905dcbb,0x21e39af4f3a2f06cf89dc13155dbd6e2f7576bbf,1.043841,1.04384133611691,1.04384133611691,,0.8326036949784997
0xd76d1135787cfa3743e1acd1557552f40fa9d869e815ec944ad3f5ae8e37c314,24391507,1770305123,0xbfa7f9c1983ae40738ea0f128e58aa704461aa3a,0xf00001968c1d6196d3d0553030c7af8d1905dcbb,0xaec4ee9a108304fcc5cdc323d8a2a1d331c342b7,1.043841,1.04384133611691,1.04384133611691,,0.8326036949784997
0x44df47e01ea9214fcf7a86e05ca8643e5918044a0bb1552f2bc67e023fd0b89f,24391512,1770305183,0xa28ee7ec4756b4c3340c30a8c8cb8bd708e1dcdc,0x00000f91109c4d0007e90000d9facad5298a0cac,0x163d2d8fb1ca05bfddbacd065b0172dc0255a37b,1.04384,1.04384133611691,1.04384133611691,,0.8326036949784997
0x337039ded26e91b1f8e6097c93dadb1226dec956848027dde631b486292be8e1,24391514,1770305207,0xbfa7f9c1983ae40738ea0f128e58aa704461aa3a,0xf00001968c1d6196d3d0553030c7af8d1905dcbb,0xa96c774dbcdad89ee7872078e58d5168170d684e,1.043841,1.04384133611691,1.04384133611691,,0.8326036949784997
0x8358b32db4523f4b959af8858d8e371b4d8d6689a44a9ae57d514aee74278c25,24391517,1770305243,0x0e09ce5c48b48bf72bb667715cbe6977489042cb,0x28c51fbbb387eaa183775e6865e15f44ebb5a14a,0x163d2d8fb1ca05bfddbacd065b0172dc0255a37b,1.043841,1.04384133611691,1.04384133611691,,0.8326036949784997
0x1a2c210c63375b770e87886b02b6c2e9b20f2c0d506ad59e0dbf82a592e9943b,24391523,1770305315,0xbfa7f9c1983ae40738ea0f128e58aa704461aa3a,0xf00001968c1d6196d3d0553030c7af8d1905dcbb,0x10a132b6feed4998f9011ffd6dbe3e2413614245,1.043841,1.04384133611691,1.04384133611691,,0.8326036949784997
0xbe4d051e0e466cb5b3e15c61ef9fbea169c37fa1340d00ecda330b71d739b001,24391523,1770305315,0xa28ee7ec4756b4c3340c30a8c8cb8bd708e1dcdc,0xf00001968c1d6196d3d0553030c7af8d1905dcbb,0xd0cae02373c612e7fa2643f6742d5264685d2c75,1.043841,1.04384133611691,1.04384133611691,,0.8326036949784997
0x538724941b1cf7fdf49a177ac4dbedce98882a86c1d0904001cdf1fe5b40512e,24391527,1770305363,0x11b0f28028e3659c1ae18e153625c4f1c95698c8,0xf00001968c1d6196d3d0553030c7af8d1905dcbb,0xc58de690dd0e361feabf80ef61d597ed0b41e597,1.043841,1.04384133611691,1.04384133611691,,0.8326036949784997
0x1604456e77b93fd8b332d106aaf0a7ed3fd301812a0ad26c86b23b7953327dad,24391527,1770305363,0x11b0f28028e3659c1ae18e153625c4f1c95698c8,0x96d015544637c89536c5fedc6cb12bc19fcbf361,0x21e39af4f3a2f06cf89dc13155dbd6e2f7576bbf,1.043841,1.04384133611691,1.04384133611691,,0.8326036949784997
0x2d6490cc9973fc71631e7b9ce91245e6d457298bdbf370dc6912c5d598553646,24391527,1770305363,0x1ac73015626cb8941f83f83f1039102d87fb7838,0xaf682de1f2e6f710731121a05a44cb3c1b511f7d,0x1a7cda1f6eb3080287b3c2b4c2bef45ef9047996,1.043841,1.04384133611691,1.04384133611691,,0.8326036949784997
0x2f9522596a30b12bf574b0233afb4add6b807fc624a6a3a5ca9811207739a078,24391528,1770305375,0xd1a6a3b4f22bbe611be31a0e7ec359c4de1d6902,0xf00001968c1d6196d3d0553030c7af8d1905dcbb,0x1f9c50b4d59cd2d16bdbdcbca6f17f39237415b3,1.043841,1.04384133611691,1.04384133611691,,0.8326036949784997
0xc609186558aeb4dfe187b6a06c5b56f1b59edcd3337482d36e677d321e77b3fc,24391529,1770305387,0x11b0f28028e3659c1ae18e153625c4f1c95698c8,0xe08d97e151473a848c3d9ca3f323cb720472d015,0xfbe874e5d9bc5afd18880232f97b3c2c34045f64,1.043841,1.04384133611691,1.04384133611691,,0.8326036949784997
0x4db1c6ffbe97ebcaaa4641ffbe9045403880494c01a1b2953a1542e142a977ec,24391531,1770305411,0xa28ee7ec4756b4c3340c30a8c8cb8bd708e1dcdc,0xe08d97e151473a848c3d9ca3f323cb720472d015,0xc99882e7efb11e4258dfee59954226e53fef4e68,1.043841,1.04384133611691,1.04384133611691,,0.8326036949784997
0xb92b6158cc5fb1a32e1676d0cf93c82b7e637197484c97fac77b38ef7635c4d2,24391532,1770305423,0xa28ee7ec4756b4c3340c30a8c8cb8bd708e1dcdc,0xaf682de1f2e6f710731121a05a44cb3c1b511f7d,0x721e3b6e8c3f8ef3d1a7605700cb3ba027ef8eba,1.043841,1.04384133611691,1.04384133611691,,0.8326036949784997
0xeee2f797cb8a40a6719c880e06bbf3a8c695faf6f3594bcdaaa312367bd93661,24391532,1770305423,0xbfa7f9c1983ae40738ea0f128e58aa704461aa3a,0xf00001968c1d6196d3d0553030c7af8d1905dcbb,0xa96c774dbcdad89ee7872078e58d5168170d684e,1.043841,1.04384133611691,1.04384133611691,,0.8326036949784997
0x52d4a0ee79d27d7b4825c60bb09a93ac5bc7bdd9f89e56de5680526651e30391,24391532,1770305423,0xa28ee7ec4756b4c3340c30a8c8cb8bd708e1dcdc,0xaf682de1f2e6f710731121a05a44cb3c1b511f7d,0xad95973c72045cd05b9ddaa2b27cf65f578e339e,1.043841,1.04384133611691,1.04384133611691,,0.8326036949784997
0x4c0bcdc3dd74c785a0cd1911a6496513b6744947a31f48d152832d4e0ee34579,24391534,1770305447,0x11b0f28028e3659c1ae18e153625c4f1c95698c8,0xf00001968c1d6196d3d0553030c7af8d1905dcbb,0xfbe874e5d9bc5afd18880232f97b3c2c34045f64,1.043841,1.04384133611691,1.04384133611691,,0.8326036949784997
0x46847e917494c8eddfc53fdc38ae995934aa883f078493a12f765bd3fc7b7eea,24391534,1770305447,0x11b0f28028e3659c1ae18e153625c4f1c95698c8,0xf00001968c1d6196d3d0553030c7af8d1905dcbb,0xd8fa2f704ac2d5ff4acecbf248db61523f99833b,1.043841,1.04384133611691,1.04384133611691,,0.8326036949784997
0x2449960b890d8c3f841cc7ce61fff95ec2a5afd838a24749c4b8bcdc26843aaf,24391534,1770305447,0xa28ee7ec4756b4c3340c30a8c8cb8bd708e1dcdc,0xe08d97e151473a848c3d9ca3f323cb720472d015,0xc99882e7efb11e4258dfee59954226e53fef4e68,1.043841,1.04384133611691,1.04384133611691,,0.8326036949784997
0x0fab959a3e0acbb6efb3ae906b0981d36a318b9670b9c4c2330e7026e56f2974,24391535,1770305459,0xa28ee7ec4756b4c3340c30a8c8cb8bd708e1dcdc,0x682ea8aa9b23250e0e240580e8ae55205f612979,0xc99882e7efb11e4258dfee59954226e53fef4e68,1.043841,1.04384133611691,1.04384133611691,,0.8326036949784997
0x4aee8d73d54f9bb2efa808c4728bcfff7b4f9debff05c78ff7c5bcfeba94888e,24391535,1770305459,0xa28ee7ec4756b4c3340c30a8c8cb8bd708e1dcdc,0xfa0253943c3ff0e43898cba5a7a0da9d17c27995,0xc99882e7efb11e4258dfee59954226e53fef4e68,1.043841,1.04384133611691,1.04384133611691,,0.8326036949784997
0xe525e84b6acaf2101c21c7f384789861c8987c5d5d2ce0a71122520560db7f08,24391535,1770305459,0xa28ee7ec4756b4c3340c30a8c8cb8bd708e1dcdc,0xe08d97e151473a848c3d9ca3f323cb720472d015,0xc99882e7efb11e4258dfee59954226e53fef4e68,1.043841,1.04384133611691,1.04384133611691,,0.8326036949784997
0x421dbdc37111a1923f29eb329d7c3954e7bd22d6b41a128bbfe01a0d3181f195,24391535,1770305459,0xbfa7f9c1983ae40738ea0f128e58aa704461aa3a,0xf00001968c1d6196d3d0553030c7af8d1905dcbb,0x8f714eeaaeb838c9c7e295b5f105abfab311b286,1.043841,1.04384133611691,1.04384133611691,,0.8326036949784997
0x2feb6fde241bc2a8d051bde498bec24d5d21c7b302b6d502e1a30fd469029287,24391535,1770305459,0xa28ee7ec4756b4c3340c30a8c8cb8bd708e1dcdc,0xf00001968c1d6196d3d0553030c7af8d1905dcbb,0x4e31820791ff065f69ef0054711ea8a073e5eba9,1.043841,1.04384133611691,1.04384133611691,,0.8326036949784997
0x683b7cbf9cc235248940179f598fc732cc606711d698bb514812afd0af80aa05,24391535,1770305459,0xbfa7f9c1983ae40738ea0f128e58aa704461aa3a,0xf00001968c1d6196d3d0553030c7af8d1905dcbb,0x10a132b6feed4998f9011ffd6dbe3e2413614245,1.043841,1.04384133611691,1.04384133611691,,0.8326036949784997
0xb554c97a28ace77257602ed1f79288fd2c46633a76be23662190214285a004f2,24391537,1770305483,0xa28ee7ec4756b4c3340c30a8c8cb8bd708e1dcdc,0xa000016d11e045500240e2dfb9938c226e8a873c,0x9398563acd4539df8f2c613f964c2ecbe6020d6b,1.043841,1.04384133611691,1.04384133611691,,0.8326036949784997
0xda9d545f33beac3b0e5d7c1b2b744f76f80d798373f501d2bfa1bc7b426535d4,24391537,1770305483,0xbfa7f9c1983ae40738ea0f128e58aa704461aa3a,0xa9cb97e394b97c6453e3d1a36e972c6126dac1f0,0xaec4ee9a108304fcc5cdc323d8a2a1d331c342b7,1.043841,1.04384133611691,1.04384133611691,,0.8326036949784997
0x48213a9b6d782a5bb08e624961472f88c9e70f067344d1145902c62a90248424,24391537,1770305483,0xa28ee7ec4756b4c3340c30a8c8cb8bd708e1dcdc,0xa000016d11e045500240e2dfb9938c226e8a873c,0xd0cae02373c612e7fa2643f6742d5264685d2c75,1.043841,1.04384133611691,1.04384133611691,,0.8326036949784997
0x5f862c355f347fc95fcbcd8f62e0bd72a5ec1f79ea87f998a6c37f5bc95b244e,24391538,1770305495,0x0e09ce5c48b48bf72bb667715cbe6977489042cb,0xf00001968c1d6196d3d0553030c7af8d1905dcbb,0x124c956fb6ea9ab47b5f6e1b2050333bb4df0474,1.043841,1.04384133611691,1.04384133611691,,0.8326036949784997
0x45420f8bd6d1cbdd54215c5b1738078302724d9984665bfa76919634bae9f303,24391539,1770305507,0xbfa7f9c1983ae40738ea0f128e58aa704461aa3a,0xf00001968c1d6196d3d0553030c7af8d1905dcbb,0xa1b08911b1a6f624cd65a87cb529525c78211330,1.043841,1.04384133611691,1.04384133611691,,0.8326036949784997
0x341be180fdab29e5d45a868256e30a3ffcad27f601f78c018e616e06a72575e7,24391551,1770305651,0x1ac73015626cb8941f83f83f1039102d87fb7838,0xaf682de1f2e6f710731121a05a44cb3c1b511f7d,0x1a7cda1f6eb3080287b3c2b4c2bef45ef9047996,1.043841,1.04384133611691,1.04384133611691,,0.8326036949784997
0x52c7f4fc93544bbb0b484e5ff4abcb84bd886c38d125d0eb04be761bdfc74c36,24391577,1770305975,0x0e09ce5c48b48bf72bb667715cbe6977489042cb,0xaf682de1f2e6f710731121a05a44cb3c1b511f7d,0x333e2fb07c2451e6e01fa40adde521b73413ef6a,1.04384,1.04384133611691,1.04384133611691,,0.8326036949784997
0x1c88999b9c4a8bbcd1113eef164d4a27a740abe56227746cab7acd08f48746ca,24391723,1770307727,0xa28ee7ec4756b4c3340c30a8c8cb8bd708e1dcdc,0x2ff200b4cdd41a6c27a98d24ce316169dae0535d,0x163d2d8fb1ca05bfddbacd065b0172dc0255a37b,1.04384,1.04384133611691,1.04384133611691,,0.8326036949784997
0xccae8cda623a1ff009db1d2e2da91c1f84cc37b896cad20d5bc6b673c85151ec,24391723,1770307727,0x0e09ce5c48b48bf72bb667715cbe6977489042cb,0xaf682de1f2e6f710731121a05a44cb3c1b511f7d,0x163d2d8fb1ca05bfddbacd065b0172dc0255a37b,1.04384,1.04384133611691,1.04384133611691,,0.8326036949784997
0x5e0c5c89c96b8db863a4c94b376c3d9c9721c308874cb43e4e822d73a64f80e0,24391724,1770307739,0xa28ee7ec4756b4c3340c30a8c8cb8bd708e1dcdc,0xaf682de1f2e6f710731121a05a44cb3c1b511f7d,0x163d2d8fb1ca05bfddbacd065b0172dc0255a37b,1.043839,1.04384133611691,1.04384133611691,,0.8326036949784997
0x01d8026642d2d2e8c6dcbf113c999762da3720c2d8dbccaf0777c7bf1e02b3b9,24391735,1770307871,0xa28ee7ec4756b4c3340c30a8c8cb8bd708e1dcdc,0x00000f91109c4d0007e90000d9facad5298a0cac,0xfce88de8b752b27936c82b9bda6705fea0a1fa5c,1.043838,1.04384133611691,1.04384133611691,,0.8326036949784997
0xb146c54698380f4b16952ebf2d0e122dbf55fc79f0b146c047f63adc83f90f37,24391765,1770308231,0x0e09ce5c48b48bf72bb667715cbe6977489042cb,0x02c5d9906416537a16adfd6566d89cb105081c91,0xd2515c793af89c55169191b5c43a99989cf63c54,1.04384,1.04384133611691,1.04384133611691,,0.8326036949784997
0xbac162b21aca14b77795f5fb00fbf2d639e81c152b62b6d89337d1110637068c,24392075,1770311963,0xbfa7f9c1983ae40738ea0f128e58aa704461aa3a,0xf00001968c1d6196d3d0553030c7af8d1905dcbb,0x721e3b6e8c3f8ef3d1a7605700cb3ba027ef8eba,1.043841,1.04384133611691,1.04384133611691,,0.8326036949784997
0x5b88f48c6fd5dbb7135bcc6fc9406323880ce66b76203838dea1f5c0d516cc5d,24392080,1770312023,0x0e09ce5c48b48bf72bb667715cbe6977489042cb,0xf3feddb5b588e51dedf1365643069465d4c53881,0xd2515c793af89c55169191b5c43a99989cf63c54,1.043834,1.04384133611691,1.04384133611691,,0.8326036949784997
0x51de1979210129aa89e8a9f882d1d44c3474e9df7749329f52497204a9a47849,24392084,1770312071,0xa28ee7ec4756b4c3340c30a8c8cb8bd708e1dcdc,0xe08d97e151473a848c3d9ca3f323cb720472d015,0x721e3b6e8c3f8ef3d1a7605700cb3ba027ef8eba,1.043841,1.04384133611691,1.04384133611691,,0.8326036949784997
0xb880faa22433cc00646494de49c2e6cc498ffc036e8778443527c534df9c979e,24392084,1770312071,0xbfa7f9c1983ae40738ea0f128e58aa704461aa3a,0xe08d97e151473a848c3d9ca3f323cb720472d015,0x8f714eeaaeb838c9c7e295b5f105abfab311b286,1.043841,1.04384133611691,1.04384133611691,,0.8326036949784997
0x2dac661c164749e0c5dc9ca1711bf913dddcfe98b0c4eebaece10bccdb63b7dc,24392084,1770312071,0xa28ee7ec4756b4c3340c30a8c8cb8bd708e1dcdc,0xe08d97e151473a848c3d9ca3f323cb720472d015,0x4e31820791ff065f69ef0054711ea8a073e5eba9,1.043841,1.04384133611691,1.04384133611691,,0.8326036949784997
0x19e7e4dc31a21fc933c36437c802ba0747213a7a94a2cea2841b20b05b5ec7eb,24392084,1770312071,0xa28ee7ec4756b4c3340c30a8c8cb8bd708e1dcdc,0xe08d97e151473a848c3d9ca3f323cb720472d015,0xad95973c72045cd05b9ddaa2b27cf65f578e339e,1.043841,1.04384133611691,1.04384133611691,,0.8326036949784997
0x9bdb6fceb107698f371b3eb8b3fc61720f379ebf50bce4369678f8c1c000ca5b,24392084,1770312071,0xa28ee7ec4756b4c3340c30a8c8cb8bd708e1dcdc,0xe08d97e151473a848c3d9ca3f323cb720472d015,0xad95973c72045cd05b9ddaa2b27cf65f578e339e,1.04384,1.04384133611691,1.04384133611691,,0.8326036949784997
0x3653b3c140c85c5ec2673788be8fb6605b1402ba8de03d9668e73aacdbc663cb,24392085,1770312083,0xbfa7f9c1983ae40738ea0f128e58aa704461aa3a,0xfebf88c1cb65df066a2dc22486e036c517d9ba6d,0x721e3b6e8c3f8ef3d1a7605700cb3ba027ef8eba,1.043841,1.04384133611691,1.04384133611691,,0.8326036949784997
0x25402a0660abdfff2c127187134e55d77c66e71bd1490593a480b9c0669bebc1,24392085,1770312083,0xa28ee7ec4756b4c3340c30a8c8cb8bd708e1dcdc,0xaf682de1f2e6f710731121a05a44cb3c1b511f7d,0x721e3b6e8c3f8ef3d1a7605700cb3ba027ef8eba,1.043841,1.04384133611691,1.04384133611691,,0.8326036949784997
0x17b044e23bf82d5a00da22f7dfdbf8231c883f05494fb6bf5e11b8546618db72,24392085,1770312083,0xbfa7f9c1983ae40738ea0f128e58aa704461aa3a,0xe08d97e151473a848c3d9ca3f323cb720472d015,0xaec4ee9a108304fcc5cdc323d8a2a1d331c342b7,1.043841,1.04384133611691,1.04384133611691,,0.8326036949784997
0xa4e78ba99671d9646d89e8ef7bd298b065119136525efb2d6ca68626dbe0e804,24392085,1770312083,0xbfa7f9c1983ae40738ea0f128e58aa704461aa3a,0xe08d97e151473a848c3d9ca3f323cb720472d015,0x10a132b6feed4998f9011ffd6dbe3e2413614245,1.043841,1.04384133611691,1.04384133611691,,0.8326036949784997
0x02d215c701da29886d086c2116535cb70680eb43c862f67a57a03a4104effe3b,24392086,1770312095,0xbfa7f9c1983ae40738ea0f128e58aa704461aa3a,0xeb6afacfed3462bb75b425ca5ec6e1b85b6448f5,0xa1b08911b1a6f624cd65a87cb529525c78211330,1.043841,1.04384133611691,1.04384133611691,,0.8326036949784997
0x44c07b8e847fea57f0ca3478e7379b9a941d2c2763f3bd1eb5101671f532bbc2,24392086,1770312095,0xa28ee7ec4756b4c3340c30a8c8cb8bd708e1dcdc,0x00000f91109c4d0007e90000d9facad5298a0cac,0xfce88de8b752b27936c82b9bda6705fea0a1fa5c,1.04384,1.04384133611691,1.04384133611691,,0.8326036949784997
0x204875c964d0b6a61fc0dbe4561547505a06ae6323cc1e54964e856eba827ec3,24392086,1770312095,0xbfa7f9c1983ae40738ea0f128e58aa704461aa3a,0x00000f91109c4d0007e90000d9facad5298a0cac,0xaec4ee9a108304fcc5cdc323d8a2a1d331c342b7,1.043839,1.04384133611691,1.04384133611691,,0.8326036949784997
0xb1a75e7e4756c18381137fd2c49581830741e21d30c02f021bff88d16e3fbea7,24392086,1770312095,0xbfa7f9c1983ae40738ea0f128e58aa704461aa3a,0x00000f91109c4d0007e90000d9facad5298a0cac,0xd0cae02373c612e7fa2643f6742d5264685d2c75,1.043841,1.04384133611691,1.04384133611691,,0.8326036949784997
0x424504b3b56ae42e084ef4c64e5d1be4f928a88c90a1d863b9a2055342cb0be5,24392086,1770312095,0xa28ee7ec4756b4c3340c30a8c8cb8bd708e1dcdc,0x00000f91109c4d0007e90000d9facad5298a0cac,0x163d2d8fb1ca05bfddbacd065b0172dc0255a37b,1.043841,1.04384133611691,1.04384133611691,,0.8326036949784997
0x8c582ad7c32fac5fcb65a67d106858262536171a402738bf30d76e0811d2a10d,24392086,1770312095,0x0e09ce5c48b48bf72bb667715cbe6977489042cb,0xaf682de1f2e6f710731121a05a44cb3c1b511f7d,0xd2515c793af89c55169191b5c43a99989cf63c54,1.04384,1.04384133611691,1.04384133611691,,0.8326036949784997
0x52b1c5b0fa7041bdb3905fc4b9cc2b488917337b1b1bbc1254aaa1d9426ae9d9,24392088,1770312119,0x0e09ce5c48b48bf72bb667715cbe6977489042cb,0xf00001968c1d6196d3d0553030c7af8d1905dcbb,0xccb38eba7e1043b86db6ff1fdb7882cc6cd6c232,1.043841,1.04384133611691,1.04384133611691,,0.8326036949784997
0xee27fc74d5b5773943d26874c3a823913824275ef85854eb39cdce30c203cea8,24392089,1770312131,0x0e09ce5c48b48bf72bb667715cbe6977489042cb,0xf00001968c1d6196d3d0553030c7af8d1905dcbb,0x124c956fb6ea9ab47b5f6e1b2050333bb4df0474,1.043841,1.04384133611691,1.04384133611691,,0.8326036949784997
0xe0f7177c1f8b24f61c290f19ea4c48d190773ae8243d967704a240da3c3fc192,24392090,1770312143,0xa28ee7ec4756b4c3340c30a8c8cb8bd708e1dcdc,0xf00001968c1d6196d3d0553030c7af8d1905dcbb,0xba10248ac4dcc76ef27b58aad637f02a27fbc4f6,1.043841,1.04384133611691,1.04384133611691,,0.8326036949784997
0xe1c54764fa5738f3d6dc9a233bd5b2749dc440664ef42a445942244641c152e2,24392090,1770312143,0xa28ee7ec4756b4c3340c30a8c8cb8bd708e1dcdc,0xa000016d11e045500240e2dfb9938c226e8a873c,0x9398563acd4539df8f2c613f964c2ecbe6020d6b,1.043841,1.04384133611691,1.04384133611691,,0.8326036949784997
0xadce7526dd9ef0d4e3678b0c6c605f8bb470a90e3769359810bc502794a4da2b,24392091,1770312155,0xbfa7f9c1983ae40738ea0f128e58aa704461aa3a,0xf00001968c1d6196d3d0553030c7af8d1905dcbb,0x8f714eeaaeb838c9c7e295b5f105abfab311b286,1.043841,1.04384133611691,1.04384133611691,,0.8326036949784997
0x6cf402c4dedc9b977d19791da11a2e26c3e0ae9869b1933af252a40733bf46b3,24392091,1770312155,0xbfa7f9c1983ae40738ea0f128e58aa704461aa3a,0xa000016d11e045500240e2dfb9938c226e8a873c,0x10a132b6feed4998f9011ffd6dbe3e2413614245,1.043841,1.04384133611691,1.04384133611691,,0.8326036949784997
0x69fb31121d627999d1f177b579ad21b6a611b3de8efcde1f49c9d7c1ddabe156,24392092,1770312167,0xbfa7f9c1983ae40738ea0f128e58aa704461aa3a,0xf00001968c1d6196d3d0553030c7af8d1905dcbb,0xa96c774dbcdad89ee7872078e58d5168170d684e,1.043841,1.04384133611691,1.04384133611691,,0.8326036949784997
0x6ad4acfaf1e350d938486ee88c196486cc79bd2f89ea5b3277bebed4c46643e8,24392092,1770312167,0xd1a6a3b4f22bbe611be31a0e7ec359c4de1d6902,0xf00001968c1d6196d3d0553030c7af8d1905dcbb,0x1f9c50b4d59cd2d16bdbdcbca6f17f39237415b3,1.043841,1.04384133611691,1.04384133611691,,0.8326036949784997
0xb88eb09e8364e09d70744b6622a0cb20b7ddaf13c1162ee0365ae5d399c0407c,24392265,1770314255,0xa28ee7ec4756b4c3340c30a8c8cb8bd708e1dcdc,0x00000f91109c4d0007e90000d9facad5298a0cac,0x721e3b6e8c3f8ef3d1a7605700cb3ba027ef8eba,1.043841,1.04384133611691,1.04384133611691,,0.8326036949784997
0x42118bad50e8022aebb2a020401e5cab587bb81103b5deb31f72ba9a1b6d080e,24392265,1770314255,0xa28ee7ec4756b4c3340c30a8c8cb8bd708e1dcdc,0x00000f91109c4d0007e90000d9facad5298a0cac,0x721e3b6e8c3f8ef3d1a7605700cb3ba027ef8eba,1.043841,1.04384133611691,1.04384133611691,,0.8326036949784997
0x73712e9af914d77edd8b9c3682ca338a6b60139d0e17f51e17913085b8acb210,24392265,1770314255,0xa28ee7ec4756b4c3340c30a8c8cb8bd708e1dcdc,0x00000f91109c4d0007e90000d9facad5298a0cac,0xad95973c72045cd05b9ddaa2b27cf65f578e339e,1.043841,1.04384133611691,1.04384133611691,,0.8326036949784997
0x005ca412b9e8b10499542d6af7a8660ab0a9c3e037096c4e1ac9f6f1f7c56a51,24392265,1770314255,0xa28ee7ec4756b4c3340c30a8c8cb8bd708e1dcdc,0x00000f91109c4d0007e90000d9facad5298a0cac,0xad95973c72045cd05b9ddaa2b27cf65f578e339e,1.043841,1.04384133611691,1.04384133611691,,0.8326036949784997
0xaac0f9fbd3c1b3d156da8c2d003594d321ed9771585e1f3e7e82de117884eded,24392265,1770314255,0xa28ee7ec4756b4c3340c30a8c8cb8bd708e1dcdc,0x00000f91109c4d0007e90000d9facad5298a0cac,0x163d2d8fb1ca05bfddbacd065b0172dc0255a37b,1.043841,1.04384133611691,1.04384133611691,,0.8326036949784997
0xa30025e1a7247e1e3b2727f78a10c937ee03c062954be2548398c80341cfdcb5,24392265,1770314255,0xa28ee7ec4756b4c3340c30a8c8cb8bd708e1dcdc,0x682ea8aa9b23250e0e240580e8ae55205f612979,0x4e31820791ff065f69ef0054711ea8a073e5eba9,1.043841,1.04384133611691,1.04384133611691,,0.8326036949784997
0xa4d0aff25e178e172b08d8d71216deae62b348c4b70a695575afefd1ae1e4654,24392266,1770314267,0xa28ee7ec4756b4c3340c30a8c8cb8bd708e1dcdc,0x912565c7be78c222e8904530ab6e28589f2c3e63,0x4e31820791ff065f69ef0054711ea8a073e5eba9,1.043841,1.04384133611691,1.04384133611691,,0.8326036949784997
0x86276f26c0dc79312df59a39a87bab93a2f670e04facc80e8a3a197ac82f5ec2,24392266,1770314267,0xa28ee7ec4756b4c3340c30a8c8cb8bd708e1dcdc,0xe08d97e151473a848c3d9ca3f323cb720472d015,0xba10248ac4dcc76ef27b58aad637f02a27fbc4f6,1.043841,1.04384133611691,1.04384133611691,,0.8326036949784997
0x33105691c6b098f93c95e44477bf4ffce2c45775804ade2055f2fa60ea2d2570,24392266,1770314267,0xbfa7f9c1983ae40738ea0f128e58aa704461aa3a,0xe08d97e151473a848c3d9ca3f323cb720472d015,0xa1b08911b1a6f624cd65a87cb529525c78211330,1.043841,1.04384133611691,1.04384133611691,,0.8326036949784997
0x93f5d0d46db66a78f8e5d4d0368f853f873f0fcc6726d2424befecd65308f580,24392266,1770314267,0x0e09ce5c48b48bf72bb667715cbe6977489042cb,0xe08d97e151473a848c3d9ca3f323cb720472d015,0x124c956fb6ea9ab47b5f6e1b2050333bb4df0474,1.043841,1.04384133611691,1.04384133611691,,0.8326036949784997
0x0723db7c5d9e84dbdbe49252f5b03bc0fd0f4cc2588ca6a8a31be4271ea28a66,24392266,1770314267,0xbfa7f9c1983ae40738ea0f128e58aa704461aa3a,0xe08d97e151473a848c3d9ca3f323cb720472d015,0x8f714eeaaeb838c9c7e295b5f105abfab311b286,1.043841,1.04384133611691,1.04384133611691,,0.8326036949784997
0x9321b3d1ee4e7f4914257870fbc23ae7617bea62f5d06420b6bdf53b50beff63,24392266,1770314267,0xbfa7f9c1983ae40738ea0f128e58aa704461aa3a,0xe08d97e151473a848c3d9ca3f323cb720472d015,0xaec4ee9a108304fcc5cdc323d8a2a1d331c342b7,1.043841,1.04384133611691,1.04384133611691,,0.8326036949784997
0xb1371e3d419b005c5076b5c47df411792f21625c3fbeb1adb82a7a08c598c546,24392266,1770314267,0xbfa7f9c1983ae40738ea0f128e58aa704461aa3a,0xe08d97e151473a848c3d9ca3f323cb720472d015,0x721e3b6e8c3f8ef3d1a7605700cb3ba027ef8eba,1.043841,1.04384133611691,1.04384133611691,,0.8326036949784997
0x86f1bcdb4f482dc1c9eee406718442460ea4fc048545ab6b9423c6f21ec68ead,24392266,1770314267,0xbfa7f9c1983ae40738ea0f128e58aa704461aa3a,0xe08d97e151473a848c3d9ca3f323cb720472d015,0x10a132b6feed4998f9011ffd6dbe3e2413614245,1.043841,1.04384133611691,1.04384133611691,,0.8326036949784997
0x06ecb4ce652fff9af8ec9ea177bb632fd5218e5d14a9394408442d2f277353e7,24392266,1770314267,0xa28ee7ec4756b4c3340c30a8c8cb8bd708e1dcdc,0xe08d97e151473a848c3d9ca3f323cb720472d015,0xd0cae02373c612e7fa2643f6742d5264685d2c75,1.043841,1.04384133611691,1.04384133611691,,0.8326036949784997
0xc4dde1cdbb2274265ad4af12915372bb4630b1e2f67491f96b3b11bc17b7b3f5,24392266,1770314267,0xa28ee7ec4756b4c3340c30a8c8cb8bd708e1dcdc,0xe08d97e151473a848c3d9ca3f323cb720472d015,0xd0cae02373c612e7fa2643f6742d5264685d2c75,1.043841,1.04384133611691,1.04384133611691,,0.8326036949784997
0x477317031dcd5918d8c46ee02c217f3900d9a05988b70703f7107e178302be1b,24392266,1770314267,0xbfa7f9c1983ae40738ea0f128e58aa704461aa3a,0x00000f91109c4d0007e90000d9facad5298a0cac,0xaec4ee9a108304fcc5cdc323d8a2a1d331c342b7,1.043839,1.04384133611691,1.04384133611691,,0.8326036949784997
0x03555ceb04698c2867cc14c14a67dfcc7779a94c8525a336be164d2471694e8d,24392266,1770314267,0xbfa7f9c1983ae40738ea0f128e58aa704461aa3a,0x00000f91109c4d0007e90000d9facad5298a0cac,0xd0cae02373c612e7fa2643f6742d5264685d2c75,1.04384,1.04384133611691,1.04384133611691,,0.8326036949784997
0x681b59e75568be302298d2a6e6d6c438da2b5109d61d4e257a40ee9dff0339b8,24392266,1770314267,0xbfa7f9c1983ae40738ea0f128e58aa704461aa3a,0x00000f91109c4d0007e90000d9facad5298a0cac,0xaec4ee9a108304fcc5cdc323d8a2a1d331c342b7,1.04384,1.04384133611691,1.04384133611691,,0.8326036949784997
0xaabf30041a5c76b33acebf0034618c952dc47edf7ec06486a0eaa486a1c9be83,24392267,1770314279,0xa28ee7ec4756b4c3340c30a8c8cb8bd708e1dcdc,0xf903b63ab5837b26c17f2e1d6544ac66724cab58,0xc99882e7efb11e4258dfee59954226e53fef4e68,1.043841,1.04384133611691,1.04384133611691,,0.8326036949784997
0x668dd4c0b33afe613833a36bc6e835493a6d911e184cd6163e733c157c435e7a,24392267,1770314279,0xa28ee7ec4756b4c3340c30a8c8cb8bd708e1dcdc,0xe08d97e151473a848c3d9ca3f323cb720472d015,0xba10248ac4dcc76ef27b58aad637f02a27fbc4f6,1.043841,1.04384133611691,1.04384133611691,,0.8326036949784997
0x9de6dc76e07ecb50ab10d0adc18fba0d273bf2f557a062c1e68151b81a004b35,24392267,1770314279,0xa28ee7ec4756b4c3340c30a8c8cb8bd708e1dcdc,0xe08d97e151473a848c3d9ca3f323cb720472d015,0xba10248ac4dcc76ef27b58aad637f02a27fbc4f6,1.043841,1.04384133611691,1.04384133611691,,0.8326036949784997
0x9c7a98f29b1a4e28d8fb0d5eee12aee60c4b3fa51b501050a0e8ea54dd2b755e,24392267,1770314279,0xa28ee7ec4756b4c3340c30a8c8cb8bd708e1dcdc,0xe08d97e151473a848c3d9ca3f323cb720472d015,0xba10248ac4dcc76ef27b58aad637f02a27fbc4f6,1.043841,1.04384133611691,1.04384133611691,,0.8326036949784997
0xc14e4cd95e62bd7aa4103b6fc29ad6403ea202005ec619dcb87ae67e90c049e0,24392267,1770314279,0xa28ee7ec4756b4c3340c30a8c8cb8bd708e1dcdc,0xe08d97e151473a848c3d9ca3f323cb720472d015,0xba10248ac4dcc76ef27b58aad637f02a27fbc4f6,1.043841,1.04384133611691,1.04384133611691,,0.8326036949784997
0x3ffba2b8ecd77ec1ad7922e5206a10a861e9b86479882f7eb75c0714a901e197,24392267,1770314279,0xa28ee7ec4756b4c3340c30a8c8cb8bd708e1dcdc,0xe08d97e151473a848c3d9ca3f323cb720472d015,0xba10248ac4dcc76ef27b58aad637f02a27fbc4f6,1.043841,1.04384133611691,1.04384133611691,,0.8326036949784997
0x8f505ccabdaee5bacc05984dde55aa24ab39793866b4586b0b63f0545c0d4d93,24392267,1770314279,0xa28ee7ec4756b4c3340c30a8c8cb8bd708e1dcdc,0xe08d97e151473a848c3d9ca3f323cb720472d015,0xba10248ac4dcc76ef27b58aad637f02a27fbc4f6,1.043841,1.04384133611691,1.04384133611691,,0.8326036949784997
0x164d5bc5c1428e9627175f6a023b6cdf3ecde68d9bf2767c4cce556667e2f4f0,24392267,1770314279,0xa28ee7ec4756b4c3340c30a8c8cb8bd708e1dcdc,0xe08d97e151473a848c3d9ca3f323cb720472d015,0xba10248ac4dcc76ef27b58aad637f02a27fbc4f6,1.043841,1.04384133611691,1.04384133611691,,0.8326036949784997
0x838ea59826c1f5da03b0b2cc1e745542437e192c410cf136ca07079d20c42f96,24392267,1770314279,0xa28ee7ec4756b4c3340c30a8c8cb8bd708e1dcdc,0xe08d97e151473a848c3d9ca3f323cb720472d015,0xba10248ac4dcc76ef27b58aad637f02a27fbc4f6,1.043841,1.04384133611691,1.04384133611691,,0.8326036949784997
0x6c6d165ae8c66e45d6979a16c67632f999b676d8a48159ed94df4c3762619a0f,24392267,1770314279,0xa28ee7ec4756b4c3340c30a8c8cb8bd708e1dcdc,0xe08d97e151473a848c3d9ca3f323cb720472d015,0xba10248ac4dcc76ef27b58aad637f02a27fbc4f6,1.043841,1.04384133611691,1.04384133611691,,0.8326036949784997
0x43b43bd2c5b24db73a78a57e8fbc78261807c5910a83f43ddb7ec0b95edd199e,24392267,1770314279,0xa28ee7ec4756b4c3340c30a8c8cb8bd708e1dcdc,0xe08d97e151473a848c3d9ca3f323cb720472d015,0xba10248ac4dcc76ef27b58aad637f02a27fbc4f6,1.043841,1.04384133611691,1.04384133611691,,0.8326036949784997
0x4342a83ab62e6715793145bc9e5b4435feb375286d0118b9e5d7fae3ff0da966,24392267,1770314279,0xa28ee7ec4756b4c3340c30a8c8cb8bd708e1dcdc,0xe08d97e151473a848c3d9ca3f323cb720472d015,0xba10248ac4dcc76ef27b58aad637f02a27fbc4f6,1.043841,1.04384133611691,1.04384133611691,,0.8326036949784997
0x83b94734577dee5eced9f51f84f242d4c113f7e9b0fe2ae0089874336ae81879,24392267,1770314279,0xa28ee7ec4756b4c3340c30a8c8cb8bd708e1dcdc,0xe08d97e151473a848c3d9ca3f323cb720472d015,0xba10248ac4dcc76ef27b58aad637f02a27fbc4f6,1.043841,1.04384133611691,1.04384133611691,,0.8326036949784997
0x5270bf895a4f08117154410b4f6ee7b00d6ae2967dadc01a68dfd1c54aa5375a,24392267,1770314279,0xa28ee7ec4756b4c3340c30a8c8cb8bd708e1dcdc,0xe08d97e151473a848c3d9ca3f323cb720472d015,0xba10248ac4dcc76ef27b58aad637f02a27fbc4f6,1.043841,1.04384133611691,1.04384133611691,,0.8326036949784997
0x0ccfea8e91eaba4af3a4012b413bbe3b28936b5112dbd74f828b152e47e3eeee,24392267,1770314279,0xa28ee7ec4756b4c3340c30a8c8cb8bd708e1dcdc,0xe08d97e151473a848c3d9ca3f323cb720472d015,0xba10248ac4dcc76ef27b58aad637f02a27fbc4f6,1.043841,1.04384133611691,1.04384133611691,,0.8326036949784997
0xa1bd222bb678ba0a2023a516ef92c1116792f39496fec7ad5fccef6d5f55d912,24392267,1770314279,0xa28ee7ec4756b4c3340c30a8c8cb8bd708e1dcdc,0xe08d97e151473a848c3d9ca3f323cb720472d015,0xba10248ac4dcc76ef27b58aad637f02a27fbc4f6,1.043841,1.04384133611691,1.04384133611691,,0.8326036949784997
0x8dae9a58bf8f81dd89aadaad74b4976ba4a0e4b416976f5e7ca066dfa782ee70,24392267,1770314279,0xa28ee7ec4756b4c3340c30a8c8cb8bd708e1dcdc,0xe08d97e151473a848c3d9ca3f323cb720472d015,0xba10248ac4dcc76ef27b58aad637f02a27fbc4f6,1.043841,1.04384133611691,1.04384133611691,,0.8326036949784997
0x34aa2de24eed172cc3e1513843cbafe7b0f5b2075eca516eecfbc67716c777d1,24392267,1770314279,0xa28ee7ec4756b4c3340c30a8c8cb8bd708e1dcdc,0xe08d97e151473a848c3d9ca3f323cb720472d015,0xba10248ac4dcc76ef27b58aad637f02a27fbc4f6,1.043841,1.04384133611691,1.04384133611691,,0.8326036949784997
0xb805ecfb85e2d38e9f6c52131b3165dc3571406d2124303ec395f575a5ecb759,24392267,1770314279,0xa28ee7ec4756b4c3340c30a8c8cb8bd708e1dcdc,0xe08d97e151473a848c3d9ca3f323cb720472d015,0xba10248ac4dcc76ef27b58aad637f02a27fbc4f6,1.043841,1.04384133611691,1.04384133611691,,0.8326036949784997
0xd843297499453444905d1c28a8c1038ce7a78c065505db590db8cbf0e0a08281,24392267,1770314279,0xa28ee7ec4756b4c3340c30a8c8cb8bd708e1dcdc,0xe08d97e151473a848c3d9ca3f323cb720472d015,0xba10248ac4dcc76ef27b58aad637f02a27fbc4f6,1.043841,1.04384133611691,1.04384133611691,,0.8326036949784997
0x39caca07258278ac32378f29a3d2067a228ffea1e3622dc88b65f2208079be75,24392267,1770314279,0xa28ee7ec4756b4c3340c30a8c8cb8bd708e1dcdc,0xe08d97e151473a848c3d9ca3f323cb720472d015,0xba10248ac4dcc76ef27b58aad637f02a27fbc4f6,1.043841,1.04384133611691,1.04384133611691,,0.8326036949784997
0xac4fdbd0226833fa362945874edfe37619078527e2edf30ac0d77fcf241e74db,24392267,1770314279,0xa28ee7ec4756b4c3340c30a8c8cb8bd708e1dcdc,0xe08d97e151473a848c3d9ca3f323cb720472d015,0xba10248ac4dcc76ef27b58aad637f02a27fbc4f6,1.043841,1.04384133611691,1.04384133611691,,0.8326036949784997
0x30e4453568d75d8b610927a9da16391bffb3b879f0922040b4231bf6126b62a8,24392267,1770314279,0xa28ee7ec4756b4c3340c30a8c8cb8bd708e1dcdc,0xe08d97e151473a848c3d9ca3f323cb720472d015,0xba10248ac4dcc76ef27b58aad637f02a27fbc4f6,1.043841,1.04384133611691,1.04384133611691,,0.8326036949784997
0x63efb36e9a88a36f1e251c93468a53cc5d9d3ba50d87e81fa1dc3bfd05cbdee2,24392267,1770314279,0xbfa7f9c1983ae40738ea0f128e58aa704461aa3a,0xaf682de1f2e6f710731121a05a44cb3c1b511f7d,0xa1b08911b1a6f624cd65a87cb529525c78211330,1.04384,1.04384133611691,1.04384133611691,,0.8326036949784997
0x8dc1b1c389efa34888a9cb3986138fcf085839a95a250b83e2c16f4ad35169aa,24392268,1770314291,0xa28ee7ec4756b4c3340c30a8c8cb8bd708e1dcdc,0x80bf7db69556d9521c03461978b8fc731dbbd4e4,0xba10248ac4dcc76ef27b58aad637f02a27fbc4f6,1.043841,1.04384133611691,1.04384133611691,,0.8326036949784997
0xa9bee0f95f5f464393a3ccc7dc59ad35b81f273185ea0bace109fa3bca85b792,24392268,1770314291,0xa28ee7ec4756b4c3340c30a8c8cb8bd708e1dcdc,0x80bf7db69556d9521c03461978b8fc731dbbd4e4,0xba10248ac4dcc76ef27b58aad637f02a27fbc4f6,1.043841,1.04384133611691,1.04384133611691,,0.8326036949784997
0xbc905e04dfd50147bcf2cd52aac9dbf1499a3de8c0b145b21069f470896dca07,24392268,1770314291,0xa28ee7ec4756b4c3340c30a8c8cb8bd708e1dcdc,0x80bf7db69556d9521c03461978b8fc731dbbd4e4,0xba10248ac4dcc76ef27b58aad637f02a27fbc4f6,1.043841,1.04384133611691,1.04384133611691,,0.8326036949784997
0x3371bf8ff84d109d1197ebaad7ef6de276447135b931609a024da87b70092098,24392268,1770314291,0xa28ee7ec4756b4c3340c30a8c8cb8bd708e1dcdc,0x80bf7db69556d9521c03461978b8fc731dbbd4e4,0xba10248ac4dcc76ef27b58aad637f02a27fbc4f6,1.043841,1.04384133611691,1.04384133611691,,0.8326036949784997
0xde7ff623c0c03ffa4cc76574cfe6c2fc269f1600b4c16a0ef664e7b9e9b31356,24392268,1770314291,0xa28ee7ec4756b4c3340c30a8c8cb8bd708e1dcdc,0x80bf7db69556d9521c03461978b8fc731dbbd4e4,0xba10248ac4dcc76ef27b58aad637f02a27fbc4f6,1.043841,1.04384133611691,1.04384133611691,,0.8326036949784997
0x08029d2e7f22018c778f037622ae1c969779a4d681b77a30df8bb3429472d55b,24392268,1770314291,0xa28ee7ec4756b4c3340c30a8c8cb8bd708e1dcdc,0x80bf7db69556d9521c03461978b8fc731dbbd4e4,0xba10248ac4dcc76ef27b58aad637f02a27fbc4f6,1.043841,1.04384133611691,1.04384133611691,,0.8326036949784997
0x2773b8672fff4b15f5dbe73431c2bcf57e10d1c70b20c9347317c92171a38cbc,24392268,1770314291,0xa28ee7ec4756b4c3340c30a8c8cb8bd708e1dcdc,0x80bf7db69556d9521c03461978b8fc731dbbd4e4,0xba10248ac4dcc76ef27b58aad637f02a27fbc4f6,1.043841,1.04384133611691,1.04384133611691,,0.8326036949784997
0xf763b423fa3dc7c9e9c91c540d3f5a38a55662266a90e53279902537eae91d35,24392268,1770314291,0xa28ee7ec4756b4c3340c30a8c8cb8bd708e1dcdc,0x80bf7db69556d9521c03461978b8fc731dbbd4e4,0xba10248ac4dcc76ef27b58aad637f02a27fbc4f6,1.043841,1.04384133611691,1.04384133611691,,0.8326036949784997
0x2e8ff84e79288742ba732f17d3477dfbafb9a5d261dbe4e04bef5816c9a57eb5,24392268,1770314291,0xa28ee7ec4756b4c3340c30a8c8cb8bd708e1dcdc,0x80bf7db69556d9521c03461978b8fc731dbbd4e4,0xba10248ac4dcc76ef27b58aad637f02a27fbc4f6,1.043841,1.04384133611691,1.04384133611691,,0.8326036949784997
0x226d2623950627ded5ab030299676f853bb023fcc884a2a20694088bd6452499,24392268,1770314291,0xa28ee7ec4756b4c3340c30a8c8cb8bd708e1dcdc,0x80bf7db69556d9521c03461978b8fc731dbbd4e4,0xba10248ac4dcc76ef27b58aad637f02a27fbc4f6,1.043841,1.04384133611691,1.04384133611691,,0.8326036949784997
0x21328a201a6326f3495ee0ee039437a6b38f3c6f13dde3aa98d6437938fa1cd7,24392268,1770314291,0xa28ee7ec4756b4c3340c30a8c8cb8bd708e1dcdc,0x80bf7db69556d9521c03461978b8fc731dbbd4e4,0xba10248ac4dcc76ef27b58aad637f02a27fbc4f6,1.043841,1.04384133611691,1.04384133611691,,0.8326036949784997
0xa8262adc3b5d22786eee151b6ce88dbe02c8ad9a20919ab6f41269b0600e09a0,24392268,1770314291,0xa28ee7ec4756b4c3340c30a8c8cb8bd708e1dcdc,0x80bf7db69556d9521c03461978b8fc731dbbd4e4,0xba10248ac4dcc76ef27b58aad637f02a27fbc4f6,1.043841,1.04384133611691,1.04384133611691,,0.8326036949784997
0xe870068456fbac7a6d047744b6c114354444af4e20eaaf7b693f5d0db49b3a2c,24392268,1770314291,0xa28ee7ec4756b4c3340c30a8c8cb8bd708e1dcdc,0x80bf7db69556d9521c03461978b8fc731dbbd4e4,0xba10248ac4dcc76ef27b58aad637f02a27fbc4f6,1.043841,1.04384133611691,1.04384133611691,,0.8326036949784997
0xcc1feb608cffd5192b77f89bdd19b22d2f32839a8a0519f04646d982e72ac7b2,24392268,1770314291,0xa28ee7ec4756b4c3340c30a8c8cb8bd708e1dcdc,0x80bf7db69556d9521c03461978b8fc731dbbd4e4,0xba10248ac4dcc76ef27b58aad637f02a27fbc4f6,1.043841,1.04384133611691,1.04384133611691,,0.8326036949784997
0x307e10dc8fcddbf4b62a9456968b7c3e95432f66e88052a68ed5da1eb2bf3371,24392268,1770314291,0xa28ee7ec4756b4c3340c30a8c8cb8bd708e1dcdc,0x80bf7db69556d9521c03461978b8fc731dbbd4e4,0xba10248ac4dcc76ef27b58aad637f02a27fbc4f6,1.043841,1.04384133611691,1.04384133611691,,0.8326036949784997
0x3b1dacff4022d26ff84ecd29ae7403dc13e3b38b80477222f3898a789737e3af,24392268,1770314291,0xa28ee7ec4756b4c3340c30a8c8cb8bd708e1dcdc,0x80bf7db69556d9521c03461978b8fc731dbbd4e4,0xba10248ac4dcc76ef27b58aad637f02a27fbc4f6,1.043841,1.04384133611691,1.04384133611691,,0.8326036949784997
0x03e485006cf15aea16e14faf21a26ae4b9108e5bcb8c2f74cc9e8bf931d9ffc7,24392268,1770314291,0xa28ee7ec4756b4c3340c30a8c8cb8bd708e1dcdc,0x80bf7db69556d9521c03461978b8fc731dbbd4e4,0xba10248ac4dcc76ef27b58aad637f02a27fbc4f6,1.043841,1.04384133611691,1.04384133611691,,0.8326036949784997
0x7fb9cdd1adb60be9f7d62b4f772fd26275d8fa5917824977acfc3db3931ae8a2,24392268,1770314291,0xa28ee7ec4756b4c3340c30a8c8cb8bd708e1dcdc,0x80bf7db69556d9521c03461978b8fc731dbbd4e4,0xba10248ac4dcc76ef27b58aad637f02a27fbc4f6,1.043841,1.04384133611691,1.04384133611691,,0.8326036949784997
0xd1a55ce66caeff803d6ae85ace2ca2b9f4c01402dd48836223b8814e491e7ce3,24392268,1770314291,0xa28ee7ec4756b4c3340c30a8c8cb8bd708e1dcdc,0x80bf7db69556d9521c03461978b8fc731dbbd4e4,0xba10248ac4dcc76ef27b58aad637f02a27fbc4f6,1.043841,1.04384133611691,1.04384133611691,,0.8326036949784997
0xe260794cb1885a87009ff9a2ef4e2e1bf3c0270620c8e2300cad4d9a700852fc,24392268,1770314291,0xa28ee7ec4756b4c3340c30a8c8cb8bd708e1dcdc,0x80bf7db69556d9521c03461978b8fc731dbbd4e4,0xba10248ac4dcc76ef27b58aad637f02a27fbc4f6,1.043841,1.04384133611691,1.04384133611691,,0.8326036949784997
0x16e45c5e23b76db513b30bc0fc77a7ac66e289818c17228312026ed85884d846,24392268,1770314291,0xa28ee7ec4756b4c3340c30a8c8cb8bd708e1dcdc,0x80bf7db69556d9521c03461978b8fc731dbbd4e4,0xba10248ac4dcc76ef27b58aad637f02a27fbc4f6,1.043841,1.04384133611691,1.04384133611691,,0.8326036949784997
0xf7fa98167d3ba68bd905736b8ea79d193763a7e5699d0371850fa03a9d88b3ec,24392268,1770314291,0xa28ee7ec4756b4c3340c30a8c8cb8bd708e1dcdc,0x80bf7db69556d9521c03461978b8fc731dbbd4e4,0xba10248ac4dcc76ef27b58aad637f02a27fbc4f6,1.043841,1.04384133611691,1.04384133611691,,0.8326036949784997
0x5c2dbc75b6658d0f619f8dcb38d8e08cddb11cc54f939fd1abd05f70282e7aa4,24392268,1770314291,0xa28ee7ec4756b4c3340c30a8c8cb8bd708e1dcdc,0x80bf7db69556d9521c03461978b8fc731dbbd4e4,0xba10248ac4dcc76ef27b58aad637f02a27fbc4f6,1.043841,1.04384133611691,1.04384133611691,,0.8326036949784997
0x31720d9203e0e90163c2d2457623b3f8445d6a4486d91837d83203436e5b66ad,24392268,1770314291,0xa28ee7ec4756b4c3340c30a8c8cb8bd708e1dcdc,0x80bf7db69556d9521c03461978b8fc731dbbd4e4,0xba10248ac4dcc76ef27b58aad637f02a27fbc4f6,1.043841,1.04384133611691,1.04384133611691,,0.8326036949784997
0x3490b0c83cd175117507304750c37dca1497a13a8508d09e3eac4639876b0dfe,24392268,1770314291,0xa28ee7ec4756b4c3340c30a8c8cb8bd708e1dcdc,0x80bf7db69556d9521c03461978b8fc731dbbd4e4,0xba10248ac4dcc76ef27b58aad637f02a27fbc4f6,1.043841,1.04384133611691,1.04384133611691,,0.8326036949784997
0x53f20209f165ba28698726c8d0d997e73727d600d9ec08b3f82a96a71079737d,24392268,1770314291,0xa28ee7ec4756b4c3340c30a8c8cb8bd708e1dcdc,0x80bf7db69556d9521c03461978b8fc731dbbd4e4,0xba10248ac4dcc76ef27b58aad637f02a27fbc4f6,1.043841,1.04384133611691,1.04384133611691,,0.8326036949784997
0x42624bc917ae3cc1a86e5bc1202f8f4520a08e83d74c9f9a512234536e06a3aa,24392268,1770314291,0xa28ee7ec4756b4c3340c30a8c8cb8bd708e1dcdc,0x80bf7db69556d9521c03461978b8fc731dbbd4e4,0xba10248ac4dcc76ef27b58aad637f02a27fbc4f6,1.043841,1.04384133611691,1.04384133611691,,0.8326036949784997
0x5fac714073ef5273b5ebfdfaa409924642f6986efa124b6ab2e277fa9f9115b3,24392268,1770314291,0xa28ee7ec4756b4c3340c30a8c8cb8bd708e1dcdc,0x80bf7db69556d9521c03461978b8fc731dbbd4e4,0xba10248ac4dcc76ef27b58aad637f02a27fbc4f6,1.043841,1.04384133611691,1.04384133611691,,0.8326036949784997
0xf2200798a0375b7cb7d533e7b6ccc8bdca1cc043d878a21333290eb7097f136d,24392268,1770314291,0xa28ee7ec4756b4c3340c30a8c8cb8bd708e1dcdc,0x80bf7db69556d9521c03461978b8fc731dbbd4e4,0xba10248ac4dcc76ef27b58aad637f02a27fbc4f6,1.043841,1.04384133611691,1.04384133611691,,0.8326036949784997
0xcc462cada2e2fde86971359d0b87423d0e6c6f0a782e9b32ff8739c0f464da1d,24392268,1770314291,0xa28ee7ec4756b4c3340c30a8c8cb8bd708e1dcdc,0x80bf7db69556d9521c03461978b8fc731dbbd4e4,0xba10248ac4dcc76ef27b58aad637f02a27fbc4f6,1.043841,1.04384133611691,1.04384133611691,,0.8326036949784997
0xef3c0e04914d7ab13786b3bbe715ee92d3a3e05738efab3dc9e82e62fa4f5cb5,24392268,1770314291,0xa28ee7ec4756b4c3340c30a8c8cb8bd708e1dcdc,0x80bf7db69556d9521c03461978b8fc731dbbd4e4,0xba10248ac4dcc76ef27b58aad637f02a27fbc4f6,1.043841,1.04384133611691,1.04384133611691,,0.8326036949784997
0x0e54172a718186491b661cd222ee8e8e7babd4444860aee0820599078c5311a0,24392269,1770314303,0x0e09ce5c48b48bf72bb667715cbe6977489042cb,0xf00001968c1d6196d3d0553030c7af8d1905dcbb,0xccb38eba7e1043b86db6ff1fdb7882cc6cd6c232,1.043841,1.04384133611691,1.04384133611691,,0.8326036949784997
0xb5dad6b3e56c0ce77f0bb4d922f0b821352f1d7fb0331b5ad036cce7115f03cd,24392269,1770314303,0x0e09ce5c48b48bf72bb667715cbe6977489042cb,0xf00001968c1d6196d3d0553030c7af8d1905dcbb,0x8067e992c67715851f592094686bc9d2f7d23889,1.043841,1.04384133611691,1.04384133611691,,0.8326036949784997
0x3ccddf722bc346ddebfaf545cc5677c9f8dcb67ac94a3a60dcc0bb75c60f3dcc,24392269,1770314303,0x0e09ce5c48b48bf72bb667715cbe6977489042cb,0xf9eff09b2e37fd30c3b8b81b98b5ff28acd8ca26,0x163d2d8fb1ca05bfddbacd065b0172dc0255a37b,1.043841,1.04384133611691,1.04384133611691,,0.8326036949784997
0x157bf16d83c899a67ca682c568a6c9081e65b796f3758add69268966ece27c92,24392269,1770314303,0x0e09ce5c48b48bf72bb667715cbe6977489042cb,0xf00001968c1d6196d3d0553030c7af8d1905dcbb,0x333e2fb07c2451e6e01fa40adde521b73413ef6a,1.043841,1.04384133611691,1.04384133611691,,0.8326036949784997
0xad231a35025e51b4ef29a666899c7ac0fc765eb4270f797c71bbe5f2a5937b9b,24392271,1770314327,0xa28ee7ec4756b4c3340c30a8c8cb8bd708e1dcdc,0xf00001968c1d6196d3d0553030c7af8d1905dcbb,0x5c6ce918cafa211e8e3e5cbcf6189dbaabc82af7,1.043841,1.04384133611691,1.04384133611691,,0.8326036949784997
0x15387a6969e54eca2e62a6a6fcba7c221175aea52f4a8dc944608e61ddf7d76d,24392272,1770314339,0xa28ee7ec4756b4c3340c30a8c8cb8bd708e1dcdc,0xd7d2807b0715aa1af8157574642f4f06c9badda2,0xad95973c72045cd05b9ddaa2b27cf65f578e339e,1.043841,1.04384133611691,1.04384133611691,,0.8326036949784997
0x674c1042bdf2be31ebbb39874bab0a5881be14cc974018e6fc8e211f3b1f8175,24392272,1770314339,0xa28ee7ec4756b4c3340c30a8c8cb8bd708e1dcdc,0xf00001968c1d6196d3d0553030c7af8d1905dcbb,0x9398563acd4539df8f2c613f964c2ecbe6020d6b,1.043841,1.04384133611691,1.04384133611691,,0.8326036949784997
0x47d72e7d497297ad71aba8fa8af4935b119d3b191a570e9e2fdc86249911667c,24392274,1770314363,0xbfa7f9c1983ae40738ea0f128e58aa704461aa3a,0xf00001968c1d6196d3d0553030c7af8d1905dcbb,0x8f714eeaaeb838c9c7e295b5f105abfab311b286,1.043841,1.04384133611691,1.04384133611691,,0.8326036949784997
0xe9776785d924f81e3cd54ad3d09fe722f5d1d49ac8727cd078934c41a2a7911a,24392274,1770314363,0xbfa7f9c1983ae40738ea0f128e58aa704461aa3a,0xf00001968c1d6196d3d0553030c7af8d1905dcbb,0xa96c774dbcdad89ee7872078e58d5168170d684e,1.043841,1.04384133611691,1.04384133611691,,0.8326036949784997
0x3ef3455e52c8fa4a74fad66246f06ae00ee757fd9d9f74470cccf161f7a40636,24392275,1770314375,0xbfa7f9c1983ae40738ea0f128e58aa704461aa3a,0xf00001968c1d6196d3d0553030c7af8d1905dcbb,0x10a132b6feed4998f9011ffd6dbe3e2413614245,1.043841,1.04384133611691,1.04384133611691,,0.8326036949784997
0x6281355da87cf3497cd6ec4ddbc7c5d3cd288a1f8f63edb2216f6d15637a6e0b,24392275,1770314375,0xbfa7f9c1983ae40738ea0f128e58aa704461aa3a,0xf00001968c1d6196d3d0553030c7af8d1905dcbb,0x721e3b6e8c3f8ef3d1a7605700cb3ba027ef8eba,1.043841,1.04384133611691,1.04384133611691,,0.8326036949784997
0x0187cb08931fe34fdeb3dcb3229fac05e624bbe05d67021db6ba964420d76a19,24392276,1770314387,0xa28ee7ec4756b4c3340c30a8c8cb8bd708e1dcdc,0xc31a49d1c4c652af57cefdef248f3c55b801c649,0xfce88de8b752b27936c82b9bda6705fea0a1fa5c,1.043838,1.04384133611691,1.04384133611691,,0.8326036949784997
0xbf9610ae78df6bd3280ccdbb5386c7761486bdd9901759a7ff15306fa8f4955d,24392370,1770315515,0xa28ee7ec4756b4c3340c30a8c8cb8bd708e1dcdc,0xf00001968c1d6196d3d0553030c7af8d1905dcbb,0xc99882e7efb11e4258dfee59954226e53fef4e68,1.043841,1.04384133611691,1.04384133611691,,0.8326036949784997
0xb99dc748dffac37c95957357790d37af9756b0df8410c9c84bd70ace1280892a,24392370,1770315515,0xa28ee7ec4756b4c3340c30a8c8cb8bd708e1dcdc,0xf00001968c1d6196d3d0553030c7af8d1905dcbb,0xba10248ac4dcc76ef27b58aad637f02a27fbc4f6,1.043841,1.04384133611691,1.04384133611691,,0.8326036949784997
0x608c7a36d6a679ae7675abeee78387647a13f399ee7cc122eb130cb51b17355c,24392370,1770315515,0xbfa7f9c1983ae40738ea0f128e58aa704461aa3a,0xe08d97e151473a848c3d9ca3f323cb720472d015,0xa1b08911b1a6f624cd65a87cb529525c78211330,1.043841,1.04384133611691,1.04384133611691,,0.8326036949784997
0x2eecb25adee6b23ade4031f628be76a4ddd7f46b7e128d9b6a533ab30d119cdf,24392370,1770315515,0xa28ee7ec4756b4c3340c30a8c8cb8bd708e1dcdc,0xaf682de1f2e6f710731121a05a44cb3c1b511f7d,0x721e3b6e8c3f8ef3d1a7605700cb3ba027ef8eba,1.043841,1.04384133611691,1.04384133611691,,0.8326036949784997
0x0b78912c1072ce1e60d7dde594ff9c5cbeb429cb2a8bd62c4139a93e2e476e6e,24392370,1770315515,0x0e09ce5c48b48bf72bb667715cbe6977489042cb,0xf00001968c1d6196d3d0553030c7af8d1905dcbb,0x124c956fb6ea9ab47b5f6e1b2050333bb4df0474,1.043841,1.04384133611691,1.04384133611691,,0.8326036949784997
0x715a6223b6bb6d037e8b93a2411a8326e146648d024e8ee986d980cb95fcda7a,24392371,1770315527,0x0e09ce5c48b48bf72bb667715cbe6977489042cb,0xe08d97e151473a848c3d9ca3f323cb720472d015,0xccb38eba7e1043b86db6ff1fdb7882cc6cd6c232,1.043841,1.04384133611691,1.04384133611691,,0.8326036949784997
0x256e926707e21d5125aacfcaf8351ea14aacc3a72b0f8bc940c5db5fd55e6d50,24392371,1770315527,0xbfa7f9c1983ae40738ea0f128e58aa704461aa3a,0xe08d97e151473a848c3d9ca3f323cb720472d015,0x8f714eeaaeb838c9c7e295b5f105abfab311b286,1.043841,1.04384133611691,1.04384133611691,,0.8326036949784997
0xf1fa8da6de7ff6777f2739cc5e6cb1d99f2b04fddc16a056255b4061b2aa7d95,24392371,1770315527,0xa28ee7ec4756b4c3340c30a8c8cb8bd708e1dcdc,0xe08d97e151473a848c3d9ca3f323cb720472d015,0x4e31820791ff065f69ef0054711ea8a073e5eba9,1.043841,1.04384133611691,1.04384133611691,,0.8326036949784997
0x0e8d8bb62dd2f4a8780a7d3c1fc001c7a133bfdbb858b708cb607fb976de057d,24392371,1770315527,0x0e09ce5c48b48bf72bb667715cbe6977489042cb,0xe08d97e151473a848c3d9ca3f323cb720472d015,0x8067e992c67715851f592094686bc9d2f7d23889,1.043841,1.04384133611691,1.04384133611691,,0.8326036949784997
0x5448190e16ce1d6bffc8fa624e925f369357383110468ae0004ce93af586a84e,24392371,1770315527,0x0e09ce5c48b48bf72bb667715cbe6977489042cb,0xe08d97e151473a848c3d9ca3f323cb720472d015,0x8067e992c67715851f592094686bc9d2f7d23889,1.043841,1.04384133611691,1.04384133611691,,0.8326036949784997
0xa429dbf2db73941875f7a12006ee2aa72f7400497bca9d0b58ed2d14aa0028e2,24392371,1770315527,0x0e09ce5c48b48bf72bb667715cbe6977489042cb,0xe08d97e151473a848c3d9ca3f323cb720472d015,0x8067e992c67715851f592094686bc9d2f7d23889,1.043841,1.04384133611691,1.04384133611691,,0.8326036949784997
0xcc57b1ecc5d50c86a4604b4ce67fcb0d1cd7ada3ea91bd862726f19f7f38bff9,24392371,1770315527,0x0e09ce5c48b48bf72bb667715cbe6977489042cb,0xe08d97e151473a848c3d9ca3f323cb720472d015,0x8067e992c67715851f592094686bc9d2f7d23889,1.043841,1.04384133611691,1.04384133611691,,0.8326036949784997
0x94b7643caa02aa9b19a51eb78372d28f0f87bb2ee9926d6af32de0e02415a9ba,24392371,1770315527,0xbfa7f9c1983ae40738ea0f128e58aa704461aa3a,0xe08d97e151473a848c3d9ca3f323cb720472d015,0x721e3b6e8c3f8ef3d1a7605700cb3ba027ef8eba,1.043841,1.04384133611691,1.04384133611691,,0.8326036949784997
0x7da53ed5c392493dd78ed04e7231b65592e6a46eeb4331a4e2246f7dee12f27b,24392371,1770315527,0x0e09ce5c48b48bf72bb667715cbe6977489042cb,0xe08d97e151473a848c3d9ca3f323cb720472d015,0x8067e992c67715851f592094686bc9d2f7d23889,1.043841,1.04384133611691,1.04384133611691,,0.8326036949784997
0x3db8d174f1ad61079029eea436e2198da37ba2785e5483a745e1f09cf6d97ecc,24392371,1770315527,0xbfa7f9c1983ae40738ea0f128e58aa704461aa3a,0xe08d97e151473a848c3d9ca3f323cb720472d015,0x10a132b6feed4998f9011ffd6dbe3e2413614245,1.043841,1.04384133611691,1.04384133611691,,0.8326036949784997
0x65dfdd605053a88e7c283f540538f8fbf45297b0444723836ca94f8549f89b0d,24392371,1770315527,0xbfa7f9c1983ae40738ea0f128e58aa704461aa3a,0xe08d97e151473a848c3d9ca3f323cb720472d015,0xaec4ee9a108304fcc5cdc323d8a2a1d331c342b7,1.043841,1.04384133611691,1.04384133611691,,0.8326036949784997
0xd4b53a37e2ca2683cd9b4e40b0efc1f1e8bba72ceffd06c83345273042dee794,24392371,1770315527,0xa28ee7ec4756b4c3340c30a8c8cb8bd708e1dcdc,0xe08d97e151473a848c3d9ca3f323cb720472d015,0xad95973c72045cd05b9ddaa2b27cf65f578e339e,1.043841,1.04384133611691,1.04384133611691,,0.8326036949784997
0x8ca052bc2a27c29354215c24e64daa1b5f08491cd58276a907c810ac96693de5,24392371,1770315527,0xa28ee7ec4756b4c3340c30a8c8cb8bd708e1dcdc,0xe08d97e151473a848c3d9ca3f323cb720472d015,0xad95973c72045cd05b9ddaa2b27cf65f578e339e,1.043841,1.04384133611691,1.04384133611691,,0.8326036949784997
0xcf099f12cd9ab455c6e57f6e06c6163a9c66519b06ec937c8065a89737bfa7e8,24392371,1770315527,0xa28ee7ec4756b4c3340c30a8c8cb8bd708e1dcdc,0xe08d97e151473a848c3d9ca3f323cb720472d015,0xad95973c72045cd05b9ddaa2b27cf65f578e339e,1.043841,1.04384133611691,1.04384133611691,,0.8326036949784997
0xdbcad2c615c331e7219f5f9c76c0a3ccf88f098e8bc61c132cb2846684b31cb8,24392371,1770315527,0xa28ee7ec4756b4c3340c30a8c8cb8bd708e1dcdc,0xe08d97e151473a848c3d9ca3f323cb720472d015,0xd0cae02373c612e7fa2643f6742d5264685d2c75,1.043841,1.04384133611691,1.04384133611691,,0.8326036949784997
0xfc248f8ce023dba8e85f287be633d5b8e356d1c82e2cc67839af3c2b34e50237,24392371,1770315527,0xbfa7f9c1983ae40738ea0f128e58aa704461aa3a,0xaf682de1f2e6f710731121a05a44cb3c1b511f7d,0xa1b08911b1a6f624cd65a87cb529525c78211330,1.043841,1.04384133611691,1.04384133611691,,0.8326036949784997
0x7c13cbb8a66fd56ba01990fd6dc8550c84971faa4db16b6e0e84c3fe6f3fcf28,24392372,1770315539,0x0e09ce5c48b48bf72bb667715cbe6977489042cb,0x339c0db4a0030c88b4a48aafe56cdba23c8d4338,0x8067e992c67715851f592094686bc9d2f7d23889,1.043841,1.04384133611691,1.04384133611691,,0.8326036949784997
0xcd4fc493a6b7c95848a0001e2cb4c9d97a281be1c1806891202015be48601e10,24392372,1770315539,0xa28ee7ec4756b4c3340c30a8c8cb8bd708e1dcdc,0x8050a2155477f121bd62199490602232be0192fb,0xd0cae02373c612e7fa2643f6742d5264685d2c75,1.043841,1.04384133611691,1.04384133611691,,0.8326036949784997
0x63cd4292d2048485987ca02c88ed1fceae8e87d932f9c889346f8ecba2cf14ca,24392372,1770315539,0xa28ee7ec4756b4c3340c30a8c8cb8bd708e1dcdc,0x682ea8aa9b23250e0e240580e8ae55205f612979,0x4e31820791ff065f69ef0054711ea8a073e5eba9,1.043841,1.04384133611691,1.04384133611691,,0.8326036949784997
0x655d280d3e5fe643c81d0b5713afe1d4f8a24301418cad9fe42097c4760d53b7,24392372,1770315539,0xa28ee7ec4756b4c3340c30a8c8cb8bd708e1dcdc,0xc31a49d1c4c652af57cefdef248f3c55b801c649,0x163d2d8fb1ca05bfddbacd065b0172dc0255a37b,1.043839,1.04384133611691,1.04384133611691,,0.8326036949784997
0x0364894858fac2a4c17f3e0aa96fdb082e74408ee5b73f30b50eb9576f14551f,24392372,1770315539,0xbfa7f9c1983ae40738ea0f128e58aa704461aa3a,0x00000f91109c4d0007e90000d9facad5298a0cac,0xaec4ee9a108304fcc5cdc323d8a2a1d331c342b7,1.043841,1.04384133611691,1.04384133611691,,0.8326036949784997
0xc285f68815f1c9162a7f7ae9dfe6b9355baac37b45faa0adf649409ed4903c20,24392372,1770315539,0xbfa7f9c1983ae40738ea0f128e58aa704461aa3a,0x00000f91109c4d0007e90000d9facad5298a0cac,0xaec4ee9a108304fcc5cdc323d8a2a1d331c342b7,1.043841,1.04384133611691,1.04384133611691,,0.8326036949784997
0x22af6b43cbc66cc16caa8b55f577d7eee770b23f14f41bb144b36123c4e4ab17,24392373,1770315551,0x0e09ce5c48b48bf72bb667715cbe6977489042cb,0xf00001968c1d6196d3d0553030c7af8d1905dcbb,0xccb38eba7e1043b86db6ff1fdb7882cc6cd6c232,1.043841,1.04384133611691,1.04384133611691,,0.8326036949784997
0xc31b8a68c0cff5383e96e18a5428e9cd4a2e2de7690a9c97fac1240a803fda68,24392373,1770315551,0xa28ee7ec4756b4c3340c30a8c8cb8bd708e1dcdc,0x00000f91109c4d0007e90000d9facad5298a0cac,0x4e31820791ff065f69ef0054711ea8a073e5eba9,1.043841,1.04384133611691,1.04384133611691,,0.8326036949784997
0x8d0488f879bbe55d923c50da1cb0f3a705fe9dbc2743eba3d553b4ce548a7806,24392373,1770315551,0xa28ee7ec4756b4c3340c30a8c8cb8bd708e1dcdc,0x00000f91109c4d0007e90000d9facad5298a0cac,0x4e31820791ff065f69ef0054711ea8a073e5eba9,1.043841,1.04384133611691,1.04384133611691,,0.8326036949784997
0xa06906e2e3c388a22699f1554fe44bec410ea599b8c47ea50a5ea81e9ae44f86,24392373,1770315551,0x0e09ce5c48b48bf72bb667715cbe6977489042cb,0xf00001968c1d6196d3d0553030c7af8d1905dcbb,0x10322f1f396bc367b2bc5f3aa9434e5cab6018d7,1.043841,1.04384133611691,1.04384133611691,,0.8326036949784997
0xcd1a4d0a579ddbd2d72eb4425181dfe94bfaf8a50ce6516b1a284334944069e1,24392373,1770315551,0xbfa7f9c1983ae40738ea0f128e58aa704461aa3a,0xe08d97e151473a848c3d9ca3f323cb720472d015,0xa96c774dbcdad89ee7872078e58d5168170d684e,1.043841,1.04384133611691,1.04384133611691,,0.8326036949784997
0x1de5a81d27a041418983cb745bd5894194a0027a7a6c826b0f5d9562207d9660,24392373,1770315551,0xa28ee7ec4756b4c3340c30a8c8cb8bd708e1dcdc,0xd2306a7187fe8b0c0dee59b50fdc438d2075d24c,0x9398563acd4539df8f2c613f964c2ecbe6020d6b,1.043841,1.04384133611691,1.04384133611691,,0.8326036949784997
0x3b9d6d6df08dee870d08168bdb337d2282185a8926bffb51987aec84b81f1cae,24392373,1770315551,0xa28ee7ec4756b4c3340c30a8c8cb8bd708e1dcdc,0x00000f91109c4d0007e90000d9facad5298a0cac,0x4e31820791ff065f69ef0054711ea8a073e5eba9,1.043841,1.04384133611691,1.04384133611691,,0.8326036949784997
0xf0b4059cb4852b52277f6d42e1a9204b1b60d159cba2d83bc5f50a179a6f0f1b,24392374,1770315563,0xa28ee7ec4756b4c3340c30a8c8cb8bd708e1dcdc,0xe08d97e151473a848c3d9ca3f323cb720472d015,0x163d2d8fb1ca05bfddbacd065b0172dc0255a37b,1.043839,1.04384133611691,1.04384133611691,,0.8326036949784997
0x2c8ae50c4b68ad461ac6047f777f5ddd7e26ff271e498c04dfed4e869145d765,24392375,1770315575,0x0e09ce5c48b48bf72bb667715cbe6977489042cb,0xdd3f460078d32b7a700d7d5b81c099e5d43c42cd,0xd2515c793af89c55169191b5c43a99989cf63c54,1.043838,1.04384133611691,1.04384133611691,,0.8326036949784997
0x4bfe89a007143f7216df36b6796234c1c6ea431099ff38fec65e12edea5e3418,24392377,1770315599,0xbfa7f9c1983ae40738ea0f128e58aa704461aa3a,0xf00001968c1d6196d3d0553030c7af8d1905dcbb,0x8f714eeaaeb838c9c7e295b5f105abfab311b286,1.043841,1.04384133611691,1.04384133611691,,0.8326036949784997
0xf402302d02993d450c0a41bfacbfd029808b6075879df4d950ebb07d64293217,24392377,1770315599,0xa28ee7ec4756b4c3340c30a8c8cb8bd708e1dcdc,0x5b5a0580bcfd3673820bb249514234afad33e209,0xad95973c72045cd05b9ddaa2b27cf65f578e339e,1.043841,1.04384133611691,1.04384133611691,,0.8326036949784997
0xa697b4f9d97f836d6c9ccc81f478d35af2a620ed0ed1bac06124d1d06d69b180,24392378,1770315611,0xd2c334ead25f006e98d927fba7452dad481f9ee6,0xf00001968c1d6196d3d0553030c7af8d1905dcbb,0xe1abbcb7776199fdda8c2c47d9cc3eb80917daf1,1.043841,1.04384133611691,1.04384133611691,,0.8326036949784997
0xbf88a926db30142e6cd5a8140e136625bed6f0105af3997a307229b28b12b76b,24392393,1770315791,0xa28ee7ec4756b4c3340c30a8c8cb8bd708e1dcdc,0xf00001968c1d6196d3d0553030c7af8d1905dcbb,0xc99882e7efb11e4258dfee59954226e53fef4e68,1.043841,1.04384133611691,1.04384133611691,,0.8326036949784997
0xa2d98a681ec5f405dd2a9053ccbba41df3f29c6e63adc363f72e10c0a11165b6,24392393,1770315791,0xa28ee7ec4756b4c3340c30a8c8cb8bd708e1dcdc,0xf00001968c1d6196d3d0553030c7af8d1905dcbb,0xba10248ac4dcc76ef27b58aad637f02a27fbc4f6,1.043841,1.04384133611691,1.04384133611691,,0.8326036949784997
0x748b36ec1caabba6be107b9cb274322d1f85b16f96efd79a43684004a9da5344,24392393,1770315791,0xd2c334ead25f006e98d927fba7452dad481f9ee6,0xf00001968c1d6196d3d0553030c7af8d1905dcbb,0xe1abbcb7776199fdda8c2c47d9cc3eb80917daf1,1.043841,1.04384133611691,1.04384133611691,,0.8326036949784997
0x88206480d129e6991ae484e06b51d0bbbfa66de84a77b6387af5d085894f679a,24392393,1770315791,0xbfa7f9c1983ae40738ea0f128e58aa704461aa3a,0xd2306a7187fe8b0c0dee59b50fdc438d2075d24c,0xa1b08911b1a6f624cd65a87cb529525c78211330,1.043841,1.04384133611691,1.04384133611691,,0.8326036949784997
0x77784cbf29d4f5634f9480c7ce5e844b2c1fe759143173b4ad20a6c238ca5031,24392393,1770315791,0xa28ee7ec4756b4c3340c30a8c8cb8bd708e1dcdc,0xf00001968c1d6196d3d0553030c7af8d1905dcbb,0x721e3b6e8c3f8ef3d1a7605700cb3ba027ef8eba,1.043841,1.04384133611691,1.04384133611691,,0.8326036949784997
0x2b841d96d87c70739d094a124642dd5aefe82612eb7a3a270377a0d93bd0ad52,24392393,1770315791,0x0e09ce5c48b48bf72bb667715cbe6977489042cb,0xaf682de1f2e6f710731121a05a44cb3c1b511f7d,0x124c956fb6ea9ab47b5f6e1b2050333bb4df0474,1.043841,1.04384133611691,1.04384133611691,,0.8326036949784997
0x5e98b8a98110e631a8dc4015b45c5e79fa3f8484c3894e9c61d9e2438a4a5b3f,24392393,1770315791,0xa28ee7ec4756b4c3340c30a8c8cb8bd708e1dcdc,0xe08d97e151473a848c3d9ca3f323cb720472d015,0x4e31820791ff065f69ef0054711ea8a073e5eba9,1.043841,1.04384133611691,1.04384133611691,,0.8326036949784997
0x908443ecef0d2f083097ce23aab9f4ba21c11deb7da07b78f61d5c4e94f2c582,24392393,1770315791,0xa28ee7ec4756b4c3340c30a8c8cb8bd708e1dcdc,0xf00001968c1d6196d3d0553030c7af8d1905dcbb,0x28ac02f906a2c93644d739dc5c6ff535799121aa,1.043841,1.04384133611691,1.04384133611691,,0.8326036949784997
0xb8671cfb08fed2545e0216d2fce08c6e76aa22ab06e78de27d7543ce0e70b258,24392393,1770315791,0xa28ee7ec4756b4c3340c30a8c8cb8bd708e1dcdc,0x00000f91109c4d0007e90000d9facad5298a0cac,0xad95973c72045cd05b9ddaa2b27cf65f578e339e,1.043841,1.04384133611691,1.04384133611691,,0.8326036949784997
0x65dc7b7cfc814b4f354f8dc2fcefa2a4169a4bd7c9d27510e37045bce7958937,24392393,1770315791,0xa28ee7ec4756b4c3340c30a8c8cb8bd708e1dcdc,0x00000f91109c4d0007e90000d9facad5298a0cac,0xad95973c72045cd05b9ddaa2b27cf65f578e339e,1.043841,1.04384133611691,1.04384133611691,,0.8326036949784997
0xea329c3dfcc527f8afde6087bf2ba24922d0aaf7e0df7fdd1967cba021022165,24392393,1770315791,0xa28ee7ec4756b4c3340c30a8c8cb8bd708e1dcdc,0x00000f91109c4d0007e90000d9facad5298a0cac,0xad95973c72045cd05b9ddaa2b27cf65f578e339e,1.043841,1.04384133611691,1.04384133611691,,0.8326036949784997
0xb5919f721684cb793bb06dba311204dcbcd1775630ee8f319c26507b526e47a3,24392393,1770315791,0xa28ee7ec4756b4c3340c30a8c8cb8bd708e1dcdc,0x00000f91109c4d0007e90000d9facad5298a0cac,0xad95973c72045cd05b9ddaa2b27cf65f578e339e,1.043841,1.04384133611691,1.04384133611691,,0.8326036949784997
0x074d71c524ed56c9b9bc7605abd7a7a626f02a72011cb587032251e99749aec0,24392393,1770315791,0xa28ee7ec4756b4c3340c30a8c8cb8bd708e1dcdc,0x00000f91109c4d0007e90000d9facad5298a0cac,0xad95973c72045cd05b9ddaa2b27cf65f578e339e,1.043841,1.04384133611691,1.04384133611691,,0.8326036949784997
0xe13736d586ff8118e61fac7d00317893948a49fd97fdede9ff035ccd768f653e,24392393,1770315791,0xa28ee7ec4756b4c3340c30a8c8cb8bd708e1dcdc,0xf00001968c1d6196d3d0553030c7af8d1905dcbb,0x9398563acd4539df8f2c613f964c2ecbe6020d6b,1.043841,1.04384133611691,1.04384133611691,,0.8326036949784997
0x3484d7da5aed5cdb002d94916714f35da2d2003dae662dc8592a114f5d706a44,24392394,1770315803,0x0e09ce5c48b48bf72bb667715cbe6977489042cb,0xe08d97e151473a848c3d9ca3f323cb720472d015,0xccb38eba7e1043b86db6ff1fdb7882cc6cd6c232,1.043841,1.04384133611691,1.04384133611691,,0.8326036949784997
0x99f7de6e02674aa564a83233d333ce64f7fc2db22f046be3b1355fcaf4a6a7f6,24392394,1770315803,0xbfa7f9c1983ae40738ea0f128e58aa704461aa3a,0xe08d97e151473a848c3d9ca3f323cb720472d015,0x8f714eeaaeb838c9c7e295b5f105abfab311b286,1.043841,1.04384133611691,1.04384133611691,,0.8326036949784997
0x1c042e896a821c980eb6243ce80a6a1822bcabfadbfd868f65344cf69dcf32f0,24392394,1770315803,0x0e09ce5c48b48bf72bb667715cbe6977489042cb,0xe08d97e151473a848c3d9ca3f323cb720472d015,0x8067e992c67715851f592094686bc9d2f7d23889,1.043841,1.04384133611691,1.04384133611691,,0.8326036949784997
0x1f9081172fae9508829da396c2417b14b15917a9ab68d163e29a8f5ea71a4a20,24392394,1770315803,0x0e09ce5c48b48bf72bb667715cbe6977489042cb,0xe08d97e151473a848c3d9ca3f323cb720472d015,0x8067e992c67715851f592094686bc9d2f7d23889,1.043841,1.04384133611691,1.04384133611691,,0.8326036949784997
0x08d53e6e92aeb729310de372e8b9a481931edad5f49359849dd1f7fee21434fd,24392394,1770315803,0x0e09ce5c48b48bf72bb667715cbe6977489042cb,0xe08d97e151473a848c3d9ca3f323cb720472d015,0x8067e992c67715851f592094686bc9d2f7d23889,1.043841,1.04384133611691,1.04384133611691,,0.8326036949784997
0xb3b85e4dc90d731e2fef425396839fcad0a4369261988221d6839a9a27b9f2eb,24392394,1770315803,0x0e09ce5c48b48bf72bb667715cbe6977489042cb,0xe08d97e151473a848c3d9ca3f323cb720472d015,0x8067e992c67715851f592094686bc9d2f7d23889,1.043841,1.04384133611691,1.04384133611691,,0.8326036949784997
0xf60150d707de2ed69575e4b02da6c8f7cb56e568d38489f54d4b6b05d6d85468,24392394,1770315803,0x0e09ce5c48b48bf72bb667715cbe6977489042cb,0xe08d97e151473a848c3d9ca3f323cb720472d015,0x8067e992c67715851f592094686bc9d2f7d23889,1.043841,1.04384133611691,1.04384133611691,,0.8326036949784997
0x1730add0c10d5946b1214ec4e1519af135918bcf2bb07bebc654b30313031517,24392394,1770315803,0x0e09ce5c48b48bf72bb667715cbe6977489042cb,0xe08d97e151473a848c3d9ca3f323cb720472d015,0x10322f1f396bc367b2bc5f3aa9434e5cab6018d7,1.043841,1.04384133611691,1.04384133611691,,0.8326036949784997
0xc0c22cdb00fa79d975faa485cf201099218e8b8041b2bb62dd2678d1a5ed9b8b,24392394,1770315803,0xbfa7f9c1983ae40738ea0f128e58aa704461aa3a,0xe08d97e151473a848c3d9ca3f323cb720472d015,0xa1b08911b1a6f624cd65a87cb529525c78211330,1.043841,1.04384133611691,1.04384133611691,,0.8326036949784997
0xa76e4d02cee4a1e491e0e98dfafd0efdde085b47e73ce284bda3a48efcd90b89,24392394,1770315803,0xbfa7f9c1983ae40738ea0f128e58aa704461aa3a,0xe08d97e151473a848c3d9ca3f323cb720472d015,0xa1b08911b1a6f624cd65a87cb529525c78211330,1.043841,1.04384133611691,1.04384133611691,,0.8326036949784997
0x248e37376e553ad86ffaba193e90d8ba6ff0301a43ac551bf4cbac2e76b7f4e0,24392394,1770315803,0xbfa7f9c1983ae40738ea0f128e58aa704461aa3a,0xe08d97e151473a848c3d9ca3f323cb720472d015,0xaec4ee9a108304fcc5cdc323d8a2a1d331c342b7,1.043841,1.04384133611691,1.04384133611691,,0.8326036949784997
0x529c4d725d1ee2c5b1c03782f633bd73e5fb3299829e28576de0d5243531e248,24392394,1770315803,0xbfa7f9c1983ae40738ea0f128e58aa704461aa3a,0xe08d97e151473a848c3d9ca3f323cb720472d015,0xaec4ee9a108304fcc5cdc323d8a2a1d331c342b7,1.043841,1.04384133611691,1.04384133611691,,0.8326036949784997
0xb2099b59f6870f3c471ed52783cc9a24dfe5a0a86618c3529a9a5f9949b21695,24392394,1770315803,0x0e09ce5c48b48bf72bb667715cbe6977489042cb,0xe08d97e151473a848c3d9ca3f323cb720472d015,0xccb38eba7e1043b86db6ff1fdb7882cc6cd6c232,1.043841,1.04384133611691,1.04384133611691,,0.8326036949784997
0xa582947dea98abc8e4ef7b00906ee27b2c777759fca95f57ece0e305e9e4cfd4,24392394,1770315803,0xbfa7f9c1983ae40738ea0f128e58aa704461aa3a,0xe08d97e151473a848c3d9ca3f323cb720472d015,0x721e3b6e8c3f8ef3d1a7605700cb3ba027ef8eba,1.043841,1.04384133611691,1.04384133611691,,0.8326036949784997
0xd8d4563305f76f3e7f1a32b909bcddf33099bcabff8708db3191e27266931654,24392394,1770315803,0xbfa7f9c1983ae40738ea0f128e58aa704461aa3a,0xe08d97e151473a848c3d9ca3f323cb720472d015,0x10a132b6feed4998f9011ffd6dbe3e2413614245,1.043841,1.04384133611691,1.04384133611691,,0.8326036949784997
0xbf20c8f8cf15e9b4635b1a3c492ba8e9a2333d94f3d41e0e8f9715c0db480ba5,24392394,1770315803,0xbfa7f9c1983ae40738ea0f128e58aa704461aa3a,0xe08d97e151473a848c3d9ca3f323cb720472d015,0x10a132b6feed4998f9011ffd6dbe3e2413614245,1.043841,1.04384133611691,1.04384133611691,,0.8326036949784997
0xf408bdc0cd213585698258a421bc737510b4d23a2d2cd795f1d724c6aee84b80,24392394,1770315803,0xa28ee7ec4756b4c3340c30a8c8cb8bd708e1dcdc,0xe08d97e151473a848c3d9ca3f323cb720472d015,0xd0cae02373c612e7fa2643f6742d5264685d2c75,1.043841,1.04384133611691,1.04384133611691,,0.8326036949784997
0xdbd81616a9f181854d0a424aa3d03b65685a3f339d35300b936a52122a39403c,24392394,1770315803,0xa28ee7ec4756b4c3340c30a8c8cb8bd708e1dcdc,0xe08d97e151473a848c3d9ca3f323cb720472d015,0xd0cae02373c612e7fa2643f6742d5264685d2c75,1.043841,1.04384133611691,1.04384133611691,,0.8326036949784997
0x903069b2d4657c5bfc6088f1ab93979546529e30b2b95b804f97b595ac993e01,24392394,1770315803,0xbfa7f9c1983ae40738ea0f128e58aa704461aa3a,0xe08d97e151473a848c3d9ca3f323cb720472d015,0xa1b08911b1a6f624cd65a87cb529525c78211330,1.043841,1.04384133611691,1.04384133611691,,0.8326036949784997
0x07fd17319c9ef47ef5433798d7dc99ec640adba281560de5dca563db139c17a3,24392394,1770315803,0xa28ee7ec4756b4c3340c30a8c8cb8bd708e1dcdc,0xe08d97e151473a848c3d9ca3f323cb720472d015,0x163d2d8fb1ca05bfddbacd065b0172dc0255a37b,1.04384,1.04384133611691,1.04384133611691,,0.8326036949784997
0x7503d46dc09fd12ed123dcf0ac08a3a91c5674adec7a1d1525be833e2e5fdf84,24392395,1770315815,0x0e09ce5c48b48bf72bb667715cbe6977489042cb,0xf00001968c1d6196d3d0553030c7af8d1905dcbb,0x163d2d8fb1ca05bfddbacd065b0172dc0255a37b,1.043841,1.04384133611691,1.04384133611691,,0.8326036949784997
0x002bf5e3010fd886e50d75021556930fc97ccbf5c82838fafd5e523d5239954f,24392395,1770315815,0x0e09ce5c48b48bf72bb667715cbe6977489042cb,0xf00001968c1d6196d3d0553030c7af8d1905dcbb,0x333e2fb07c2451e6e01fa40adde521b73413ef6a,1.043841,1.04384133611691,1.04384133611691,,0.8326036949784997
0x5d60b5f37700309b11007be9138757d2a4860f66b34264d2a498b6788031d4a3,24392396,1770315827,0x0e09ce5c48b48bf72bb667715cbe6977489042cb,0xf00001968c1d6196d3d0553030c7af8d1905dcbb,0x10322f1f396bc367b2bc5f3aa9434e5cab6018d7,1.043841,1.04384133611691,1.04384133611691,,0.8326036949784997
0x4dc360e3418ffc27e66095e4252897ab657fa7f731c108eede39f42279ccae1c,24392396,1770315827,0xa28ee7ec4756b4c3340c30a8c8cb8bd708e1dcdc,0xd2306a7187fe8b0c0dee59b50fdc438d2075d24c,0x4e31820791ff065f69ef0054711ea8a073e5eba9,1.043841,1.04384133611691,1.04384133611691,,0.8326036949784997
0x5db24f4f5637717171bb57290ecfb6f5140b9a0423f9c8da39a70403ee8ab223,24392396,1770315827,0xa28ee7ec4756b4c3340c30a8c8cb8bd708e1dcdc,0xd2306a7187fe8b0c0dee59b50fdc438d2075d24c,0x4e31820791ff065f69ef0054711ea8a073e5eba9,1.043841,1.04384133611691,1.04384133611691,,0.8326036949784997
0xbca00ad39da6ff79494766e951bfc75d194cfcad93d6adc39bbbd23bfad3494d,24392396,1770315827,0xbfa7f9c1983ae40738ea0f128e58aa704461aa3a,0xf00001968c1d6196d3d0553030c7af8d1905dcbb,0xd0cae02373c612e7fa2643f6742d5264685d2c75,1.043841,1.04384133611691,1.04384133611691,,0.8326036949784997
0xbd915d7ace96de8e2a85c678e66b59a39175c60e00d7b035bc41cce1313e645c,24392397,1770315839,0x11b0f28028e3659c1ae18e153625c4f1c95698c8,0xe08d97e151473a848c3d9ca3f323cb720472d015,0xfbe874e5d9bc5afd18880232f97b3c2c34045f64,1.043841,1.04384133611691,1.04384133611691,,0.8326036949784997
0xe57d4faa516ab5449108eaa40159e5b2a7f21c3e49b23521d62fda39c22ca7a6,24392397,1770315839,0x11b0f28028e3659c1ae18e153625c4f1c95698c8,0xe08d97e151473a848c3d9ca3f323cb720472d015,0xfbe874e5d9bc5afd18880232f97b3c2c34045f64,1.043841,1.04384133611691,1.04384133611691,,0.8326036949784997
0x9b9e024351862ff21b6c5c493d3bc436fe0c98249df30ad14adcffba29ed2f23,24392398,1770315851,0x11b0f28028e3659c1ae18e153625c4f1c95698c8,0x234104c68eed7584fc02f692c644d4ceb8fde076,0x21e39af4f3a2f06cf89dc13155dbd6e2f7576bbf,1.043841,1.04384133611691,1.04384133611691,,0.8326036949784997
0x65778f2258a957d12bd72198871fa24c06d68011cf81f5fab1ba2d849f73153b,24392399,1770315863,0x11b0f28028e3659c1ae18e153625c4f1c95698c8,0x8a803bb7d9f35f251e41f3f62356c284b13ff8a5,0xd8fa2f704ac2d5ff4acecbf248db61523f99833b,1.043841,1.04384133611691,1.04384133611691,,0.8326036949784997
0x3243ced2de372ddeb1c5766742f6c121ca13fbaba09e184dfd68c70c106495fe,24392399,1770315863,0xa28ee7ec4756b4c3340c30a8c8cb8bd708e1dcdc,0xf00001968c1d6196d3d0553030c7af8d1905dcbb,0x5c6ce918cafa211e8e3e5cbcf6189dbaabc82af7,1.043841,1.04384133611691,1.04384133611691,,0.8326036949784997
0x9c7d7870379fbd399e9e8c731c20b87fa9a64045d7c5c1179cbd32788b005105,24392400,1770315875,0xbfa7f9c1983ae40738ea0f128e58aa704461aa3a,0xa000016d11e045500240e2dfb9938c226e8a873c,0x721e3b6e8c3f8ef3d1a7605700cb3ba027ef8eba,1.043841,1.04384133611691,1.04384133611691,,0.8326036949784997
0xd99cbc57990ccf9d89f9517309c704ae1ebf33da48502556d1abc6f88c65e743,24392401,1770315887,0x11b0f28028e3659c1ae18e153625c4f1c95698c8,0xf00001968c1d6196d3d0553030c7af8d1905dcbb,0xd8fa2f704ac2d5ff4acecbf248db61523f99833b,1.043841,1.04384133611691,1.04384133611691,,0.8326036949784997
0xd85261349f7632ee20cd0641427dbfc8ccb73955f2d1b86b4ce58d8f24f8feb8,24392401,1770315887,0xbfa7f9c1983ae40738ea0f128e58aa704461aa3a,0xf00001968c1d6196d3d0553030c7af8d1905dcbb,0x8f714eeaaeb838c9c7e295b5f105abfab311b286,1.043841,1.04384133611691,1.04384133611691,,0.8326036949784997
0x6e4cb80155766a1da0623fe6d581f0b3365a69c861ca9615e839a3ec84bec523,24392401,1770315887,0xbfa7f9c1983ae40738ea0f128e58aa704461aa3a,0xa000016d11e045500240e2dfb9938c226e8a873c,0xa96c774dbcdad89ee7872078e58d5168170d684e,1.043841,1.04384133611691,1.04384133611691,,0.8326036949784997
0xacfc5c90429912f3a27225651484dde6eae7f2a347c38319ec32b22b606f495a,24392402,1770315899,0xa28ee7ec4756b4c3340c30a8c8cb8bd708e1dcdc,0x00000f91109c4d0007e90000d9facad5298a0cac,0x4e31820791ff065f69ef0054711ea8a073e5eba9,1.04384,1.04384133611691,1.04384133611691,,0.8326036949784997
0x1a96120cde3345a5a3376b870fe527b38f5e945cad2952c74a60fc09ff4233e4,24392402,1770315899,0xa28ee7ec4756b4c3340c30a8c8cb8bd708e1dcdc,0x00000f91109c4d0007e90000d9facad5298a0cac,0xfce88de8b752b27936c82b9bda6705fea0a1fa5c,1.04384,1.04384133611691,1.04384133611691,,0.8326036949784997
0xfbb4bcea3a24cf91ae357d47348c93212ff7714f40a6d5025ff761455153b2b5,24392403,1770315911,0x11b0f28028e3659c1ae18e153625c4f1c95698c8,0xf00001968c1d6196d3d0553030c7af8d1905dcbb,0xc58de690dd0e361feabf80ef61d597ed0b41e597,1.043841,1.04384133611691,1.04384133611691,,0.8326036949784997
0x192980bad7d5a6b4e90e64f9ba75e8e8504857eee5201a6aee39efd076f4ea83,24392404,1770315923,0x11b0f28028e3659c1ae18e153625c4f1c95698c8,0xa000016d11e045500240e2dfb9938c226e8a873c,0x21e39af4f3a2f06cf89dc13155dbd6e2f7576bbf,1.043841,1.04384133611691,1.04384133611691,,0.8326036949784997
0xad8b440ca7eef4f934b741ec76c1dcad026bff3a1293a54ec18d62b3c6f92d14,24392450,1770316475,0x1ac73015626cb8941f83f83f1039102d87fb7838,0x269cae10729e44c56467b529190034ab338316ee,0x1a7cda1f6eb3080287b3c2b4c2bef45ef9047996,1.043841,1.04384133611691,1.04384133611691,,0.8326036949784997
0xf7db5160312459c13eca57ca49e16816f77090b452fd4b808a4ead0c130eed7b,24392451,1770316487,0x1ac73015626cb8941f83f83f1039102d87fb7838,0xaf682de1f2e6f710731121a05a44cb3c1b511f7d,0x1a7cda1f6eb3080287b3c2b4c2bef45ef9047996,1.043841,1.04384133611691,1.04384133611691,,0.8326036949784997
0xab2a9292f39761f314195f60b82d4f1e77c7e519dce5bc3872de02752e86eb6b,24392515,1770317267,0x11b0f28028e3659c1ae18e153625c4f1c95698c8,0xe08d97e151473a848c3d9ca3f323cb720472d015,0xfbe874e5d9bc5afd18880232f97b3c2c34045f64,1.055254,1.04384133611691,1.04384133611691,,0.8326036949784997
0x2977758d5cae665e0daca58d48d67f552aec6bbb8e9950506cd0c900eac16b0c,24392515,1770317267,0x11b0f28028e3659c1ae18e153625c4f1c95698c8,0xe08d97e151473a848c3d9ca3f323cb720472d015,0xd8fa2f704ac2d5ff4acecbf248db61523f99833b,1.055254,1.04384133611691,1.04384133611691,,0.8326036949784997
0x272f472bbe570de01b65392771b7b1dd23198bd8f19540c6455bd9eff2293f19,24392516,1770317279,0x1ac73015626cb8941f83f83f1039102d87fb7838,0xaf682de1f2e6f710731121a05a44cb3c1b511f7d,0x1a7cda1f6eb3080287b3c2b4c2bef45ef9047996,1.043841,1.04384133611691,1.04384133611691,,0.8326036949784997
0x3b4487620125a1d861d5cd3a4c64ae5bcfab29251810acfa052f90f69af71f9e,24392517,1770317291,0x11b0f28028e3659c1ae18e153625c4f1c95698c8,0x00000f91109c4d0007e90000d9facad5298a0cac,0x21e39af4f3a2f06cf89dc13155dbd6e2f7576bbf,1.043841,1.04384133611691,1.04384133611691,,0.8326036949784997
0x971ed3a2aebace588494cac84695fee2d1c9e17195e58105794af6c3f265c6cf,24392518,1770317303,0x11b0f28028e3659c1ae18e153625c4f1c95698c8,0x00000f91109c4d0007e90000d9facad5298a0cac,0x21e39af4f3a2f06cf89dc13155dbd6e2f7576bbf,1.043841,1.04384133611691,1.04384133611691,,0.8326036949784997
0x9bba93d30da8d30f3599e6c80580e126b09f76c652b6398873585998363e670c,24392521,1770317339,0x11b0f28028e3659c1ae18e153625c4f1c95698c8,0xf00001968c1d6196d3d0553030c7af8d1905dcbb,0xc58de690dd0e361feabf80ef61d597ed0b41e597,1.043841,1.04384133611691,1.04384133611691,,0.8326036949784997
0x152dc414da5490b6e7cfbbad0d42a9829cc08491d9cfcfbb4abfc61e519a09b2,24392836,1770321131,0xa28ee7ec4756b4c3340c30a8c8cb8bd708e1dcdc,0xe08d97e151473a848c3d9ca3f323cb720472d015,0xc99882e7efb11e4258dfee59954226e53fef4e68,1.043841,1.04384133611691,1.04384133611691,,0.8326036949784997
0xdfd79dae75cb513359de99578c846e8078be7f120bc30ee921f5bfc80ee5607a,24392836,1770321131,0xa28ee7ec4756b4c3340c30a8c8cb8bd708e1dcdc,0xe08d97e151473a848c3d9ca3f323cb720472d015,0xc99882e7efb11e4258dfee59954226e53fef4e68,1.043841,1.04384133611691,1.04384133611691,,0.8326036949784997
0x086958f7d3fe5b3302b678f0f7c2eafbcd82c02ede4614744cc6483d8bbcf16c,24392836,1770321131,0xa28ee7ec4756b4c3340c30a8c8cb8bd708e1dcdc,0xe08d97e151473a848c3d9ca3f323cb720472d015,0xc99882e7efb11e4258dfee59954226e53fef4e68,1.043841,1.04384133611691,1.04384133611691,,0.8326036949784997
0x245865f566cf35edfdcd399fb2e4512d2ab10cc12cb3c379ce6e9ff12db7f10d,24392836,1770321131,0xa28ee7ec4756b4c3340c30a8c8cb8bd708e1dcdc,0xe08d97e151473a848c3d9ca3f323cb720472d015,0xba10248ac4dcc76ef27b58aad637f02a27fbc4f6,1.043841,1.04384133611691,1.04384133611691,,0.8326036949784997
0xc20ba977e4a2f90f0d1b1dd5460acd44ff8f9764657831d69bfc7ea1719ee019,24392836,1770321131,0xa28ee7ec4756b4c3340c30a8c8cb8bd708e1dcdc,0xe08d97e151473a848c3d9ca3f323cb720472d015,0xba10248ac4dcc76ef27b58aad637f02a27fbc4f6,1.043841,1.04384133611691,1.04384133611691,,0.8326036949784997
0x851f6c7c8d77ccec8b233f315b25062a4632f9a988ca28512d6e66450f276a52,24392836,1770321131,0xa28ee7ec4756b4c3340c30a8c8cb8bd708e1dcdc,0xe08d97e151473a848c3d9ca3f323cb720472d015,0xba10248ac4dcc76ef27b58aad637f02a27fbc4f6,1.043841,1.04384133611691,1.04384133611691,,0.8326036949784997
0x8536bfbe410a9091b49615f7bc2e5127243b13469ac8f0cd27ba37f5838aa3d6,24392836,1770321131,0xa28ee7ec4756b4c3340c30a8c8cb8bd708e1dcdc,0xe08d97e151473a848c3d9ca3f323cb720472d015,0xba10248ac4dcc76ef27b58aad637f02a27fbc4f6,1.043841,1.04384133611691,1.04384133611691,,0.8326036949784997
0xd8bb448e13f12ab16c8c9a632bb5050614d8e650609da5e26ffcb3174ad78238,24392836,1770321131,0xa28ee7ec4756b4c3340c30a8c8cb8bd708e1dcdc,0xe08d97e151473a848c3d9ca3f323cb720472d015,0xba10248ac4dcc76ef27b58aad637f02a27fbc4f6,1.043841,1.04384133611691,1.04384133611691,,0.8326036949784997
0xdd79560d079fddb859d51147cb68b113c6614d910853753fd3e67564cc22a024,24392836,1770321131,0xbfa7f9c1983ae40738ea0f128e58aa704461aa3a,0xe08d97e151473a848c3d9ca3f323cb720472d015,0xa1b08911b1a6f624cd65a87cb529525c78211330,1.043841,1.04384133611691,1.04384133611691,,0.8326036949784997
0xe2cf6eca50a7bdc4935f99df358f52fb208763cfdc4be10d7a6a9dd917e1e748,24392836,1770321131,0xa28ee7ec4756b4c3340c30a8c8cb8bd708e1dcdc,0xe08d97e151473a848c3d9ca3f323cb720472d015,0xba10248ac4dcc76ef27b58aad637f02a27fbc4f6,1.043841,1.04384133611691,1.04384133611691,,0.8326036949784997
0x34c5758acc2d44857fbbee4b1346b11463735cb9164da3d4657974c411670813,24392836,1770321131,0xa28ee7ec4756b4c3340c30a8c8cb8bd708e1dcdc,0xe08d97e151473a848c3d9ca3f323cb720472d015,0xc99882e7efb11e4258dfee59954226e53fef4e68,1.043841,1.04384133611691,1.04384133611691,,0.8326036949784997
0x600d50f04d3facb6021b474898c472e475726298dc3d1a2ac7544277040265d2,24392836,1770321131,0xa28ee7ec4756b4c3340c30a8c8cb8bd708e1dcdc,0xe08d97e151473a848c3d9ca3f323cb720472d015,0xba10248ac4dcc76ef27b58aad637f02a27fbc4f6,1.043841,1.04384133611691,1.04384133611691,,0.8326036949784997
0xe1bbf5cd014b21a82991a660493365909ac2ca5d0e742a941d915daea442ad0a,24392836,1770321131,0xa28ee7ec4756b4c3340c30a8c8cb8bd708e1dcdc,0xe08d97e151473a848c3d9ca3f323cb720472d015,0xc99882e7efb11e4258dfee59954226e53fef4e68,1.043841,1.04384133611691,1.04384133611691,,0.8326036949784997
0xa0479f1113784a321d20541fb3439cb2e30fd61f2b05494d0d5a0771b6990d36,24392836,1770321131,0xa28ee7ec4756b4c3340c30a8c8cb8bd708e1dcdc,0xe08d97e151473a848c3d9ca3f323cb720472d015,0xc99882e7efb11e4258dfee59954226e53fef4e68,1.043841,1.04384133611691,1.04384133611691,,0.8326036949784997
0x66bcbc484c1bfddc32203edcac8e2de41b6a4980c4246b37d6661c4826784813,24392836,1770321131,0xa28ee7ec4756b4c3340c30a8c8cb8bd708e1dcdc,0xe08d97e151473a848c3d9ca3f323cb720472d015,0xc99882e7efb11e4258dfee59954226e53fef4e68,1.043841,1.04384133611691,1.04384133611691,,0.8326036949784997
0x1bbb173a7041575d976f8c615be1b7f4218879e7702aec98df9dec1895ed50cf,24392836,1770321131,0xa28ee7ec4756b4c3340c30a8c8cb8bd708e1dcdc,0xe08d97e151473a848c3d9ca3f323cb720472d015,0xc99882e7efb11e4258dfee59954226e53fef4e68,1.043841,1.04384133611691,1.04384133611691,,0.8326036949784997
0x6f317cde30cd71cd4342613c2296a1b86e1b5422e687cb7abbba86d1bc1fd787,24392836,1770321131,0xa28ee7ec4756b4c3340c30a8c8cb8bd708e1dcdc,0xe08d97e151473a848c3d9ca3f323cb720472d015,0xc99882e7efb11e4258dfee59954226e53fef4e68,1.043841,1.04384133611691,1.04384133611691,,0.8326036949784997
0x15e26176cccc2e5be1271311c58846b40afc16ce503edb2b55aa110de83bbe65,24392836,1770321131,0xa28ee7ec4756b4c3340c30a8c8cb8bd708e1dcdc,0xe08d97e151473a848c3d9ca3f323cb720472d015,0xc99882e7efb11e4258dfee59954226e53fef4e68,1.043841,1.04384133611691,1.04384133611691,,0.8326036949784997
0x23e6af4206eff7829d806d4c04346729101f4382df9c068d254b162f0ba79a5b,24392837,1770321143,0xa28ee7ec4756b4c3340c30a8c8cb8bd708e1dcdc,0xe08d97e151473a848c3d9ca3f323cb720472d015,0xba10248ac4dcc76ef27b58aad637f02a27fbc4f6,1.043841,1.04384133611691,1.04384133611691,,0.8326036949784997
0xb7bb2c9282af722430f6c5b1149ff878f8c3dcad08d24caab12cc3fbd2ef1726,24392837,1770321143,0xa28ee7ec4756b4c3340c30a8c8cb8bd708e1dcdc,0xe08d97e151473a848c3d9ca3f323cb720472d015,0xc99882e7efb11e4258dfee59954226e53fef4e68,1.043841,1.04384133611691,1.04384133611691,,0.8326036949784997
0xdf54270c1a56f58f02fd9e5477919e45a37ad9e92de27e44cbfb5dde59e67d8a,24392837,1770321143,0xa28ee7ec4756b4c3340c30a8c8cb8bd708e1dcdc,0xe08d97e151473a848c3d9ca3f323cb720472d015,0xc99882e7efb11e4258dfee59954226e53fef4e68,1.043841,1.04384133611691,1.04384133611691,,0.8326036949784997
0xb65b85a4a65988ef6fbcdca2c04c70c9e30d659d2f619dc5f685f93fee862b5c,24392837,1770321143,0xa28ee7ec4756b4c3340c30a8c8cb8bd708e1dcdc,0xe08d97e151473a848c3d9ca3f323cb720472d015,0xc99882e7efb11e4258dfee59954226e53fef4e68,1.043841,1.04384133611691,1.04384133611691,,0.8326036949784997
0xbd88f2060ab82c6712b998efacbec26f9155007f150c17d41a71ad3f789a3ee1,24392837,1770321143,0xa28ee7ec4756b4c3340c30a8c8cb8bd708e1dcdc,0xe08d97e151473a848c3d9ca3f323cb720472d015,0xc99882e7efb11e4258dfee59954226e53fef4e68,1.043841,1.04384133611691,1.04384133611691,,0.8326036949784997
0x7baa73e621a606feafb396e82b33a184555c2d94f6faa709d60230c4bf20a1db,24392837,1770321143,0xa28ee7ec4756b4c3340c30a8c8cb8bd708e1dcdc,0xe08d97e151473a848c3d9ca3f323cb720472d015,0xc99882e7efb11e4258dfee59954226e53fef4e68,1.043841,1.04384133611691,1.04384133611691,,0.8326036949784997
0x97ccec641507b15a83bb5646b98860a70803eec12ec0ed34ca78ea87b8891258,24392837,1770321143,0xa28ee7ec4756b4c3340c30a8c8cb8bd708e1dcdc,0xf1d2d880c5dde7cc912636c2b4d080b3fe5f7b50,0xba10248ac4dcc76ef27b58aad637f02a27fbc4f6,1.043841,1.04384133611691,1.04384133611691,,0.8326036949784997
0xa327ee619612528333c73a1f57a553773f4661d2cae8c0b89b8300af760cc26f,24392837,1770321143,0xa28ee7ec4756b4c3340c30a8c8cb8bd708e1dcdc,0xe08d97e151473a848c3d9ca3f323cb720472d015,0xba10248ac4dcc76ef27b58aad637f02a27fbc4f6,1.043841,1.04384133611691,1.04384133611691,,0.8326036949784997
0xa44730a965c5d8f4c127fdf2fd32f61b869352df71af7f661f2e57c27c1c13a2,24392837,1770321143,0xa28ee7ec4756b4c3340c30a8c8cb8bd708e1dcdc,0xe08d97e151473a848c3d9ca3f323cb720472d015,0xba10248ac4dcc76ef27b58aad637f02a27fbc4f6,1.043841,1.04384133611691,1.04384133611691,,0.8326036949784997
0x997870c6658469f3fe197913fdfa1fd6398b24583581a7f704734e134e3820af,24392837,1770321143,0xa28ee7ec4756b4c3340c30a8c8cb8bd708e1dcdc,0xe08d97e151473a848c3d9ca3f323cb720472d015,0xba10248ac4dcc76ef27b58aad637f02a27fbc4f6,1.043841,1.04384133611691,1.04384133611691,,0.8326036949784997
0x83e664ef281a7f27dc977cbf24d791990b04a2555a6d1ec5a11ae863072f9789,24392837,1770321143,0xa28ee7ec4756b4c3340c30a8c8cb8bd708e1dcdc,0xe08d97e151473a848c3d9ca3f323cb720472d015,0xba10248ac4dcc76ef27b58aad637f02a27fbc4f6,1.043841,1.04384133611691,1.04384133611691,,0.8326036949784997
0x86faa1afa8e2364bf682448e221cbd0da479e04a7cb77b246bdeb0f27d5e8194,24392839,1770321167,0xd2c334ead25f006e98d927fba7452dad481f9ee6,0xf00001968c1d6196d3d0553030c7af8d1905dcbb,0xe1abbcb7776199fdda8c2c47d9cc3eb80917daf1,1.043841,1.04384133611691,1.04384133611691,,0.8326036949784997
0xe8fa647c0fce3a9a44283bf0b3b9c491c12c8ad5f4c91607a94abad2259004de,24392839,1770321167,0xa28ee7ec4756b4c3340c30a8c8cb8bd708e1dcdc,0x00000f91109c4d0007e90000d9facad5298a0cac,0x721e3b6e8c3f8ef3d1a7605700cb3ba027ef8eba,1.043841,1.04384133611691,1.04384133611691,,0.8326036949784997
0xbcf72da36a2e9bd94648b90248bb0fc924a00b39a45b118df7ade00e4aa5e3d5,24392839,1770321167,0xa28ee7ec4756b4c3340c30a8c8cb8bd708e1dcdc,0x00000f91109c4d0007e90000d9facad5298a0cac,0xad95973c72045cd05b9ddaa2b27cf65f578e339e,1.043841,1.04384133611691,1.04384133611691,,0.8326036949784997
0xfd4ecddec0b56a5e29621a2246d427e4deae5a6388840d0fb0208165313c88a2,24392839,1770321167,0xbfa7f9c1983ae40738ea0f128e58aa704461aa3a,0x00000f91109c4d0007e90000d9facad5298a0cac,0x721e3b6e8c3f8ef3d1a7605700cb3ba027ef8eba,1.043841,1.04384133611691,1.04384133611691,,0.8326036949784997
0xcb365f1229d6f78eee3de3643635423f343c714bd09d9b0421964d8cc93f1b32,24392839,1770321167,0xa28ee7ec4756b4c3340c30a8c8cb8bd708e1dcdc,0x00000f91109c4d0007e90000d9facad5298a0cac,0xd0cae02373c612e7fa2643f6742d5264685d2c75,1.043841,1.04384133611691,1.04384133611691,,0.8326036949784997
0x400317f1704f6f8ae87ac693e1ba08101d3c07372d76190cbb876a7cf925eebd,24392840,1770321179,0xbfa7f9c1983ae40738ea0f128e58aa704461aa3a,0xe08d97e151473a848c3d9ca3f323cb720472d015,0xa1b08911b1a6f624cd65a87cb529525c78211330,1.043841,1.04384133611691,1.04384133611691,,0.8326036949784997
0xee33fe851c1a013733419a1cdeeeee4a2844bbe3f13ee0a664c667224b95cb71,24392840,1770321179,0xbfa7f9c1983ae40738ea0f128e58aa704461aa3a,0xe08d97e151473a848c3d9ca3f323cb720472d015,0xa1b08911b1a6f624cd65a87cb529525c78211330,1.043841,1.04384133611691,1.04384133611691,,0.8326036949784997
0x1a32b033fc894ecc7e1f4288db6ec57cb5373df1fd459a001cc5db614e59b4e6,24392840,1770321179,0xbfa7f9c1983ae40738ea0f128e58aa704461aa3a,0xe08d97e151473a848c3d9ca3f323cb720472d015,0xa1b08911b1a6f624cd65a87cb529525c78211330,1.043841,1.04384133611691,1.04384133611691,,0.8326036949784997
0xbc56c727742c5415d8e0a5a344cf18e5a6abfdfe5ed87c6505bf9a7fd2fa0280,24392840,1770321179,0xbfa7f9c1983ae40738ea0f128e58aa704461aa3a,0xe08d97e151473a848c3d9ca3f323cb720472d015,0xa1b08911b1a6f624cd65a87cb529525c78211330,1.043841,1.04384133611691,1.04384133611691,,0.8326036949784997
0xbe9796e9baf7be175b903688ce3bdd0d15221f1652d76ae811e013a73488b8a1,24392840,1770321179,0xbfa7f9c1983ae40738ea0f128e58aa704461aa3a,0xe08d97e151473a848c3d9ca3f323cb720472d015,0xa1b08911b1a6f624cd65a87cb529525c78211330,1.043841,1.04384133611691,1.04384133611691,,0.8326036949784997
0x4200f5afc51720a5d8ac5461afc3cac40f1fa52114cd2322cb03f5386f504088,24392840,1770321179,0xbfa7f9c1983ae40738ea0f128e58aa704461aa3a,0xe08d97e151473a848c3d9ca3f323cb720472d015,0xa1b08911b1a6f624cd65a87cb529525c78211330,1.043841,1.04384133611691,1.04384133611691,,0.8326036949784997
0xb9fd6f8d48ece6a0ef06fe3e5e6b55fd5320b7291f3750b64a4f76f339ad069a,24392840,1770321179,0xbfa7f9c1983ae40738ea0f128e58aa704461aa3a,0xe08d97e151473a848c3d9ca3f323cb720472d015,0xa1b08911b1a6f624cd65a87cb529525c78211330,1.043841,1.04384133611691,1.04384133611691,,0.8326036949784997
0x3deef686bc00367cf3ff788df386a9917f2a6f619d45b7b211820e5616d3ab96,24392840,1770321179,0x0e09ce5c48b48bf72bb667715cbe6977489042cb,0x00000f91109c4d0007e90000d9facad5298a0cac,0x8067e992c67715851f592094686bc9d2f7d23889,1.043841,1.04384133611691,1.04384133611691,,0.8326036949784997
0xad8aa9c2423ea12c87b81d5d48db83db2cdb0e55ba793cc8363dc104d1e8ee57,24392840,1770321179,0x0e09ce5c48b48bf72bb667715cbe6977489042cb,0x00000f91109c4d0007e90000d9facad5298a0cac,0x8067e992c67715851f592094686bc9d2f7d23889,1.043841,1.04384133611691,1.04384133611691,,0.8326036949784997
0xa19a66e9cd32b06cc7eb4ac7b7b6b75c2d6334a694d8ab921ceea09fa094512a,24392840,1770321179,0xbfa7f9c1983ae40738ea0f128e58aa704461aa3a,0x00000f91109c4d0007e90000d9facad5298a0cac,0xaec4ee9a108304fcc5cdc323d8a2a1d331c342b7,1.04384,1.04384133611691,1.04384133611691,,0.8326036949784997
0x1c3849edaa7ab66c11578e8f5aa837d119ae47d7a83c2977ffa3342b9f21ce69,24392840,1770321179,0xa28ee7ec4756b4c3340c30a8c8cb8bd708e1dcdc,0x00000f91109c4d0007e90000d9facad5298a0cac,0xfce88de8b752b27936c82b9bda6705fea0a1fa5c,1.043841,1.04384133611691,1.04384133611691,,0.8326036949784997
0xe73d76f49437f62ea8460fce9400df99d434bfc0bd82f059fe5991202990fd9e,24392840,1770321179,0xa28ee7ec4756b4c3340c30a8c8cb8bd708e1dcdc,0xf00001968c1d6196d3d0553030c7af8d1905dcbb,0x721e3b6e8c3f8ef3d1a7605700cb3ba027ef8eba,1.043841,1.04384133611691,1.04384133611691,,0.8326036949784997
0x0c72ddbac7b660797c3c84212c7585e5066cd376b436defbf8ecbf43c1c32ea4,24392841,1770321191,0xa28ee7ec4756b4c3340c30a8c8cb8bd708e1dcdc,0xd2306a7187fe8b0c0dee59b50fdc438d2075d24c,0x4e31820791ff065f69ef0054711ea8a073e5eba9,1.043841,1.04384133611691,1.04384133611691,,0.8326036949784997
0xf9f256abe09345e1c3337bc9f356e4384ba59cbaaeb3e4a364f054c075d8f2fa,24392841,1770321191,0xa28ee7ec4756b4c3340c30a8c8cb8bd708e1dcdc,0xd2306a7187fe8b0c0dee59b50fdc438d2075d24c,0x4e31820791ff065f69ef0054711ea8a073e5eba9,1.043841,1.04384133611691,1.04384133611691,,0.8326036949784997
0x5a51bfed6670e946152bbcd93e134389ee60b8d74a7535638ae1b244b798feaa,24392841,1770321191,0xa28ee7ec4756b4c3340c30a8c8cb8bd708e1dcdc,0xd2306a7187fe8b0c0dee59b50fdc438d2075d24c,0x4e31820791ff065f69ef0054711ea8a073e5eba9,1.043841,1.04384133611691,1.04384133611691,,0.8326036949784997
0x4b301c808b0b7e7657ac9e46d1a3d3810b5e6e602b3563f5f287ee77d24dccba,24392841,1770321191,0xa28ee7ec4756b4c3340c30a8c8cb8bd708e1dcdc,0xd2306a7187fe8b0c0dee59b50fdc438d2075d24c,0x4e31820791ff065f69ef0054711ea8a073e5eba9,1.043841,1.04384133611691,1.04384133611691,,0.8326036949784997
0x64bee9fa88b0eb1a298c97911a2d01c906c327d28a92b51829fbbb88a2ba4e6c,24392841,1770321191,0x0e09ce5c48b48bf72bb667715cbe6977489042cb,0xaf682de1f2e6f710731121a05a44cb3c1b511f7d,0x8067e992c67715851f592094686bc9d2f7d23889,1.043841,1.04384133611691,1.04384133611691,,0.8326036949784997
0x31911be27b8b67042adba8569daa2af446deb9fc24ba9f3a39ef0f66ffbcaa2e,24392841,1770321191,0xbfa7f9c1983ae40738ea0f128e58aa704461aa3a,0xaf682de1f2e6f710731121a05a44cb3c1b511f7d,0xa1b08911b1a6f624cd65a87cb529525c78211330,1.043841,1.04384133611691,1.04384133611691,,0.8326036949784997
0xa0e7bcb68983515ef871f36380d98f2de1c4cd89c0c865ff8172d5b51e5e68e1,24392841,1770321191,0xa28ee7ec4756b4c3340c30a8c8cb8bd708e1dcdc,0xf00001968c1d6196d3d0553030c7af8d1905dcbb,0x163d2d8fb1ca05bfddbacd065b0172dc0255a37b,1.043841,1.04384133611691,1.04384133611691,,0.8326036949784997
0x35f69e1b85e786120565ac2381c5926ce0d83a650d768c91d86aa94c50bbabcb,24392841,1770321191,0xbfa7f9c1983ae40738ea0f128e58aa704461aa3a,0x00000f91109c4d0007e90000d9facad5298a0cac,0x10a132b6feed4998f9011ffd6dbe3e2413614245,1.043841,1.04384133611691,1.04384133611691,,0.8326036949784997
0x9667b03d839f669ab64da8a9224cd787f0ce70c56f68cc0b951783f2964d9614,24392841,1770321191,0xbfa7f9c1983ae40738ea0f128e58aa704461aa3a,0x00000f91109c4d0007e90000d9facad5298a0cac,0x10a132b6feed4998f9011ffd6dbe3e2413614245,1.043841,1.04384133611691,1.04384133611691,,0.8326036949784997
0xb413ac226255d04ae93e79cd8199391155396448c6994cbb3e4bf8ca1411d5c8,24392841,1770321191,0xbfa7f9c1983ae40738ea0f128e58aa704461aa3a,0x00000f91109c4d0007e90000d9facad5298a0cac,0x10a132b6feed4998f9011ffd6dbe3e2413614245,1.043841,1.04384133611691,1.04384133611691,,0.8326036949784997
0x1738f7e3efcc29277f5e8074cda8098c28b70140c90bd1e7432aec619df5d74f,24392841,1770321191,0xbfa7f9c1983ae40738ea0f128e58aa704461aa3a,0x00000f91109c4d0007e90000d9facad5298a0cac,0x10a132b6feed4998f9011ffd6dbe3e2413614245,1.043841,1.04384133611691,1.04384133611691,,0.8326036949784997
0x77a190262be217049d021591617b64b25291a9b2a632c71afa925f807901ab6a,24392841,1770321191,0xa28ee7ec4756b4c3340c30a8c8cb8bd708e1dcdc,0x00000f91109c4d0007e90000d9facad5298a0cac,0xad95973c72045cd05b9ddaa2b27cf65f578e339e,1.043841,1.04384133611691,1.04384133611691,,0.8326036949784997
0x248a09596807168e91630e28040b5a98229fbdbea314f375948b983c0a902fe2,24392842,1770321203,0xa28ee7ec4756b4c3340c30a8c8cb8bd708e1dcdc,0xa000016d11e045500240e2dfb9938c226e8a873c,0x9398563acd4539df8f2c613f964c2ecbe6020d6b,1.043841,1.04384133611691,1.04384133611691,,0.8326036949784997
0xed1d9637988150dc15c9a440660a77dc34db19631b35f76f7c7dbfab5a504045,24392842,1770321203,0xbfa7f9c1983ae40738ea0f128e58aa704461aa3a,0x00000f91109c4d0007e90000d9facad5298a0cac,0xaec4ee9a108304fcc5cdc323d8a2a1d331c342b7,1.04384,1.04384133611691,1.04384133611691,,0.8326036949784997
0x5b04e4cc00145e10a8c79b5fcd3290a571290a3f67cdf6ac366751b092847000,24392842,1770321203,0xbfa7f9c1983ae40738ea0f128e58aa704461aa3a,0x00000f91109c4d0007e90000d9facad5298a0cac,0xaec4ee9a108304fcc5cdc323d8a2a1d331c342b7,1.043841,1.04384133611691,1.04384133611691,,0.8326036949784997
0x83620887cedf7c70240b2e6912a93b670dfae340da2b9b9106d342204fbac9ba,24392843,1770321215,0x0e09ce5c48b48bf72bb667715cbe6977489042cb,0xf00001968c1d6196d3d0553030c7af8d1905dcbb,0x124c956fb6ea9ab47b5f6e1b2050333bb4df0474,1.043841,1.04384133611691,1.04384133611691,,0.8326036949784997
0x9adfe9c8e675a612e1927d20b606f84b0c103c6d29db37e81d575dc985f79812,24392843,1770321215,0x0e09ce5c48b48bf72bb667715cbe6977489042cb,0xf00001968c1d6196d3d0553030c7af8d1905dcbb,0xccb38eba7e1043b86db6ff1fdb7882cc6cd6c232,1.043841,1.04384133611691,1.04384133611691,,0.8326036949784997
0x35d1bb73de66e06842f141063e7fb8b58b65df3fdebe387829e1527d0a72be86,24392843,1770321215,0xbfa7f9c1983ae40738ea0f128e58aa704461aa3a,0xf00001968c1d6196d3d0553030c7af8d1905dcbb,0x8f714eeaaeb838c9c7e295b5f105abfab311b286,1.043841,1.04384133611691,1.04384133611691,,0.8326036949784997
0xb04f317f1f889632496c83e20ddacc1da8aaa58f23bd1dd9ef9e7c10ff0d6044,24392843,1770321215,0x0e09ce5c48b48bf72bb667715cbe6977489042cb,0xf00001968c1d6196d3d0553030c7af8d1905dcbb,0x10322f1f396bc367b2bc5f3aa9434e5cab6018d7,1.043841,1.04384133611691,1.04384133611691,,0.8326036949784997
0x93ada72f323e953bb850f8b8376222239ecc9f7163bfcedcf2dab5e7e72014d9,24392843,1770321215,0xbfa7f9c1983ae40738ea0f128e58aa704461aa3a,0xf00001968c1d6196d3d0553030c7af8d1905dcbb,0x10a132b6feed4998f9011ffd6dbe3e2413614245,1.043841,1.04384133611691,1.04384133611691,,0.8326036949784997
0xc3ca35b31eaac7ba519f887c8989d6127edae8bac5a2dcbfeb2f40ceeef9924a,24392843,1770321215,0xbfa7f9c1983ae40738ea0f128e58aa704461aa3a,0xf00001968c1d6196d3d0553030c7af8d1905dcbb,0xa96c774dbcdad89ee7872078e58d5168170d684e,1.043841,1.04384133611691,1.04384133611691,,0.8326036949784997
0xe0dad69f261eb84790f5ec7826eb63150fe4c983b7a413e215d0c08427bbcbad,24392843,1770321215,0x11b0f28028e3659c1ae18e153625c4f1c95698c8,0xe08d97e151473a848c3d9ca3f323cb720472d015,0xfbe874e5d9bc5afd18880232f97b3c2c34045f64,1.043841,1.04384133611691,1.04384133611691,,0.8326036949784997
0x1d79929ab0664a684011e59c3d175dd59106ef6b58c2878e53d92aa899e88152,24392843,1770321215,0xbfa7f9c1983ae40738ea0f128e58aa704461aa3a,0x00000f91109c4d0007e90000d9facad5298a0cac,0xd0cae02373c612e7fa2643f6742d5264685d2c75,1.043841,1.04384133611691,1.04384133611691,,0.8326036949784997
0xadaa56596237f95a879f0ddc77eb206b9f8deed7ff6350654aa14e2e0cb82e23,24392843,1770321215,0xbfa7f9c1983ae40738ea0f128e58aa704461aa3a,0x00000f91109c4d0007e90000d9facad5298a0cac,0xd0cae02373c612e7fa2643f6742d5264685d2c75,1.043841,1.04384133611691,1.04384133611691,,0.8326036949784997
0x58a54c678c6c0bd268fa55f6385a9f02dac9acfbca0823c266e8cee54da761ad,24392845,1770321239,0x11b0f28028e3659c1ae18e153625c4f1c95698c8,0x188b7869512479a4c63681c0192d29da8409d811,0x21e39af4f3a2f06cf89dc13155dbd6e2f7576bbf,1.043841,1.04384133611691,1.04384133611691,,0.8326036949784997
0x4e0d7e1f85011d58629e8933134bf4d37ea5990dec38fbe4f90b08099db24040,24392851,1770321311,0x11b0f28028e3659c1ae18e153625c4f1c95698c8,0xa000016d11e045500240e2dfb9938c226e8a873c,0xd8fa2f704ac2d5ff4acecbf248db61523f99833b,1.043841,1.04384133611691,1.04384133611691,,0.8326036949784997
0xa15c2775c8f1164b3aff62f791040143464ba82fc582269a39ab6c06b7452a99,24392851,1770321311,0xbfa7f9c1983ae40738ea0f128e58aa704461aa3a,0xaf682de1f2e6f710731121a05a44cb3c1b511f7d,0x721e3b6e8c3f8ef3d1a7605700cb3ba027ef8eba,1.04384,1.04384133611691,1.04384133611691,,0.8326036949784997
0x8deb5d694ca6414771dcc3025528774bfe0abb78ceaf6c1902611bf3c1a5a72f,24392956,1770322583,0xa28ee7ec4756b4c3340c30a8c8cb8bd708e1dcdc,0xf00001968c1d6196d3d0553030c7af8d1905dcbb,0xc99882e7efb11e4258dfee59954226e53fef4e68,1.043841,1.04384133611691,1.04384133611691,,0.8326036949784997
0xdef84d8739bcb9b0286143418e5b724972075454b53b9685cc92a6187c63d454,24392956,1770322583,0xa28ee7ec4756b4c3340c30a8c8cb8bd708e1dcdc,0xf00001968c1d6196d3d0553030c7af8d1905dcbb,0xba10248ac4dcc76ef27b58aad637f02a27fbc4f6,1.043841,1.04384133611691,1.04384133611691,,0.8326036949784997
0xb94326c1c4b9f85d1691461bdd3b7b02190b4c43367aa9355c09491127d0b036,24392956,1770322583,0xd2c334ead25f006e98d927fba7452dad481f9ee6,0xf00001968c1d6196d3d0553030c7af8d1905dcbb,0xe1abbcb7776199fdda8c2c47d9cc3eb80917daf1,1.043841,1.04384133611691,1.04384133611691,,0.8326036949784997
0xc3d39ac1e51c802ed97809e14ce0040572e3d29a59f7730e82abb8664c6b5811,24392956,1770322583,0xa28ee7ec4756b4c3340c30a8c8cb8bd708e1dcdc,0xaf682de1f2e6f710731121a05a44cb3c1b511f7d,0x721e3b6e8c3f8ef3d1a7605700cb3ba027ef8eba,1.043841,1.04384133611691,1.04384133611691,,0.8326036949784997
0x652f96b35fcf93a386c620f004316a388b8cf981361bde20e9caa5da9bbfa217,24392956,1770322583,0xbfa7f9c1983ae40738ea0f128e58aa704461aa3a,0xd2306a7187fe8b0c0dee59b50fdc438d2075d24c,0xa1b08911b1a6f624cd65a87cb529525c78211330,1.043841,1.04384133611691,1.04384133611691,,0.8326036949784997
0x15be3568dcad3719776809740c9059107b8897c1d3772472f974d573d2106da9,24392956,1770322583,0x0e09ce5c48b48bf72bb667715cbe6977489042cb,0xaf682de1f2e6f710731121a05a44cb3c1b511f7d,0x8067e992c67715851f592094686bc9d2f7d23889,1.043841,1.04384133611691,1.04384133611691,,0.8326036949784997
0x8ad6ca739e6a317e7f976998d758d5bff5d388fce060aeb45c87c3f96eea0750,24392960,1770322631,0xa28ee7ec4756b4c3340c30a8c8cb8bd708e1dcdc,0xf00001968c1d6196d3d0553030c7af8d1905dcbb,0x08ce56a1dc045bcbd34a7964b23516d364df6ba5,1.043841,1.04384133611691,1.04384133611691,,0.8326036949784997
0x5c60221940b9ee5727cd6f1b7ec1607ca0b8d33a394c66a6ab543a0527568999,24392960,1770322631,0xbfa7f9c1983ae40738ea0f128e58aa704461aa3a,0xaf682de1f2e6f710731121a05a44cb3c1b511f7d,0xa1b08911b1a6f624cd65a87cb529525c78211330,1.043841,1.04384133611691,1.04384133611691,,0.8326036949784997
0x41dea5e0a6ae4ca95dd4c504374e6fce8fd25c14b4aaad04764cf760f63d950f,24392960,1770322631,0x11b0f28028e3659c1ae18e153625c4f1c95698c8,0xd2306a7187fe8b0c0dee59b50fdc438d2075d24c,0xfbe874e5d9bc5afd18880232f97b3c2c34045f64,1.043841,1.04384133611691,1.04384133611691,,0.8326036949784997
0xdaa734859dff27261843bd803ef2ca6713991bec85f942d1410d24880fbdd9f9,24392960,1770322631,0xa28ee7ec4756b4c3340c30a8c8cb8bd708e1dcdc,0xf00001968c1d6196d3d0553030c7af8d1905dcbb,0x4e31820791ff065f69ef0054711ea8a073e5eba9,1.043841,1.04384133611691,1.04384133611691,,0.8326036949784997
0x5ef5beb0005c867f249ae1daab9e60d8ec7a2c7697b17f8f2d9571513e47068c,24392960,1770322631,0xa28ee7ec4756b4c3340c30a8c8cb8bd708e1dcdc,0xf00001968c1d6196d3d0553030c7af8d1905dcbb,0xad95973c72045cd05b9ddaa2b27cf65f578e339e,1.043841,1.04384133611691,1.04384133611691,,0.8326036949784997
0x6b2b40a8fe8ca55d75ac32c6b3d01377f73a7ae5b323d455b2beddf5af4f3e3e,24392960,1770322631,0xa28ee7ec4756b4c3340c30a8c8cb8bd708e1dcdc,0xf00001968c1d6196d3d0553030c7af8d1905dcbb,0xd0cae02373c612e7fa2643f6742d5264685d2c75,1.043841,1.04384133611691,1.04384133611691,,0.8326036949784997
0x8ca7233cde979eab52b84a6ed36801b3f1a902ce968a974c125c719f3e41565d,24392960,1770322631,0xa28ee7ec4756b4c3340c30a8c8cb8bd708e1dcdc,0xf00001968c1d6196d3d0553030c7af8d1905dcbb,0x9398563acd4539df8f2c613f964c2ecbe6020d6b,1.043841,1.04384133611691,1.04384133611691,,0.8326036949784997
0xd4207607298f051684ee436d6504021c4080349c90951deee911825d138aacf3,24392961,1770322643,0x11b0f28028e3659c1ae18e153625c4f1c95698c8,0xf00001968c1d6196d3d0553030c7af8d1905dcbb,0xfbe874e5d9bc5afd18880232f97b3c2c34045f64,1.043841,1.04384133611691,1.04384133611691,,0.8326036949784997
0x82671732765a3b0a58bce9945c783a0fe29296cbe6b83b6e35664dbb68572d16,24392961,1770322643,0x11b0f28028e3659c1ae18e153625c4f1c95698c8,0xf00001968c1d6196d3d0553030c7af8d1905dcbb,0xd8fa2f704ac2d5ff4acecbf248db61523f99833b,1.043841,1.04384133611691,1.04384133611691,,0.8326036949784997
0x94cc56df642344b428ede7641c25e52b053c29f5cd0366012ce8821ca1d4f5a7,24392961,1770322643,0xa28ee7ec4756b4c3340c30a8c8cb8bd708e1dcdc,0xf00001968c1d6196d3d0553030c7af8d1905dcbb,0xd604d0f40809954749f536477acbd227c2aad38b,1.043841,1.04384133611691,1.04384133611691,,0.8326036949784997
0x3b5caa5c2bd80cb73121f3efb0fa335c2f64c59aa56ae18f89db8d1301233588,24392966,1770322703,0x0e09ce5c48b48bf72bb667715cbe6977489042cb,0xf00001968c1d6196d3d0553030c7af8d1905dcbb,0xccb38eba7e1043b86db6ff1fdb7882cc6cd6c232,1.043841,1.04384133611691,1.04384133611691,,0.8326036949784997
0xc7638ad418c0c6ddfe92b95bb97b6fa832ce32d266a8b749a70119a835dd0086,24392966,1770322703,0x0e09ce5c48b48bf72bb667715cbe6977489042cb,0xf00001968c1d6196d3d0553030c7af8d1905dcbb,0x124c956fb6ea9ab47b5f6e1b2050333bb4df0474,1.043841,1.04384133611691,1.04384133611691,,0.8326036949784997
0xbcb93f4ad2f442c35863103252cec68c481a579c56e7def5ab8ed17cd42baf1d,24392966,1770322703,0xbfa7f9c1983ae40738ea0f128e58aa704461aa3a,0xf00001968c1d6196d3d0553030c7af8d1905dcbb,0x10a132b6feed4998f9011ffd6dbe3e2413614245,1.043841,1.04384133611691,1.04384133611691,,0.8326036949784997
0x248dd4f7f64dabe56df8f8919885185ac11f1da9ff94bb10e3f8ffd85c332ccd,24392966,1770322703,0xbfa7f9c1983ae40738ea0f128e58aa704461aa3a,0xa000016d11e045500240e2dfb9938c226e8a873c,0xa96c774dbcdad89ee7872078e58d5168170d684e,1.043841,1.04384133611691,1.04384133611691,,0.8326036949784997
0x50fd6699a37b98b53831ff8cbe8299431436afe988f790b475a556dc5c2e05b2,24392966,1770322703,0xbfa7f9c1983ae40738ea0f128e58aa704461aa3a,0xf00001968c1d6196d3d0553030c7af8d1905dcbb,0xd69849c9f8133d0da59d1e9ace75beda8348aaa7,1.043841,1.04384133611691,1.04384133611691,,0.8326036949784997
0xf871929440e030de30da3a12d892e047b47cf16e2530152e0921ad8d672a6afa,24392966,1770322703,0xa28ee7ec4756b4c3340c30a8c8cb8bd708e1dcdc,0xf00001968c1d6196d3d0553030c7af8d1905dcbb,0x163d2d8fb1ca05bfddbacd065b0172dc0255a37b,1.043841,1.04384133611691,1.04384133611691,,0.8326036949784997
0xd4a38a73bd4fb96eb1c65063cb6d69b12e09cb77dbcf396fc66293349973b285,24392967,1770322715,0xbfa7f9c1983ae40738ea0f128e58aa704461aa3a,0xf00001968c1d6196d3d0553030c7af8d1905dcbb,0x8f714eeaaeb838c9c7e295b5f105abfab311b286,1.054551,1.04384133611691,1.04384133611691,,0.8326036949784997
0x76d100ed35558159ba97b51bf15f7e709bfe5e59862036c575d7a74d9ed87564,24392967,1770322715,0x11b0f28028e3659c1ae18e153625c4f1c95698c8,0xf00001968c1d6196d3d0553030c7af8d1905dcbb,0x21e39af4f3a2f06cf89dc13155dbd6e2f7576bbf,1.043841,1.04384133611691,1.04384133611691,,0.8326036949784997
0xea56480df7acdfc1428a7e1201cfe8423bf01dc6a92ffcca203dbcf759530d26,24392967,1770322715,0x0e09ce5c48b48bf72bb667715cbe6977489042cb,0xf00001968c1d6196d3d0553030c7af8d1905dcbb,0x10322f1f396bc367b2bc5f3aa9434e5cab6018d7,1.054551,1.04384133611691,1.04384133611691,,0.8326036949784997
0x0d5df3a8038eaec9f4c4104791253a144d25dae12162d3b6fc5d15fb29314852,24392967,1770322715,0xbfa7f9c1983ae40738ea0f128e58aa704461aa3a,0xf00001968c1d6196d3d0553030c7af8d1905dcbb,0x721e3b6e8c3f8ef3d1a7605700cb3ba027ef8eba,1.054551,1.04384133611691,1.04384133611691,,0.8326036949784997
0x4142f37879ba6747f8bede97d8031e44945da2fd5821d2d846002207cc65d3fd,24392968,1770322727,0xa28ee7ec4756b4c3340c30a8c8cb8bd708e1dcdc,0xf00001968c1d6196d3d0553030c7af8d1905dcbb,0xc99882e7efb11e4258dfee59954226e53fef4e68,1.043841,1.04384133611691,1.04384133611691,,0.8326036949784997
0xa47557c7065a84c73c6397bc0fee268f4f9ef8176cffa0282755edf0257abe28,24392968,1770322727,0xa28ee7ec4756b4c3340c30a8c8cb8bd708e1dcdc,0xf00001968c1d6196d3d0553030c7af8d1905dcbb,0xba10248ac4dcc76ef27b58aad637f02a27fbc4f6,1.043841,1.04384133611691,1.04384133611691,,0.8326036949784997
0xdb81acab04406f295e08154262b6b4a6b5f941240292b8260cff05a5ed0496d2,24392968,1770322727,0xd2c334ead25f006e98d927fba7452dad481f9ee6,0xf00001968c1d6196d3d0553030c7af8d1905dcbb,0xe1abbcb7776199fdda8c2c47d9cc3eb80917daf1,1.043841,1.04384133611691,1.04384133611691,,0.8326036949784997
0xbab9dcfb3077934181410fbc1ddd67ea74a0dc34e0766e7db079f1d17f84ac4b,24392968,1770322727,0xa28ee7ec4756b4c3340c30a8c8cb8bd708e1dcdc,0xf00001968c1d6196d3d0553030c7af8d1905dcbb,0x08ce56a1dc045bcbd34a7964b23516d364df6ba5,1.043841,1.04384133611691,1.04384133611691,,0.8326036949784997
0xc59d56238fbd980c074dd23bcd5bf719b35474e0747b765460787b3fd6cb1c43,24392968,1770322727,0xbfa7f9c1983ae40738ea0f128e58aa704461aa3a,0xaf682de1f2e6f710731121a05a44cb3c1b511f7d,0xa1b08911b1a6f624cd65a87cb529525c78211330,1.043841,1.04384133611691,1.04384133611691,,0.8326036949784997
0x0449310bea534e98f911523af18e87165294ab1e55820ca0dc70527fa0880278,24392968,1770322727,0x0e09ce5c48b48bf72bb667715cbe6977489042cb,0xf00001968c1d6196d3d0553030c7af8d1905dcbb,0x8067e992c67715851f592094686bc9d2f7d23889,1.043841,1.04384133611691,1.04384133611691,,0.8326036949784997
0x24f93e8ad18a4f68b17fad6cb9f8713aa167818cd48fa56f49834db3b0f4d14c,24392968,1770322727,0x0e09ce5c48b48bf72bb667715cbe6977489042cb,0xa000016d11e045500240e2dfb9938c226e8a873c,0x124c956fb6ea9ab47b5f6e1b2050333bb4df0474,1.043841,1.04384133611691,1.04384133611691,,0.8326036949784997
0x989bcd20d4a8eb8baa1625fe360eee7f862783a8d4e882a3b96f0bae5b168fce,24392968,1770322727,0xa28ee7ec4756b4c3340c30a8c8cb8bd708e1dcdc,0xf00001968c1d6196d3d0553030c7af8d1905dcbb,0xd604d0f40809954749f536477acbd227c2aad38b,1.043841,1.04384133611691,1.04384133611691,,0.8326036949784997
0x8011519b5c2f6721357590fc1275e253290856e01028992b13384c7b7ed5d018,24392968,1770322727,0xa28ee7ec4756b4c3340c30a8c8cb8bd708e1dcdc,0xf00001968c1d6196d3d0553030c7af8d1905dcbb,0x721e3b6e8c3f8ef3d1a7605700cb3ba027ef8eba,1.043841,1.04384133611691,1.04384133611691,,0.8326036949784997
0x52e4ea82a49b49517bc23e603f956cb851e1df74714d8785d1a23f2ec0aeff2a,24392968,1770322727,0xbfa7f9c1983ae40738ea0f128e58aa704461aa3a,0xf00001968c1d6196d3d0553030c7af8d1905dcbb,0x8f714eeaaeb838c9c7e295b5f105abfab311b286,1.043841,1.04384133611691,1.04384133611691,,0.8326036949784997
0x7f1a727756b60160369613560f1cb7b7347d763ca30b809a673d311cf3064c49,24392968,1770322727,0xbfa7f9c1983ae40738ea0f128e58aa704461aa3a,0xf00001968c1d6196d3d0553030c7af8d1905dcbb,0xaec4ee9a108304fcc5cdc323d8a2a1d331c342b7,1.043841,1.04384133611691,1.04384133611691,,0.8326036949784997
0x797a0321c4573d0b1340a722534732522ea0c2be28038ef717a27edbfea61105,24392968,1770322727,0x0e09ce5c48b48bf72bb667715cbe6977489042cb,0xd7d2807b0715aa1af8157574642f4f06c9badda2,0x10322f1f396bc367b2bc5f3aa9434e5cab6018d7,1.043841,1.04384133611691,1.04384133611691,,0.8326036949784997
0x26ad9564199aa99b53bbd0353c7a59b3a65974a5207161b2b16644d7a6edf1cf,24392968,1770322727,0xbfa7f9c1983ae40738ea0f128e58aa704461aa3a,0xfa0253943c3ff0e43898cba5a7a0da9d17c27995,0x721e3b6e8c3f8ef3d1a7605700cb3ba027ef8eba,1.043841,1.04384133611691,1.04384133611691,,0.8326036949784997
0xe458e0ac841d96d809c2f9ed8b3a7bc1bf70fa5dc17ad7a77059da33bc903f1e,24392969,1770322739,0x0e09ce5c48b48bf72bb667715cbe6977489042cb,0xb6862068b7332c48176c2dcfaee5c86cf16203fe,0xccb38eba7e1043b86db6ff1fdb7882cc6cd6c232,1.043841,1.04384133611691,1.04384133611691,,0.8326036949784997
0xe458e0ac841d96d809c2f9ed8b3a7bc1bf70fa5dc17ad7a77059da33bc903f1e,24392969,1770322739,0x0e09ce5c48b48bf72bb667715cbe6977489042cb,0xb6862068b7332c48176c2dcfaee5c86cf16203fe,0xccb38eba7e1043b86db6ff1fdb7882cc6cd6c232,1.043841,1.04384133611691,1.04384133611691,,0.8326036949784997
0x6942da4e6d43959af8b1d2fe0d9f6eb36aa6ff819639f9dc034feda4e2b2dd89,24392969,1770322739,0xa28ee7ec4756b4c3340c30a8c8cb8bd708e1dcdc,0x00000f91109c4d0007e90000d9facad5298a0cac,0xad95973c72045cd05b9ddaa2b27cf65f578e339e,1.043841,1.04384133611691,1.04384133611691,,0.8326036949784997
0x2c13917db9f228fb1760b70aeb716392f19f1e1dedb72fdbaca8a34edf29a4ce,24392969,1770322739,0xa28ee7ec4756b4c3340c30a8c8cb8bd708e1dcdc,0x682ea8aa9b23250e0e240580e8ae55205f612979,0x163d2d8fb1ca05bfddbacd065b0172dc0255a37b,1.043841,1.04384133611691,1.04384133611691,,0.8326036949784997
0xe6f830ec35567db2fe22f893b4de8355c5d013fdf5ab87a5ca4e0bd146ab1502,24392970,1770322751,0xa28ee7ec4756b4c3340c30a8c8cb8bd708e1dcdc,0xa000016d11e045500240e2dfb9938c226e8a873c,0x4e31820791ff065f69ef0054711ea8a073e5eba9,1.043841,1.04384133611691,1.04384133611691,,0.8326036949784997
0x8436ac847a47044662860b85ee4fad0eadff79f618d0aac8b308083d957ec8ce,24392970,1770322751,0xa28ee7ec4756b4c3340c30a8c8cb8bd708e1dcdc,0xf00001968c1d6196d3d0553030c7af8d1905dcbb,0xd0cae02373c612e7fa2643f6742d5264685d2c75,1.043841,1.04384133611691,1.04384133611691,,0.8326036949784997
0xeafc3056680ab9ccce596d8099298e86562eaded294e5278058f08101a0c8b5f,24392970,1770322751,0xa28ee7ec4756b4c3340c30a8c8cb8bd708e1dcdc,0xf00001968c1d6196d3d0553030c7af8d1905dcbb,0x9398563acd4539df8f2c613f964c2ecbe6020d6b,1.043841,1.04384133611691,1.04384133611691,,0.8326036949784997
0x76b42c40fb6e118f39906897235b7e4cf298fa67a7be5a05fe653c0c17f2b683,24392970,1770322751,0x11b0f28028e3659c1ae18e153625c4f1c95698c8,0xf00001968c1d6196d3d0553030c7af8d1905dcbb,0xc58de690dd0e361feabf80ef61d597ed0b41e597,1.043841,1.04384133611691,1.04384133611691,,0.8326036949784997
0x0de782cf275c0a9f84ba50e1f98aa9dc5ed39b404eaadbf33e29918f64eaae7a,24392970,1770322751,0xbfa7f9c1983ae40738ea0f128e58aa704461aa3a,0xf00001968c1d6196d3d0553030c7af8d1905dcbb,0x3c364a573ab41f21fc163c64ba53a89610b4d3c3,1.043841,1.04384133611691,1.04384133611691,,0.8326036949784997
0x027cf6d444b77e952c9e25efcf3d4e7662dcfdb5874e8e019129ed579091f149,24392970,1770322751,0xbfa7f9c1983ae40738ea0f128e58aa704461aa3a,0x682ea8aa9b23250e0e240580e8ae55205f612979,0x10a132b6feed4998f9011ffd6dbe3e2413614245,1.043841,1.04384133611691,1.04384133611691,,0.8326036949784997
0xd69ff989fdf4c245514bb6ed7dbc09cf5a23a7813b31733f96914e3b0199d905,24392970,1770322751,0xbfa7f9c1983ae40738ea0f128e58aa704461aa3a,0xf00001968c1d6196d3d0553030c7af8d1905dcbb,0xd0cae02373c612e7fa2643f6742d5264685d2c75,1.043841,1.04384133611691,1.04384133611691,,0.8326036949784997
0xc2deda451a175903a9853c3e129042a75b37206d4cdc4ca1618e0983c328cb37,24392970,1770322751,0x0e09ce5c48b48bf72bb667715cbe6977489042cb,0xf00001968c1d6196d3d0553030c7af8d1905dcbb,0x163d2d8fb1ca05bfddbacd065b0172dc0255a37b,1.043841,1.04384133611691,1.04384133611691,,0.8326036949784997
0x1b8f8aa67861a22e4589d3a007510e4a66fc7da32eada57bcefdecec490a3c20,24392971,1770322763,0xf888c589f13dc46e91407873dcda180d37329ff4,0xf00001968c1d6196d3d0553030c7af8d1905dcbb,0x7d5f43a995d64b53d5fba85596d374155ac1d8fb,1.043841,1.04384133611691,1.04384133611691,,0.8326036949784997
0x01aae6e590c1d25640873878adfee5676966a823ce83dc115b55f8f520b57c09,24392971,1770322763,0x1ac73015626cb8941f83f83f1039102d87fb7838,0x00000f91109c4d0007e90000d9facad5298a0cac,0x1a7cda1f6eb3080287b3c2b4c2bef45ef9047996,1.043841,1.04384133611691,1.04384133611691,,0.8326036949784997
0x6def719d127d6ed7ca89be39ba3f9bc20382bbaf790a0ab72947b58f36b1a5ce,24392971,1770322763,0xa28ee7ec4756b4c3340c30a8c8cb8bd708e1dcdc,0x00000f91109c4d0007e90000d9facad5298a0cac,0xfce88de8b752b27936c82b9bda6705fea0a1fa5c,1.04384,1.04384133611691,1.04384133611691,,0.8326036949784997
0x0e02fa02ac5dbe73f39531f8834546c60a03546b3a312a753d3bbc44bba83c43,24392971,1770322763,0xa28ee7ec4756b4c3340c30a8c8cb8bd708e1dcdc,0x00000f91109c4d0007e90000d9facad5298a0cac,0xfce88de8b752b27936c82b9bda6705fea0a1fa5c,1.043841,1.04384133611691,1.04384133611691,,0.8326036949784997
0x8bb670a038bfac607ff91903877c4072e1c98fabb83cc09f2ff9a7181f82d37d,24392971,1770322763,0x0e09ce5c48b48bf72bb667715cbe6977489042cb,0xf00001968c1d6196d3d0553030c7af8d1905dcbb,0x333e2fb07c2451e6e01fa40adde521b73413ef6a,1.043841,1.04384133611691,1.04384133611691,,0.8326036949784997
0x37759519956003397db77b681f47922a6e1afe345afc3e84cb78ab400b61cf11,24392971,1770322763,0xa28ee7ec4756b4c3340c30a8c8cb8bd708e1dcdc,0xf00001968c1d6196d3d0553030c7af8d1905dcbb,0x5c6ce918cafa211e8e3e5cbcf6189dbaabc82af7,1.043841,1.04384133611691,1.04384133611691,,0.8326036949784997
0x2fed451d8e54bfbf9b26cb7fe51723b835a754ac1eb2b9d22e00c68d118a68b5,24392971,1770322763,0x0e09ce5c48b48bf72bb667715cbe6977489042cb,0xf00001968c1d6196d3d0553030c7af8d1905dcbb,0x10322f1f396bc367b2bc5f3aa9434e5cab6018d7,1.043841,1.04384133611691,1.04384133611691,,0.8326036949784997
0xba3c8a1fbd2988eaa2c8776abd5ddce69284a9f10edccb525b3224cec6f43535,24392971,1770322763,0xbfa7f9c1983ae40738ea0f128e58aa704461aa3a,0xf00001968c1d6196d3d0553030c7af8d1905dcbb,0x721e3b6e8c3f8ef3d1a7605700cb3ba027ef8eba,1.043841,1.04384133611691,1.04384133611691,,0.8326036949784997
0x40b9449c4ecebd3e37694c47b52ee2566bf5608c8356277868bfa642777bc021,24392971,1770322763,0x0e09ce5c48b48bf72bb667715cbe6977489042cb,0xf00001968c1d6196d3d0553030c7af8d1905dcbb,0xd2515c793af89c55169191b5c43a99989cf63c54,1.043841,1.04384133611691,1.04384133611691,,0.8326036949784997
0xa96afa3463ae1cc5e62aa19d2f57bf80e7f74bb035859a19efeace0aa7660281,24392972,1770322775,0x1ac73015626cb8941f83f83f1039102d87fb7838,0xaf682de1f2e6f710731121a05a44cb3c1b511f7d,0x1a7cda1f6eb3080287b3c2b4c2bef45ef9047996,1.043841,1.04384133611691,1.04384133611691,,0.8326036949784997
0xb0d9bdd6f7c3d5a648bf9ba43e438deb85e55eff14a77228b7e86f9c11f1601b,24392976,1770322823,0xbfa7f9c1983ae40738ea0f128e58aa704461aa3a,0xf00001968c1d6196d3d0553030c7af8d1905dcbb,0xa96c774dbcdad89ee7872078e58d5168170d684e,1.043841,1.04384133611691,1.04384133611691,,0.8326036949784997
0x7c2e3b2d0938537f6d4e055151f42dfe7ed5a6178338bdd03054f4da34fdb384,24392990,1770322991,0xa28ee7ec4756b4c3340c30a8c8cb8bd708e1dcdc,0xaf682de1f2e6f710731121a05a44cb3c1b511f7d,0xc99882e7efb11e4258dfee59954226e53fef4e68,1.043841,1.04384133611691,1.04384133611691,,0.8326036949784997
0xae927dc07580352b68b05344f09cd04e443206e07ce37b1e614e70df51ba82e9,24392993,1770323027,0x0e09ce5c48b48bf72bb667715cbe6977489042cb,0xd2306a7187fe8b0c0dee59b50fdc438d2075d24c,0x124c956fb6ea9ab47b5f6e1b2050333bb4df0474,1.043841,1.04384133611691,1.04384133611691,,0.8326036949784997
0x1c03acf1f92caed27dd057774e797f9b6ef5b33a2699cf34f3fd6d722c61f8a8,24392993,1770323027,0x0e09ce5c48b48bf72bb667715cbe6977489042cb,0xd2306a7187fe8b0c0dee59b50fdc438d2075d24c,0xccb38eba7e1043b86db6ff1fdb7882cc6cd6c232,1.043841,1.04384133611691,1.04384133611691,,0.8326036949784997
0x492d89da7820c7c459a7bfe4442bd0d86433ff4aaba364e3d4f16324b190250b,24392993,1770323027,0x0e09ce5c48b48bf72bb667715cbe6977489042cb,0xd2306a7187fe8b0c0dee59b50fdc438d2075d24c,0x8067e992c67715851f592094686bc9d2f7d23889,1.043841,1.04384133611691,1.04384133611691,,0.8326036949784997
0x8d0a0092e9c853299995eb8f3341ea1b79fc7bc2da234629f158da5375f4351e,24392993,1770323027,0x0e09ce5c48b48bf72bb667715cbe6977489042cb,0xd2306a7187fe8b0c0dee59b50fdc438d2075d24c,0x10322f1f396bc367b2bc5f3aa9434e5cab6018d7,1.043841,1.04384133611691,1.04384133611691,,0.8326036949784997
0x34156defe1eeb871c5ebfe573fcad72412b18ea9616f60ac8c360c0e044d436c,24392993,1770323027,0x0e09ce5c48b48bf72bb667715cbe6977489042cb,0xd2306a7187fe8b0c0dee59b50fdc438d2075d24c,0xccb38eba7e1043b86db6ff1fdb7882cc6cd6c232,1.043841,1.04384133611691,1.04384133611691,,0.8326036949784997
0xb2ad79ba29381f5568cb2b357a4d05e2bfb87820a0372c77c8c8e2959157d786,24392993,1770323027,0xa28ee7ec4756b4c3340c30a8c8cb8bd708e1dcdc,0xd2306a7187fe8b0c0dee59b50fdc438d2075d24c,0x163d2d8fb1ca05bfddbacd065b0172dc0255a37b,1.043841,1.04384133611691,1.04384133611691,,0.8326036949784997
0x67300e11806a510b34906233bb013d6716cfaed7898297b80ba073ff90ca8998,24392993,1770323027,0xbfa7f9c1983ae40738ea0f128e58aa704461aa3a,0x00000f91109c4d0007e90000d9facad5298a0cac,0xa1b08911b1a6f624cd65a87cb529525c78211330,1.043841,1.04384133611691,1.04384133611691,,0.8326036949784997
0x397dc2acef62657788159702ff439d3fe19c7c4dfc28c50e9c567f5f18792fdc,24392993,1770323027,0xbfa7f9c1983ae40738ea0f128e58aa704461aa3a,0x00000f91109c4d0007e90000d9facad5298a0cac,0x8f714eeaaeb838c9c7e295b5f105abfab311b286,1.043841,1.04384133611691,1.04384133611691,,0.8326036949784997
0x61e3b1ef04420f8195fc504372d5f333ac4c060fc1a147154e04aab2a769e258,24392993,1770323027,0xa28ee7ec4756b4c3340c30a8c8cb8bd708e1dcdc,0x00000f91109c4d0007e90000d9facad5298a0cac,0xad95973c72045cd05b9ddaa2b27cf65f578e339e,1.043841,1.04384133611691,1.04384133611691,,0.8326036949784997
0x8e70e36022f6a15836976eb617c49d199e19c22291e12456ea7764116adb8d28,24392993,1770323027,0xbfa7f9c1983ae40738ea0f128e58aa704461aa3a,0x00000f91109c4d0007e90000d9facad5298a0cac,0xaec4ee9a108304fcc5cdc323d8a2a1d331c342b7,1.043839,1.04384133611691,1.04384133611691,,0.8326036949784997
0xa70013a4175dc928f3ceeff35070f1ae0d8adf4a4458a3a11cbe3d8400c537ed,24392993,1770323027,0xbfa7f9c1983ae40738ea0f128e58aa704461aa3a,0x00000f91109c4d0007e90000d9facad5298a0cac,0xaec4ee9a108304fcc5cdc323d8a2a1d331c342b7,1.043839,1.04384133611691,1.04384133611691,,0.8326036949784997
0xae269d59d8caa9b057ab5ecffe320e2d766ae27184ce6250300a1fdb62783cd5,24392993,1770323027,0xa28ee7ec4756b4c3340c30a8c8cb8bd708e1dcdc,0x00000f91109c4d0007e90000d9facad5298a0cac,0xad95973c72045cd05b9ddaa2b27cf65f578e339e,1.043841,1.04384133611691,1.04384133611691,,0.8326036949784997
0xdcb24db6f90c5c7abe38090c0453125f8569ddb8a8aa0317c8d8568b7c77338b,24392993,1770323027,0xa28ee7ec4756b4c3340c30a8c8cb8bd708e1dcdc,0x00000f91109c4d0007e90000d9facad5298a0cac,0xad95973c72045cd05b9ddaa2b27cf65f578e339e,1.043841,1.04384133611691,1.04384133611691,,0.8326036949784997
0x50c7a08cd2e8d58e970db8ee7b78f69db3ae5d49cbd1a2038fdf3bb9ab697702,24392993,1770323027,0xa28ee7ec4756b4c3340c30a8c8cb8bd708e1dcdc,0x00000f91109c4d0007e90000d9facad5298a0cac,0xad95973c72045cd05b9ddaa2b27cf65f578e339e,1.043841,1.04384133611691,1.04384133611691,,0.8326036949784997
0xf10619f7baff738eb185033f11e7056e53be98554acb88fc42bf1f2d5e03ece0,24392993,1770323027,0xa28ee7ec4756b4c3340c30a8c8cb8bd708e1dcdc,0x00000f91109c4d0007e90000d9facad5298a0cac,0xad95973c72045cd05b9ddaa2b27cf65f578e339e,1.043841,1.04384133611691,1.04384133611691,,0.8326036949784997
0x09528a9aa9f3d9b50b2269bb41fc87279dbc4831d0f456ab4c48c04476c47615,24392995,1770323051,0x11b0f28028e3659c1ae18e153625c4f1c95698c8,0xf00001968c1d6196d3d0553030c7af8d1905dcbb,0xfbe874e5d9bc5afd18880232f97b3c2c34045f64,1.043841,1.04384133611691,1.04384133611691,,0.8326036949784997
0xf0dc035f28c85d6dfa04043872478ca7fbdad86a44d205a20eedb4ce40f2bebf,24392995,1770323051,0xd2c334ead25f006e98d927fba7452dad481f9ee6,0xf00001968c1d6196d3d0553030c7af8d1905dcbb,0xe1abbcb7776199fdda8c2c47d9cc3eb80917daf1,1.043841,1.04384133611691,1.04384133611691,,0.8326036949784997
0x6581337f4154495c476c7efeeabdc597c66e59891627cac394209cace971d97b,24392995,1770323051,0xbfa7f9c1983ae40738ea0f128e58aa704461aa3a,0x00000f91109c4d0007e90000d9facad5298a0cac,0xa1b08911b1a6f624cd65a87cb529525c78211330,1.043841,1.04384133611691,1.04384133611691,,0.8326036949784997
0x6213ddf78dfd2406dc7f7a37a0c64c6c05974d381d52d0ded9e37aeb4d894b07,24392995,1770323051,0x11b0f28028e3659c1ae18e153625c4f1c95698c8,0x00000f91109c4d0007e90000d9facad5298a0cac,0x21e39af4f3a2f06cf89dc13155dbd6e2f7576bbf,1.043841,1.04384133611691,1.04384133611691,,0.8326036949784997
0x715b2e57f64e26e1d48adaf569f985f35844646fc106d08e6c29baa247c28635,24392995,1770323051,0x0e09ce5c48b48bf72bb667715cbe6977489042cb,0xfa0253943c3ff0e43898cba5a7a0da9d17c27995,0x8067e992c67715851f592094686bc9d2f7d23889,1.043841,1.04384133611691,1.04384133611691,,0.8326036949784997
0xfc3974d546d90161871cd3646fbcc1fc9fb3a33a79f3db3751cd7b4b199a526d,24392995,1770323051,0x0e09ce5c48b48bf72bb667715cbe6977489042cb,0xfa0253943c3ff0e43898cba5a7a0da9d17c27995,0x8067e992c67715851f592094686bc9d2f7d23889,1.043841,1.04384133611691,1.04384133611691,,0.8326036949784997
0x8fe4d069606ccd9acfbb93a493bf689fa4b4af0def87e164a8853ecc1e47b8eb,24392995,1770323051,0x0e09ce5c48b48bf72bb667715cbe6977489042cb,0xfa0253943c3ff0e43898cba5a7a0da9d17c27995,0xccb38eba7e1043b86db6ff1fdb7882cc6cd6c232,1.043841,1.04384133611691,1.04384133611691,,0.8326036949784997
0x9b7523b83bad6ca0d491299faf1e304a74a68461f1a60a29ee6ff4052c345d54,24392995,1770323051,0xbfa7f9c1983ae40738ea0f128e58aa704461aa3a,0xf00001968c1d6196d3d0553030c7af8d1905dcbb,0x10a132b6feed4998f9011ffd6dbe3e2413614245,1.043841,1.04384133611691,1.04384133611691,,0.8326036949784997
0xb50209dfa3979514688d0c95a8775fb0b43fa646a514f48720f2840b41b6f27d,24392996,1770323063,0x11b0f28028e3659c1ae18e153625c4f1c95698c8,0xf00001968c1d6196d3d0553030c7af8d1905dcbb,0xd8fa2f704ac2d5ff4acecbf248db61523f99833b,1.043841,1.04384133611691,1.04384133611691,,0.8326036949784997
0xb73863232dbb911cf51b9697843dd8bfc6b74884a0193de37c9e3ce7eb913faa,24392999,1770323099,0xa28ee7ec4756b4c3340c30a8c8cb8bd708e1dcdc,0xf00001968c1d6196d3d0553030c7af8d1905dcbb,0xba10248ac4dcc76ef27b58aad637f02a27fbc4f6,1.043841,1.04384133611691,1.04384133611691,,0.8326036949784997
0xd0e7caedfb4a77047bc6b51ee63d9f9944e2b202ab9eb9f4cd01ada9cde430d3,24392999,1770323099,0xa28ee7ec4756b4c3340c30a8c8cb8bd708e1dcdc,0xa000016d11e045500240e2dfb9938c226e8a873c,0x4e31820791ff065f69ef0054711ea8a073e5eba9,1.043841,1.04384133611691,1.04384133611691,,0.8326036949784997
0xd60079a9c6375b75745eae933c668affb154bb7150cb5edbf73b9b8472343d8e,24392999,1770323099,0xa28ee7ec4756b4c3340c30a8c8cb8bd708e1dcdc,0xf00001968c1d6196d3d0553030c7af8d1905dcbb,0x721e3b6e8c3f8ef3d1a7605700cb3ba027ef8eba,1.043841,1.04384133611691,1.04384133611691,,0.8326036949784997
0x6e78e5c93207c8f25e5b48734788c7ed85b10e12d9c92cd7a799e1e0d4502fc3,24392999,1770323099,0x0e09ce5c48b48bf72bb667715cbe6977489042cb,0xf00001968c1d6196d3d0553030c7af8d1905dcbb,0x124c956fb6ea9ab47b5f6e1b2050333bb4df0474,1.043841,1.04384133611691,1.04384133611691,,0.8326036949784997
0x4322ee147ebde9531c6e3af96d008484c73a8cb57f6c1b26a03fe7817b9f2c20,24392999,1770323099,0x11b0f28028e3659c1ae18e153625c4f1c95698c8,0xf00001968c1d6196d3d0553030c7af8d1905dcbb,0xfbe874e5d9bc5afd18880232f97b3c2c34045f64,1.043841,1.04384133611691,1.04384133611691,,0.8326036949784997
0x9443a9a79f574665c183afa0b1e2da0c5d2a959c631c0970872dd8eaadb80760,24392999,1770323099,0xf888c589f13dc46e91407873dcda180d37329ff4,0xf00001968c1d6196d3d0553030c7af8d1905dcbb,0x7d5f43a995d64b53d5fba85596d374155ac1d8fb,1.043841,1.04384133611691,1.04384133611691,,0.8326036949784997
0xf3eb783b1d1de7281b8c566573474f1267dfb1a01ada989f9019468c5be66525,24393000,1770323111,0xa28ee7ec4756b4c3340c30a8c8cb8bd708e1dcdc,0xf00001968c1d6196d3d0553030c7af8d1905dcbb,0xd604d0f40809954749f536477acbd227c2aad38b,1.043841,1.04384133611691,1.04384133611691,,0.8326036949784997
0xe43d2ec8ad457f93bb0ace34c39c8a8070e1c8bf22535b632623dbb8b9d7ccb5,24393000,1770323111,0xa28ee7ec4756b4c3340c30a8c8cb8bd708e1dcdc,0xf00001968c1d6196d3d0553030c7af8d1905dcbb,0x08ce56a1dc045bcbd34a7964b23516d364df6ba5,1.043841,1.04384133611691,1.04384133611691,,0.8326036949784997
0x21da7d75017fee4b519958bfaa1323c1a75b4330ca74bbb8ca40a41d1b73ef1b,24393000,1770323111,0x11b0f28028e3659c1ae18e153625c4f1c95698c8,0xf00001968c1d6196d3d0553030c7af8d1905dcbb,0x21e39af4f3a2f06cf89dc13155dbd6e2f7576bbf,1.043841,1.04384133611691,1.04384133611691,,0.8326036949784997
0x0b7c7889149ef1c4b16471a635563d486251e143987745f523963c0947b6dcce,24393000,1770323111,0x0e09ce5c48b48bf72bb667715cbe6977489042cb,0xf00001968c1d6196d3d0553030c7af8d1905dcbb,0x8067e992c67715851f592094686bc9d2f7d23889,1.043841,1.04384133611691,1.04384133611691,,0.8326036949784997
0x5a4d3af1a22e2d1278b371cbce8d62d3b828f93589426437514495cd1e793d52,24393000,1770323111,0xbfa7f9c1983ae40738ea0f128e58aa704461aa3a,0xf00001968c1d6196d3d0553030c7af8d1905dcbb,0xa96c774dbcdad89ee7872078e58d5168170d684e,1.043841,1.04384133611691,1.04384133611691,,0.8326036949784997
0xfae3bc23044bfd2d3950ffad7ba69f0edf06d1cf1146e3867219aeae0382b602,24393000,1770323111,0xbfa7f9c1983ae40738ea0f128e58aa704461aa3a,0xa000016d11e045500240e2dfb9938c226e8a873c,0x721e3b6e8c3f8ef3d1a7605700cb3ba027ef8eba,1.043841,1.04384133611691,1.04384133611691,,0.8326036949784997
0x6de89bf3271dff9ee3debf119102c6673795a2b3d3ae0e266b3bcba48ede032f,24393000,1770323111,0xbfa7f9c1983ae40738ea0f128e58aa704461aa3a,0xf00001968c1d6196d3d0553030c7af8d1905dcbb,0x3c364a573ab41f21fc163c64ba53a89610b4d3c3,1.043841,1.04384133611691,1.04384133611691,,0.8326036949784997
0x060770c3d2b15ef39faf8bc25a9fa73c690be77569a9ff94fe9c73053bba50b6,24393000,1770323111,0x1ac73015626cb8941f83f83f1039102d87fb7838,0x00000f91109c4d0007e90000d9facad5298a0cac,0x1a7cda1f6eb3080287b3c2b4c2bef45ef9047996,1.043841,1.04384133611691,1.04384133611691,,0.8326036949784997
0x49f916ffb600ff66e7fc5c83c0bb8f538f99b6aba0fa24868e392f35a35e3620,24393003,1770323147,0x11b0f28028e3659c1ae18e153625c4f1c95698c8,0xf00001968c1d6196d3d0553030c7af8d1905dcbb,0xc58de690dd0e361feabf80ef61d597ed0b41e597,1.043841,1.04384133611691,1.04384133611691,,0.8326036949784997
0xfce6414c109e65a3c8c02c26b9cd094405450dd9e46f6d7a29e6c9ea8fd1693f,24393003,1770323147,0xa28ee7ec4756b4c3340c30a8c8cb8bd708e1dcdc,0xf00001968c1d6196d3d0553030c7af8d1905dcbb,0xd0cae02373c612e7fa2643f6742d5264685d2c75,1.043841,1.04384133611691,1.04384133611691,,0.8326036949784997
0xfb4e1b527478c9adb1399c362ca37daa407d2cde18bacc35fc4254f067ee253e,24393003,1770323147,0xbfa7f9c1983ae40738ea0f128e58aa704461aa3a,0xf00001968c1d6196d3d0553030c7af8d1905dcbb,0xaec4ee9a108304fcc5cdc323d8a2a1d331c342b7,1.043841,1.04384133611691,1.04384133611691,,0.8326036949784997
0x712eb5e8281f3457dd5f0782569bd0ac27cf5408d0fc3549eab96d1a110023c0,24393004,1770323159,0xa28ee7ec4756b4c3340c30a8c8cb8bd708e1dcdc,0xf00001968c1d6196d3d0553030c7af8d1905dcbb,0x4e31820791ff065f69ef0054711ea8a073e5eba9,1.049474,1.04384133611691,1.04384133611691,,0.8326036949784997
0x0684dc00574bb987af75b862d0cd889c4301a0e0a4fe87e042d3c66ce13938e0,24393004,1770323159,0xa28ee7ec4756b4c3340c30a8c8cb8bd708e1dcdc,0xf00001968c1d6196d3d0553030c7af8d1905dcbb,0x4e31820791ff065f69ef0054711ea8a073e5eba9,1.049474,1.04384133611691,1.04384133611691,,0.8326036949784997
0x5dfa517c785bba35b692f371f55bb105a52201c4c5bb7ad557b256661b48b426,24393005,1770323171,0xa28ee7ec4756b4c3340c30a8c8cb8bd708e1dcdc,0xf00001968c1d6196d3d0553030c7af8d1905dcbb,0xc99882e7efb11e4258dfee59954226e53fef4e68,1.043841,1.04384133611691,1.04384133611691,,0.8326036949784997
0x1ef09a2e49c0d69073fd205f8915842b060f3eb3096f2426b45cf83af837144f,24393005,1770323171,0xa28ee7ec4756b4c3340c30a8c8cb8bd708e1dcdc,0xa000016d11e045500240e2dfb9938c226e8a873c,0xba10248ac4dcc76ef27b58aad637f02a27fbc4f6,1.043841,1.04384133611691,1.04384133611691,,0.8326036949784997
0x486bbd083da1bc92a91470a24f8c22e0e071c54ebea18295c69091a870706d74,24393006,1770323183,0xd2c334ead25f006e98d927fba7452dad481f9ee6,0xf00001968c1d6196d3d0553030c7af8d1905dcbb,0xe1abbcb7776199fdda8c2c47d9cc3eb80917daf1,1.043841,1.04384133611691,1.04384133611691,,0.8326036949784997
0x7cde6c0f157da7c3729c373f7f4756be2361fb8858c8168306a9999b7b23d2bd,24393006,1770323183,0xa28ee7ec4756b4c3340c30a8c8cb8bd708e1dcdc,0xf00001968c1d6196d3d0553030c7af8d1905dcbb,0x08ce56a1dc045bcbd34a7964b23516d364df6ba5,1.043841,1.04384133611691,1.04384133611691,,0.8326036949784997
0xa169d2693dc4624925700a1388934d0c68eb5eae83e59373e68e8fa91ea6add0,24393006,1770323183,0xbfa7f9c1983ae40738ea0f128e58aa704461aa3a,0xf00001968c1d6196d3d0553030c7af8d1905dcbb,0xa1b08911b1a6f624cd65a87cb529525c78211330,1.043841,1.04384133611691,1.04384133611691,,0.8326036949784997
0xbfa8d426703805c9bff9c734fcffca99dcf6fcede294d3adbd3bd551b0e665b7,24393006,1770323183,0x0e09ce5c48b48bf72bb667715cbe6977489042cb,0xf00001968c1d6196d3d0553030c7af8d1905dcbb,0xccb38eba7e1043b86db6ff1fdb7882cc6cd6c232,1.043841,1.04384133611691,1.04384133611691,,0.8326036949784997
0x842854a4e87532ed13aa540f09d0ca60a10bcaa44fc9b9ea04d6b937d69972ca,24393006,1770323183,0x0e09ce5c48b48bf72bb667715cbe6977489042cb,0xaf682de1f2e6f710731121a05a44cb3c1b511f7d,0x8067e992c67715851f592094686bc9d2f7d23889,1.043841,1.04384133611691,1.04384133611691,,0.8326036949784997
0x303083da3b20a0574bf417a00029cecd7421b407fe1f65a80760d202e0cdfe0f,24393006,1770323183,0x0e09ce5c48b48bf72bb667715cbe6977489042cb,0xd2306a7187fe8b0c0dee59b50fdc438d2075d24c,0x124c956fb6ea9ab47b5f6e1b2050333bb4df0474,1.043841,1.04384133611691,1.04384133611691,,0.8326036949784997
0xb24c79b738dbda33f557819785fd9f12732769d5a5036bf1960d6c1ec454f912,24393006,1770323183,0xa28ee7ec4756b4c3340c30a8c8cb8bd708e1dcdc,0x682ea8aa9b23250e0e240580e8ae55205f612979,0x4e31820791ff065f69ef0054711ea8a073e5eba9,1.043841,1.04384133611691,1.04384133611691,,0.8326036949784997
0x8b413bc2d875c500969d3d197fbecc2ca80c2f2e8923b66129e7347ef4a49e53,24393006,1770323183,0xa28ee7ec4756b4c3340c30a8c8cb8bd708e1dcdc,0x00000f91109c4d0007e90000d9facad5298a0cac,0xad95973c72045cd05b9ddaa2b27cf65f578e339e,1.043841,1.04384133611691,1.04384133611691,,0.8326036949784997
0x5bf5f24f958e5bed83298f03229956789029e86040d35d07affb94e089b6c1c8,24393007,1770323195,0x1ac73015626cb8941f83f83f1039102d87fb7838,0xb87ba6a38ec9ce9010a7dff8d4a13f42c1d54629,0x1a7cda1f6eb3080287b3c2b4c2bef45ef9047996,1.043841,1.04384133611691,1.04384133611691,,0.8326036949784997
0xaf497e90dbad3ef445a19ac38b3f164fb5888297e24de518210dca1083e22d29,24393007,1770323195,0xbfa7f9c1983ae40738ea0f128e58aa704461aa3a,0xf00001968c1d6196d3d0553030c7af8d1905dcbb,0x8f714eeaaeb838c9c7e295b5f105abfab311b286,1.043841,1.04384133611691,1.04384133611691,,0.8326036949784997
0x00995f38365759b5aff076c81e5d4ab11431927ae3cb31cb178b023f628f525e,24393007,1770323195,0xa28ee7ec4756b4c3340c30a8c8cb8bd708e1dcdc,0xf00001968c1d6196d3d0553030c7af8d1905dcbb,0x9398563acd4539df8f2c613f964c2ecbe6020d6b,1.043841,1.04384133611691,1.04384133611691,,0.8326036949784997
0x5d596e6ca06c1ba59cd42ab563177d261ce57f4e2d22da9fe079fee2ea9520d9,24393007,1770323195,0x11b0f28028e3659c1ae18e153625c4f1c95698c8,0xf00001968c1d6196d3d0553030c7af8d1905dcbb,0x896db1a20be20be6626b6cc919f65823f5abcc70,1.043841,1.04384133611691,1.04384133611691,,0.8326036949784997
0x48356c53c87fe769db73630da13404da2eedbf5eddb25f4e700116b57d096a41,24393009,1770323219,0xa28ee7ec4756b4c3340c30a8c8cb8bd708e1dcdc,0x80bf7db69556d9521c03461978b8fc731dbbd4e4,0xad95973c72045cd05b9ddaa2b27cf65f578e339e,1.043841,1.04384133611691,1.04384133611691,,0.8326036949784997
0x10fa735c6ea81aa61df3f4fa39535d0f95da25bf2606ae566d2dcc554324bd4c,24393014,1770323279,0xa28ee7ec4756b4c3340c30a8c8cb8bd708e1dcdc,0xa000016d11e045500240e2dfb9938c226e8a873c,0xd604d0f40809954749f536477acbd227c2aad38b,1.043841,1.04384133611691,1.04384133611691,,0.8326036949784997
0x158437eb96b0aaadb5b16a7fda46bc328722640e56ed2fbae69b8bd3c6702cb6,24393014,1770323279,0xa28ee7ec4756b4c3340c30a8c8cb8bd708e1dcdc,0xa000016d11e045500240e2dfb9938c226e8a873c,0x721e3b6e8c3f8ef3d1a7605700cb3ba027ef8eba,1.043841,1.04384133611691,1.04384133611691,,0.8326036949784997
0xa03f1b581a105b34654999edacb7a2530a342666c5b133ae2baceaff377ed088,24393015,1770323291,0x0e09ce5c48b48bf72bb667715cbe6977489042cb,0x00000f91109c4d0007e90000d9facad5298a0cac,0x10322f1f396bc367b2bc5f3aa9434e5cab6018d7,1.043841,1.04384133611691,1.04384133611691,,0.8326036949784997
0x7820d64d9222872659dec159dc5e68059f8cca7f5d4eb4b6edfa2882adc2b41b,24393015,1770323291,0xbfa7f9c1983ae40738ea0f128e58aa704461aa3a,0x00000f91109c4d0007e90000d9facad5298a0cac,0xaec4ee9a108304fcc5cdc323d8a2a1d331c342b7,1.04384,1.04384133611691,1.04384133611691,,0.8326036949784997
0x287fdb3a0bc77e19058111b63c7e42241ec659d4688ebf10e5a696d5f50cf924,24393015,1770323291,0xa28ee7ec4756b4c3340c30a8c8cb8bd708e1dcdc,0x00000f91109c4d0007e90000d9facad5298a0cac,0xfce88de8b752b27936c82b9bda6705fea0a1fa5c,1.043841,1.04384133611691,1.04384133611691,,0.8326036949784997
0xa75e05d3f6b6301d8dcfbb81a34ecf6378cbe355ab947880c33881d5f97c2410,24393015,1770323291,0x0e09ce5c48b48bf72bb667715cbe6977489042cb,0xf00001968c1d6196d3d0553030c7af8d1905dcbb,0x124c956fb6ea9ab47b5f6e1b2050333bb4df0474,1.043841,1.04384133611691,1.04384133611691,,0.8326036949784997
0xc911c4e6ebc717cf5da16993463e26c7bb89ed90644f771fbacebb799d2badc6,24393015,1770323291,0xf888c589f13dc46e91407873dcda180d37329ff4,0xa000016d11e045500240e2dfb9938c226e8a873c,0x7d5f43a995d64b53d5fba85596d374155ac1d8fb,1.043841,1.04384133611691,1.04384133611691,,0.8326036949784997
0x470437c0a98cdac02c0ef1c2a379d4e6e1706e5723e1787f91f2853cfc0fb7c6,24393015,1770323291,0x0e09ce5c48b48bf72bb667715cbe6977489042cb,0xf00001968c1d6196d3d0553030c7af8d1905dcbb,0xc76e25c836cb90cb7a3e30855ac08a8b9f9ed198,1.043841,1.04384133611691,1.04384133611691,,0.8326036949784997
0x0f907d63e4e30915967edf8a426a45920888a11c40c03cb0520f6dcde4a94ad7,24393015,1770323291,0x0e09ce5c48b48bf72bb667715cbe6977489042cb,0xf00001968c1d6196d3d0553030c7af8d1905dcbb,0x18d00a5f7730a414a3979fb5bcd60104c69f0ed2,1.043841,1.04384133611691,1.04384133611691,,0.8326036949784997
0x9b3ae0071a5a01a4dac280af0c68076872cfe4d98c6fcb0c4136cce5c30c5c63,24393015,1770323291,0xbfa7f9c1983ae40738ea0f128e58aa704461aa3a,0xf00001968c1d6196d3d0553030c7af8d1905dcbb,0x10a132b6feed4998f9011ffd6dbe3e2413614245,1.043841,1.04384133611691,1.04384133611691,,0.8326036949784997
0x27a67f79ef0f2d8800f5e898b35075c8e28e8cc75295cc1837d5085eb4fd6af3,24393017,1770323315,0x1ac73015626cb8941f83f83f1039102d87fb7838,0xaf682de1f2e6f710731121a05a44cb3c1b511f7d,0x1a7cda1f6eb3080287b3c2b4c2bef45ef9047996,1.043841,1.04384133611691,1.04384133611691,,0.8326036949784997
0xb2aeb654635364162b06af2fb1b24f9c6e4455e01ecb311cb5611e38455bf14d,24393017,1770323315,0xbfa7f9c1983ae40738ea0f128e58aa704461aa3a,0xf00001968c1d6196d3d0553030c7af8d1905dcbb,0xd69849c9f8133d0da59d1e9ace75beda8348aaa7,1.043841,1.04384133611691,1.04384133611691,,0.8326036949784997
0xc94c3cbce1d7fce9ef53127f15320e08599495c551075d47c0ff54c16411b0f9,24393060,1770323831,0x11b0f28028e3659c1ae18e153625c4f1c95698c8,0xe08d97e151473a848c3d9ca3f323cb720472d015,0xfbe874e5d9bc5afd18880232f97b3c2c34045f64,1.043841,1.04384133611691,1.04384133611691,,0.8326036949784997
0xb75d8c1208206935b32bc5614fafb1ff0a09c181d283eee60437c171b19fff2c,24393060,1770323831,0x11b0f28028e3659c1ae18e153625c4f1c95698c8,0xe08d97e151473a848c3d9ca3f323cb720472d015,0xd8fa2f704ac2d5ff4acecbf248db61523f99833b,1.043841,1.04384133611691,1.04384133611691,,0.8326036949784997
0x9aef93351ba84dee17bdaa41360d5325c0869e0bcbfde3fa648dd6c5adbce351,24393060,1770323831,0x11b0f28028e3659c1ae18e153625c4f1c95698c8,0xe08d97e151473a848c3d9ca3f323cb720472d015,0x21e39af4f3a2f06cf89dc13155dbd6e2f7576bbf,1.043841,1.04384133611691,1.04384133611691,,0.8326036949784997
0xa4ef1b235c0bb19a9b9721d29e4484d27e083d78d63091840db7328827554408,24393061,1770323843,0xa28ee7ec4756b4c3340c30a8c8cb8bd708e1dcdc,0xaf682de1f2e6f710731121a05a44cb3c1b511f7d,0xc99882e7efb11e4258dfee59954226e53fef4e68,1.043841,1.04384133611691,1.04384133611691,,0.8326036949784997
0xa709011440324e51801bdec96e235a3cae674bf4bc0ee148fdcea46e50f549c7,24393063,1770323867,0xa28ee7ec4756b4c3340c30a8c8cb8bd708e1dcdc,0x511a829ab77f0f10bebf34390d3445286a00e8a7,0xba10248ac4dcc76ef27b58aad637f02a27fbc4f6,1.043841,1.04384133611691,1.04384133611691,,0.8326036949784997
0x81e792c3a5be633a08e95be1d38709cae87633091e0e2e3f0db40db8e4e18f93,24393063,1770323867,0x11b0f28028e3659c1ae18e153625c4f1c95698c8,0xf00001968c1d6196d3d0553030c7af8d1905dcbb,0xc99882e7efb11e4258dfee59954226e53fef4e68,1.043841,1.04384133611691,1.04384133611691,,0.8326036949784997
0x5b6284073d8081d7a4a82bb34ad9c767487220282a7ecf6d08c25dd56a4c249e,24393063,1770323867,0x0e09ce5c48b48bf72bb667715cbe6977489042cb,0xd2306a7187fe8b0c0dee59b50fdc438d2075d24c,0x8067e992c67715851f592094686bc9d2f7d23889,1.043841,1.04384133611691,1.04384133611691,,0.8326036949784997
0xaee428b99e66932a55e8f8e3d349f39c92761bc050722c4078ae3215d660cf44,24393063,1770323867,0x0e09ce5c48b48bf72bb667715cbe6977489042cb,0xaf682de1f2e6f710731121a05a44cb3c1b511f7d,0xccb38eba7e1043b86db6ff1fdb7882cc6cd6c232,1.043841,1.04384133611691,1.04384133611691,,0.8326036949784997
0xe8b386914a8253b8e0c2fd1674a619b2a65cee221ccbf3aa13b22e47d6d784b7,24393063,1770323867,0xa28ee7ec4756b4c3340c30a8c8cb8bd708e1dcdc,0xc31a49d1c4c652af57cefdef248f3c55b801c649,0x4e31820791ff065f69ef0054711ea8a073e5eba9,1.043841,1.04384133611691,1.04384133611691,,0.8326036949784997
0xd7a7ae230b6ae5690b0dc9d97abbddabeccfa48425a7d7f0c0de92186d0a3d19,24393064,1770323879,0xd2c334ead25f006e98d927fba7452dad481f9ee6,0xf00001968c1d6196d3d0553030c7af8d1905dcbb,0xe1abbcb7776199fdda8c2c47d9cc3eb80917daf1,1.043841,1.04384133611691,1.04384133611691,,0.8326036949784997
0xa774a54bc7838a8e3c9f4f586293c111a8f0032958e214e03968a814421c8fca,24393064,1770323879,0x0e09ce5c48b48bf72bb667715cbe6977489042cb,0xf00001968c1d6196d3d0553030c7af8d1905dcbb,0x124c956fb6ea9ab47b5f6e1b2050333bb4df0474,1.043841,1.04384133611691,1.04384133611691,,0.8326036949784997
0x4214c32c880980eaeb4c44cf7e7b863a4b20e48b3c357f49f99eb7121d40ecb9,24393064,1770323879,0xbfa7f9c1983ae40738ea0f128e58aa704461aa3a,0xf00001968c1d6196d3d0553030c7af8d1905dcbb,0x721e3b6e8c3f8ef3d1a7605700cb3ba027ef8eba,1.043841,1.04384133611691,1.04384133611691,,0.8326036949784997
0x0dfd8b5912a00efb38b6924a37747cfde85df045eb9f8736bcc840c00981d509,24393064,1770323879,0x11b0f28028e3659c1ae18e153625c4f1c95698c8,0xf00001968c1d6196d3d0553030c7af8d1905dcbb,0xc58de690dd0e361feabf80ef61d597ed0b41e597,1.043841,1.04384133611691,1.04384133611691,,0.8326036949784997
0x274e676792699024fb3791f0bae79167c442ecb9fea3cc3dbf537ce3c1c49c52,24393064,1770323879,0x0e09ce5c48b48bf72bb667715cbe6977489042cb,0xf00001968c1d6196d3d0553030c7af8d1905dcbb,0x10322f1f396bc367b2bc5f3aa9434e5cab6018d7,1.043841,1.04384133611691,1.04384133611691,,0.8326036949784997
0x02c9d5f3bdfce6dbc44a7a4ca1dcff7b42a0c1c00a8b41886bd9c9c818672106,24393064,1770323879,0xbfa7f9c1983ae40738ea0f128e58aa704461aa3a,0xa000016d11e045500240e2dfb9938c226e8a873c,0x8f714eeaaeb838c9c7e295b5f105abfab311b286,1.043841,1.04384133611691,1.04384133611691,,0.8326036949784997
0xd7e7383c28da1764d01e52ec954caa0a9d870184d86d7e03284b4fed7444f441,24393064,1770323879,0xa28ee7ec4756b4c3340c30a8c8cb8bd708e1dcdc,0x682ea8aa9b23250e0e240580e8ae55205f612979,0x721e3b6e8c3f8ef3d1a7605700cb3ba027ef8eba,1.043841,1.04384133611691,1.04384133611691,,0.8326036949784997
0xaefb01f786cfb9b321982a0780a68bf57c4b75a853b530d801daad16c591bbe2,24393064,1770323879,0xa28ee7ec4756b4c3340c30a8c8cb8bd708e1dcdc,0x682ea8aa9b23250e0e240580e8ae55205f612979,0x721e3b6e8c3f8ef3d1a7605700cb3ba027ef8eba,1.043841,1.04384133611691,1.04384133611691,,0.8326036949784997
0xe623edab0eff984c25e46cf4c67a21c194f116d3a57d646f5ef30deb215556d7,24393114,1770324491,0x1ac73015626cb8941f83f83f1039102d87fb7838,0xaf682de1f2e6f710731121a05a44cb3c1b511f7d,0x1a7cda1f6eb3080287b3c2b4c2bef45ef9047996,1.043841,1.04384133611691,1.04384133611691,,0.8326036949784997
0x530ce07e5c07d26fc0efd3d9742beb4b3ac6f3ebfecb2bedbc0d3202db191470,24393116,1770324515,0xbfa7f9c1983ae40738ea0f128e58aa704461aa3a,0xaf682de1f2e6f710731121a05a44cb3c1b511f7d,0xa96c774dbcdad89ee7872078e58d5168170d684e,1.043841,1.04384133611691,1.04384133611691,,0.8326036949784997
0x32c905fbe7a05b68667c7b9eb08a4a381e8ebd618dd47da043154b49c4000a2b,24393132,1770324707,0xa28ee7ec4756b4c3340c30a8c8cb8bd708e1dcdc,0x4c5f1cd4dd6692cdd5009f2745529cf183bf49bf,0xba10248ac4dcc76ef27b58aad637f02a27fbc4f6,1.043841,1.04384133611691,1.04384133611691,,0.8326036949784997
0x4e752cf7dd2c8a06120493735d60006c91c4c43a4412d345fe69e2759c68a28f,24393132,1770324707,0xa28ee7ec4756b4c3340c30a8c8cb8bd708e1dcdc,0xaf682de1f2e6f710731121a05a44cb3c1b511f7d,0xc99882e7efb11e4258dfee59954226e53fef4e68,1.043841,1.04384133611691,1.04384133611691,,0.8326036949784997
0x691ffa76f725b702d91d47fa34531344c06aed0b1355397da02b3213012a41f7,24393132,1770324707,0xd2c334ead25f006e98d927fba7452dad481f9ee6,0xaf682de1f2e6f710731121a05a44cb3c1b511f7d,0xe1abbcb7776199fdda8c2c47d9cc3eb80917daf1,1.043841,1.04384133611691,1.04384133611691,,0.8326036949784997
0xb0183d65df3226ab6917d244827b4b94fe2b782070412d2b8a661a11f154c5c3,24393132,1770324707,0xbfa7f9c1983ae40738ea0f128e58aa704461aa3a,0xf00001968c1d6196d3d0553030c7af8d1905dcbb,0xaec4ee9a108304fcc5cdc323d8a2a1d331c342b7,1.043841,1.04384133611691,1.04384133611691,,0.8326036949784997
0xd384eb202a723e59ec78c6057c1e6c67770ae778828fdedd491f62a1cecc0275,24393132,1770324707,0x0e09ce5c48b48bf72bb667715cbe6977489042cb,0xaf682de1f2e6f710731121a05a44cb3c1b511f7d,0x124c956fb6ea9ab47b5f6e1b2050333bb4df0474,1.043841,1.04384133611691,1.04384133611691,,0.8326036949784997
0xe901387b172f90fb8db302be915e46810866e55ab033330878a5ab2f79abd2d4,24393133,1770324719,0xa28ee7ec4756b4c3340c30a8c8cb8bd708e1dcdc,0x24f99fc9d8d189d82429ab158780d6321ff9424d,0x721e3b6e8c3f8ef3d1a7605700cb3ba027ef8eba,1.043841,1.04384133611691,1.04384133611691,,0.8326036949784997
0xc2da2d071bcf8373fad05838fb9475afb7ef454e57c202645473b47ed036f2f5,24393133,1770324719,0xbfa7f9c1983ae40738ea0f128e58aa704461aa3a,0xf00001968c1d6196d3d0553030c7af8d1905dcbb,0x3c364a573ab41f21fc163c64ba53a89610b4d3c3,1.043841,1.04384133611691,1.04384133611691,,0.8326036949784997
0x3ef073ac04c3fd55ce88e732b19ea7b7cb7793a5fa34ce4217bc1610e2f0bcf5,24393133,1770324719,0x0e09ce5c48b48bf72bb667715cbe6977489042cb,0xd2306a7187fe8b0c0dee59b50fdc438d2075d24c,0x8067e992c67715851f592094686bc9d2f7d23889,1.043841,1.04384133611691,1.04384133611691,,0.8326036949784997
0xa89950abc42ac376a2eda6590f5426a1a46a3ee8b63e10cf8d72ed5f1aafba95,24393133,1770324719,0x0e09ce5c48b48bf72bb667715cbe6977489042cb,0xd2306a7187fe8b0c0dee59b50fdc438d2075d24c,0x8067e992c67715851f592094686bc9d2f7d23889,1.043841,1.04384133611691,1.04384133611691,,0.8326036949784997
0x33a33d155348abee320286d2341ec62a8e4f363ec1c4703088892e456b1b1388,24393133,1770324719,0xa28ee7ec4756b4c3340c30a8c8cb8bd708e1dcdc,0xf00001968c1d6196d3d0553030c7af8d1905dcbb,0xd0cae02373c612e7fa2643f6742d5264685d2c75,1.043841,1.04384133611691,1.04384133611691,,0.8326036949784997
0xa9440cbe1fedb283b5cef93f3eadd28454ba901f9b2e4a06f9327ee93bb76323,24393133,1770324719,0xa28ee7ec4756b4c3340c30a8c8cb8bd708e1dcdc,0xc31a49d1c4c652af57cefdef248f3c55b801c649,0x4e31820791ff065f69ef0054711ea8a073e5eba9,1.043841,1.04384133611691,1.04384133611691,,0.8326036949784997
0x557433816932d6cefe08af234e18f36fd2caeabf8da07e4ead97420fddafec9c,24393133,1770324719,0xa28ee7ec4756b4c3340c30a8c8cb8bd708e1dcdc,0xa000016d11e045500240e2dfb9938c226e8a873c,0x163d2d8fb1ca05bfddbacd065b0172dc0255a37b,1.043841,1.04384133611691,1.04384133611691,,0.8326036949784997
0xe171ddc25c66e3ea7f671553cfe5ec368a3f305927e0e1936c1b9cee9e0ec74b,24393133,1770324719,0xbfa7f9c1983ae40738ea0f128e58aa704461aa3a,0xaf682de1f2e6f710731121a05a44cb3c1b511f7d,0xa96c774dbcdad89ee7872078e58d5168170d684e,1.043841,1.04384133611691,1.04384133611691,,0.8326036949784997
0x890d3cf22da64fb7b9e386aed9b20025dff2b830dbf5cf8cb8d597a27e4ea4db,24393135,1770324755,0xa28ee7ec4756b4c3340c30a8c8cb8bd708e1dcdc,0x8050a2155477f121bd62199490602232be0192fb,0x4e31820791ff065f69ef0054711ea8a073e5eba9,1.043841,1.04384133611691,1.04384133611691,,0.8326036949784997
0x9e84edb21d1d94228d2e1da0058e722f78c0de04006b1cd405567aa784f68219,24393135,1770324755,0x1ac73015626cb8941f83f83f1039102d87fb7838,0xaf682de1f2e6f710731121a05a44cb3c1b511f7d,0x1a7cda1f6eb3080287b3c2b4c2bef45ef9047996,1.043841,1.04384133611691,1.04384133611691,,0.8326036949784997
0x803118983b9d3b9ac8b51f562819f93ed13ce7298591dda8b442eba2c247afc5,24393135,1770324755,0xbfa7f9c1983ae40738ea0f128e58aa704461aa3a,0xf00001968c1d6196d3d0553030c7af8d1905dcbb,0x8f714eeaaeb838c9c7e295b5f105abfab311b286,1.043841,1.04384133611691,1.04384133611691,,0.8326036949784997
0x2d2ce95061238430606078c66235a051ae6e52edb3314657706ad553822a95e7,24393135,1770324755,0x0e09ce5c48b48bf72bb667715cbe6977489042cb,0xa000016d11e045500240e2dfb9938c226e8a873c,0xc76e25c836cb90cb7a3e30855ac08a8b9f9ed198,1.043841,1.04384133611691,1.04384133611691,,0.8326036949784997
0x43be841a3fa3dad5e36b6ef51763d8d4ab02826b9ba3eb54de94d2e9b156ae2c,24393135,1770324755,0x0e09ce5c48b48bf72bb667715cbe6977489042cb,0xc31a49d1c4c652af57cefdef248f3c55b801c649,0xccb38eba7e1043b86db6ff1fdb7882cc6cd6c232,1.043841,1.04384133611691,1.04384133611691,,0.8326036949784997
0x797664f0ee0ba411b0e511aaa7fbd313615785f5f8f0ce1400c7b5662808ef29,24393135,1770324755,0x0e09ce5c48b48bf72bb667715cbe6977489042cb,0xf00001968c1d6196d3d0553030c7af8d1905dcbb,0x8067e992c67715851f592094686bc9d2f7d23889,1.043841,1.04384133611691,1.04384133611691,,0.8326036949784997
0xa9c0582288adae0785e2fcb266aa2dba2e091996c8b2400d88760a5c973a1d7a,24393135,1770324755,0x0e09ce5c48b48bf72bb667715cbe6977489042cb,0xf00001968c1d6196d3d0553030c7af8d1905dcbb,0x10322f1f396bc367b2bc5f3aa9434e5cab6018d7,1.043841,1.04384133611691,1.04384133611691,,0.8326036949784997
0x0720d29b8a9b2fee264f5e70d93cb0a5d8ba69fd66e42d238d4306a97cfbbafa,24393135,1770324755,0x0e09ce5c48b48bf72bb667715cbe6977489042cb,0xd2306a7187fe8b0c0dee59b50fdc438d2075d24c,0xccb38eba7e1043b86db6ff1fdb7882cc6cd6c232,1.043841,1.04384133611691,1.04384133611691,,0.8326036949784997
0x555463a7fdfb25c1e4abf15ae94ae0efe11e552ab2659b938a8458274be597ca,24393135,1770324755,0xbfa7f9c1983ae40738ea0f128e58aa704461aa3a,0xaf682de1f2e6f710731121a05a44cb3c1b511f7d,0xd69849c9f8133d0da59d1e9ace75beda8348aaa7,1.04384,1.04384133611691,1.04384133611691,,0.8326036949784997
0x1647e7d2996ac8ffe5384dc1bd4b1ac9dae9ba0d1230148686a20d578cbff49c,24393136,1770324767,0xa28ee7ec4756b4c3340c30a8c8cb8bd708e1dcdc,0xf00001968c1d6196d3d0553030c7af8d1905dcbb,0x08ce56a1dc045bcbd34a7964b23516d364df6ba5,1.043841,1.04384133611691,1.04384133611691,,0.8326036949784997
0x2451b040d5381f6619e679ac860fec6897e585273312fdf0e80134ef39766a4a,24393136,1770324767,0xa28ee7ec4756b4c3340c30a8c8cb8bd708e1dcdc,0xf00001968c1d6196d3d0553030c7af8d1905dcbb,0xd604d0f40809954749f536477acbd227c2aad38b,1.043841,1.04384133611691,1.04384133611691,,0.8326036949784997
0x7c2a2cb5b093cac16a4aedc76fdf55e0045577469b0b1033e85a3d46158ec4e5,24393136,1770324767,0xf888c589f13dc46e91407873dcda180d37329ff4,0xf00001968c1d6196d3d0553030c7af8d1905dcbb,0x7d5f43a995d64b53d5fba85596d374155ac1d8fb,1.043841,1.04384133611691,1.04384133611691,,0.8326036949784997
0xc8cff54d85c1ae8bac9424b03d53dab25f917fbc8f7a1d67013770178a641044,24393136,1770324767,0x0e09ce5c48b48bf72bb667715cbe6977489042cb,0xf00001968c1d6196d3d0553030c7af8d1905dcbb,0xccb38eba7e1043b86db6ff1fdb7882cc6cd6c232,1.043841,1.04384133611691,1.04384133611691,,0.8326036949784997
0x4dbcb0e691d9ede1d5cb5dbb2532cc440673737be358ab1b4a1f5c20793a0a2e,24393136,1770324767,0xa28ee7ec4756b4c3340c30a8c8cb8bd708e1dcdc,0x00000f91109c4d0007e90000d9facad5298a0cac,0xad95973c72045cd05b9ddaa2b27cf65f578e339e,1.043841,1.04384133611691,1.04384133611691,,0.8326036949784997
0x24822aec30e03149c58a1a248673097061c5215d6d7abd5fb9a984d76ab66aa6,24393136,1770324767,0xa28ee7ec4756b4c3340c30a8c8cb8bd708e1dcdc,0x00000f91109c4d0007e90000d9facad5298a0cac,0xad95973c72045cd05b9ddaa2b27cf65f578e339e,1.043841,1.04384133611691,1.04384133611691,,0.8326036949784997
0x8d0a399816825b54487a31572bcfa59ca8112fb1d0bd25c6d0af0b2de35a5b58,24393140,1770324815,0xbfa7f9c1983ae40738ea0f128e58aa704461aa3a,0xf00001968c1d6196d3d0553030c7af8d1905dcbb,0x10a132b6feed4998f9011ffd6dbe3e2413614245,1.043841,1.04384133611691,1.04384133611691,,0.8326036949784997
0x30a27bdf62abfd31e8708fc3e2a5c7dff9581889d534d88188bc4a1bd932e24f,24393143,1770324851,0xa28ee7ec4756b4c3340c30a8c8cb8bd708e1dcdc,0xa000016d11e045500240e2dfb9938c226e8a873c,0xba10248ac4dcc76ef27b58aad637f02a27fbc4f6,1.043841,1.04384133611691,1.04384133611691,,0.8326036949784997
0x0e47fed9d565a5396e0c03d0012c244fb8c792cc321e2b9431d47ecef90bcf5d,24393143,1770324851,0xa28ee7ec4756b4c3340c30a8c8cb8bd708e1dcdc,0xf00001968c1d6196d3d0553030c7af8d1905dcbb,0xc99882e7efb11e4258dfee59954226e53fef4e68,1.043841,1.04384133611691,1.04384133611691,,0.8326036949784997
0x04e5283665de38f90fe934b9c53c7a5ba5e4ef8573155158ad61f20478b7f4ec,24393143,1770324851,0xa28ee7ec4756b4c3340c30a8c8cb8bd708e1dcdc,0xd2306a7187fe8b0c0dee59b50fdc438d2075d24c,0xd604d0f40809954749f536477acbd227c2aad38b,1.043841,1.04384133611691,1.04384133611691,,0.8326036949784997
0x588d2f52f35c2e65661325f559597da695421ea4aa84df5562edc19a7a0f71de,24393145,1770324875,0x0e09ce5c48b48bf72bb667715cbe6977489042cb,0xaf682de1f2e6f710731121a05a44cb3c1b511f7d,0x124c956fb6ea9ab47b5f6e1b2050333bb4df0474,1.043841,1.04384133611691,1.04384133611691,,0.8326036949784997
0xe4151ba48c46b630f025981b9218dca3ec1e120146e45173f6f53181649c7dc2,24393147,1770324899,0xd2c334ead25f006e98d927fba7452dad481f9ee6,0xf00001968c1d6196d3d0553030c7af8d1905dcbb,0xe1abbcb7776199fdda8c2c47d9cc3eb80917daf1,1.043841,1.04384133611691,1.04384133611691,,0.8326036949784997
0x04c67c0819c419fda84e688354b302f69ab5e989b8c7bfdce5e1105e5365f03b,24393147,1770324899,0xa28ee7ec4756b4c3340c30a8c8cb8bd708e1dcdc,0xf00001968c1d6196d3d0553030c7af8d1905dcbb,0x08ce56a1dc045bcbd34a7964b23516d364df6ba5,1.043841,1.04384133611691,1.04384133611691,,0.8326036949784997
0x7662d35fedd0a4da3f1bdacdd785f0ee2ba187b8a49028b28c8c235f5bbf9a7d,24393147,1770324899,0x0e09ce5c48b48bf72bb667715cbe6977489042cb,0xf00001968c1d6196d3d0553030c7af8d1905dcbb,0xccb38eba7e1043b86db6ff1fdb7882cc6cd6c232,1.043841,1.04384133611691,1.04384133611691,,0.8326036949784997
0xc317bbd42024baa3996114cbea5175d78e95e2e55e17e21a170213bfac7f7bbe,24393147,1770324899,0x0e09ce5c48b48bf72bb667715cbe6977489042cb,0xf00001968c1d6196d3d0553030c7af8d1905dcbb,0x8067e992c67715851f592094686bc9d2f7d23889,1.043841,1.04384133611691,1.04384133611691,,0.8326036949784997
0x3ba82ddb2e720b6c8f293cc8274b4e1dc439d7be7ee292a67ef0e2e30aa781f6,24393148,1770324911,0xa28ee7ec4756b4c3340c30a8c8cb8bd708e1dcdc,0xc18a0ab926e76634a5eedaa934f5c17955cfb66f,0x721e3b6e8c3f8ef3d1a7605700cb3ba027ef8eba,1.043841,1.04384133611691,1.04384133611691,,0.8326036949784997
0x927d844687ba25a3935c7276d3de151d591f8d0c00b3e79f8b98e012eea80321,24393148,1770324911,0xbfa7f9c1983ae40738ea0f128e58aa704461aa3a,0xf00001968c1d6196d3d0553030c7af8d1905dcbb,0x8f714eeaaeb838c9c7e295b5f105abfab311b286,1.043841,1.04384133611691,1.04384133611691,,0.8326036949784997
0x5680cab692456fc248bae73452932884d8929af34786edf89d1a94f3534a80a0,24393148,1770324911,0x0e09ce5c48b48bf72bb667715cbe6977489042cb,0xf00001968c1d6196d3d0553030c7af8d1905dcbb,0xc76e25c836cb90cb7a3e30855ac08a8b9f9ed198,1.043841,1.04384133611691,1.04384133611691,,0.8326036949784997
0x5210790cfd251b2a1e426dbd6f6bc9c05bed46392f0fb6af9353aaa6857f8dcd,24393149,1770324923,0xf888c589f13dc46e91407873dcda180d37329ff4,0xf00001968c1d6196d3d0553030c7af8d1905dcbb,0x7d5f43a995d64b53d5fba85596d374155ac1d8fb,1.043841,1.04384133611691,1.04384133611691,,0.8326036949784997
0x40180a21768057cf40ae6010eb4eaef364132c105938f380b72b863dc5771547,24393149,1770324923,0xa28ee7ec4756b4c3340c30a8c8cb8bd708e1dcdc,0xf00001968c1d6196d3d0553030c7af8d1905dcbb,0x4e31820791ff065f69ef0054711ea8a073e5eba9,1.043841,1.04384133611691,1.04384133611691,,0.8326036949784997
0x5b7e253abe7ae57ad0a446e096e99203850b9d834f93cfcbc75a87e6861cd117,24393149,1770324923,0x0e09ce5c48b48bf72bb667715cbe6977489042cb,0xf00001968c1d6196d3d0553030c7af8d1905dcbb,0x18d00a5f7730a414a3979fb5bcd60104c69f0ed2,1.043841,1.04384133611691,1.04384133611691,,0.8326036949784997
0xb69fbdb569088a22cb1f321e84e3f0dc6f06243b6ad6fc4a3fb712b6dbc52147,24393149,1770324923,0xa28ee7ec4756b4c3340c30a8c8cb8bd708e1dcdc,0xf00001968c1d6196d3d0553030c7af8d1905dcbb,0xd604d0f40809954749f536477acbd227c2aad38b,1.043841,1.04384133611691,1.04384133611691,,0.8326036949784997
0xadcd35fcca759bbe86321f84b516c408166ca9405227b85b5df7cf850dd99818,24393149,1770324923,0xbfa7f9c1983ae40738ea0f128e58aa704461aa3a,0xf00001968c1d6196d3d0553030c7af8d1905dcbb,0x721e3b6e8c3f8ef3d1a7605700cb3ba027ef8eba,1.043841,1.04384133611691,1.04384133611691,,0.8326036949784997
0x2630599c8680501b385bca16fe212f447d6f1aa265e82c7de558b10ea5d62db3,24393149,1770324923,0xa28ee7ec4756b4c3340c30a8c8cb8bd708e1dcdc,0xa000016d11e045500240e2dfb9938c226e8a873c,0xad95973c72045cd05b9ddaa2b27cf65f578e339e,1.043841,1.04384133611691,1.04384133611691,,0.8326036949784997
0x8909d02b9f0bf4444c40f006c7aad98b4a4ee63066b5064b9cbd3da3720ad85f,24393150,1770324947,0x11b0f28028e3659c1ae18e153625c4f1c95698c8,0xaf682de1f2e6f710731121a05a44cb3c1b511f7d,0xfbe874e5d9bc5afd18880232f97b3c2c34045f64,1.043841,1.04384133611691,1.04384133611691,,0.8326036949784997
0x31c80a4065fa536ed1c0cb9d845202fe4b82eea3130e71590f450b713796ba1a,24393151,1770324959,0xa28ee7ec4756b4c3340c30a8c8cb8bd708e1dcdc,0xf00001968c1d6196d3d0553030c7af8d1905dcbb,0x721e3b6e8c3f8ef3d1a7605700cb3ba027ef8eba,1.043841,1.04384133611691,1.04384133611691,,0.8326036949784997
0x021ea83723d07347a2b716373181e182cfd388658871b2a59fba8c0d13f14cf2,24393151,1770324959,0x0e09ce5c48b48bf72bb667715cbe6977489042cb,0xf00001968c1d6196d3d0553030c7af8d1905dcbb,0x10322f1f396bc367b2bc5f3aa9434e5cab6018d7,1.043841,1.04384133611691,1.04384133611691,,0.8326036949784997
0xbc7354541b8f5374f11c4c9c34a8c1ab84825e993eab78eb3c06098813d4c7fb,24393151,1770324959,0xbfa7f9c1983ae40738ea0f128e58aa704461aa3a,0xf00001968c1d6196d3d0553030c7af8d1905dcbb,0xaec4ee9a108304fcc5cdc323d8a2a1d331c342b7,1.043841,1.04384133611691,1.04384133611691,,0.8326036949784997
0x881392ad64a19f933032a64d6594b3b28fbf89babfdc049f20cb406457f2ca76,24393151,1770324959,0xa28ee7ec4756b4c3340c30a8c8cb8bd708e1dcdc,0xf00001968c1d6196d3d0553030c7af8d1905dcbb,0x9398563acd4539df8f2c613f964c2ecbe6020d6b,1.043841,1.04384133611691,1.04384133611691,,0.8326036949784997
0x43ec95d0a4b672e00d63cfa109c141f10fa9002900bc997ead06963019f7de4b,24393152,1770324971,0xbfa7f9c1983ae40738ea0f128e58aa704461aa3a,0xf00001968c1d6196d3d0553030c7af8d1905dcbb,0x3c364a573ab41f21fc163c64ba53a89610b4d3c3,1.043841,1.04384133611691,1.04384133611691,,0.8326036949784997
0xfce5b8b3a6b882c7b7177d48dd67640186ae9f46a03e0fbfc02fec0a37885b47,24393152,1770324971,0xbfa7f9c1983ae40738ea0f128e58aa704461aa3a,0xaf682de1f2e6f710731121a05a44cb3c1b511f7d,0xa96c774dbcdad89ee7872078e58d5168170d684e,1.043841,1.04384133611691,1.04384133611691,,0.8326036949784997
0xd7b1badd9ef7a06b930ec1949e7966dadba38f079376bbae0edb7f7c0c49a34d,24393153,1770324983,0x11b0f28028e3659c1ae18e153625c4f1c95698c8,0xf00001968c1d6196d3d0553030c7af8d1905dcbb,0xc99882e7efb11e4258dfee59954226e53fef4e68,1.043841,1.04384133611691,1.04384133611691,,0.8326036949784997
0x5c21d50525125bfaed9d705bd14aaa21f9df51c50492a612c8576b7ce2935a2a,24393153,1770324983,0x11b0f28028e3659c1ae18e153625c4f1c95698c8,0xf00001968c1d6196d3d0553030c7af8d1905dcbb,0xd8fa2f704ac2d5ff4acecbf248db61523f99833b,1.043841,1.04384133611691,1.04384133611691,,0.8326036949784997
0xbcb80590e11dadaf757af512c7f65316eb24636a5902b028425ed4dc86329679,24393155,1770325007,0x11b0f28028e3659c1ae18e153625c4f1c95698c8,0xf00001968c1d6196d3d0553030c7af8d1905dcbb,0x21e39af4f3a2f06cf89dc13155dbd6e2f7576bbf,1.043841,1.04384133611691,1.04384133611691,,0.8326036949784997
0x000d285d59db235a0d6cce13971924765313f501545cff0e63c6c7ef2e7040af,24393155,1770325007,0xbfa7f9c1983ae40738ea0f128e58aa704461aa3a,0xf00001968c1d6196d3d0553030c7af8d1905dcbb,0x10a132b6feed4998f9011ffd6dbe3e2413614245,1.043841,1.04384133611691,1.04384133611691,,0.8326036949784997
0x9e8ce57221d447feb2a406dc69c97ea092a52c0222dd4ce114532e85f8b45e62,24393277,1770326495,0x0e09ce5c48b48bf72bb667715cbe6977489042cb,0x00000f91109c4d0007e90000d9facad5298a0cac,0x163d2d8fb1ca05bfddbacd065b0172dc0255a37b,1.043839,1.04384133611691,1.04384133611691,,0.8326036949784997
0x3b8a8a1a70dba0b1dbab19b98d60b9c7021a19f6c5fbec44f5c50f03f0f1264b,24393277,1770326495,0xbfa7f9c1983ae40738ea0f128e58aa704461aa3a,0x00000f91109c4d0007e90000d9facad5298a0cac,0xd0cae02373c612e7fa2643f6742d5264685d2c75,1.043841,1.04384133611691,1.04384133611691,,0.8326036949784997
0xf9b4e89bbcbd9d2854f00f9e3224c1d08606d9c6ace2335ab02271c3cb5e9d0d,24393515,1770329375,0x0e09ce5c48b48bf72bb667715cbe6977489042cb,0xa000016d11e045500240e2dfb9938c226e8a873c,0x91d018ac231c90997e411c5373ec2e0882b81ac5,1.043841,1.04384133611691,1.04384133611691,,0.8326036949784997
0x602616c1f3020934dc7c66b9bf76a02089bbb122542c56becf294fce8e715693,24393515,1770329375,0x0e09ce5c48b48bf72bb667715cbe6977489042cb,0xf00001968c1d6196d3d0553030c7af8d1905dcbb,0x333e2fb07c2451e6e01fa40adde521b73413ef6a,1.043841,1.04384133611691,1.04384133611691,,0.8326036949784997
0x0a1a5be4071eef9b23802826f6892d7cbaeb970f98edeaeab09bac44cb4d649d,24393515,1770329375,0xa28ee7ec4756b4c3340c30a8c8cb8bd708e1dcdc,0xa000016d11e045500240e2dfb9938c226e8a873c,0x5c6ce918cafa211e8e3e5cbcf6189dbaabc82af7,1.043841,1.04384133611691,1.04384133611691,,0.8326036949784997
0x344b775419ea6b73d6d8f7351f09e6a8694e59a62f7f082fd5a7005e7b2efdf5,24393565,1770329975,0x1ac73015626cb8941f83f83f1039102d87fb7838,0x00000f91109c4d0007e90000d9facad5298a0cac,0x1a7cda1f6eb3080287b3c2b4c2bef45ef9047996,1.043841,1.04384133611691,1.04384133611691,,0.8326036949784997
0x0b33d40af4a8a1b2e7fa00f3047c7bf201587a0af2bf62f14a67aac667903ca8,24393566,1770329987,0x1ac73015626cb8941f83f83f1039102d87fb7838,0xaf682de1f2e6f710731121a05a44cb3c1b511f7d,0x1a7cda1f6eb3080287b3c2b4c2bef45ef9047996,1.043841,1.04384133611691,1.04384133611691,,0.8326036949784997
0x717712534ba6ba2ec116f6f9ccb93495fdbf2029850358d8c6683f87b3e452b7,24393566,1770329987,0x0e09ce5c48b48bf72bb667715cbe6977489042cb,0xaf682de1f2e6f710731121a05a44cb3c1b511f7d,0x91d018ac231c90997e411c5373ec2e0882b81ac5,1.043841,1.04384133611691,1.04384133611691,,0.8326036949784997
0x85470ff327befdfa060aa784ec4b6c94032b1098ffdaa66ff1af328df542f064,24393567,1770329999,0xa28ee7ec4756b4c3340c30a8c8cb8bd708e1dcdc,0x00000f91109c4d0007e90000d9facad5298a0cac,0xfce88de8b752b27936c82b9bda6705fea0a1fa5c,1.043841,1.04384133611691,1.04384133611691,,0.8326036949784997
0x9a32013b30114986906a5adf9720288b6df87e01a2c68d0a7c595335d2930f98,24393568,1770330011,0xa28ee7ec4756b4c3340c30a8c8cb8bd708e1dcdc,0x00000f91109c4d0007e90000d9facad5298a0cac,0x163d2d8fb1ca05bfddbacd065b0172dc0255a37b,1.043839,1.04384133611691,1.04384133611691,,0.8326036949784997
0x339414f8e2cff521b0868925b4024674129918d7ba773412ed0f77e443921fb9,24393568,1770330011,0xa28ee7ec4756b4c3340c30a8c8cb8bd708e1dcdc,0xaf682de1f2e6f710731121a05a44cb3c1b511f7d,0x5c6ce918cafa211e8e3e5cbcf6189dbaabc82af7,1.043839,1.04384133611691,1.04384133611691,,0.8326036949784997
0x9ded5d7a4b5b288a701072ed2420453b106df660e75807ba0b3a732ec8b596fe,24393571,1770330059,0xa28ee7ec4756b4c3340c30a8c8cb8bd708e1dcdc,0xf00001968c1d6196d3d0553030c7af8d1905dcbb,0xd0cae02373c612e7fa2643f6742d5264685d2c75,1.043841,1.04384133611691,1.04384133611691,,0.8326036949784997
0x4c6df97eda1cdda49a7739c52127d4624a4f097a49beffec6785036d1ce866a0,24393573,1770330083,0x11b0f28028e3659c1ae18e153625c4f1c95698c8,0xf00001968c1d6196d3d0553030c7af8d1905dcbb,0xc58de690dd0e361feabf80ef61d597ed0b41e597,1.043841,1.04384133611691,1.04384133611691,,0.8326036949784997
0x1c1cf89517f78d1edcc65d911935b7aae80ef69511e5ddb4c29c44816c3418a9,24393573,1770330083,0x0e09ce5c48b48bf72bb667715cbe6977489042cb,0xf00001968c1d6196d3d0553030c7af8d1905dcbb,0x1b92f2525bde50ad24d85c964144927f1b2efded,1.043841,1.04384133611691,1.04384133611691,,0.8326036949784997
0x08ce1cab2af9df4933f68069ce143fbcb1fe5c8021dcf50259612f92ecbc3d1f,24394008,1770335315,0x1ac73015626cb8941f83f83f1039102d87fb7838,0xaf682de1f2e6f710731121a05a44cb3c1b511f7d,0x6f8025ff23380cb6a56c384522d0b96e7024ff41,1.043841,1.04384133611691,1.04384133611691,,0.8326036949784997
0x5d967160718a8bc8ceede8432b8672711194a4501ee344d5bc0b429c95d3db38,24394029,1770335567,0xbfa7f9c1983ae40738ea0f128e58aa704461aa3a,0x00000f91109c4d0007e90000d9facad5298a0cac,0xd0cae02373c612e7fa2643f6742d5264685d2c75,1.043841,1.04384133611691,1.04384133611691,,0.8326036949784997
0x2f4a5f67135e695d342158a6c91328de7d1166af0fc54364f66b5e61c4c8dd3b,24394030,1770335579,0x1ac73015626cb8941f83f83f1039102d87fb7838,0xaf682de1f2e6f710731121a05a44cb3c1b511f7d,0x6f8025ff23380cb6a56c384522d0b96e7024ff41,1.043841,1.04384133611691,1.04384133611691,,0.8326036949784997
0x02163958f29c2f62408cfde3c65e936d7bf1ec9983895f30e9cee588c2f17676,24394030,1770335579,0xbfa7f9c1983ae40738ea0f128e58aa704461aa3a,0xaf682de1f2e6f710731121a05a44cb3c1b511f7d,0xd0cae02373c612e7fa2643f6742d5264685d2c75,1.043833,1.04384133611691,1.04384133611691,,0.8326036949784997
0x530218ab1daf6d9385bf201a20561a91664a4a4260906a725a15286eb3532d15,24394032,1770335603,0x1ac73015626cb8941f83f83f1039102d87fb7838,0x8962ee95cecae27e65de2d3f1dcdbff6bed8f299,0x6f8025ff23380cb6a56c384522d0b96e7024ff41,1.043841,1.04384133611691,1.04384133611691,,0.8326036949784997
0xfd6dfcc841819818e77402a4a006ca523cf8bf188c9b5fae65498b93ce7f5f70,24394033,1770335615,0x1ac73015626cb8941f83f83f1039102d87fb7838,0xaf682de1f2e6f710731121a05a44cb3c1b511f7d,0x6f8025ff23380cb6a56c384522d0b96e7024ff41,1.043841,1.04384133611691,1.04384133611691,,0.8326036949784997
0x831fa8d8f710ecf69ef87ea4b3fc19f8ebb33a34a1f19b96f4192c69cafcc4b2,24394081,1770336203,0x11b0f28028e3659c1ae18e153625c4f1c95698c8,0xf00001968c1d6196d3d0553030c7af8d1905dcbb,0xfbe874e5d9bc5afd18880232f97b3c2c34045f64,1.043841,1.04384133611691,1.04384133611691,,0.8326036949784997
0x5da54ae3de9cc6505f79b3c1dfbecfd56cb719a9acf18928784e2634d2a642e0,24394083,1770336227,0x11b0f28028e3659c1ae18e153625c4f1c95698c8,0xf00001968c1d6196d3d0553030c7af8d1905dcbb,0xc99882e7efb11e4258dfee59954226e53fef4e68,1.043841,1.04384133611691,1.04384133611691,,0.8326036949784997
0x0a40d9d9a05d45bce8545e194595e18bbdffc9b2a98715148dc212525bc30459,24394083,1770336227,0x11b0f28028e3659c1ae18e153625c4f1c95698c8,0xf00001968c1d6196d3d0553030c7af8d1905dcbb,0x21e39af4f3a2f06cf89dc13155dbd6e2f7576bbf,1.043841,1.04384133611691,1.04384133611691,,0.8326036949784997
0xdd002452338b657ca3c9d2e6ea52d042e8afd080a5e0079da93a257d03d63d4c,24394085,1770336251,0xa28ee7ec4756b4c3340c30a8c8cb8bd708e1dcdc,0x682ea8aa9b23250e0e240580e8ae55205f612979,0xc99882e7efb11e4258dfee59954226e53fef4e68,1.043841,1.04384133611691,1.04384133611691,,0.8326036949784997
0x1763142e8692ad229672b7d79805c528b6ffe898ce3572c0acf5b22f9c64be98,24394085,1770336251,0xa28ee7ec4756b4c3340c30a8c8cb8bd708e1dcdc,0x00000f91109c4d0007e90000d9facad5298a0cac,0x721e3b6e8c3f8ef3d1a7605700cb3ba027ef8eba,1.043841,1.04384133611691,1.04384133611691,,0.8326036949784997
0x1c862c80ae17c63e5983eaf23f96ece31bb356c6c6afa499a9acb5041c3f02d0,24394085,1770336251,0xbfa7f9c1983ae40738ea0f128e58aa704461aa3a,0x00000f91109c4d0007e90000d9facad5298a0cac,0x8f714eeaaeb838c9c7e295b5f105abfab311b286,1.043841,1.04384133611691,1.04384133611691,,0.8326036949784997
0xc987363537f3386ee77f1d21b74d2974e54edf2c9c9acbff39c22e0bf464fcdb,24394085,1770336251,0x0e09ce5c48b48bf72bb667715cbe6977489042cb,0x00000f91109c4d0007e90000d9facad5298a0cac,0x8067e992c67715851f592094686bc9d2f7d23889,1.043841,1.04384133611691,1.04384133611691,,0.8326036949784997
0xe44b3c7abb3c133514e33c7c098b029bb40f0b50a8fbfbfc765167151cc526af,24394085,1770336251,0x0e09ce5c48b48bf72bb667715cbe6977489042cb,0x00000f91109c4d0007e90000d9facad5298a0cac,0x8067e992c67715851f592094686bc9d2f7d23889,1.043841,1.04384133611691,1.04384133611691,,0.8326036949784997
0x3357eb730b2f896f247aabf25b1a457959ac6cc993ac391d5a77c222c02ad3e8,24394085,1770336251,0x0e09ce5c48b48bf72bb667715cbe6977489042cb,0x00000f91109c4d0007e90000d9facad5298a0cac,0x8067e992c67715851f592094686bc9d2f7d23889,1.043841,1.04384133611691,1.04384133611691,,0.8326036949784997
0xe02cace32bbfb4c95bdb41b1927c92af8119bdb0564312e91f71203861bd0f6c,24394085,1770336251,0x0e09ce5c48b48bf72bb667715cbe6977489042cb,0x00000f91109c4d0007e90000d9facad5298a0cac,0x8067e992c67715851f592094686bc9d2f7d23889,1.043841,1.04384133611691,1.04384133611691,,0.8326036949784997
0xc6e56022e1d44b36437dac6e4c02cee9329de5d9a5862af07651db135512d4bb,24394085,1770336251,0x1ac73015626cb8941f83f83f1039102d87fb7838,0x00000f91109c4d0007e90000d9facad5298a0cac,0x1a7cda1f6eb3080287b3c2b4c2bef45ef9047996,1.043841,1.04384133611691,1.04384133611691,,0.8326036949784997
0x52980dfbbd7a4f7a67314515857624ef00c657a3fdfcc1feb0bf6e22d74e4a84,24394085,1770336251,0x0e09ce5c48b48bf72bb667715cbe6977489042cb,0x00000f91109c4d0007e90000d9facad5298a0cac,0x10322f1f396bc367b2bc5f3aa9434e5cab6018d7,1.043841,1.04384133611691,1.04384133611691,,0.8326036949784997
0x30b51f6f0ee1ed4a0399ed53e534909852e358870f2a0caccd7192ea175d442e,24394086,1770336263,0xa28ee7ec4756b4c3340c30a8c8cb8bd708e1dcdc,0x339c0db4a0030c88b4a48aafe56cdba23c8d4338,0xc99882e7efb11e4258dfee59954226e53fef4e68,1.043841,1.04384133611691,1.04384133611691,,0.8326036949784997
0x013a23165ba7e40da0f2d683ca70b3433820837314433d012b34c9097c7674df,24394086,1770336263,0xa28ee7ec4756b4c3340c30a8c8cb8bd708e1dcdc,0xf00001968c1d6196d3d0553030c7af8d1905dcbb,0xba10248ac4dcc76ef27b58aad637f02a27fbc4f6,1.043841,1.04384133611691,1.04384133611691,,0.8326036949784997
0x7082e93b09b3f1addde9260bbe68587c4d7d6a5e6c030a94890aff2f0c9690b5,24394086,1770336263,0xa28ee7ec4756b4c3340c30a8c8cb8bd708e1dcdc,0xaf682de1f2e6f710731121a05a44cb3c1b511f7d,0xc99882e7efb11e4258dfee59954226e53fef4e68,1.043841,1.04384133611691,1.04384133611691,,0.8326036949784997
0x10a2aa15a2de01b6997495f2e36a716103ea2ff7d15f4c9d6a3ccb9ecc598770,24394086,1770336263,0xa28ee7ec4756b4c3340c30a8c8cb8bd708e1dcdc,0xf00001968c1d6196d3d0553030c7af8d1905dcbb,0xd604d0f40809954749f536477acbd227c2aad38b,1.043841,1.04384133611691,1.04384133611691,,0.8326036949784997
0xbd112279699a658c03f422e00576e1366b496d8fdb5f18c19b4a23fed07a0fc7,24394086,1770336263,0xa28ee7ec4756b4c3340c30a8c8cb8bd708e1dcdc,0xf00001968c1d6196d3d0553030c7af8d1905dcbb,0x4e31820791ff065f69ef0054711ea8a073e5eba9,1.043841,1.04384133611691,1.04384133611691,,0.8326036949784997
0x88cda875513b5ba7272909b98ca8937ee12a44db9840747552349feccd084d36,24394086,1770336263,0xa28ee7ec4756b4c3340c30a8c8cb8bd708e1dcdc,0xf00001968c1d6196d3d0553030c7af8d1905dcbb,0x08ce56a1dc045bcbd34a7964b23516d364df6ba5,1.043841,1.04384133611691,1.04384133611691,,0.8326036949784997
0x1d15b15af3ed4453f573d0ef174139bf563ec2ccd520f6ae34a1c0e6da393070,24394086,1770336263,0x1ac73015626cb8941f83f83f1039102d87fb7838,0xaf682de1f2e6f710731121a05a44cb3c1b511f7d,0x6f8025ff23380cb6a56c384522d0b96e7024ff41,1.043841,1.04384133611691,1.04384133611691,,0.8326036949784997
0xbeab96a293c0d8a54f1ab44b45af2a9b48338fa08c4b426309e41360a91fd219,24394086,1770336263,0x0e09ce5c48b48bf72bb667715cbe6977489042cb,0x682ea8aa9b23250e0e240580e8ae55205f612979,0xccb38eba7e1043b86db6ff1fdb7882cc6cd6c232,1.043841,1.04384133611691,1.04384133611691,,0.8326036949784997
0x3976a3429d523d009b28d0dc985309457812c0af43552efeefca818278e1807e,24394086,1770336263,0xa28ee7ec4756b4c3340c30a8c8cb8bd708e1dcdc,0x682ea8aa9b23250e0e240580e8ae55205f612979,0x721e3b6e8c3f8ef3d1a7605700cb3ba027ef8eba,1.043841,1.04384133611691,1.04384133611691,,0.8326036949784997
0xec96880e6de2863dd04d58a31b04908f2b3e988acae9e786a34f8b4a753f3916,24394086,1770336263,0xbfa7f9c1983ae40738ea0f128e58aa704461aa3a,0x682ea8aa9b23250e0e240580e8ae55205f612979,0xa96c774dbcdad89ee7872078e58d5168170d684e,1.043841,1.04384133611691,1.04384133611691,,0.8326036949784997
0x6bbf65f2983f27722ec678f7664baa8cf59aa2520a1b4a985cba4622f822c66d,24394086,1770336263,0xbfa7f9c1983ae40738ea0f128e58aa704461aa3a,0x682ea8aa9b23250e0e240580e8ae55205f612979,0x721e3b6e8c3f8ef3d1a7605700cb3ba027ef8eba,1.043841,1.04384133611691,1.04384133611691,,0.8326036949784997
0x4e0d061d24fea8a43828ef3fa46043c3d1e008def62c29cbdf936794d5b23f4d,24394086,1770336263,0xa28ee7ec4756b4c3340c30a8c8cb8bd708e1dcdc,0x682ea8aa9b23250e0e240580e8ae55205f612979,0x721e3b6e8c3f8ef3d1a7605700cb3ba027ef8eba,1.043841,1.04384133611691,1.04384133611691,,0.8326036949784997
0x9b07eb40c37813fb73ebfa189ac68a3208aa3f0d3a5b8affd987de5ad3d398d9,24394086,1770336263,0xa28ee7ec4756b4c3340c30a8c8cb8bd708e1dcdc,0x682ea8aa9b23250e0e240580e8ae55205f612979,0xad95973c72045cd05b9ddaa2b27cf65f578e339e,1.043841,1.04384133611691,1.04384133611691,,0.8326036949784997
0x88a635de94512f00ce74723382c1f7c86d2c01ad26de1113329e2de4ee45417f,24394087,1770336275,0xa28ee7ec4756b4c3340c30a8c8cb8bd708e1dcdc,0xaf682de1f2e6f710731121a05a44cb3c1b511f7d,0xc99882e7efb11e4258dfee59954226e53fef4e68,1.043841,1.04384133611691,1.04384133611691,,0.8326036949784997
0x4a0ea38f07a4ec1791e085f0d0525c1bf14e63b0411b0a8f0b47ebc43a207804,24394087,1770336275,0x0e09ce5c48b48bf72bb667715cbe6977489042cb,0xc31a49d1c4c652af57cefdef248f3c55b801c649,0x124c956fb6ea9ab47b5f6e1b2050333bb4df0474,1.043841,1.04384133611691,1.04384133611691,,0.8326036949784997
0x23a2c8d7371d9ef0dca1a8dcee1ec77addec0f57a06a3523d2f0dff470758e6b,24394087,1770336275,0x0e09ce5c48b48bf72bb667715cbe6977489042cb,0xaf682de1f2e6f710731121a05a44cb3c1b511f7d,0x8067e992c67715851f592094686bc9d2f7d23889,1.043841,1.04384133611691,1.04384133611691,,0.8326036949784997
0x4c85cc3f1a5107f23d1688c8cdf54917f68436b45f867fd4a6345d7112ef9b3c,24394087,1770336275,0xa28ee7ec4756b4c3340c30a8c8cb8bd708e1dcdc,0xf00001968c1d6196d3d0553030c7af8d1905dcbb,0x163d2d8fb1ca05bfddbacd065b0172dc0255a37b,1.043841,1.04384133611691,1.04384133611691,,0.8326036949784997
0xde4804acbe90898d08f8652c26a68112e3cfbc58bf4ae6075c9c0d6ef25aab0c,24394087,1770336275,0x11b0f28028e3659c1ae18e153625c4f1c95698c8,0xf00001968c1d6196d3d0553030c7af8d1905dcbb,0xc58de690dd0e361feabf80ef61d597ed0b41e597,1.043841,1.04384133611691,1.04384133611691,,0.8326036949784997
0x3a8c8a86ade8ff6097d088940e43d74bdd85c54ca493588ab9af2a77940b587a,24394087,1770336275,0xa28ee7ec4756b4c3340c30a8c8cb8bd708e1dcdc,0x8050a2155477f121bd62199490602232be0192fb,0x721e3b6e8c3f8ef3d1a7605700cb3ba027ef8eba,1.043841,1.04384133611691,1.04384133611691,,0.8326036949784997
0x3a8c8a86ade8ff6097d088940e43d74bdd85c54ca493588ab9af2a77940b587a,24394087,1770336275,0xbfa7f9c1983ae40738ea0f128e58aa704461aa3a,0x8050a2155477f121bd62199490602232be0192fb,0x721e3b6e8c3f8ef3d1a7605700cb3ba027ef8eba,1.043841,1.04384133611691,1.04384133611691,,0.8326036949784997
0xdf35ec35529fa028609129704dc782483d332933ff0f8d1e6fa23e7308d8d4bc,24394087,1770336275,0xa28ee7ec4756b4c3340c30a8c8cb8bd708e1dcdc,0x00000f91109c4d0007e90000d9facad5298a0cac,0xad95973c72045cd05b9ddaa2b27cf65f578e339e,1.043841,1.04384133611691,1.04384133611691,,0.8326036949784997
0xca8c713a0a07cc021ab8fc1b91570ae55070326bcabe9fd655831d6fcf778be5,24394089,1770336299,0xbfa7f9c1983ae40738ea0f128e58aa704461aa3a,0xd3f443ae8dc64ff7cb74ae18b2adc55f54551d28,0xaec4ee9a108304fcc5cdc323d8a2a1d331c342b7,1.043841,1.04384133611691,1.04384133611691,,0.8326036949784997
0x17865b40e626a2ce267c4c35341e0ba47c64c08f2c116e51b77066910d4ac4a6,24394089,1770336299,0x0e09ce5c48b48bf72bb667715cbe6977489042cb,0xa000016d11e045500240e2dfb9938c226e8a873c,0xc76e25c836cb90cb7a3e30855ac08a8b9f9ed198,1.043841,1.04384133611691,1.04384133611691,,0.8326036949784997
0x9fb60b178c425f1bef5ca6382e9930ba4ef92ba9c2bbd861d0589e92638d94de,24394089,1770336299,0xf888c589f13dc46e91407873dcda180d37329ff4,0xf00001968c1d6196d3d0553030c7af8d1905dcbb,0x7d5f43a995d64b53d5fba85596d374155ac1d8fb,1.043841,1.04384133611691,1.04384133611691,,0.8326036949784997
0x2f54c397f0037407c890a23aa99d4c81e80333dab2650365cc6834a1df63c104,24394089,1770336299,0xa28ee7ec4756b4c3340c30a8c8cb8bd708e1dcdc,0xd7d2807b0715aa1af8157574642f4f06c9badda2,0xad95973c72045cd05b9ddaa2b27cf65f578e339e,1.043841,1.04384133611691,1.04384133611691,,0.8326036949784997
0xa58c388857ee08aea9fe3ba2be0a6b9160b1bd8a3241e78258703c4bf222f59f,24394089,1770336299,0xbfa7f9c1983ae40738ea0f128e58aa704461aa3a,0xaf682de1f2e6f710731121a05a44cb3c1b511f7d,0xd0cae02373c612e7fa2643f6742d5264685d2c75,1.043841,1.04384133611691,1.04384133611691,,0.8326036949784997
0x49b97293c3af064749a8181f734eb44c30b5e4d429d52ff87ef2cb9f1882f8b8,24394090,1770336311,0xbfa7f9c1983ae40738ea0f128e58aa704461aa3a,0x00000f91109c4d0007e90000d9facad5298a0cac,0x10a132b6feed4998f9011ffd6dbe3e2413614245,1.043841,1.04384133611691,1.04384133611691,,0.8326036949784997
0x3b913415ed2314c90275068280079069ceae697d3a8d6481c1a648caf9259fbc,24394090,1770336311,0xbfa7f9c1983ae40738ea0f128e58aa704461aa3a,0x00000f91109c4d0007e90000d9facad5298a0cac,0x10a132b6feed4998f9011ffd6dbe3e2413614245,1.043841,1.04384133611691,1.04384133611691,,0.8326036949784997
0x43e2333d6db865f4224be8462e8938f3d82daad0faa740a6cb08e8cfe6d9512c,24394092,1770336335,0xd2c334ead25f006e98d927fba7452dad481f9ee6,0xf00001968c1d6196d3d0553030c7af8d1905dcbb,0xe1abbcb7776199fdda8c2c47d9cc3eb80917daf1,1.043841,1.04384133611691,1.04384133611691,,0.8326036949784997
0x44d5da58f0a9b55af3c354a6ca1092fe26c261ac9d0e715ac467f6ccce3f58bb,24394096,1770336383,0xa28ee7ec4756b4c3340c30a8c8cb8bd708e1dcdc,0x339c0db4a0030c88b4a48aafe56cdba23c8d4338,0xc99882e7efb11e4258dfee59954226e53fef4e68,1.043841,1.04384133611691,1.04384133611691,,0.8326036949784997
0xe0dfdbc1680113ccf70938da7edb7f84181c1fabb60efdbc4e4291be8c930568,24394096,1770336383,0xa28ee7ec4756b4c3340c30a8c8cb8bd708e1dcdc,0xaf682de1f2e6f710731121a05a44cb3c1b511f7d,0xc99882e7efb11e4258dfee59954226e53fef4e68,1.043841,1.04384133611691,1.04384133611691,,0.8326036949784997
0xc0cca7e926b97fa9635e445e303acd5d454a92431530dbd15316a7dd8f36890c,24394096,1770336383,0xd2c334ead25f006e98d927fba7452dad481f9ee6,0x8050a2155477f121bd62199490602232be0192fb,0xe1abbcb7776199fdda8c2c47d9cc3eb80917daf1,1.043841,1.04384133611691,1.04384133611691,,0.8326036949784997
0xc0cca7e926b97fa9635e445e303acd5d454a92431530dbd15316a7dd8f36890c,24394096,1770336383,0xd2c334ead25f006e98d927fba7452dad481f9ee6,0x8050a2155477f121bd62199490602232be0192fb,0xe1abbcb7776199fdda8c2c47d9cc3eb80917daf1,1.043841,1.04384133611691,1.04384133611691,,0.8326036949784997
0xc0cca7e926b97fa9635e445e303acd5d454a92431530dbd15316a7dd8f36890c,24394096,1770336383,0xd2c334ead25f006e98d927fba7452dad481f9ee6,0x8050a2155477f121bd62199490602232be0192fb,0xe1abbcb7776199fdda8c2c47d9cc3eb80917daf1,1.043841,1.04384133611691,1.04384133611691,,0.8326036949784997
0xc0cca7e926b97fa9635e445e303acd5d454a92431530dbd15316a7dd8f36890c,24394096,1770336383,0xd2c334ead25f006e98d927fba7452dad481f9ee6,0x8050a2155477f121bd62199490602232be0192fb,0xe1abbcb7776199fdda8c2c47d9cc3eb80917daf1,1.043841,1.04384133611691,1.04384133611691,,0.8326036949784997
0xc0cca7e926b97fa9635e445e303acd5d454a92431530dbd15316a7dd8f36890c,24394096,1770336383,0xd2c334ead25f006e98d927fba7452dad481f9ee6,0x8050a2155477f121bd62199490602232be0192fb,0xe1abbcb7776199fdda8c2c47d9cc3eb80917daf1,1.043841,1.04384133611691,1.04384133611691,,0.8326036949784997
0xdc9b0ec6e7e8f2f21d7549ec60c82bdc55e786356617a462274679d623390d8f,24394096,1770336383,0x0e09ce5c48b48bf72bb667715cbe6977489042cb,0xaf682de1f2e6f710731121a05a44cb3c1b511f7d,0x8067e992c67715851f592094686bc9d2f7d23889,1.043841,1.04384133611691,1.04384133611691,,0.8326036949784997
0x59519a0176f00a41e69dd79ef9847408616cb1a56724b4ed9963c7c06ce55ddf,24394098,1770336407,0xd2c334ead25f006e98d927fba7452dad481f9ee6,0xaf682de1f2e6f710731121a05a44cb3c1b511f7d,0xe1abbcb7776199fdda8c2c47d9cc3eb80917daf1,1.043841,1.04384133611691,1.04384133611691,,0.8326036949784997
0x56c6d4e539c542c60813f2a505c5a311fb1a7a7022a706afba26ddec06977026,24394098,1770336407,0x11b0f28028e3659c1ae18e153625c4f1c95698c8,0xe08d97e151473a848c3d9ca3f323cb720472d015,0xfbe874e5d9bc5afd18880232f97b3c2c34045f64,1.043841,1.04384133611691,1.04384133611691,,0.8326036949784997
0x0dd59073ccf0f2103a0fda74bff89c1f36997fe0c8340cf8e2e7ae12e00a77ab,24394099,1770336419,0xa28ee7ec4756b4c3340c30a8c8cb8bd708e1dcdc,0x00000f91109c4d0007e90000d9facad5298a0cac,0xba10248ac4dcc76ef27b58aad637f02a27fbc4f6,1.043841,1.04384133611691,1.04384133611691,,0.8326036949784997
0xeba1e8cdf876965651b424dd00b379b59878e1197e9d41cb1e2453e55bda56d6,24394099,1770336419,0x11b0f28028e3659c1ae18e153625c4f1c95698c8,0x00000f91109c4d0007e90000d9facad5298a0cac,0xfbe874e5d9bc5afd18880232f97b3c2c34045f64,1.043841,1.04384133611691,1.04384133611691,,0.8326036949784997
0x5a349962e3e1ab987d195d299fa9d6af437460c8d4a0df02acdcedce13edc99d,24394099,1770336419,0x11b0f28028e3659c1ae18e153625c4f1c95698c8,0x00000f91109c4d0007e90000d9facad5298a0cac,0x21e39af4f3a2f06cf89dc13155dbd6e2f7576bbf,1.043841,1.04384133611691,1.04384133611691,,0.8326036949784997
0x0d5904f48d0445d6778fe5413020f53070b8ff0e5e72ef1ca4cf208a9041f31b,24394099,1770336419,0xbfa7f9c1983ae40738ea0f128e58aa704461aa3a,0x00000f91109c4d0007e90000d9facad5298a0cac,0xaec4ee9a108304fcc5cdc323d8a2a1d331c342b7,1.04384,1.04384133611691,1.04384133611691,,0.8326036949784997
0xd8cc838478140983310dc47d27a0c0bd3bc9aed4eec1e21dd51f04bf0ba3196c,24394100,1770336431,0x11b0f28028e3659c1ae18e153625c4f1c95698c8,0xf00001968c1d6196d3d0553030c7af8d1905dcbb,0xc99882e7efb11e4258dfee59954226e53fef4e68,1.043841,1.04384133611691,1.04384133611691,,0.8326036949784997
0xa881a5ff98bf4d490f9d83bab13b18fb5c06c9ed6b522e89b16be48acecc7fa2,24394100,1770336431,0x0e09ce5c48b48bf72bb667715cbe6977489042cb,0xf00001968c1d6196d3d0553030c7af8d1905dcbb,0x124c956fb6ea9ab47b5f6e1b2050333bb4df0474,1.043841,1.04384133611691,1.04384133611691,,0.8326036949784997
0x2eddca70bcb7eae0c637fdce1d8170d9bd1c229f687e8c047d809d1163b52be5,24394100,1770336431,0x0e09ce5c48b48bf72bb667715cbe6977489042cb,0xf00001968c1d6196d3d0553030c7af8d1905dcbb,0xccb38eba7e1043b86db6ff1fdb7882cc6cd6c232,1.043841,1.04384133611691,1.04384133611691,,0.8326036949784997
0x4dec51ce9b7f6c4b07a1f3fcaab0aa382b8f5050d42dcd57f79014353afec508,24394100,1770336431,0xa28ee7ec4756b4c3340c30a8c8cb8bd708e1dcdc,0xf00001968c1d6196d3d0553030c7af8d1905dcbb,0xba10248ac4dcc76ef27b58aad637f02a27fbc4f6,1.043841,1.04384133611691,1.04384133611691,,0.8326036949784997
0xaf5c78f3eec75fa41a2976868df2d8e81215f7ab83b9314314462a94d759dce9,24394102,1770336455,0xa28ee7ec4756b4c3340c30a8c8cb8bd708e1dcdc,0xf00001968c1d6196d3d0553030c7af8d1905dcbb,0x08ce56a1dc045bcbd34a7964b23516d364df6ba5,1.043841,1.04384133611691,1.04384133611691,,0.8326036949784997
0x3c74e069e1243edbbcc08b4e9cd0d61622d2a76983c634c1bc66284f1564124c,24394102,1770336455,0x11b0f28028e3659c1ae18e153625c4f1c95698c8,0xaf682de1f2e6f710731121a05a44cb3c1b511f7d,0xfbe874e5d9bc5afd18880232f97b3c2c34045f64,1.043841,1.04384133611691,1.04384133611691,,0.8326036949784997
0x43303de6cbea25ba9d839fb4f17107a7c5563888533ebad6af155c709fb70219,24394102,1770336455,0xa28ee7ec4756b4c3340c30a8c8cb8bd708e1dcdc,0xf00001968c1d6196d3d0553030c7af8d1905dcbb,0xd604d0f40809954749f536477acbd227c2aad38b,1.043841,1.04384133611691,1.04384133611691,,0.8326036949784997
0xe16c417499dd3b4f95ce1c323111a60ca169aaebaf3b2e919e68d5bee3bd175e,24394102,1770336455,0x11b0f28028e3659c1ae18e153625c4f1c95698c8,0x8050a2155477f121bd62199490602232be0192fb,0x21e39af4f3a2f06cf89dc13155dbd6e2f7576bbf,1.043841,1.04384133611691,1.04384133611691,,0.8326036949784997
0x2a930f8cabd2e8c6449785a29198f208bba3dac38688b4a90e05e2920c3f122d,24394102,1770336455,0xa28ee7ec4756b4c3340c30a8c8cb8bd708e1dcdc,0xf00001968c1d6196d3d0553030c7af8d1905dcbb,0x721e3b6e8c3f8ef3d1a7605700cb3ba027ef8eba,1.043841,1.04384133611691,1.04384133611691,,0.8326036949784997
0xb60cb083d7d4ebedf2ca41477944404b17a874c2fada83d14f9633e02ce8412f,24394103,1770336467,0xbfa7f9c1983ae40738ea0f128e58aa704461aa3a,0xf00001968c1d6196d3d0553030c7af8d1905dcbb,0x8f714eeaaeb838c9c7e295b5f105abfab311b286,1.043841,1.04384133611691,1.04384133611691,,0.8326036949784997
0xb026a8dd9a56f79085b92d9c2aae47c8e6aae689184cbc6ac5106b59c4cafb54,24394103,1770336467,0x0e09ce5c48b48bf72bb667715cbe6977489042cb,0xf00001968c1d6196d3d0553030c7af8d1905dcbb,0x10322f1f396bc367b2bc5f3aa9434e5cab6018d7,1.043841,1.04384133611691,1.04384133611691,,0.8326036949784997
0x25c7d3ba6bd54360586a3338f5fe4147c8655fa556179273476035a57d8b0981,24394103,1770336467,0x0e09ce5c48b48bf72bb667715cbe6977489042cb,0xf00001968c1d6196d3d0553030c7af8d1905dcbb,0xc76e25c836cb90cb7a3e30855ac08a8b9f9ed198,1.043841,1.04384133611691,1.04384133611691,,0.8326036949784997
0x29fd7d4c7a412a0eb48a6c5e36c6cd5a979a5d826fec24cc6619aade6874f3d9,24394103,1770336467,0x0e09ce5c48b48bf72bb667715cbe6977489042cb,0xf00001968c1d6196d3d0553030c7af8d1905dcbb,0x1b92f2525bde50ad24d85c964144927f1b2efded,1.043841,1.04384133611691,1.04384133611691,,0.8326036949784997
0x62f15061ca7f23d377912578391f9e830a5d564e1d7ab06d9b7b1632dd33c36f,24394104,1770336479,0xbfa7f9c1983ae40738ea0f128e58aa704461aa3a,0xf00001968c1d6196d3d0553030c7af8d1905dcbb,0x3c364a573ab41f21fc163c64ba53a89610b4d3c3,1.043841,1.04384133611691,1.04384133611691,,0.8326036949784997
0x63f8d3b7b0135710aec6c5ef27a03013d38801c7d12582634ad8259188cfcc96,24394104,1770336479,0xbfa7f9c1983ae40738ea0f128e58aa704461aa3a,0xa000016d11e045500240e2dfb9938c226e8a873c,0x10a132b6feed4998f9011ffd6dbe3e2413614245,1.043841,1.04384133611691,1.04384133611691,,0.8326036949784997
0x347ad8bf701603117be8cbed24e505f610326c1997359c0a83bcdd35f42abe02,24394104,1770336479,0xa28ee7ec4756b4c3340c30a8c8cb8bd708e1dcdc,0xf00001968c1d6196d3d0553030c7af8d1905dcbb,0x4e31820791ff065f69ef0054711ea8a073e5eba9,1.043841,1.04384133611691,1.04384133611691,,0.8326036949784997
0x845d8759cc316452be56f5215d640106e61c096eac4d2960c7c8cf1bb23a1c98,24394104,1770336479,0xa28ee7ec4756b4c3340c30a8c8cb8bd708e1dcdc,0xf00001968c1d6196d3d0553030c7af8d1905dcbb,0x9398563acd4539df8f2c613f964c2ecbe6020d6b,1.043841,1.04384133611691,1.04384133611691,,0.8326036949784997
0x20cf72781e498f994d4f63824862f1676df6171253d20e362cced9fd24508002,24394104,1770336479,0xa28ee7ec4756b4c3340c30a8c8cb8bd708e1dcdc,0x00000f91109c4d0007e90000d9facad5298a0cac,0xad95973c72045cd05b9ddaa2b27cf65f578e339e,1.043841,1.04384133611691,1.04384133611691,,0.8326036949784997
0x8f7f767d6896532777f7184c2aead8a1b82a6d0a132ab0ee2902164a171cb76c,24394104,1770336479,0xa28ee7ec4756b4c3340c30a8c8cb8bd708e1dcdc,0x00000f91109c4d0007e90000d9facad5298a0cac,0xad95973c72045cd05b9ddaa2b27cf65f578e339e,1.043841,1.04384133611691,1.04384133611691,,0.8326036949784997
0x81c54e704d76e346ad21d265f5a8aefcf907dfb8f984b56f73e3ab6688bfc413,24394104,1770336479,0xa28ee7ec4756b4c3340c30a8c8cb8bd708e1dcdc,0x00000f91109c4d0007e90000d9facad5298a0cac,0xad95973c72045cd05b9ddaa2b27cf65f578e339e,1.043841,1.04384133611691,1.04384133611691,,0.8326036949784997
0xd4ae70fc2a19ab9cd197e6b1f5918262bb3b1d87c1301b1206025dca0d1ef388,24394106,1770336503,0x0e09ce5c48b48bf72bb667715cbe6977489042cb,0xf00001968c1d6196d3d0553030c7af8d1905dcbb,0x18d00a5f7730a414a3979fb5bcd60104c69f0ed2,1.043841,1.04384133611691,1.04384133611691,,0.8326036949784997
0xc4e6ea26d0e87eedbf05ce81745ae54d2580810403c05608e9f4848f2f1e64fe,24394106,1770336503,0xa28ee7ec4756b4c3340c30a8c8cb8bd708e1dcdc,0xf00001968c1d6196d3d0553030c7af8d1905dcbb,0xd0cae02373c612e7fa2643f6742d5264685d2c75,1.043841,1.04384133611691,1.04384133611691,,0.8326036949784997
0xf55409ec493376720eb0e2deda2e04a9a8ce1f930adc71537905684576aae522,24394106,1770336503,0xbfa7f9c1983ae40738ea0f128e58aa704461aa3a,0xf00001968c1d6196d3d0553030c7af8d1905dcbb,0xd69849c9f8133d0da59d1e9ace75beda8348aaa7,1.043841,1.04384133611691,1.04384133611691,,0.8326036949784997
0x7a58de1a0fea1b5b3d97c5b911efc98caf42f844396e334d0d5ce7233d70cf2d,24394108,1770336527,0xa28ee7ec4756b4c3340c30a8c8cb8bd708e1dcdc,0xe08d97e151473a848c3d9ca3f323cb720472d015,0xc99882e7efb11e4258dfee59954226e53fef4e68,1.043841,1.04384133611691,1.04384133611691,,0.8326036949784997
0xe1decf75bbe0b801180d6f020b999943117bdff280e5290ad267f4ba970a0fa5,24394108,1770336527,0xa28ee7ec4756b4c3340c30a8c8cb8bd708e1dcdc,0xe08d97e151473a848c3d9ca3f323cb720472d015,0xba10248ac4dcc76ef27b58aad637f02a27fbc4f6,1.043841,1.04384133611691,1.04384133611691,,0.8326036949784997
0xe31701c1990bfcacc080ff2e39f172685bd0c976b3d84550c42ce8377779f1be,24394108,1770336527,0xa28ee7ec4756b4c3340c30a8c8cb8bd708e1dcdc,0xe08d97e151473a848c3d9ca3f323cb720472d015,0xba10248ac4dcc76ef27b58aad637f02a27fbc4f6,1.043841,1.04384133611691,1.04384133611691,,0.8326036949784997
0x6cbb995dafdb50ce2056b586c0d382ddf4b5e564973663a77e4e6205129a8342,24394108,1770336527,0xa28ee7ec4756b4c3340c30a8c8cb8bd708e1dcdc,0xe08d97e151473a848c3d9ca3f323cb720472d015,0xba10248ac4dcc76ef27b58aad637f02a27fbc4f6,1.043841,1.04384133611691,1.04384133611691,,0.8326036949784997
0x0a68c1701854b87f0e196a0a6738acbe842d33c49266cd650e766a285cb3285a,24394108,1770336527,0xa28ee7ec4756b4c3340c30a8c8cb8bd708e1dcdc,0xe08d97e151473a848c3d9ca3f323cb720472d015,0xc99882e7efb11e4258dfee59954226e53fef4e68,1.043841,1.04384133611691,1.04384133611691,,0.8326036949784997
0x1de13c54751e86a7fb5dc442aa0f57306619ec3a4cec852cf246a6a1cc12a160,24394108,1770336527,0xd2c334ead25f006e98d927fba7452dad481f9ee6,0xe08d97e151473a848c3d9ca3f323cb720472d015,0xe1abbcb7776199fdda8c2c47d9cc3eb80917daf1,1.043841,1.04384133611691,1.04384133611691,,0.8326036949784997
0x93272323aac67d5cfe9aebc73ff9c74d34d2bc97ad8992cab7adc5460968a76b,24394108,1770336527,0x0e09ce5c48b48bf72bb667715cbe6977489042cb,0xe08d97e151473a848c3d9ca3f323cb720472d015,0x8067e992c67715851f592094686bc9d2f7d23889,1.043841,1.04384133611691,1.04384133611691,,0.8326036949784997
0x55b14038bdbcf1c41fff78be535f67b786d58118fbe214e72c3a6535d43ec609,24394108,1770336527,0x0e09ce5c48b48bf72bb667715cbe6977489042cb,0xe08d97e151473a848c3d9ca3f323cb720472d015,0x8067e992c67715851f592094686bc9d2f7d23889,1.043841,1.04384133611691,1.04384133611691,,0.8326036949784997
0x702d19ff3261e4e53f29e2516a80c84bcedd961bd9a4e1a2903829f4628ec5b5,24394108,1770336527,0x0e09ce5c48b48bf72bb667715cbe6977489042cb,0xe08d97e151473a848c3d9ca3f323cb720472d015,0x8067e992c67715851f592094686bc9d2f7d23889,1.043841,1.04384133611691,1.04384133611691,,0.8326036949784997
0xa7ab44b93eda1f614a97b9017e33f5a10550fe9c07183de65798d7446058207a,24394109,1770336539,0xa28ee7ec4756b4c3340c30a8c8cb8bd708e1dcdc,0xf00001968c1d6196d3d0553030c7af8d1905dcbb,0xba10248ac4dcc76ef27b58aad637f02a27fbc4f6,1.043841,1.04384133611691,1.04384133611691,,0.8326036949784997
0xa7e4d19d08e54fac1d6896ba22e313cdb198cf417683914c6b060cfcb50de5d7,24394109,1770336539,0x0e09ce5c48b48bf72bb667715cbe6977489042cb,0xaf682de1f2e6f710731121a05a44cb3c1b511f7d,0x124c956fb6ea9ab47b5f6e1b2050333bb4df0474,1.043841,1.04384133611691,1.04384133611691,,0.8326036949784997
0x2a4110843b420ad63231623b0cb120a5f455cbf3db600486cbb5c52d29c606d3,24394109,1770336539,0xbfa7f9c1983ae40738ea0f128e58aa704461aa3a,0xf00001968c1d6196d3d0553030c7af8d1905dcbb,0x721e3b6e8c3f8ef3d1a7605700cb3ba027ef8eba,1.043841,1.04384133611691,1.04384133611691,,0.8326036949784997
0xd406e0ed623ee54b4b77e577fe1ecfae9ffe8d86f63067434ed20d245cf93a4e,24394109,1770336539,0xbfa7f9c1983ae40738ea0f128e58aa704461aa3a,0xf00001968c1d6196d3d0553030c7af8d1905dcbb,0xa96c774dbcdad89ee7872078e58d5168170d684e,1.043841,1.04384133611691,1.04384133611691,,0.8326036949784997
0xa834d2116a8756dc311213d70d16103d71c6d08093ae5a1777a6692921bd8b8f,24394109,1770336539,0x0e09ce5c48b48bf72bb667715cbe6977489042cb,0xf00001968c1d6196d3d0553030c7af8d1905dcbb,0x333e2fb07c2451e6e01fa40adde521b73413ef6a,1.043841,1.04384133611691,1.04384133611691,,0.8326036949784997
0xd5673123ccd5b08ae430bcedd72301e0ea3eefd109823bc3e30fdbf221f50309,24394109,1770336539,0xa28ee7ec4756b4c3340c30a8c8cb8bd708e1dcdc,0xd2306a7187fe8b0c0dee59b50fdc438d2075d24c,0x4e31820791ff065f69ef0054711ea8a073e5eba9,1.043841,1.04384133611691,1.04384133611691,,0.8326036949784997
0x1a2e234807a0a292b6be53c129d7ad9af2d7e56f191f61ff5dd971c5b6ca8d44,24394110,1770336551,0xa28ee7ec4756b4c3340c30a8c8cb8bd708e1dcdc,0x8050a2155477f121bd62199490602232be0192fb,0x08ce56a1dc045bcbd34a7964b23516d364df6ba5,1.043841,1.04384133611691,1.04384133611691,,0.8326036949784997
0xddf9b38bba5989058846226d771e292a48030ece91f79a864d31073103b6088a,24394111,1770336563,0xf888c589f13dc46e91407873dcda180d37329ff4,0xf00001968c1d6196d3d0553030c7af8d1905dcbb,0x7d5f43a995d64b53d5fba85596d374155ac1d8fb,1.043841,1.04384133611691,1.04384133611691,,0.8326036949784997
0xe6e8f449b89ee28cb98f625365be0f04b4449e843c707a4746e2b5bba62ff6a6,24394111,1770336563,0xa28ee7ec4756b4c3340c30a8c8cb8bd708e1dcdc,0x00000f91109c4d0007e90000d9facad5298a0cac,0x721e3b6e8c3f8ef3d1a7605700cb3ba027ef8eba,1.043841,1.04384133611691,1.04384133611691,,0.8326036949784997
0x3e02a098ce6d90f9ed1c8f65b1e65ffa141ca282cfc2db51c666ba92f69295ac,24394113,1770336587,0xa28ee7ec4756b4c3340c30a8c8cb8bd708e1dcdc,0xaf682de1f2e6f710731121a05a44cb3c1b511f7d,0xc99882e7efb11e4258dfee59954226e53fef4e68,1.043841,1.04384133611691,1.04384133611691,,0.8326036949784997
0x1e1c2b557ac397accad7a7e20eab21349e43ce23d9d14c4766f739bcb7513a48,24394113,1770336587,0xa28ee7ec4756b4c3340c30a8c8cb8bd708e1dcdc,0x339c0db4a0030c88b4a48aafe56cdba23c8d4338,0xba10248ac4dcc76ef27b58aad637f02a27fbc4f6,1.043841,1.04384133611691,1.04384133611691,,0.8326036949784997
0xfaff7d13546895e964ce912c3943c50d8362ab8cf3e0d04814843ee6cfca4c5e,24394113,1770336587,0xa28ee7ec4756b4c3340c30a8c8cb8bd708e1dcdc,0x8050a2155477f121bd62199490602232be0192fb,0xba10248ac4dcc76ef27b58aad637f02a27fbc4f6,1.043841,1.04384133611691,1.04384133611691,,0.8326036949784997
0xcf34cdb64d158339e09642f76c0b54305c7fdc0949a7432307f83c0a4dd6ec91,24394113,1770336587,0xa28ee7ec4756b4c3340c30a8c8cb8bd708e1dcdc,0x00000f91109c4d0007e90000d9facad5298a0cac,0xba10248ac4dcc76ef27b58aad637f02a27fbc4f6,1.043841,1.04384133611691,1.04384133611691,,0.8326036949784997
0x11124601d045b5739e4a5c3b472a6def3e5768ae218f9cbb2291d3d0fb1eac29,24394113,1770336587,0xd2c334ead25f006e98d927fba7452dad481f9ee6,0xf00001968c1d6196d3d0553030c7af8d1905dcbb,0xe1abbcb7776199fdda8c2c47d9cc3eb80917daf1,1.043841,1.04384133611691,1.04384133611691,,0.8326036949784997
0x1f078227d16ff0e6377ca7a064725c3b33c945ed93f95f830532b408695fd8bb,24394113,1770336587,0xa28ee7ec4756b4c3340c30a8c8cb8bd708e1dcdc,0xf00001968c1d6196d3d0553030c7af8d1905dcbb,0x4e31820791ff065f69ef0054711ea8a073e5eba9,1.043841,1.04384133611691,1.04384133611691,,0.8326036949784997
0x4f77dafd592f6b934ecc856ccbe30b2c4244b7a33c1cab6d6b2a52894f2a0abd,24394113,1770336587,0xa28ee7ec4756b4c3340c30a8c8cb8bd708e1dcdc,0x00000f91109c4d0007e90000d9facad5298a0cac,0x721e3b6e8c3f8ef3d1a7605700cb3ba027ef8eba,1.043841,1.04384133611691,1.04384133611691,,0.8326036949784997
0xf667c8d337969e4cd266ba16c53436b08a9e21db5e0d8cd4fa7060ee42dfdfe4,24394113,1770336587,0x0e09ce5c48b48bf72bb667715cbe6977489042cb,0xaf682de1f2e6f710731121a05a44cb3c1b511f7d,0x8067e992c67715851f592094686bc9d2f7d23889,1.043841,1.04384133611691,1.04384133611691,,0.8326036949784997
0x44e046efda3c8215791b86d9a459592e3f2d8f5014e9a47fe2bda830e626b8c2,24394114,1770336599,0xa28ee7ec4756b4c3340c30a8c8cb8bd708e1dcdc,0xf00001968c1d6196d3d0553030c7af8d1905dcbb,0xd604d0f40809954749f536477acbd227c2aad38b,1.043841,1.04384133611691,1.04384133611691,,0.8326036949784997
0xad4f8183f5f0a2fd000793a4d45fae7ca4d323008250ebe51529d76e4fa4e8c8,24394114,1770336599,0xa28ee7ec4756b4c3340c30a8c8cb8bd708e1dcdc,0x8050a2155477f121bd62199490602232be0192fb,0x721e3b6e8c3f8ef3d1a7605700cb3ba027ef8eba,1.043841,1.04384133611691,1.04384133611691,,0.8326036949784997
0x78b2421cc95ad6b488ae4f7392ce4dec5ca1e6d5a24b36d501c33c86646ffd37,24394115,1770336611,0xa28ee7ec4756b4c3340c30a8c8cb8bd708e1dcdc,0x2fbb6824aade19c7e223eabb52e9634a00ab1ec8,0x08ce56a1dc045bcbd34a7964b23516d364df6ba5,1.043841,1.04384133611691,1.04384133611691,,0.8326036949784997
0x1492a6e6817df0b18a47985159bc06ac5b405d3bf0526bd9dd34fe15b5ec04fc,24394116,1770336623,0x0e09ce5c48b48bf72bb667715cbe6977489042cb,0xf00001968c1d6196d3d0553030c7af8d1905dcbb,0xccb38eba7e1043b86db6ff1fdb7882cc6cd6c232,1.043841,1.04384133611691,1.04384133611691,,0.8326036949784997
0x1a7aa8d9da20ee9b0a5335d24d5680abc21bd6313181c47241dac99c2d267765,24394116,1770336623,0xbfa7f9c1983ae40738ea0f128e58aa704461aa3a,0xf00001968c1d6196d3d0553030c7af8d1905dcbb,0x8f714eeaaeb838c9c7e295b5f105abfab311b286,1.043841,1.04384133611691,1.04384133611691,,0.8326036949784997
0xe56503722fe3a7e975e5ac00f45eff1caadbee67a81c6956cba2673671cb3c43,24394116,1770336623,0x0e09ce5c48b48bf72bb667715cbe6977489042cb,0xf00001968c1d6196d3d0553030c7af8d1905dcbb,0xc76e25c836cb90cb7a3e30855ac08a8b9f9ed198,1.043841,1.04384133611691,1.04384133611691,,0.8326036949784997
0x3ed169d50015af876fcb1fa606e7a5687788dd1c849d06fdfc84404dd377854c,24394116,1770336623,0x0e09ce5c48b48bf72bb667715cbe6977489042cb,0xf00001968c1d6196d3d0553030c7af8d1905dcbb,0x10322f1f396bc367b2bc5f3aa9434e5cab6018d7,1.043841,1.04384133611691,1.04384133611691,,0.8326036949784997
0xe7685a073756aafb89d733f5d47c8cb97fa652e3eb7255c6ea4f7c050635bcdb,24394116,1770336623,0xa28ee7ec4756b4c3340c30a8c8cb8bd708e1dcdc,0xf00001968c1d6196d3d0553030c7af8d1905dcbb,0xad95973c72045cd05b9ddaa2b27cf65f578e339e,1.043841,1.04384133611691,1.04384133611691,,0.8326036949784997
0xbf0f5c9375f5b24748fa12eede255c8e713e42ac1f122068fa0d5e9d9de287e3,24394116,1770336623,0xbfa7f9c1983ae40738ea0f128e58aa704461aa3a,0xf00001968c1d6196d3d0553030c7af8d1905dcbb,0xaec4ee9a108304fcc5cdc323d8a2a1d331c342b7,1.043841,1.04384133611691,1.04384133611691,,0.8326036949784997
0xdab67c294f41943aaf83db8d32844fb1326becc00dd8b63611758ee51c8aa2b7,24394116,1770336623,0xbfa7f9c1983ae40738ea0f128e58aa704461aa3a,0x682ea8aa9b23250e0e240580e8ae55205f612979,0x10a132b6feed4998f9011ffd6dbe3e2413614245,1.043841,1.04384133611691,1.04384133611691,,0.8326036949784997
0x6b0268e8d35717fe714bdd028f9b181c3c82a9f32606cb1be214a18050ce3e1f,24394116,1770336623,0xa28ee7ec4756b4c3340c30a8c8cb8bd708e1dcdc,0xd2306a7187fe8b0c0dee59b50fdc438d2075d24c,0xba10248ac4dcc76ef27b58aad637f02a27fbc4f6,1.043841,1.04384133611691,1.04384133611691,,0.8326036949784997
0x6064d0425b664a3bf16e726128cfe4b29d5ca5d44096a23df8b9a7286af27682,24394117,1770336635,0xbfa7f9c1983ae40738ea0f128e58aa704461aa3a,0x076ddce7862de2a8dd19eeb9a920a7248392485e,0x3c364a573ab41f21fc163c64ba53a89610b4d3c3,1.043841,1.04384133611691,1.04384133611691,,0.8326036949784997
0xaf4cbfe192a800a299b6e98d454f375b21e8bd5ee77ef38e8a6f64fa2a5c49b2,24394117,1770336635,0xa28ee7ec4756b4c3340c30a8c8cb8bd708e1dcdc,0xf00001968c1d6196d3d0553030c7af8d1905dcbb,0x9398563acd4539df8f2c613f964c2ecbe6020d6b,1.043841,1.04384133611691,1.04384133611691,,0.8326036949784997
0x5d1c3ce108f6e77c33210e0fe361bb9d8693d1addd28c2501f2b0c6a34c330ba,24394117,1770336635,0xa28ee7ec4756b4c3340c30a8c8cb8bd708e1dcdc,0xf00001968c1d6196d3d0553030c7af8d1905dcbb,0x555e7145939ab65ca573166c7e824d06eb1367fc,1.043841,1.04384133611691,1.04384133611691,,0.8326036949784997
0xfe3a90f2d0cd61d2f5984438a8ea0982b7537ae52304dffd44cffa0c479b6a01,24394118,1770336647,0x0e09ce5c48b48bf72bb667715cbe6977489042cb,0xf00001968c1d6196d3d0553030c7af8d1905dcbb,0x18d00a5f7730a414a3979fb5bcd60104c69f0ed2,1.043841,1.04384133611691,1.04384133611691,,0.8326036949784997
0xb1a29949182ddc5d8b67a123cf5e6ca3f387527f4ed9f6fc75472d4970aa034f,24394118,1770336647,0xa28ee7ec4756b4c3340c30a8c8cb8bd708e1dcdc,0xf00001968c1d6196d3d0553030c7af8d1905dcbb,0x721e3b6e8c3f8ef3d1a7605700cb3ba027ef8eba,1.043841,1.04384133611691,1.04384133611691,,0.8326036949784997
0x57e66b7d90e634b2eaf3779e63e661b0b11e2893e51869e0e30aff732611c56f,24394118,1770336647,0xa28ee7ec4756b4c3340c30a8c8cb8bd708e1dcdc,0xf00001968c1d6196d3d0553030c7af8d1905dcbb,0xd0cae02373c612e7fa2643f6742d5264685d2c75,1.043841,1.04384133611691,1.04384133611691,,0.8326036949784997
0x361b658f0b99fd6280e339e0b8a66191b490e4a313d561edd2dea8edbdea31bc,24394119,1770336659,0x0e09ce5c48b48bf72bb667715cbe6977489042cb,0xf00001968c1d6196d3d0553030c7af8d1905dcbb,0x6ba9c7d86ebd6a20817d482c42c9de2806eefb7e,1.043841,1.04384133611691,1.04384133611691,,0.8326036949784997
0x725d154db57c6f5cff3d3f8ea2b04409344fb86473c7c1096d1ccf83f4d3baac,24394119,1770336659,0x0e09ce5c48b48bf72bb667715cbe6977489042cb,0x012559c2a50fa7c3890e8ffd62b2b059a0c41aa1,0x124c956fb6ea9ab47b5f6e1b2050333bb4df0474,1.043841,1.04384133611691,1.04384133611691,,0.8326036949784997
0x868f699182e37d768993b7cd6c52bd95e0d585cf98105efce3b6395a2fe97665,24394121,1770336683,0x0e09ce5c48b48bf72bb667715cbe6977489042cb,0xf00001968c1d6196d3d0553030c7af8d1905dcbb,0x91d018ac231c90997e411c5373ec2e0882b81ac5,1.043841,1.04384133611691,1.04384133611691,,0.8326036949784997
0x32ef8f90dda3d05235ce084f93462e6fdd8e7858d18889c73cef7a3f0e280037,24394121,1770336683,0xa28ee7ec4756b4c3340c30a8c8cb8bd708e1dcdc,0xf00001968c1d6196d3d0553030c7af8d1905dcbb,0x5c6ce918cafa211e8e3e5cbcf6189dbaabc82af7,1.043841,1.04384133611691,1.04384133611691,,0.8326036949784997
0x2af7dabd4914ac522e6c50dc397ddc2e131c474a5f97f08b7a7c9ad4ad66e7d4,24394121,1770336683,0xa28ee7ec4756b4c3340c30a8c8cb8bd708e1dcdc,0x00000f91109c4d0007e90000d9facad5298a0cac,0xfce88de8b752b27936c82b9bda6705fea0a1fa5c,1.043839,1.04384133611691,1.04384133611691,,0.8326036949784997
0xd489633d2636886c0ec2b9b6c160c00285779027dd8e272b536c2acd954b230e,24394123,1770336707,0xa28ee7ec4756b4c3340c30a8c8cb8bd708e1dcdc,0x339c0db4a0030c88b4a48aafe56cdba23c8d4338,0xba10248ac4dcc76ef27b58aad637f02a27fbc4f6,1.043841,1.04384133611691,1.04384133611691,,0.8326036949784997
0x8caccfac33554225eeda1a80dc7c8affd9b171081d085135085185c3c8fb1be3,24394123,1770336707,0xa28ee7ec4756b4c3340c30a8c8cb8bd708e1dcdc,0xaf682de1f2e6f710731121a05a44cb3c1b511f7d,0xc99882e7efb11e4258dfee59954226e53fef4e68,1.043841,1.04384133611691,1.04384133611691,,0.8326036949784997
0x324e2c0bd327e31dab3e4ed9f27efc26a14354eb68becffe786d5cb01b047e56,24394123,1770336707,0xa28ee7ec4756b4c3340c30a8c8cb8bd708e1dcdc,0xf00001968c1d6196d3d0553030c7af8d1905dcbb,0x163d2d8fb1ca05bfddbacd065b0172dc0255a37b,1.043841,1.04384133611691,1.04384133611691,,0.8326036949784997
0xbcf494215888c1f1ca5cae4ebc79d03edbb18975e94a189b5498a9c5ef370057,24394125,1770336731,0x0e09ce5c48b48bf72bb667715cbe6977489042cb,0xf00001968c1d6196d3d0553030c7af8d1905dcbb,0xccb38eba7e1043b86db6ff1fdb7882cc6cd6c232,1.043841,1.04384133611691,1.04384133611691,,0.8326036949784997
0x215aa2649430a27797acefef30f665dc6e8869fd543a9d88aa2f7a0640656dff,24394125,1770336731,0xa28ee7ec4756b4c3340c30a8c8cb8bd708e1dcdc,0x00000f91109c4d0007e90000d9facad5298a0cac,0xad95973c72045cd05b9ddaa2b27cf65f578e339e,1.043841,1.04384133611691,1.04384133611691,,0.8326036949784997
0xaea7d0d87a002631eda4a0adfdfc0e1d1dbf18f0ee2dbd030f6c28d90b45a755,24394125,1770336731,0xf888c589f13dc46e91407873dcda180d37329ff4,0xf00001968c1d6196d3d0553030c7af8d1905dcbb,0x7d5f43a995d64b53d5fba85596d374155ac1d8fb,1.043841,1.04384133611691,1.04384133611691,,0.8326036949784997
0x02c769ba245830ca8500f5e38fdbb8e133ffc5afd9a54e2c5b9997fc0f05ec74,24394125,1770336731,0xbfa7f9c1983ae40738ea0f128e58aa704461aa3a,0xf00001968c1d6196d3d0553030c7af8d1905dcbb,0x721e3b6e8c3f8ef3d1a7605700cb3ba027ef8eba,1.043841,1.04384133611691,1.04384133611691,,0.8326036949784997
0xdfd559b66ab27c5d1e37c7859ebba71343ad6ce81cbbfbaef1cb5cd311575086,24394125,1770336731,0x0e09ce5c48b48bf72bb667715cbe6977489042cb,0xf00001968c1d6196d3d0553030c7af8d1905dcbb,0x1b92f2525bde50ad24d85c964144927f1b2efded,1.043841,1.04384133611691,1.04384133611691,,0.8326036949784997
0x5bd5d9979c6332d599329f01cde52d255c0fc19ca2fc397207009fb1cea52b80,24394125,1770336731,0xbfa7f9c1983ae40738ea0f128e58aa704461aa3a,0xf00001968c1d6196d3d0553030c7af8d1905dcbb,0xd69849c9f8133d0da59d1e9ace75beda8348aaa7,1.043841,1.04384133611691,1.04384133611691,,0.8326036949784997
0x8c6e69e1490eccfe919f6c36717823afd2884746df779e6ede09c8b7b6f4f939,24394125,1770336731,0xa28ee7ec4756b4c3340c30a8c8cb8bd708e1dcdc,0x682ea8aa9b23250e0e240580e8ae55205f612979,0x721e3b6e8c3f8ef3d1a7605700cb3ba027ef8eba,1.043841,1.04384133611691,1.04384133611691,,0.8326036949784997
0xebf3df72e0245251bdab0375814a5b4288180c77892e5b10b26fbd353340630b,24394127,1770336755,0xbfa7f9c1983ae40738ea0f128e58aa704461aa3a,0xf00001968c1d6196d3d0553030c7af8d1905dcbb,0x8f714eeaaeb838c9c7e295b5f105abfab311b286,1.043841,1.04384133611691,1.04384133611691,,0.8326036949784997
0x8b8fcabc7cbfe0b784e0fbd3f2858252ad1860ee771ad0671e1f5d7fe113cafa,24394127,1770336755,0x0e09ce5c48b48bf72bb667715cbe6977489042cb,0xf00001968c1d6196d3d0553030c7af8d1905dcbb,0xc76e25c836cb90cb7a3e30855ac08a8b9f9ed198,1.043841,1.04384133611691,1.04384133611691,,0.8326036949784997
0xdd5db2c1a5b7be7ba6c5d136b9634b13c55cd0f8f146e90a3fe3bbb8eddc304c,24394127,1770336755,0xbfa7f9c1983ae40738ea0f128e58aa704461aa3a,0x00000f91109c4d0007e90000d9facad5298a0cac,0xd0cae02373c612e7fa2643f6742d5264685d2c75,1.04384,1.04384133611691,1.04384133611691,,0.8326036949784997
0x518b80f7e21fcdf8fe8c109b569d6e62aaa9ac96a0f54ff6baae644d5b5ccacb,24394127,1770336755,0x1ac73015626cb8941f83f83f1039102d87fb7838,0x00000f91109c4d0007e90000d9facad5298a0cac,0x1a7cda1f6eb3080287b3c2b4c2bef45ef9047996,1.043841,1.04384133611691,1.04384133611691,,0.8326036949784997
0x71bb0d2dfa03d0aee2aa6a2a29b3b21b270f5e5f4cfde3afc4ff918aa8157da4,24394127,1770336755,0x0e09ce5c48b48bf72bb667715cbe6977489042cb,0xaf682de1f2e6f710731121a05a44cb3c1b511f7d,0x8067e992c67715851f592094686bc9d2f7d23889,1.043841,1.04384133611691,1.04384133611691,,0.8326036949784997
0x34efb8d35b2d38b7f9ccc49a29cfd2e41a59337452e0407b00b7039775ed6126,24394128,1770336767,0xa28ee7ec4756b4c3340c30a8c8cb8bd708e1dcdc,0xafc846603021dc404bb9966e5f10485485e553ba,0x4e31820791ff065f69ef0054711ea8a073e5eba9,1.043841,1.04384133611691,1.04384133611691,,0.8326036949784997
0xbb109d5b2bf159f0dc41befb7668936ddacf6cee79066d8f5bfc49ed2936d6f6,24394129,1770336779,0x0e09ce5c48b48bf72bb667715cbe6977489042cb,0xf00001968c1d6196d3d0553030c7af8d1905dcbb,0x6ba9c7d86ebd6a20817d482c42c9de2806eefb7e,1.043841,1.04384133611691,1.04384133611691,,0.8326036949784997
0xe24bbe85b9d76064445a133b0eeeb1bec56e3d779dfcb3880f062f02959b61b7,24394129,1770336779,0x0e09ce5c48b48bf72bb667715cbe6977489042cb,0xf00001968c1d6196d3d0553030c7af8d1905dcbb,0x124c956fb6ea9ab47b5f6e1b2050333bb4df0474,1.043841,1.04384133611691,1.04384133611691,,0.8326036949784997
0x1e7016987bdc3d7a5640366ed0a8543a4ca45790329913545398348aa7a91746,24394129,1770336779,0x1ac73015626cb8941f83f83f1039102d87fb7838,0x4fdf7d9d2ab54282455f711a3449fca9ad7f1c03,0x1a7cda1f6eb3080287b3c2b4c2bef45ef9047996,1.043841,1.04384133611691,1.04384133611691,,0.8326036949784997
0xb524858ad52bc524e02b9c4221312c3707894742bfc2974179a1688683d9ac76,24394129,1770336779,0xbfa7f9c1983ae40738ea0f128e58aa704461aa3a,0xa000016d11e045500240e2dfb9938c226e8a873c,0xa96c774dbcdad89ee7872078e58d5168170d684e,1.043841,1.04384133611691,1.04384133611691,,0.8326036949784997
0x831ed3368ba9b52da6ea35b40869bf1e78bdfaf36acbd622241876a4eed81200,24394129,1770336779,0xbfa7f9c1983ae40738ea0f128e58aa704461aa3a,0x00000f91109c4d0007e90000d9facad5298a0cac,0x10a132b6feed4998f9011ffd6dbe3e2413614245,1.043841,1.04384133611691,1.04384133611691,,0.8326036949784997
0x803cdea6aac8808cef898150f91d5723859cf06b2f82bc4256561465192f9249,24394129,1770336779,0xbfa7f9c1983ae40738ea0f128e58aa704461aa3a,0x00000f91109c4d0007e90000d9facad5298a0cac,0x10a132b6feed4998f9011ffd6dbe3e2413614245,1.043841,1.04384133611691,1.04384133611691,,0.8326036949784997
0x6eebd2d5cb5e07837ebdb52195289633b4b4ea76e7d2ec014d3ff997f05ae8ba,24394131,1770336803,0xd2c334ead25f006e98d927fba7452dad481f9ee6,0xf00001968c1d6196d3d0553030c7af8d1905dcbb,0xe1abbcb7776199fdda8c2c47d9cc3eb80917daf1,1.043841,1.04384133611691,1.04384133611691,,0.8326036949784997
0xea0127fb67d22029d54a864205d8d88fdb1ca5390548c62734bfb675856a5325,24394131,1770336803,0xa28ee7ec4756b4c3340c30a8c8cb8bd708e1dcdc,0xf00001968c1d6196d3d0553030c7af8d1905dcbb,0xba10248ac4dcc76ef27b58aad637f02a27fbc4f6,1.043841,1.04384133611691,1.04384133611691,,0.8326036949784997
0xe347059fb31e577d69dc28cbbd6edcfcba274654d49bbc045b63102bfc8ccd11,24394131,1770336803,0xa28ee7ec4756b4c3340c30a8c8cb8bd708e1dcdc,0xf00001968c1d6196d3d0553030c7af8d1905dcbb,0xd604d0f40809954749f536477acbd227c2aad38b,1.043841,1.04384133611691,1.04384133611691,,0.8326036949784997
0x849766153d4f5d2b7cd42b9c7209095fee20dca9e273c04f362785bbf9c8e377,24394132,1770336815,0xa28ee7ec4756b4c3340c30a8c8cb8bd708e1dcdc,0xf00001968c1d6196d3d0553030c7af8d1905dcbb,0x08ce56a1dc045bcbd34a7964b23516d364df6ba5,1.043841,1.04384133611691,1.04384133611691,,0.8326036949784997
0x5471f2f6f935ad89bc9ed8d019575e4222073efaad0957679cc2e04f346843cc,24394136,1770336863,0x0e09ce5c48b48bf72bb667715cbe6977489042cb,0xf00001968c1d6196d3d0553030c7af8d1905dcbb,0x6ba9c7d86ebd6a20817d482c42c9de2806eefb7e,1.043841,1.04384133611691,1.04384133611691,,0.8326036949784997
0x4ceb09c32199a1f1ccc1e6caaf8f905c6712a41f34fb7eb90531347db361ee19,24394137,1770336875,0x0e09ce5c48b48bf72bb667715cbe6977489042cb,0xf00001968c1d6196d3d0553030c7af8d1905dcbb,0x6ba9c7d86ebd6a20817d482c42c9de2806eefb7e,1.051715,1.04384133611691,1.04384133611691,,0.8326036949784997
0xab54f57b90ff668c464f51e6aa0f82d71ac13f44b6566591ea203bf79688af75,24394137,1770336875,0x0e09ce5c48b48bf72bb667715cbe6977489042cb,0xf00001968c1d6196d3d0553030c7af8d1905dcbb,0x6ba9c7d86ebd6a20817d482c42c9de2806eefb7e,1.051715,1.04384133611691,1.04384133611691,,0.8326036949784997
0x750a3b795693ce6de796ab76aea39c9b8c0763e3f3164877792bdfacf18dc426,24394140,1770336911,0x0e09ce5c48b48bf72bb667715cbe6977489042cb,0x339c0db4a0030c88b4a48aafe56cdba23c8d4338,0x6ba9c7d86ebd6a20817d482c42c9de2806eefb7e,1.043841,1.04384133611691,1.04384133611691,,0.8326036949784997
0x4bc8ac075708b8908628a61a01883ac30b196f842d1f16da6b32394b061435b6,24394140,1770336911,0xa28ee7ec4756b4c3340c30a8c8cb8bd708e1dcdc,0xaf682de1f2e6f710731121a05a44cb3c1b511f7d,0xc99882e7efb11e4258dfee59954226e53fef4e68,1.043841,1.04384133611691,1.04384133611691,,0.8326036949784997
0xae128b8cfb131b0933fc8d1ea8cdaa541b688d2eaed8fc46af10dedc4d45b814,24394145,1770336971,0x0e09ce5c48b48bf72bb667715cbe6977489042cb,0xf00001968c1d6196d3d0553030c7af8d1905dcbb,0x6ba9c7d86ebd6a20817d482c42c9de2806eefb7e,1.043841,1.04384133611691,1.04384133611691,,0.8326036949784997
0x191ffb58f1fd51ff7ba27183f20e6bebe5ebdc1529fd979e50b1c7249a5d5d6f,24394146,1770336983,0xa28ee7ec4756b4c3340c30a8c8cb8bd708e1dcdc,0xf00001968c1d6196d3d0553030c7af8d1905dcbb,0xba10248ac4dcc76ef27b58aad637f02a27fbc4f6,1.043841,1.04384133611691,1.04384133611691,,0.8326036949784997
0x5c7d04edf881b6e6281174d31fcb15c17a9f482d595716999e851c3382698a17,24394146,1770336983,0x0e09ce5c48b48bf72bb667715cbe6977489042cb,0xaf682de1f2e6f710731121a05a44cb3c1b511f7d,0x8067e992c67715851f592094686bc9d2f7d23889,1.043841,1.04384133611691,1.04384133611691,,0.8326036949784997
0x7bf74e4d894649d256ea0a828008e79ff8523e41debc5ade26ed93a24588e54c,24394147,1770336995,0xa28ee7ec4756b4c3340c30a8c8cb8bd708e1dcdc,0xf00001968c1d6196d3d0553030c7af8d1905dcbb,0x6ba9c7d86ebd6a20817d482c42c9de2806eefb7e,1.043841,1.04384133611691,1.04384133611691,,0.8326036949784997
0xb7e710d4fca78c2c3c1c79926cf30d09d8daf792bf11acfda2ba6161cd1c2953,24394149,1770337019,0x11b0f28028e3659c1ae18e153625c4f1c95698c8,0xf00001968c1d6196d3d0553030c7af8d1905dcbb,0xfbe874e5d9bc5afd18880232f97b3c2c34045f64,1.043841,1.04384133611691,1.04384133611691,,0.8326036949784997
0x4ab2e827b016c12e5a7b0524bdc33665db21226e405deacbf4f11fa038a70e3d,24394151,1770337043,0xa28ee7ec4756b4c3340c30a8c8cb8bd708e1dcdc,0x00000f91109c4d0007e90000d9facad5298a0cac,0x721e3b6e8c3f8ef3d1a7605700cb3ba027ef8eba,1.043841,1.04384133611691,1.04384133611691,,0.8326036949784997
0xb45362640bac7ff85979cc2c1bda3f55a7759ccb1a844bcb7d722bfeba6e9e70,24394151,1770337043,0xa28ee7ec4756b4c3340c30a8c8cb8bd708e1dcdc,0x00000f91109c4d0007e90000d9facad5298a0cac,0x721e3b6e8c3f8ef3d1a7605700cb3ba027ef8eba,1.043841,1.04384133611691,1.04384133611691,,0.8326036949784997
0x9683d797ed59bdef4c0a3801bf3dc1e9063780a98ef74341523cfced3a4beb42,24394151,1770337043,0xa28ee7ec4756b4c3340c30a8c8cb8bd708e1dcdc,0x00000f91109c4d0007e90000d9facad5298a0cac,0x721e3b6e8c3f8ef3d1a7605700cb3ba027ef8eba,1.043841,1.04384133611691,1.04384133611691,,0.8326036949784997
0x6d9d0bb40f7ecefbc620a62b0f585066584465ec235479b151cedd85085f9eef,24394151,1770337043,0x0e09ce5c48b48bf72bb667715cbe6977489042cb,0x682ea8aa9b23250e0e240580e8ae55205f612979,0xccb38eba7e1043b86db6ff1fdb7882cc6cd6c232,1.043841,1.04384133611691,1.04384133611691,,0.8326036949784997
0x5a54b54fbb599b7abe886e65da453c6b879823e4f4a12c6b12390e4584f4d8b7,24394151,1770337043,0xbfa7f9c1983ae40738ea0f128e58aa704461aa3a,0x682ea8aa9b23250e0e240580e8ae55205f612979,0x10a132b6feed4998f9011ffd6dbe3e2413614245,1.043841,1.04384133611691,1.04384133611691,,0.8326036949784997
0x95cf4353cfbfc657bd8f1d386c93898a709b429bbc4fd7c54ae2ebfd9098b180,24394151,1770337043,0xa28ee7ec4756b4c3340c30a8c8cb8bd708e1dcdc,0x682ea8aa9b23250e0e240580e8ae55205f612979,0xd0cae02373c612e7fa2643f6742d5264685d2c75,1.043841,1.04384133611691,1.04384133611691,,0.8326036949784997
0x9646ec1461aa5c061af57fca482034d92c58719fbe93623ecf8643af6d056f44,24394152,1770337055,0xd2c334ead25f006e98d927fba7452dad481f9ee6,0xf00001968c1d6196d3d0553030c7af8d1905dcbb,0xe1abbcb7776199fdda8c2c47d9cc3eb80917daf1,1.043841,1.04384133611691,1.04384133611691,,0.8326036949784997
0x9ff0f412390ed81b8abbb0390ce010f7dab32cb9492cbb6ba146761df3df30c4,24394152,1770337055,0xa28ee7ec4756b4c3340c30a8c8cb8bd708e1dcdc,0xf00001968c1d6196d3d0553030c7af8d1905dcbb,0x08ce56a1dc045bcbd34a7964b23516d364df6ba5,1.043841,1.04384133611691,1.04384133611691,,0.8326036949784997
0x2f34ff5d7af579ddb9375b7ac6e7f21f32a5f8c2ba570af81bcf0cd0d05720b3,24394152,1770337055,0xa28ee7ec4756b4c3340c30a8c8cb8bd708e1dcdc,0xf00001968c1d6196d3d0553030c7af8d1905dcbb,0xd604d0f40809954749f536477acbd227c2aad38b,1.043841,1.04384133611691,1.04384133611691,,0.8326036949784997
0x874ebe16fe5d68c91b31aec9e6868c196433f3c6c7cf6e061fe10e797e4eba86,24394152,1770337055,0xbfa7f9c1983ae40738ea0f128e58aa704461aa3a,0xaf682de1f2e6f710731121a05a44cb3c1b511f7d,0x8f714eeaaeb838c9c7e295b5f105abfab311b286,1.043841,1.04384133611691,1.04384133611691,,0.8326036949784997
0x316a9dcc2b9666d434a4d1f87f1d6a1d902f0117ad52c12ed2469452be373965,24394153,1770337067,0x11b0f28028e3659c1ae18e153625c4f1c95698c8,0xf00001968c1d6196d3d0553030c7af8d1905dcbb,0xc99882e7efb11e4258dfee59954226e53fef4e68,1.043841,1.04384133611691,1.04384133611691,,0.8326036949784997
0x97ee9c04a5cd5ca765f2856c2a8c0b3351311a77935b9378d9e770fdfa45e64d,24394155,1770337091,0x0e09ce5c48b48bf72bb667715cbe6977489042cb,0xf00001968c1d6196d3d0553030c7af8d1905dcbb,0x124c956fb6ea9ab47b5f6e1b2050333bb4df0474,1.043841,1.04384133611691,1.04384133611691,,0.8326036949784997
0xcb4e94a256751f2c43765acea724be0699cc06c2dd040672cd3d5537a1ceb2ea,24394155,1770337091,0x0e09ce5c48b48bf72bb667715cbe6977489042cb,0xf00001968c1d6196d3d0553030c7af8d1905dcbb,0xccb38eba7e1043b86db6ff1fdb7882cc6cd6c232,1.043841,1.04384133611691,1.04384133611691,,0.8326036949784997
0xc142b1a5b1a61ceecc1350bf6a03da1476acf440ee37363a90404d765ce4f5bf,24394155,1770337091,0xa28ee7ec4756b4c3340c30a8c8cb8bd708e1dcdc,0xf00001968c1d6196d3d0553030c7af8d1905dcbb,0x680891a82a2457240b88f24330f48f33734d0254,1.043841,1.04384133611691,1.04384133611691,,0.8326036949784997
0x2660421f8d6c9efb74bc115c091947debc1163a685d399e9ea90c7370539048e,24394155,1770337091,0xa28ee7ec4756b4c3340c30a8c8cb8bd708e1dcdc,0xf00001968c1d6196d3d0553030c7af8d1905dcbb,0x4e31820791ff065f69ef0054711ea8a073e5eba9,1.043841,1.04384133611691,1.04384133611691,,0.8326036949784997
0xc58ae01f9a88b035c4917bea870c3b18d8274fef9fd353ac0dbb92ac281e158f,24394155,1770337091,0x0e09ce5c48b48bf72bb667715cbe6977489042cb,0xf00001968c1d6196d3d0553030c7af8d1905dcbb,0x10322f1f396bc367b2bc5f3aa9434e5cab6018d7,1.043841,1.04384133611691,1.04384133611691,,0.8326036949784997
0x00c88c938b5cc30839272f3296341e9d4874b88b9f4b0359e80cc806e3fa6043,24394155,1770337091,0xf888c589f13dc46e91407873dcda180d37329ff4,0xf00001968c1d6196d3d0553030c7af8d1905dcbb,0x7d5f43a995d64b53d5fba85596d374155ac1d8fb,1.043841,1.04384133611691,1.04384133611691,,0.8326036949784997
0x199cf5b1545ad80342f6ab2558d4fc2bab591bdb209e45dbce42717ae3d3baf9,24394155,1770337091,0xbfa7f9c1983ae40738ea0f128e58aa704461aa3a,0xf00001968c1d6196d3d0553030c7af8d1905dcbb,0xaec4ee9a108304fcc5cdc323d8a2a1d331c342b7,1.043841,1.04384133611691,1.04384133611691,,0.8326036949784997
0xf97d19c297887987784c7f9482aa965147f9bc0bf09aeb5c9feca17505bf6d6b,24394157,1770337115,0x0e09ce5c48b48bf72bb667715cbe6977489042cb,0xa000016d11e045500240e2dfb9938c226e8a873c,0xc76e25c836cb90cb7a3e30855ac08a8b9f9ed198,1.043841,1.04384133611691,1.04384133611691,,0.8326036949784997
0x092519e9e858a469fac62e51d13824dcee401244be05e137b9e414a6e16241b3,24394157,1770337115,0x0e09ce5c48b48bf72bb667715cbe6977489042cb,0xf00001968c1d6196d3d0553030c7af8d1905dcbb,0x18d00a5f7730a414a3979fb5bcd60104c69f0ed2,1.043841,1.04384133611691,1.04384133611691,,0.8326036949784997
0x9de8488b1f4ea30456afabf014f1748d63614ab53748f80480109c97e54852f0,24394157,1770337115,0x11b0f28028e3659c1ae18e153625c4f1c95698c8,0xf00001968c1d6196d3d0553030c7af8d1905dcbb,0xc58de690dd0e361feabf80ef61d597ed0b41e597,1.043841,1.04384133611691,1.04384133611691,,0.8326036949784997
0x489f9c7e8b2d1a5dee5298fc32fa3bba6aa32e8ba9b24008255c3e98b3ecf206,24394157,1770337115,0x1ac73015626cb8941f83f83f1039102d87fb7838,0xaf682de1f2e6f710731121a05a44cb3c1b511f7d,0x1a7cda1f6eb3080287b3c2b4c2bef45ef9047996,1.043841,1.04384133611691,1.04384133611691,,0.8326036949784997
0xf269d39b379117cac4f960d4e6438c49944effab519127950c69de6a82d34a3c,24394157,1770337115,0xa28ee7ec4756b4c3340c30a8c8cb8bd708e1dcdc,0x00000f91109c4d0007e90000d9facad5298a0cac,0xad95973c72045cd05b9ddaa2b27cf65f578e339e,1.043841,1.04384133611691,1.04384133611691,,0.8326036949784997
0x1f742f2b3857b968561af654b94f32c2f7c38bd0c4072157a532a5e2b70044f9,24394157,1770337115,0xa28ee7ec4756b4c3340c30a8c8cb8bd708e1dcdc,0x00000f91109c4d0007e90000d9facad5298a0cac,0xad95973c72045cd05b9ddaa2b27cf65f578e339e,1.043841,1.04384133611691,1.04384133611691,,0.8326036949784997
0x65790c21c4a8c0b2a1eb654acc1e1250c7340adc4d453aada273068fec929c62,24394158,1770337127,0x11b0f28028e3659c1ae18e153625c4f1c95698c8,0xf00001968c1d6196d3d0553030c7af8d1905dcbb,0x21e39af4f3a2f06cf89dc13155dbd6e2f7576bbf,1.043841,1.04384133611691,1.04384133611691,,0.8326036949784997
0x135a52360bbbc27f8622f59cb6d9664317a8417de0c55ec7c132fc4880d38426,24394158,1770337127,0xbfa7f9c1983ae40738ea0f128e58aa704461aa3a,0xf00001968c1d6196d3d0553030c7af8d1905dcbb,0x3c364a573ab41f21fc163c64ba53a89610b4d3c3,1.043841,1.04384133611691,1.04384133611691,,0.8326036949784997
0x4e565c264595f1ed680d1b97299944f4c435bfd1d2c1e8237f758577a9659622,24394158,1770337127,0xbfa7f9c1983ae40738ea0f128e58aa704461aa3a,0xa000016d11e045500240e2dfb9938c226e8a873c,0x721e3b6e8c3f8ef3d1a7605700cb3ba027ef8eba,1.043841,1.04384133611691,1.04384133611691,,0.8326036949784997
0x7273b6f97234b73bb625302d5a2135e38b937f0df486ee48d5de2050b34ffa43,24394164,1770337199,0x1ac73015626cb8941f83f83f1039102d87fb7838,0x80bf7db69556d9521c03461978b8fc731dbbd4e4,0x6f8025ff23380cb6a56c384522d0b96e7024ff41,1.043841,1.04384133611691,1.04384133611691,,0.8326036949784997
0xd6d0a49887df42ce78a85027ac98f813c1422e19872c5fc54a7651629f9d94ee,24394166,1770337223,0xa28ee7ec4756b4c3340c30a8c8cb8bd708e1dcdc,0xaf682de1f2e6f710731121a05a44cb3c1b511f7d,0xc99882e7efb11e4258dfee59954226e53fef4e68,1.043841,1.04384133611691,1.04384133611691,,0.8326036949784997
0x1fd54c8e4912eac242c0bfed7da977bbdc0ee8a0dec687bbd69cb5d8848c75e3,24394167,1770337235,0xa28ee7ec4756b4c3340c30a8c8cb8bd708e1dcdc,0xaf682de1f2e6f710731121a05a44cb3c1b511f7d,0xba10248ac4dcc76ef27b58aad637f02a27fbc4f6,1.043841,1.04384133611691,1.04384133611691,,0.8326036949784997
0xa0523a4dc763c09852560b8b5aea1b823eb36c2b8ae9dbef82d222ee3031b9ec,24394168,1770337247,0xa28ee7ec4756b4c3340c30a8c8cb8bd708e1dcdc,0xaf682de1f2e6f710731121a05a44cb3c1b511f7d,0xc99882e7efb11e4258dfee59954226e53fef4e68,1.043841,1.04384133611691,1.04384133611691,,0.8326036949784997
0x94c9995db69a8504d9bca1f37c750a877c04c9ae41e75a7f7ad88835be3d7343,24394168,1770337247,0xa28ee7ec4756b4c3340c30a8c8cb8bd708e1dcdc,0x00000f91109c4d0007e90000d9facad5298a0cac,0x721e3b6e8c3f8ef3d1a7605700cb3ba027ef8eba,1.043841,1.04384133611691,1.04384133611691,,0.8326036949784997
0x9e56dff2d45a98411cf4facef8412194ca30c5479cfe61290b174069976c9b25,24394171,1770337283,0xa28ee7ec4756b4c3340c30a8c8cb8bd708e1dcdc,0xf00001968c1d6196d3d0553030c7af8d1905dcbb,0x6ba9c7d86ebd6a20817d482c42c9de2806eefb7e,1.043841,1.04384133611691,1.04384133611691,,0.8326036949784997
0x8758afa667656bab6b03f700e56fea5e70cf2f18769969e3e2b45010fe06fdec,24394171,1770337283,0x11b0f28028e3659c1ae18e153625c4f1c95698c8,0xaf682de1f2e6f710731121a05a44cb3c1b511f7d,0xfbe874e5d9bc5afd18880232f97b3c2c34045f64,1.043841,1.04384133611691,1.04384133611691,,0.8326036949784997
0x0c9a2e91113cde982f0387b936866e3b86e0b21cc6205218e115f329062b7269,24394172,1770337295,0xa28ee7ec4756b4c3340c30a8c8cb8bd708e1dcdc,0xe08d97e151473a848c3d9ca3f323cb720472d015,0x08ce56a1dc045bcbd34a7964b23516d364df6ba5,1.043841,1.04384133611691,1.04384133611691,,0.8326036949784997
0x9ee84b350b191c5ecd4ef5bcf29d77d592b7ec9b8aa85fe8134864b4dc49839d,24394173,1770337307,0x0e09ce5c48b48bf72bb667715cbe6977489042cb,0xf00001968c1d6196d3d0553030c7af8d1905dcbb,0x6ba9c7d86ebd6a20817d482c42c9de2806eefb7e,1.043841,1.04384133611691,1.04384133611691,,0.8326036949784997
0xd3f599d840027c793e7d4b639f8fb79de8af5f5eb158e96bb3c6cab2b7971602,24394173,1770337307,0x0e09ce5c48b48bf72bb667715cbe6977489042cb,0xf00001968c1d6196d3d0553030c7af8d1905dcbb,0xc76e25c836cb90cb7a3e30855ac08a8b9f9ed198,1.043841,1.04384133611691,1.04384133611691,,0.8326036949784997
0x3a2e646d536048eaa377872a0575e1a9d8e22edc68392da47325c1f53efec084,24394173,1770337307,0x11b0f28028e3659c1ae18e153625c4f1c95698c8,0xf00001968c1d6196d3d0553030c7af8d1905dcbb,0xc99882e7efb11e4258dfee59954226e53fef4e68,1.043841,1.04384133611691,1.04384133611691,,0.8326036949784997
0x3c4e40b5c2cbae81553a073db1cee009bc9c706a77a7b607e7ff1dd931fe5859,24394174,1770337319,0xd2c334ead25f006e98d927fba7452dad481f9ee6,0xf00001968c1d6196d3d0553030c7af8d1905dcbb,0xe1abbcb7776199fdda8c2c47d9cc3eb80917daf1,1.043841,1.04384133611691,1.04384133611691,,0.8326036949784997
0xe1b040b798559f49ce137b7e3eb31e70006d80ed9fe1913c90b268e19ef8c3c8,24394174,1770337319,0x0e09ce5c48b48bf72bb667715cbe6977489042cb,0xf00001968c1d6196d3d0553030c7af8d1905dcbb,0x8067e992c67715851f592094686bc9d2f7d23889,1.043841,1.04384133611691,1.04384133611691,,0.8326036949784997
0x761aad93ce65b24cb00de56632415e286f7c48557b6657e31317ceeaab6debd6,24394174,1770337319,0x0e09ce5c48b48bf72bb667715cbe6977489042cb,0xf00001968c1d6196d3d0553030c7af8d1905dcbb,0xccb38eba7e1043b86db6ff1fdb7882cc6cd6c232,1.043841,1.04384133611691,1.04384133611691,,0.8326036949784997
0xb1da3087660c6cbb63f120d7d2b25d516887779c0983a4aa0cfdc01ed6ab1b0b,24394175,1770337331,0x11b0f28028e3659c1ae18e153625c4f1c95698c8,0x17715f95488081bc5cf9690db5b9c596a8a9496c,0x21e39af4f3a2f06cf89dc13155dbd6e2f7576bbf,1.043841,1.04384133611691,1.04384133611691,,0.8326036949784997
0xf20a3eb37cba2629dc99ef54153a12dfc87de5122fa4a4412695c211eae58df5,24394175,1770337331,0xa28ee7ec4756b4c3340c30a8c8cb8bd708e1dcdc,0xf00001968c1d6196d3d0553030c7af8d1905dcbb,0xd604d0f40809954749f536477acbd227c2aad38b,1.043841,1.04384133611691,1.04384133611691,,0.8326036949784997
0x1dce1efd1f3beb459c8089b86a20c5e260a381cee5e29370488553c718797f50,24394175,1770337331,0x0e09ce5c48b48bf72bb667715cbe6977489042cb,0xf00001968c1d6196d3d0553030c7af8d1905dcbb,0x124c956fb6ea9ab47b5f6e1b2050333bb4df0474,1.043841,1.04384133611691,1.04384133611691,,0.8326036949784997
0xced189b2b57aa407299c60d5b0e27756dd26c37847ae48fa2b2e262d8deaba94,24394175,1770337331,0xa28ee7ec4756b4c3340c30a8c8cb8bd708e1dcdc,0xa000016d11e045500240e2dfb9938c226e8a873c,0x26724da1288238b275cae8ea7dafa0bab8d2d9ba,1.043841,1.04384133611691,1.04384133611691,,0.8326036949784997
0x5c1706780a6769e9804201454acee17f50e6f4d2cedd508ecee17586d5a102d8,24394176,1770337343,0xa28ee7ec4756b4c3340c30a8c8cb8bd708e1dcdc,0xf00001968c1d6196d3d0553030c7af8d1905dcbb,0xad95973c72045cd05b9ddaa2b27cf65f578e339e,1.043841,1.04384133611691,1.04384133611691,,0.8326036949784997
0xd4e0551064956dce66e83edd854f2a3a57ebadb0309c9c860784df0b0af51b14,24394177,1770337355,0xbfa7f9c1983ae40738ea0f128e58aa704461aa3a,0xf00001968c1d6196d3d0553030c7af8d1905dcbb,0xa96c774dbcdad89ee7872078e58d5168170d684e,1.043841,1.04384133611691,1.04384133611691,,0.8326036949784997
0xe3d711f970d2ac10a7e564959308e9e8a9eb59d08c02cf6cbc88e0ac7817b45e,24394178,1770337367,0xa28ee7ec4756b4c3340c30a8c8cb8bd708e1dcdc,0xa000016d11e045500240e2dfb9938c226e8a873c,0x9398563acd4539df8f2c613f964c2ecbe6020d6b,1.043841,1.04384133611691,1.04384133611691,,0.8326036949784997
0x8f0ed866f458b481303046f8dae503d5b87832b3035667dad3a814484ff9d743,24394838,1770345323,0x860ce7e3b7a8e96df54ef9b733494e0804ef0ce5,0xb90aa6ad4e00d9201d3c26610a5ef7f0456eecd2,0xe573768b1a01bf81dca597e5460daa4f63d6beb9,1.026167,1.0261672652642382,1.0261672652642382,,0.8978687766514472
0x5d245ca7f2f128b42cdd15295e69731b3ac6a9075ef48f004fc71be4b8c80af9,24396991,1770371351,0x860ce7e3b7a8e96df54ef9b733494e0804ef0ce5,0xb90aa6ad4e00d9201d3c26610a5ef7f0456eecd2,0xe573768b1a01bf81dca597e5460daa4f63d6beb9,1.026167,1.0261672652642382,1.0261672652642382,,0.8978687766514472
0xc4c9d94ba0022b2e298ba9a700070a18164b04f371d8f220296508dd8d1bcf2e,24402187,1770434027,0x860ce7e3b7a8e96df54ef9b733494e0804ef0ce5,0xb90aa6ad4e00d9201d3c26610a5ef7f0456eecd2,0xe573768b1a01bf81dca597e5460daa4f63d6beb9,1.026167,1.0261672652642382,1.0261672652642382,,0.8978687766514472
0x6ce457937a30a6f209d8e83766a1500422e5756cc2de23986cec647a0ec548f7,24402190,1770434063,0x860ce7e3b7a8e96df54ef9b733494e0804ef0ce5,0xbbc133749e308694277aaa82ac780eb8aaed77f6,0x8aac198a3013e78dce158231fe69faece4a17803,1.026167,1.0261672652642382,1.0261672652642382,,0.8978687766514472
0x6e00a4e5d6d3bccc480fb20f6b1890d7272036715771b520a2a6a741c39b0432,24405196,1770470339,0x860ce7e3b7a8e96df54ef9b733494e0804ef0ce5,0xb90aa6ad4e00d9201d3c26610a5ef7f0456eecd2,0xe573768b1a01bf81dca597e5460daa4f63d6beb9,1.026167,1.0261672652642382,1.0261672652642382,,0.8978687766514472
0xd324efb70390aa7bfe80e431331849678f2ad6010064b499ee4ceaa35609f568,24408279,1770507539,0x860ce7e3b7a8e96df54ef9b733494e0804ef0ce5,0xb90aa6ad4e00d9201d3c26610a5ef7f0456eecd2,0xe573768b1a01bf81dca597e5460daa4f63d6beb9,1.026167,1.0261672652642382,1.0261672652642382,,0.8978687766514472
0xd7999c9d7b79c5749384bce58cfaa4316458e223f5316becd820abc487c63c0c,24409973,1770528227,0x860ce7e3b7a8e96df54ef9b733494e0804ef0ce5,0xbbc133749e308694277aaa82ac780eb8aaed77f6,0x8aac198a3013e78dce158231fe69faece4a17803,1.026167,1.0261672652642382,1.0261672652642382,,0.8978687766514472
0xd258a11c93c1e522d9e8ae8239efe37bf30c7e50f979e7bbdf2ee80e29c227cf,24411740,1770549731,0x860ce7e3b7a8e96df54ef9b733494e0804ef0ce5,0xb90aa6ad4e00d9201d3c26610a5ef7f0456eecd2,0xe573768b1a01bf81dca597e5460daa4f63d6beb9,1.026167,1.0261672652642382,1.0261672652642382,,0.8978687766514472
0xa6d50ddc6b7535f91636580e6598c92ae509457ca1886435bdfe98d3f8774f98,24416344,1770605507,0x860ce7e3b7a8e96df54ef9b733494e0804ef0ce5,0xb90aa6ad4e00d9201d3c26610a5ef7f0456eecd2,0xe573768b1a01bf81dca597e5460daa4f63d6beb9,1.026167,1.0261672652642382,1.0261672652642382,,0.8978687766514472
0x06a26c3b7329753f493eeb2797bffb011365086d5b528aa4e31aaaa399d74a96,24418734,1770634415,0x860ce7e3b7a8e96df54ef9b733494e0804ef0ce5,0xbbc133749e308694277aaa82ac780eb8aaed77f6,0x8aac198a3013e78dce158231fe69faece4a17803,1.026167,1.0261672652642382,1.0261672652642382,,0.8978687766514472
0x53764295624ea31343b3238a22aa0ad4a6bdb2f721472802aa4796a1caee2cc9,24420374,1770654143,0x860ce7e3b7a8e96df54ef9b733494e0804ef0ce5,0xb90aa6ad4e00d9201d3c26610a5ef7f0456eecd2,0xe573768b1a01bf81dca597e5460daa4f63d6beb9,1.026167,1.0261672652642382,1.0261672652642382,,0.8978687766514472
0x42a6ef53d765f8314ea733b0366c82fba3fc89f2a714d18233afbd779637595e,24425002,1770709955,0x860ce7e3b7a8e96df54ef9b733494e0804ef0ce5,0xb90aa6ad4e00d9201d3c26610a5ef7f0456eecd2,0xe573768b1a01bf81dca597e5460daa4f63d6beb9,1.026167,1.0261672652642382,1.0261672652642382,,0.8978687766514472
0x7352ab73389ebd81ff4cb9a0a88312b47d98e2c3a233e29a7a4fd6221a0e8e64,24428973,1770757931,0x860ce7e3b7a8e96df54ef9b733494e0804ef0ce5,0xb90aa6ad4e00d9201d3c26610a5ef7f0456eecd2,0xe573768b1a01bf81dca597e5460daa4f63d6beb9,1.026167,1.0261672652642382,1.0261672652642382,,0.8978687766514472
0xf8ef2ce3aa78460c46b0121be359cc0c3323a50dd1f424befcb6bf1ac6f05cf5,24429183,1770760463,0x860ce7e3b7a8e96df54ef9b733494e0804ef0ce5,0xbbc133749e308694277aaa82ac780eb8aaed77f6,0x8aac198a3013e78dce158231fe69faece4a17803,1.026167,1.0261672652642382,1.0261672652642382,,0.8978687766514472
0xd65a66f02935de664bce1fcc4aa14ce01e1dda45eb0c941dfbe8c70c36d65445,24434697,1770826967,0x860ce7e3b7a8e96df54ef9b733494e0804ef0ce5,0xb90aa6ad4e00d9201d3c26610a5ef7f0456eecd2,0xe573768b1a01bf81dca597e5460daa4f63d6beb9,1.026167,1.0261672652642382,1.0261672652642382,,0.8978687766514472
0xd90e90528056dd59c4408b5c261b7a103319753e247673d0f38f74b52bacc53b,24444084,1770940151,0x4c2401b490cec2ac30f54c9c4f3c65c2677ae07f,0x902367430ad1618a7bba2c3ab6c92bbe05f26a17,0x0000006094141cd5d88b13aa8845dc34e9b1c3a0,1.026167,1.0261672652642382,1.0261672652642382,,0.8978687766514472
0x1973751b0feb86ba055ed757d87a2f942554baa0dcc340a5d7756853b13025a2,24446312,1770967019,0x860ce7e3b7a8e96df54ef9b733494e0804ef0ce5,0xb90aa6ad4e00d9201d3c26610a5ef7f0456eecd2,0xe573768b1a01bf81dca597e5460daa4f63d6beb9,1.026167,1.0261672652642382,1.0261672652642382,,0.8978687766514472
0x16632328f754b794a236ea50f02b1dbeb88a8f5cbe10ec2eed98fbc922f8ba31,24460161,1771133903,0x4c2401b490cec2ac30f54c9c4f3c65c2677ae07f,0x902367430ad1618a7bba2c3ab6c92bbe05f26a17,0x0000006094141cd5d88b13aa8845dc34e9b1c3a0,1.026167,1.0261672652642382,1.0261672652642382,,0.8978687766514472
0x276a8d8efda6d8220b7ca1d4c435b0b9a8d7d95ed01cdc906eb4b903e62b1973,24460165,1771133951,0x860ce7e3b7a8e96df54ef9b733494e0804ef0ce5,0xb90aa6ad4e00d9201d3c26610a5ef7f0456eecd2,0xe573768b1a01bf81dca597e5460daa4f63d6beb9,1.026167,1.0261672652642382,1.0261672652642382,,0.8978687766514472
0x618a4f9e3286a08c3d1e1e6b6ccce7f218618cfd351065e2f5ceee5cdd02a3f9,24472614,1771283855,0x4c2401b490cec2ac30f54c9c4f3c65c2677ae07f,0x902367430ad1618a7bba2c3ab6c92bbe05f26a17,0x0000006094141cd5d88b13aa8845dc34e9b1c3a0,1.026167,1.0261672652642382,1.0261672652642382,,0.8978687766514472
0x6c553b5f8969f87d7befd5a7313f710ffb2cb2b155e62fbb0ed10aecb15bd5e1,24473802,1771298147,0x860ce7e3b7a8e96df54ef9b733494e0804ef0ce5,0xb90aa6ad4e00d9201d3c26610a5ef7f0456eecd2,0xe573768b1a01bf81dca597e5460daa4f63d6beb9,1.026167,1.0261672652642382,1.0261672652642382,,0.8978687766514472
0x4f726403c4b1d69991c7564eded852b72cde87af639391dec95f5bb5d9167f45,24480840,1771383011,0x860ce7e3b7a8e96df54ef9b733494e0804ef0ce5,0xbbc133749e308694277aaa82ac780eb8aaed77f6,0x8aac198a3013e78dce158231fe69faece4a17803,1.026167,1.0261672652642382,1.0261672652642382,,0.8978687766514472
0xd705ef2706cdb260e3a33ecc0aad58b0417fec43ac620ebf2feb2a0769fa96d6,24482330,1771400951,0x860ce7e3b7a8e96df54ef9b733494e0804ef0ce5,0xb90aa6ad4e00d9201d3c26610a5ef7f0456eecd2,0xe573768b1a01bf81dca597e5460daa4f63d6beb9,1.026167,1.0261672652642382,1.0261672652642382,,0.8978687766514472
0xebcc79d12257367d614cf6e934c24c92661c08590d7d4f3aaa33448dfabb52db,24494895,1771552355,0x860ce7e3b7a8e96df54ef9b733494e0804ef0ce5,0xb90aa6ad4e00d9201d3c26610a5ef7f0456eecd2,0xe573768b1a01bf81dca597e5460daa4f63d6beb9,1.026167,1.0261672652642382,1.0261672652642382,,0.8978687766514472
0x51f808012a6809aaad9d548b556b27bfaf30b9ec6794af0a04b96df10feca26d,24511469,1771751987,0x860ce7e3b7a8e96df54ef9b733494e0804ef0ce5,0xb90aa6ad4e00d9201d3c26610a5ef7f0456eecd2,0xe573768b1a01bf81dca597e5460daa4f63d6beb9,1.026167,1.0261672652642382,1.0261672652642382,,0.8978687766514472
0xd210e8f696e52fb60fe6f059449dadcb94883f20b1052ec277e572e3bce14a31,24514342,1771786559,0x4c2401b490cec2ac30f54c9c4f3c65c2677ae07f,0x902367430ad1618a7bba2c3ab6c92bbe05f26a17,0x0000006094141cd5d88b13aa8845dc34e9b1c3a0,1.026167,1.0261672652642382,1.0261672652642382,,0.8978687766514472
0xce58d76d6a86a91f946f6e26a348aabcea97dca0887e9741ec9a77a72543efc4,24521911,1771877711,0x0e09ce5c48b48bf72bb667715cbe6977489042cb,0xa000016d11e045500240e2dfb9938c226e8a873c,0x8067e992c67715851f592094686bc9d2f7d23889,1.043841,1.04384133611691,1.04384133611691,,0.8326036949784997
0xba2104811ac890a74a13c15b8eac33b27179db8d4e5b092d656f3467f02d7ef2,24523417,1771895867,0x0e09ce5c48b48bf72bb667715cbe6977489042cb,0xf00001968c1d6196d3d0553030c7af8d1905dcbb,0x8067e992c67715851f592094686bc9d2f7d23889,1.043841,1.04384133611691,1.04384133611691,,0.8326036949784997
0xbf7e8684b9216e1efe7b08111c5fbd339382acdefae4dec1cbe76f90df18ca80,24524176,1771904987,0x0e09ce5c48b48bf72bb667715cbe6977489042cb,0xe08d97e151473a848c3d9ca3f323cb720472d015,0x8067e992c67715851f592094686bc9d2f7d23889,1.043841,1.04384133611691,1.04384133611691,,0.8326036949784997
0xefbf7007c89e50479b9d79ca06962524d3aff63e460871a09e1cbac2c2a36db9,24524177,1771904999,0x0e09ce5c48b48bf72bb667715cbe6977489042cb,0xaf682de1f2e6f710731121a05a44cb3c1b511f7d,0x8067e992c67715851f592094686bc9d2f7d23889,1.043841,1.04384133611691,1.04384133611691,,0.8326036949784997
0xb4627c3486131898b78f2c19f2d5f013661dd37d2dd84ab23c01a0e7e3fc8b1a,24524298,1771906451,0x0e09ce5c48b48bf72bb667715cbe6977489042cb,0x00000f91109c4d0007e90000d9facad5298a0cac,0x8067e992c67715851f592094686bc9d2f7d23889,1.043841,1.04384133611691,1.04384133611691,,0.8326036949784997
0x7bbb254c074c06812010142df9779cba3b860f3607df864abfa1be82c1914775,24524298,1771906451,0x0e09ce5c48b48bf72bb667715cbe6977489042cb,0x00000f91109c4d0007e90000d9facad5298a0cac,0x8067e992c67715851f592094686bc9d2f7d23889,1.043841,1.04384133611691,1.04384133611691,,0.8326036949784997
0x1724a88cd9eee4acc535ef4e5e4b051b8536ca83c3b7cd7c866b9a91bb60cd93,24524299,1771906463,0x0e09ce5c48b48bf72bb667715cbe6977489042cb,0x34276f7be82732e19cff40d33f15dcd7a1d1f627,0x8067e992c67715851f592094686bc9d2f7d23889,1.043841,1.04384133611691,1.04384133611691,,0.8326036949784997
0x4fe66dd74a4b77eef436e0816ebc3adfae454dda065ae80c48c9cc0ff9878ed9,24524300,1771906475,0xa28ee7ec4756b4c3340c30a8c8cb8bd708e1dcdc,0xf00001968c1d6196d3d0553030c7af8d1905dcbb,0x08ce56a1dc045bcbd34a7964b23516d364df6ba5,1.043841,1.04384133611691,1.04384133611691,,0.8326036949784997
0x9a61e6ebdaa213b6154dc41a6465e51525bbb2ab9a01d85ae2e074a9ebba968d,24524652,1771910711,0xa28ee7ec4756b4c3340c30a8c8cb8bd708e1dcdc,0xf00001968c1d6196d3d0553030c7af8d1905dcbb,0x08ce56a1dc045bcbd34a7964b23516d364df6ba5,1.043841,1.04384133611691,1.04384133611691,,0.8326036949784997
0xdf4103fe3265440d3f3a08e6a0274eff095991169aaddb86de384a523d0d3353,24524652,1771910711,0x0e09ce5c48b48bf72bb667715cbe6977489042cb,0x00000f91109c4d0007e90000d9facad5298a0cac,0x8067e992c67715851f592094686bc9d2f7d23889,1.043841,1.04384133611691,1.04384133611691,,0.8326036949784997
0x3c876090065942cb3093345b3156861e6e29fc6329538c408c0c88a9095bebc9,24524652,1771910711,0x0e09ce5c48b48bf72bb667715cbe6977489042cb,0x00000f91109c4d0007e90000d9facad5298a0cac,0x8067e992c67715851f592094686bc9d2f7d23889,1.043841,1.04384133611691,1.04384133611691,,0.8326036949784997
0x11d06eed2aac4097a604a89461676dad91086e74a4e3e195aa553fe6a3f07de0,24524652,1771910711,0x0e09ce5c48b48bf72bb667715cbe6977489042cb,0x682ea8aa9b23250e0e240580e8ae55205f612979,0x8067e992c67715851f592094686bc9d2f7d23889,1.043841,1.04384133611691,1.04384133611691,,0.8326036949784997
0xf2f9a6c18a89f8d5a633fd3f20aeca80e23a54e12421df92199ea010724a09b1,24524653,1771910723,0x0e09ce5c48b48bf72bb667715cbe6977489042cb,0xaf682de1f2e6f710731121a05a44cb3c1b511f7d,0x8067e992c67715851f592094686bc9d2f7d23889,1.043841,1.04384133611691,1.04384133611691,,0.8326036949784997
0xf899663662accdf1ca73a1141a329c79523a65092962032a3eed5286b3c43ef5,24524707,1771911383,0xa28ee7ec4756b4c3340c30a8c8cb8bd708e1dcdc,0xaf682de1f2e6f710731121a05a44cb3c1b511f7d,0x9398563acd4539df8f2c613f964c2ecbe6020d6b,1.043817,1.04384133611691,1.04384133611691,,0.8326036949784997
0x6d46896a1fb5eeea5de38d3a01cc726270f33ea4259603afe98a24ed6a8592eb,24527568,1771945823,0x860ce7e3b7a8e96df54ef9b733494e0804ef0ce5,0xb90aa6ad4e00d9201d3c26610a5ef7f0456eecd2,0xe573768b1a01bf81dca597e5460daa4f63d6beb9,1.026167,1.0261672652642382,1.0261672652642382,,0.8978687766514472
0xd353e7d2579d5fc75d12867a473985b526eb555a86d78c223ddb1738baa72c41,24544645,1772151683,0x860ce7e3b7a8e96df54ef9b733494e0804ef0ce5,0xb90aa6ad4e00d9201d3c26610a5ef7f0456eecd2,0xe573768b1a01bf81dca597e5460daa4f63d6beb9,1.026167,1.0261672652642382,1.0261672652642382,,0.8978687766514472
0x63bffe41468569cbec7c6ab3efc506aceb1f50596eee5b6b7c4c046a8bb40af9,24544766,1772153147,0x860ce7e3b7a8e96df54ef9b733494e0804ef0ce5,0xbbc133749e308694277aaa82ac780eb8aaed77f6,0x8aac198a3013e78dce158231fe69faece4a17803,1.026167,1.0261672652642382,1.0261672652642382,,0.8978687766514472
0x1dadbf285375d376e592c7bbedc2e89191ee8badacd473168d2f45d2feb69899,24559540,1772331335,0x860ce7e3b7a8e96df54ef9b733494e0804ef0ce5,0xb90aa6ad4e00d9201d3c26610a5ef7f0456eecd2,0xe573768b1a01bf81dca597e5460daa4f63d6beb9,1.026167,1.0261672652642382,1.0261672652642382,,0.8978687766514472
0x1b8f5b6af98b2420bfed69104d3a94656ec428aabeb02d0de101b2e5f2e104d9,24586909,1772661227,0x0e09ce5c48b48bf72bb667715cbe6977489042cb,0x339c0db4a0030c88b4a48aafe56cdba23c8d4338,0x10322f1f396bc367b2bc5f3aa9434e5cab6018d7,1.043841,1.04384133611691,1.04384133611691,,0.8326036949784997
0xf1033e2a12eab13965f5540993e382c5a62205238a368c1d0e172cd14b8e9203,24661367,1773559343,0x860ce7e3b7a8e96df54ef9b733494e0804ef0ce5,0x75d74a5970f5d76b220d9f529d690a2d8ca76db6,0x8aac198a3013e78dce158231fe69faece4a17803,1.026167,1.0261672652642382,1.0261672652642382,,0.8978687766514472
0xa9802a8349fec7b0ae5b37b8812596280b6c5a8bd3fff9de023cb73eb3b86b35,24661377,1773559463,0x860ce7e3b7a8e96df54ef9b733494e0804ef0ce5,0x75d74a5970f5d76b220d9f529d690a2d8ca76db6,0xe573768b1a01bf81dca597e5460daa4f63d6beb9,1.026167,1.0261672652642382,1.0261672652642382,,0.8978687766514472
0x7caadda57ceb4ef5181ae80876879e239aaca8325299ffdf8f67f842159f0d76,24661389,1773559619,0x860ce7e3b7a8e96df54ef9b733494e0804ef0ce5,0x75d74a5970f5d76b220d9f529d690a2d8ca76db6,0x8aac198a3013e78dce158231fe69faece4a17803,1.026167,1.0261672652642382,1.0261672652642382,,0.8978687766514472
0xd58e07414a40b5f8a316c176f86e9ddc298bd3a57825e567740b8c97bbc3820b,24661420,1773559991,0x860ce7e3b7a8e96df54ef9b733494e0804ef0ce5,0x75d74a5970f5d76b220d9f529d690a2d8ca76db6,0xe573768b1a01bf81dca597e5460daa4f63d6beb9,1.026167,1.0261672652642382,1.0261672652642382,,0.8978687766514472
0xdf45ed6e7c925cfe534475e8fcba83cfb3d13a63e164da17ec65b6f9642d996b,24669355,1773655571,0x4c2401b490cec2ac30f54c9c4f3c65c2677ae07f,0x902367430ad1618a7bba2c3ab6c92bbe05f26a17,0x0000006094141cd5d88b13aa8845dc34e9b1c3a0,1.026167,1.0261672652642382,1.0261672652642382,,0.8978687766514472
0xae1201eab686d7e2473a8789394c904a6f849afe2e431f9d08a5835d4a5b6985,24670738,1773672287,0xa28ee7ec4756b4c3340c30a8c8cb8bd708e1dcdc,0xfed6096f550864f8e1175f1e9dfa105ac911e5b4,0x3448f8c366047d76b6b58bb4ef225e4454b1b5ff,1.043839,1.04384133611691,1.04384133611691,,0.8326036949784997
0xeb928e41f819edcb05af5faec38bc6b3246498001ef607634ac5a6c005e034ef,24670743,1773672347,0xa28ee7ec4756b4c3340c30a8c8cb8bd708e1dcdc,0xfed6096f550864f8e1175f1e9dfa105ac911e5b4,0x3448f8c366047d76b6b58bb4ef225e4454b1b5ff,1.043613,1.04384133611691,1.04384133611691,,0.8326036949784997
0x342c828aa9c858d17a8cb10a328b450b8db7d0a7dc5d67baf47cc7add4e686a4,24674792,1773721223,0x860ce7e3b7a8e96df54ef9b733494e0804ef0ce5,0xb90aa6ad4e00d9201d3c26610a5ef7f0456eecd2,0xe573768b1a01bf81dca597e5460daa4f63d6beb9,1.026167,1.0261672652642382,1.0261672652642382,,0.8978687766514472
0x97bece745f9cb590223e24c52f8e5e74a56b83656616105064971c799dc584ff,24674794,1773721247,0x860ce7e3b7a8e96df54ef9b733494e0804ef0ce5,0xbbc133749e308694277aaa82ac780eb8aaed77f6,0x8aac198a3013e78dce158231fe69faece4a17803,1.026167,1.0261672652642382,1.0261672652642382,,0.8978687766514472
0xccd2989d651d70f30aceaa15a359e2d0fc2fe2f81d4ed09b06500ae42f0146d1,24674979,1773723479,0x860ce7e3b7a8e96df54ef9b733494e0804ef0ce5,0xb90aa6ad4e00d9201d3c26610a5ef7f0456eecd2,0xa15a53b5b8e2e5ef1052f5cfe3f715754ca53598,1.026167,1.0261672652642382,1.0261672652642382,,0.8978687766514472
0xe7317aaa381ade085ed42cb56f84dea7ed728bee50481cdc100579d79f950eb1,24677445,1773753239,0x860ce7e3b7a8e96df54ef9b733494e0804ef0ce5,0xb90aa6ad4e00d9201d3c26610a5ef7f0456eecd2,0xa15a53b5b8e2e5ef1052f5cfe3f715754ca53598,1.026167,1.0261672652642382,1.0261672652642382,,0.8978687766514472
0x90af729287e9a106213da107845ceb75c011b2dd0b1684fc1ea57c0026b22c2d,24680567,1773791039,0x860ce7e3b7a8e96df54ef9b733494e0804ef0ce5,0xb90aa6ad4e00d9201d3c26610a5ef7f0456eecd2,0xe573768b1a01bf81dca597e5460daa4f63d6beb9,1.026167,1.0261672652642382,1.0261672652642382,,0.8978687766514472
0xf4f1ba21df574e74d0af1990ac3b8cf6bd3e2ade4c28170968cfe41d1e18b82c,24680630,1773791807,0x860ce7e3b7a8e96df54ef9b733494e0804ef0ce5,0xbbc133749e308694277aaa82ac780eb8aaed77f6,0x8aac198a3013e78dce158231fe69faece4a17803,1.026167,1.0261672652642382,1.0261672652642382,,0.8978687766514472
0x0d7bac779cfe281a0a0fd9f607ee56a49a7842a4f803e51963329f6cb7d2e128,24686421,1773861635,0x860ce7e3b7a8e96df54ef9b733494e0804ef0ce5,0xb90aa6ad4e00d9201d3c26610a5ef7f0456eecd2,0xa15a53b5b8e2e5ef1052f5cfe3f715754ca53598,1.026167,1.0261672652642382,1.0261672652642382,,0.8978687766514472
0x20bc929375c8a515e104c9d686f618a973a952b45eba416270d7474493ab1dae,24686807,1773866315,0x860ce7e3b7a8e96df54ef9b733494e0804ef0ce5,0xb90aa6ad4e00d9201d3c26610a5ef7f0456eecd2,0xe573768b1a01bf81dca597e5460daa4f63d6beb9,1.026167,1.0261672652642382,1.0261672652642382,,0.8978687766514472
0x4a9e8028d1ea654d7ee35e44893b91e2600589579b760f2bfe2c2c74942b42e6,24686818,1773866447,0x860ce7e3b7a8e96df54ef9b733494e0804ef0ce5,0xbbc133749e308694277aaa82ac780eb8aaed77f6,0x8aac198a3013e78dce158231fe69faece4a17803,1.026167,1.0261672652642382,1.0261672652642382,,0.8978687766514472
0x150d3c4df30c4b7a3266708583d3aca298945dd49d9e728136fb0cdd821fb75f,24693110,1773942287,0x860ce7e3b7a8e96df54ef9b733494e0804ef0ce5,0xb90aa6ad4e00d9201d3c26610a5ef7f0456eecd2,0xe573768b1a01bf81dca597e5460daa4f63d6beb9,1.026167,1.0261672652642382,1.0261672652642382,,0.8978687766514472
0x23c36904a9a406c1b08559cf45567253e64b655456b5c8bf613e3190b44bccfc,24693114,1773942335,0x860ce7e3b7a8e96df54ef9b733494e0804ef0ce5,0xbbc133749e308694277aaa82ac780eb8aaed77f6,0x8aac198a3013e78dce158231fe69faece4a17803,1.026167,1.0261672652642382,1.0261672652642382,,0.8978687766514472
0x3777828bf8b64fa55d10c584a0be94b431703f0017cc65047a36c62ea01dc246,24697822,1773999011,0x860ce7e3b7a8e96df54ef9b733494e0804ef0ce5,0xb90aa6ad4e00d9201d3c26610a5ef7f0456eecd2,0xa15a53b5b8e2e5ef1052f5cfe3f715754ca53598,1.026167,1.0261672652642382,1.0261672652642382,,0.8978687766514472
0x40394f2162c5cfe06420d1ab2127fd193a2b15323678a1a1d78c8accfbf4918c,24699479,1774018919,0x860ce7e3b7a8e96df54ef9b733494e0804ef0ce5,0xb90aa6ad4e00d9201d3c26610a5ef7f0456eecd2,0xe573768b1a01bf81dca597e5460daa4f63d6beb9,1.026167,1.0261672652642382,1.0261672652642382,,0.8978687766514472
0x1a6c65b5c58da404fdc6fd90edaefcb9435dafcc000a3e70a6062fe999c5edfe,24699660,1774021103,0x860ce7e3b7a8e96df54ef9b733494e0804ef0ce5,0xbbc133749e308694277aaa82ac780eb8aaed77f6,0x8aac198a3013e78dce158231fe69faece4a17803,1.026167,1.0261672652642382,1.0261672652642382,,0.8978687766514472
0xda12428260b08212a35822c8de15ae23b0d6962f1d60c2311995099a4831aa1c,24705891,1774096211,0x860ce7e3b7a8e96df54ef9b733494e0804ef0ce5,0xb90aa6ad4e00d9201d3c26610a5ef7f0456eecd2,0xe573768b1a01bf81dca597e5460daa4f63d6beb9,1.026167,1.0261672652642382,1.0261672652642382,,0.8978687766514472
0x89a7c114edbfc023bf557be548417499f6cbeb8e014ad27bc17de3c9e0c3d943,24705997,1774097507,0x860ce7e3b7a8e96df54ef9b733494e0804ef0ce5,0xbbc133749e308694277aaa82ac780eb8aaed77f6,0x8aac198a3013e78dce158231fe69faece4a17803,1.026167,1.0261672652642382,1.0261672652642382,,0.8978687766514472
0xad7e4352ede748e4a85178af6f55242d0ae9d7bc41bf639f766b39a06fd4decc,24707847,1774119791,0x860ce7e3b7a8e96df54ef9b733494e0804ef0ce5,0xb90aa6ad4e00d9201d3c26610a5ef7f0456eecd2,0xa15a53b5b8e2e5ef1052f5cfe3f715754ca53598,1.026167,1.0261672652642382,1.0261672652642382,,0.8978687766514472
0xbafb6dcaf09e73eacd4060861bf953dc6d618d4914a346a0f03c275b0a30dd5b,24712541,1774176347,0x860ce7e3b7a8e96df54ef9b733494e0804ef0ce5,0xb90aa6ad4e00d9201d3c26610a5ef7f0456eecd2,0xe573768b1a01bf81dca597e5460daa4f63d6beb9,1.026167,1.0261672652642382,1.0261672652642382,,0.8978687766514472
0xe49c9352f7a5df0625365c2f6ef3a86f2e21bb1338d38ae96f0043c1acf9e20d,24712543,1774176371,0x860ce7e3b7a8e96df54ef9b733494e0804ef0ce5,0xbbc133749e308694277aaa82ac780eb8aaed77f6,0x8aac198a3013e78dce158231fe69faece4a17803,1.026167,1.0261672652642382,1.0261672652642382,,0.8978687766514472
0xf28cf4461cca0986802509a458ac27cf6d6a8ad14ea09cb14143df68ddd68002,24715917,1774217063,0x0a032468c5a6904b0464a6a09e45307845638e53,0xaf682de1f2e6f710731121a05a44cb3c1b511f7d,0xc72d8a8b6bcd0d3530365e6eaccd6ea722cecd7f,1.074114,1.0741138560687433,1.0741138560687433,,0.727366070175296
0x0dace9d6b21b3d5383874a04a9bacae0dc647917834b6cc770582d82357d7666,24716524,1774224371,0x0a032468c5a6904b0464a6a09e45307845638e53,0x902367430ad1618a7bba2c3ab6c92bbe05f26a17,0xc72d8a8b6bcd0d3530365e6eaccd6ea722cecd7f,1.074114,1.0741138560687433,1.0741138560687433,,0.727366070175296
0x5968988e84a1ad08f890c7eca1a9bf967d85d8829c64e90cb5e95c9d1f4670ab,24716576,1774224995,0x0a032468c5a6904b0464a6a09e45307845638e53,0xaf682de1f2e6f710731121a05a44cb3c1b511f7d,0xc72d8a8b6bcd0d3530365e6eaccd6ea722cecd7f,1.074113,1.0741138560687433,1.0741138560687433,,0.727366070175296
0xd7ae3dab06068425bc66da3ba97a15f6e9834a1914a1f29cab16bcd87846ed3c,24716681,1774226267,0x0a032468c5a6904b0464a6a09e45307845638e53,0xaf682de1f2e6f710731121a05a44cb3c1b511f7d,0xc72d8a8b6bcd0d3530365e6eaccd6ea722cecd7f,1.074114,1.0741138560687433,1.0741138560687433,,0.727366070175296
0xf180e5f4bcb0010077cc2d43edd1bcf799fd421ea88f2c3a048cdbc94a29d33c,24716686,1774226327,0x0a032468c5a6904b0464a6a09e45307845638e53,0xaf682de1f2e6f710731121a05a44cb3c1b511f7d,0xc72d8a8b6bcd0d3530365e6eaccd6ea722cecd7f,1.074113,1.0741138560687433,1.0741138560687433,,0.727366070175296
0x47b565950ba85e96025b6581c61706c9a07477c0595afafaab048afbe4e31228,24716759,1774227203,0x0a032468c5a6904b0464a6a09e45307845638e53,0xaf682de1f2e6f710731121a05a44cb3c1b511f7d,0xc72d8a8b6bcd0d3530365e6eaccd6ea722cecd7f,1.074113,1.0741138560687433,1.0741138560687433,,0.727366070175296
0xba27d3f6bf065ab235883982e76184f8227c4fa4d30212dbcc523ba3d2908e49,24717608,1774237415,0x860ce7e3b7a8e96df54ef9b733494e0804ef0ce5,0xb90aa6ad4e00d9201d3c26610a5ef7f0456eecd2,0xa15a53b5b8e2e5ef1052f5cfe3f715754ca53598,1.026167,1.0261672652642382,1.0261672652642382,,0.8978687766514472
0xc7e5a9143b12b0381566b5607a345a8bd3ca84918af599311e763f89d711ffdc,24718304,1774245827,0x0a032468c5a6904b0464a6a09e45307845638e53,0x974dc680f7ad9a20284398dd99b3c3e2ed6265a1,0xc72d8a8b6bcd0d3530365e6eaccd6ea722cecd7f,1.074114,1.0741138560687433,1.0741138560687433,,0.727366070175296
0xb2dea8598bc8dc2749a5aec12ecceaccd6995b8c30ef217bd9dd9d5243f6dbca,24718305,1774245839,0x0a032468c5a6904b0464a6a09e45307845638e53,0xaf682de1f2e6f710731121a05a44cb3c1b511f7d,0xc72d8a8b6bcd0d3530365e6eaccd6ea722cecd7f,1.074113,1.0741138560687433,1.0741138560687433,,0.727366070175296
0x6c5553bb04588e81733b978c308b869925b5080afc3345f2491089522644ede4,24718318,1774245995,0x0a032468c5a6904b0464a6a09e45307845638e53,0xaf682de1f2e6f710731121a05a44cb3c1b511f7d,0xc72d8a8b6bcd0d3530365e6eaccd6ea722cecd7f,1.074113,1.0741138560687433,1.0741138560687433,,0.727366070175296
0x638503b291c5a1d438c64b5e2d939e08fad9af327c9b7a8437610d988e6e4e0b,24718432,1774247363,0x0a032468c5a6904b0464a6a09e45307845638e53,0xaf682de1f2e6f710731121a05a44cb3c1b511f7d,0xc72d8a8b6bcd0d3530365e6eaccd6ea722cecd7f,1.074114,1.0741138560687433,1.0741138560687433,,0.727366070175296
0xb3ed4cd117c1c40b6e8fafccf25c7c63278a476bd76371684d809bfd05cd33b4,24718440,1774247459,0x0a032468c5a6904b0464a6a09e45307845638e53,0xaf682de1f2e6f710731121a05a44cb3c1b511f7d,0xc72d8a8b6bcd0d3530365e6eaccd6ea722cecd7f,1.074113,1.0741138560687433,1.0741138560687433,,0.727366070175296
0x1e2530e0ca1bf4eb58b44a7b8b43f65b6f66f6388f4b8a2692cf00cbf1b21b88,24718453,1774247615,0x0a032468c5a6904b0464a6a09e45307845638e53,0xaf682de1f2e6f710731121a05a44cb3c1b511f7d,0xc72d8a8b6bcd0d3530365e6eaccd6ea722cecd7f,1.074113,1.0741138560687433,1.0741138560687433,,0.727366070175296
0xa7d8009b965ba90f00dc5b25b800e87fa8d4ec8f5aeba816a58ba33680f6abb0,24718511,1774248311,0x0a032468c5a6904b0464a6a09e45307845638e53,0xa000016d11e045500240e2dfb9938c226e8a873c,0x849b822a68a431633a27f5bd5811da6ac87bca90,1.074114,1.0741138560687433,1.0741138560687433,,0.727366070175296
0xe1d10ad078d50012a8a04a619b1c02cb905fb3f61a903ddfc26851ce03bde1c1,24718512,1774248323,0x0a032468c5a6904b0464a6a09e45307845638e53,0xaf682de1f2e6f710731121a05a44cb3c1b511f7d,0xc72d8a8b6bcd0d3530365e6eaccd6ea722cecd7f,1.078208,1.0741138560687433,1.0741138560687433,,0.727366070175296
0x25ee2ba577da609de2806684b9481402fa30e6afcb7364b30d159d13d74e96ea,24718514,1774248347,0x0a032468c5a6904b0464a6a09e45307845638e53,0xaf682de1f2e6f710731121a05a44cb3c1b511f7d,0xc72d8a8b6bcd0d3530365e6eaccd6ea722cecd7f,1.074113,1.0741138560687433,1.0741138560687433,,0.727366070175296
0x22b0baa607caa42a5e1299c93ced01e07d58c92019280a6e9201b196a92be562,24718531,1774248551,0x0a032468c5a6904b0464a6a09e45307845638e53,0xaf682de1f2e6f710731121a05a44cb3c1b511f7d,0xc72d8a8b6bcd0d3530365e6eaccd6ea722cecd7f,1.074113,1.0741138560687433,1.0741138560687433,,0.727366070175296
0x0aab3fff0c10d03227674f883aa67d6df194301ce16cd738ea9f866101298a70,24718633,1774249787,0x0a032468c5a6904b0464a6a09e45307845638e53,0xaf682de1f2e6f710731121a05a44cb3c1b511f7d,0xc72d8a8b6bcd0d3530365e6eaccd6ea722cecd7f,1.074114,1.0741138560687433,1.0741138560687433,,0.727366070175296
0xf506415e6b3ff0445f67f7c3151a976f5ca557f38f632eae375440f6544bfa12,24718634,1774249799,0x0a032468c5a6904b0464a6a09e45307845638e53,0xa000016d11e045500240e2dfb9938c226e8a873c,0x849b822a68a431633a27f5bd5811da6ac87bca90,1.074114,1.0741138560687433,1.0741138560687433,,0.727366070175296
0xab0e867b54a767fc483e36cf3192e7d3ff43cea0a83ddc28b1e332f3deb4b142,24718691,1774250483,0x0a032468c5a6904b0464a6a09e45307845638e53,0xaf682de1f2e6f710731121a05a44cb3c1b511f7d,0xc72d8a8b6bcd0d3530365e6eaccd6ea722cecd7f,1.074114,1.0741138560687433,1.0741138560687433,,0.727366070175296
0xbe58b6e8906af5b47ff17bdad38876f5cc96ba21201a8a6ef36e491c1af952e4,24719996,1774266203,0x860ce7e3b7a8e96df54ef9b733494e0804ef0ce5,0xbbc133749e308694277aaa82ac780eb8aaed77f6,0x8aac198a3013e78dce158231fe69faece4a17803,1.026167,1.0261672652642382,1.0261672652642382,,0.8978687766514472
0x49997b4ba8e333504aea3456dc6cf36af9880b6f321225dd29db95d56ef437b3,24720014,1774266419,0x860ce7e3b7a8e96df54ef9b733494e0804ef0ce5,0xb90aa6ad4e00d9201d3c26610a5ef7f0456eecd2,0xe573768b1a01bf81dca597e5460daa4f63d6beb9,1.026167,1.0261672652642382,1.0261672652642382,,0.8978687766514472
0x6142fcf373d26ac30bbfbdf6527ce2ea657d616e294550eda915139b0301804a,24727687,1774358843,0x860ce7e3b7a8e96df54ef9b733494e0804ef0ce5,0xbbc133749e308694277aaa82ac780eb8aaed77f6,0x8aac198a3013e78dce158231fe69faece4a17803,1.026167,1.0261672652642382,1.0261672652642382,,0.8978687766514472
0x59f65d3e43f56bb4724c744cb98cf833636ac2ccde566775f9a5b3be74bcafcc,24727702,1774359023,0x860ce7e3b7a8e96df54ef9b733494e0804ef0ce5,0xb90aa6ad4e00d9201d3c26610a5ef7f0456eecd2,0xe573768b1a01bf81dca597e5460daa4f63d6beb9,1.026167,1.0261672652642382,1.0261672652642382,,0.8978687766514472
0x36632e0c8cc17141d2c166e7533773f5b2dcf9dd1f9e4602898d0a516824c24b,24729524,1774380959,0x860ce7e3b7a8e96df54ef9b733494e0804ef0ce5,0xb90aa6ad4e00d9201d3c26610a5ef7f0456eecd2,0xa15a53b5b8e2e5ef1052f5cfe3f715754ca53598,1.026167,1.0261672652642382,1.0261672652642382,,0.8978687766514472
0x8f538e35ae61a9519bcf6e5143cc09647b2c439a148f5ae056539fba1be79600,24737444,1774476407,0x860ce7e3b7a8e96df54ef9b733494e0804ef0ce5,0xb90aa6ad4e00d9201d3c26610a5ef7f0456eecd2,0xe573768b1a01bf81dca597e5460daa4f63d6beb9,1.026167,1.0261672652642382,1.0261672652642382,,0.8978687766514472
0x5e7906d56662d4182f4050462855d958e2216f2cd1c74d10129f2b3c315cb3d0,24737446,1774476431,0x860ce7e3b7a8e96df54ef9b733494e0804ef0ce5,0xbbc133749e308694277aaa82ac780eb8aaed77f6,0x8aac198a3013e78dce158231fe69faece4a17803,1.026167,1.0261672652642382,1.0261672652642382,,0.8978687766514472
0xefbbde5a516952b3b2939c0766c3128349be1ae864feafbbdeb76920ddb7b06f,24740260,1774510295,0x860ce7e3b7a8e96df54ef9b733494e0804ef0ce5,0xb90aa6ad4e00d9201d3c26610a5ef7f0456eecd2,0xa15a53b5b8e2e5ef1052f5cfe3f715754ca53598,1.026167,1.0261672652642382,1.0261672652642382,,0.8978687766514472
0x7ed07a66e58f2f625c4b0a045e93fede444cd018df9a8623f80e2d4520c60f9b,24747807,1774601339,0x860ce7e3b7a8e96df54ef9b733494e0804ef0ce5,0xbbc133749e308694277aaa82ac780eb8aaed77f6,0x8aac198a3013e78dce158231fe69faece4a17803,1.026167,1.0261672652642382,1.0261672652642382,,0.8978687766514472
0x60e625c2db9d36625bae91cfeba5f3b8537542d4c60582323ffadc9dcd6e1ab1,24747813,1774601411,0x1095bfe95d4beee8752d3003d0049bf508885bc8,0xe08d97e151473a848c3d9ca3f323cb720472d015,0xe1abbcb7776199fdda8c2c47d9cc3eb80917daf1,1.016777,1.0167768174885612,1.0167768174885612,,0.9337466179132999
0x8d1c71f09c5aa9ed27c08b1dff8641659950ba859cfc54ee1a404e864a11b344,24747816,1774601447,0x860ce7e3b7a8e96df54ef9b733494e0804ef0ce5,0xb90aa6ad4e00d9201d3c26610a5ef7f0456eecd2,0xe573768b1a01bf81dca597e5460daa4f63d6beb9,1.026167,1.0261672652642382,1.0261672652642382,,0.8978687766514472
0xfb21122f4593a03ffe897b5dd2d5cf06c7d04322629a05baf23abfc9aac4354b,24748017,1774603883,0x1095bfe95d4beee8752d3003d0049bf508885bc8,0xe08d97e151473a848c3d9ca3f323cb720472d015,0xe1abbcb7776199fdda8c2c47d9cc3eb80917daf1,1.016777,1.0167768174885612,1.0167768174885612,,0.9337466179132999
0x60d0c4ab4344b011a6b7f215330e15c37d86f8b0d47bc0453070927b87898150,24748276,1774607003,0x1095bfe95d4beee8752d3003d0049bf508885bc8,0xaf682de1f2e6f710731121a05a44cb3c1b511f7d,0xe1abbcb7776199fdda8c2c47d9cc3eb80917daf1,1.016777,1.0167768174885612,1.0167768174885612,,0.9337466179132999
0xe21ec489dea5cfb41ec507b8141e26490a344d235810b88fe87d446bab8e0310,24748527,1774610015,0x1095bfe95d4beee8752d3003d0049bf508885bc8,0x902367430ad1618a7bba2c3ab6c92bbe05f26a17,0xe1abbcb7776199fdda8c2c47d9cc3eb80917daf1,1.016777,1.0167768174885612,1.0167768174885612,,0.9337466179132999
0xb0f00e1a3eedce04105bf85a1615438a88e297087b581406c7a24edfec005812,24748782,1774613087,0x1095bfe95d4beee8752d3003d0049bf508885bc8,0xe08d97e151473a848c3d9ca3f323cb720472d015,0xe1abbcb7776199fdda8c2c47d9cc3eb80917daf1,1.016777,1.0167768174885612,1.0167768174885612,,0.9337466179132999
0x26dfeb6a35f3fbc1f0f0f1dd8ef3f553ab45a498265fab228cca0febdfda5a15,24749041,1774616231,0x1095bfe95d4beee8752d3003d0049bf508885bc8,0xaf682de1f2e6f710731121a05a44cb3c1b511f7d,0xe1abbcb7776199fdda8c2c47d9cc3eb80917daf1,1.016777,1.0167768174885612,1.0167768174885612,,0.9337466179132999
0x018285428a36022a501c0058d8c433584ffc9a6d32c00a43cac033d393906f65,24749299,1774619339,0x1095bfe95d4beee8752d3003d0049bf508885bc8,0xe08d97e151473a848c3d9ca3f323cb720472d015,0xe1abbcb7776199fdda8c2c47d9cc3eb80917daf1,1.016777,1.0167768174885612,1.0167768174885612,,0.9337466179132999
0x51cd0633d413af42c67fe9b96078af03856801fbab097c2094fe3a9f3d8afa45,24749552,1774622399,0x1095bfe95d4beee8752d3003d0049bf508885bc8,0xaf682de1f2e6f710731121a05a44cb3c1b511f7d,0xe1abbcb7776199fdda8c2c47d9cc3eb80917daf1,1.016777,1.0167768174885612,1.0167768174885612,,0.9337466179132999
0x361ee33a42a4cc70601d6b90239f9512858bb498b07281a4379899e1f4b4fa5a,24749805,1774625471,0x1095bfe95d4beee8752d3003d0049bf508885bc8,0x902367430ad1618a7bba2c3ab6c92bbe05f26a17,0xe1abbcb7776199fdda8c2c47d9cc3eb80917daf1,1.016777,1.0167768174885612,1.0167768174885612,,0.9337466179132999
0x61486f3d44374094a1ea578ad4083d272ec44a4469a3c2b1a77c599f09e5cf51,24750065,1774628591,0x1095bfe95d4beee8752d3003d0049bf508885bc8,0xe08d97e151473a848c3d9ca3f323cb720472d015,0xe1abbcb7776199fdda8c2c47d9cc3eb80917daf1,1.016777,1.0167768174885612,1.0167768174885612,,0.9337466179132999
0x086ed322f156bb3d9cd274e54d5439df99c3c7ffa3899e8e5c26f7cdf5147211,24750320,1774631711,0x1095bfe95d4beee8752d3003d0049bf508885bc8,0xaf682de1f2e6f710731121a05a44cb3c1b511f7d,0xe1abbcb7776199fdda8c2c47d9cc3eb80917daf1,1.016777,1.0167768174885612,1.0167768174885612,,0.9337466179132999
0x20762b099aa5842d433d4dad3ccd4ca1448c93c97e0a61b9bf5d8af5077819c5,24750573,1774634759,0x1095bfe95d4beee8752d3003d0049bf508885bc8,0xe08d97e151473a848c3d9ca3f323cb720472d015,0xe1abbcb7776199fdda8c2c47d9cc3eb80917daf1,1.016777,1.0167768174885612,1.0167768174885612,,0.9337466179132999
0x193366acb516f2b0151a36a02d0024fe708d707619419d8a407e03ffd14e33b0,24750831,1774637855,0x1095bfe95d4beee8752d3003d0049bf508885bc8,0xe08d97e151473a848c3d9ca3f323cb720472d015,0xe1abbcb7776199fdda8c2c47d9cc3eb80917daf1,1.016777,1.0167768174885612,1.0167768174885612,,0.9337466179132999
0x973193a78cb81a4c57ab3eb76eb156d049046582e81ec5678d9a3be2c4e48983,24750922,1774638947,0x860ce7e3b7a8e96df54ef9b733494e0804ef0ce5,0xb90aa6ad4e00d9201d3c26610a5ef7f0456eecd2,0xa15a53b5b8e2e5ef1052f5cfe3f715754ca53598,1.026167,1.0261672652642382,1.0261672652642382,,0.8978687766514472
0xad549d6173ff5a00b4fbd5fb88100fb6067e40efeb7f83f6968c4b68e71d2a4f,24751096,1774641047,0x1095bfe95d4beee8752d3003d0049bf508885bc8,0x902367430ad1618a7bba2c3ab6c92bbe05f26a17,0xe1abbcb7776199fdda8c2c47d9cc3eb80917daf1,1.016777,1.0167768174885612,1.0167768174885612,,0.9337466179132999
0xa6b28b4d34cc29d5fba22005e15ce5bb7a2f00d18160705f8891db78497b1133,24751356,1774644167,0x1095bfe95d4beee8752d3003d0049bf508885bc8,0xaf682de1f2e6f710731121a05a44cb3c1b511f7d,0xe1abbcb7776199fdda8c2c47d9cc3eb80917daf1,1.016777,1.0167768174885612,1.0167768174885612,,0.9337466179132999
0xdcac18b00a75b93941750092480a25b215edc8f663d08236af8387c17052f1aa,24751610,1774647251,0x1095bfe95d4beee8752d3003d0049bf508885bc8,0xe08d97e151473a848c3d9ca3f323cb720472d015,0xe1abbcb7776199fdda8c2c47d9cc3eb80917daf1,1.016777,1.0167768174885612,1.0167768174885612,,0.9337466179132999
0x13e9f7c367c97ba43e2548aef01eea4aecff36558790023774bab25f827a26c3,24751924,1774651031,0x1095bfe95d4beee8752d3003d0049bf508885bc8,0xe08d97e151473a848c3d9ca3f323cb720472d015,0xe1abbcb7776199fdda8c2c47d9cc3eb80917daf1,1.016777,1.0167768174885612,1.0167768174885612,,0.9337466179132999
0x8e28903e72f74d413f5a9848fe56ce94a9e32e85f24978dfbdd25149db3ec509,24752159,1774653851,0x1095bfe95d4beee8752d3003d0049bf508885bc8,0xaf682de1f2e6f710731121a05a44cb3c1b511f7d,0xe1abbcb7776199fdda8c2c47d9cc3eb80917daf1,1.016777,1.0167768174885612,1.0167768174885612,,0.9337466179132999
0x19fc68900d79ef0ebf0fc75b8e0ac45a6e1ae6c7fca60340f850a6c3672589f3,24752415,1774656947,0x1095bfe95d4beee8752d3003d0049bf508885bc8,0x902367430ad1618a7bba2c3ab6c92bbe05f26a17,0xe1abbcb7776199fdda8c2c47d9cc3eb80917daf1,1.016777,1.0167768174885612,1.0167768174885612,,0.9337466179132999
0x0b998df950a0ed10c908b9a2747225ce99d11c8b86504527e5df73f07089dca7,24752670,1774660031,0x1095bfe95d4beee8752d3003d0049bf508885bc8,0x902367430ad1618a7bba2c3ab6c92bbe05f26a17,0xe1abbcb7776199fdda8c2c47d9cc3eb80917daf1,1.016777,1.0167768174885612,1.0167768174885612,,0.9337466179132999
0x2b8bc135e6bff85cd483c7baf979c2f0ecb8ffd764f7ece8f90b07f83bf6960b,24752927,1774663139,0x1095bfe95d4beee8752d3003d0049bf508885bc8,0xbb13d96f722a2328420663ea845e0ef1eb3295a0,0xe1abbcb7776199fdda8c2c47d9cc3eb80917daf1,1.016777,1.0167768174885612,1.0167768174885612,,0.9337466179132999
0x85eb0da92ab67ea23693793359587a8cdd4b32a92b1ac3c8bc8f706839d0ac64,24753183,1774666211,0x1095bfe95d4beee8752d3003d0049bf508885bc8,0xe08d97e151473a848c3d9ca3f323cb720472d015,0xe1abbcb7776199fdda8c2c47d9cc3eb80917daf1,1.016777,1.0167768174885612,1.0167768174885612,,0.9337466179132999
0x4567d72effd7a76a5ee121f35a521a88f0a7b09330207076068d660960c14664,24753445,1774669355,0x1095bfe95d4beee8752d3003d0049bf508885bc8,0xe08d97e151473a848c3d9ca3f323cb720472d015,0xe1abbcb7776199fdda8c2c47d9cc3eb80917daf1,1.016777,1.0167768174885612,1.0167768174885612,,0.9337466179132999
0x1f3a6eabfa97e6a516426d54aadebaf08a295d73270de0906f90587593111a75,24753711,1774672547,0x1095bfe95d4beee8752d3003d0049bf508885bc8,0xe08d97e151473a848c3d9ca3f323cb720472d015,0xe1abbcb7776199fdda8c2c47d9cc3eb80917daf1,1.016777,1.0167768174885612,1.0167768174885612,,0.9337466179132999
0x509512ba91d7b8d778fcbcd881d2da81e279ce158507c15f4a4df9ba1e519f48,24753976,1774675727,0x1095bfe95d4beee8752d3003d0049bf508885bc8,0xaf682de1f2e6f710731121a05a44cb3c1b511f7d,0xe1abbcb7776199fdda8c2c47d9cc3eb80917daf1,1.016777,1.0167768174885612,1.0167768174885612,,0.9337466179132999
0xe645a8226ef6d1a0cf191594a65c44c52e08e3650f2adaad8cc86f978a93f578,24754240,1774678895,0x1095bfe95d4beee8752d3003d0049bf508885bc8,0xbb13d96f722a2328420663ea845e0ef1eb3295a0,0xe1abbcb7776199fdda8c2c47d9cc3eb80917daf1,1.016777,1.0167768174885612,1.0167768174885612,,0.9337466179132999
0x6bdaffe1a02e2cc55c2adc7330f95bc150458b70f6f3bd598b26c86ac8bd962d,24754510,1774682135,0x1095bfe95d4beee8752d3003d0049bf508885bc8,0xbb13d96f722a2328420663ea845e0ef1eb3295a0,0xe1abbcb7776199fdda8c2c47d9cc3eb80917daf1,1.016777,1.0167768174885612,1.0167768174885612,,0.9337466179132999
0x7f8705c95affd1ae67599295e9fa4a27fa0d773a208d0dffccc76991a4a0423f,24754778,1774685375,0x1095bfe95d4beee8752d3003d0049bf508885bc8,0xbb13d96f722a2328420663ea845e0ef1eb3295a0,0xe1abbcb7776199fdda8c2c47d9cc3eb80917daf1,1.016777,1.0167768174885612,1.0167768174885612,,0.9337466179132999
0x56ea6076c85b7236fc7327776c942a0495a46a5fe396ad0a16f3a0e3dfb1288f,24755046,1774688615,0x1095bfe95d4beee8752d3003d0049bf508885bc8,0xbb13d96f722a2328420663ea845e0ef1eb3295a0,0xe1abbcb7776199fdda8c2c47d9cc3eb80917daf1,1.016777,1.0167768174885612,1.0167768174885612,,0.9337466179132999
0x6cbfcda5dd83651955a0c6fc1d198489573ef8721b0cc8b02e4667017e7d2be8,24755316,1774691855,0x1095bfe95d4beee8752d3003d0049bf508885bc8,0xbb13d96f722a2328420663ea845e0ef1eb3295a0,0xe1abbcb7776199fdda8c2c47d9cc3eb80917daf1,1.016777,1.0167768174885612,1.0167768174885612,,0.9337466179132999
0xf6e7a1d1ac9380947f59a1361abd1ee4bd0d8cdaa6a51d4ccb131ae9cd1e5da5,24755587,1774695119,0x1095bfe95d4beee8752d3003d0049bf508885bc8,0xbb13d96f722a2328420663ea845e0ef1eb3295a0,0xe1abbcb7776199fdda8c2c47d9cc3eb80917daf1,1.016777,1.0167768174885612,1.0167768174885612,,0.9337466179132999
0xc3d835e442a15cfe908280d085cb007b5269c615cd484b75445ccf9f89491586,24755860,1774698395,0x1095bfe95d4beee8752d3003d0049bf508885bc8,0x682ea8aa9b23250e0e240580e8ae55205f612979,0xe1abbcb7776199fdda8c2c47d9cc3eb80917daf1,1.016777,1.0167768174885612,1.0167768174885612,,0.9337466179132999
0xff470d817cfa4cbea0e8d52daa23a1680d46436c8ede8ee121770dcf5c10cdb4,24756131,1774701659,0x1095bfe95d4beee8752d3003d0049bf508885bc8,0x682ea8aa9b23250e0e240580e8ae55205f612979,0xe1abbcb7776199fdda8c2c47d9cc3eb80917daf1,1.016777,1.0167768174885612,1.0167768174885612,,0.9337466179132999
0xc5d41feb6319f75439fc4eb0712744d2d4e8221f9d2be0324bd3538b4ce75a31,24756370,1774704539,0x860ce7e3b7a8e96df54ef9b733494e0804ef0ce5,0xbbc133749e308694277aaa82ac780eb8aaed77f6,0x8aac198a3013e78dce158231fe69faece4a17803,1.026167,1.0261672652642382,1.0261672652642382,,0.8978687766514472
0x1f091f5fea0ed60cdfa673837bedef3d8e9e2632e3c1bcb9083af554d6b85bc2,24756404,1774704947,0x1095bfe95d4beee8752d3003d0049bf508885bc8,0x682ea8aa9b23250e0e240580e8ae55205f612979,0xe1abbcb7776199fdda8c2c47d9cc3eb80917daf1,1.016777,1.0167768174885612,1.0167768174885612,,0.9337466179132999
0xa5a64a92b204e15350eb3d69d0ab71e060f8e9c41075e017268474d2f33c4a61,24756452,1774705523,0x860ce7e3b7a8e96df54ef9b733494e0804ef0ce5,0xb90aa6ad4e00d9201d3c26610a5ef7f0456eecd2,0xe573768b1a01bf81dca597e5460daa4f63d6beb9,1.026167,1.0261672652642382,1.0261672652642382,,0.8978687766514472
0x23f251b5a5d4dc46dd688ea22a84f93397a8097222fa814686fc6b440c3089b4,24756671,1774708151,0x1095bfe95d4beee8752d3003d0049bf508885bc8,0xeeaa2562f89bd75d920d785aacd0c401a0105597,0xe1abbcb7776199fdda8c2c47d9cc3eb80917daf1,1.016777,1.0167768174885612,1.0167768174885612,,0.9337466179132999
0x24562780be94e9364d365fa23f0e97024d569d8044f291b3b96e11c43eda6cda,24756952,1774711535,0x1095bfe95d4beee8752d3003d0049bf508885bc8,0x682ea8aa9b23250e0e240580e8ae55205f612979,0xe1abbcb7776199fdda8c2c47d9cc3eb80917daf1,1.016777,1.0167768174885612,1.0167768174885612,,0.9337466179132999
0x92f749e24e88db1c11006d3067f56cc9c0cc6a590c149939a0421a5b636df65d,24757229,1774714859,0x1095bfe95d4beee8752d3003d0049bf508885bc8,0x682ea8aa9b23250e0e240580e8ae55205f612979,0xe1abbcb7776199fdda8c2c47d9cc3eb80917daf1,1.016777,1.0167768174885612,1.0167768174885612,,0.9337466179132999
0x859e36583aafd545699cd66862e983b234f25a68d1894b6f4a58ea32d63119e8,24757509,1774718219,0x1095bfe95d4beee8752d3003d0049bf508885bc8,0x682ea8aa9b23250e0e240580e8ae55205f612979,0xe1abbcb7776199fdda8c2c47d9cc3eb80917daf1,1.016777,1.0167768174885612,1.0167768174885612,,0.9337466179132999
0xf976979fbcf6ab620aa945b436cf54b83b8a46700c13ac330e633db13e6b35af,24757789,1774721591,0x1095bfe95d4beee8752d3003d0049bf508885bc8,0xeeaa2562f89bd75d920d785aacd0c401a0105597,0xe1abbcb7776199fdda8c2c47d9cc3eb80917daf1,1.016777,1.0167768174885612,1.0167768174885612,,0.9337466179132999
0x2191b519c0f0e6fd9e9fc990b795f4e9415124aac4d40d21ae49e6a1080fab09,24758067,1774724939,0x1095bfe95d4beee8752d3003d0049bf508885bc8,0xeeaa2562f89bd75d920d785aacd0c401a0105597,0xe1abbcb7776199fdda8c2c47d9cc3eb80917daf1,1.016777,1.0167768174885612,1.0167768174885612,,0.9337466179132999
0xf8e083aa37406efe487ab5fab2e659b810d2d2daab826879afb47c9f884f2cdf,24758353,1774728371,0x1095bfe95d4beee8752d3003d0049bf508885bc8,0xeeaa2562f89bd75d920d785aacd0c401a0105597,0xe1abbcb7776199fdda8c2c47d9cc3eb80917daf1,1.016777,1.0167768174885612,1.0167768174885612,,0.9337466179132999
0x1f33daa4b7ecbd0d7fbe56559ec00a04658ee41d0c7b589d55a4a0002e042909,24758631,1774731719,0x1095bfe95d4beee8752d3003d0049bf508885bc8,0xeeaa2562f89bd75d920d785aacd0c401a0105597,0xe1abbcb7776199fdda8c2c47d9cc3eb80917daf1,1.016777,1.0167768174885612,1.0167768174885612,,0.9337466179132999
0xce35e13bca1a32cd6403436e61d944a34b915a98d0d382303cfa0cd89c595db6,24758914,1774735139,0x1095bfe95d4beee8752d3003d0049bf508885bc8,0xeeaa2562f89bd75d920d785aacd0c401a0105597,0xe1abbcb7776199fdda8c2c47d9cc3eb80917daf1,1.016777,1.0167768174885612,1.0167768174885612,,0.9337466179132999
0xfcd9dd25ac144aa139a0930161ed10ec921090268da3b873d0a9c450ab4bab69,24759194,1774738499,0x1095bfe95d4beee8752d3003d0049bf508885bc8,0xeeaa2562f89bd75d920d785aacd0c401a0105597,0xe1abbcb7776199fdda8c2c47d9cc3eb80917daf1,1.016777,1.0167768174885612,1.0167768174885612,,0.9337466179132999
0x7778b9b614c70ab559e1a902cbce895be5854b56df4e449a00d8003d2b045db9,24760097,1774749371,0x1095bfe95d4beee8752d3003d0049bf508885bc8,0x4659362bb53d0d7c97c136753ba512dadfe2467b,0xe1abbcb7776199fdda8c2c47d9cc3eb80917daf1,1.016777,1.0167768174885612,1.0167768174885612,,0.9337466179132999
0x458c12b2e1c8466233f3ec32cc6f0f0fd5513ec875ea523238653307e63173c3,24760098,1774749383,0x1095bfe95d4beee8752d3003d0049bf508885bc8,0xaf682de1f2e6f710731121a05a44cb3c1b511f7d,0xe1abbcb7776199fdda8c2c47d9cc3eb80917daf1,1.016777,1.0167768174885612,1.0167768174885612,,0.9337466179132999
0x0ffe0c6e51e78a1240253c660f3367ba07a2b38b3e007f84c3a78c450515f0dd,24760390,1774752923,0x1095bfe95d4beee8752d3003d0049bf508885bc8,0x4659362bb53d0d7c97c136753ba512dadfe2467b,0xe1abbcb7776199fdda8c2c47d9cc3eb80917daf1,1.016777,1.0167768174885612,1.0167768174885612,,0.9337466179132999
0x4b398c36fc043bc9997128f2354bd3dd1fcb61f322a51c7979bec47b25278b81,24760664,1774756211,0x1095bfe95d4beee8752d3003d0049bf508885bc8,0x4659362bb53d0d7c97c136753ba512dadfe2467b,0xe1abbcb7776199fdda8c2c47d9cc3eb80917daf1,1.016777,1.0167768174885612,1.0167768174885612,,0.9337466179132999
0xfcafa86f96f4262acf5dabcf99bbfc6e47c632862a2c2b8864111a1b2603d552,24760961,1774759787,0x1095bfe95d4beee8752d3003d0049bf508885bc8,0x4659362bb53d0d7c97c136753ba512dadfe2467b,0xe1abbcb7776199fdda8c2c47d9cc3eb80917daf1,1.016777,1.0167768174885612,1.0167768174885612,,0.9337466179132999
0x7d682868fa208b5eaf8db8dffc4c256d2ddd6269ad367f4ec9ffc2b50743de60,24761253,1774763303,0x1095bfe95d4beee8752d3003d0049bf508885bc8,0x4659362bb53d0d7c97c136753ba512dadfe2467b,0xe1abbcb7776199fdda8c2c47d9cc3eb80917daf1,1.016777,1.0167768174885612,1.0167768174885612,,0.9337466179132999
0x515a395ec9074d1bd5b96e8caaac15d5909dbc0801075f7bd9e95d5822a274b8,24761881,1774770875,0x1095bfe95d4beee8752d3003d0049bf508885bc8,0xbb13d96f722a2328420663ea845e0ef1eb3295a0,0xe1abbcb7776199fdda8c2c47d9cc3eb80917daf1,1.016777,1.0167768174885612,1.0167768174885612,,0.9337466179132999
0xe8a0225f8ae2c3b25d3edf1f04ecfbb5f1d806b29d8046ba502257b02b190b49,24763496,1774790375,0x1095bfe95d4beee8752d3003d0049bf508885bc8,0x50f02612ea1f79a84ef72d6912a5452f40a88edd,0xe1abbcb7776199fdda8c2c47d9cc3eb80917daf1,1.016777,1.0167768174885612,1.0167768174885612,,0.9337466179132999
0x6613cad58f476412b17e07405e8d1f73d146ce534342f9e2ebba72384c7088a7,24763966,1774796027,0x860ce7e3b7a8e96df54ef9b733494e0804ef0ce5,0xb90aa6ad4e00d9201d3c26610a5ef7f0456eecd2,0xa15a53b5b8e2e5ef1052f5cfe3f715754ca53598,1.026167,1.0261672652642382,1.0261672652642382,,0.8978687766514472
0xb2fb5c459846c8569ec180e1c850f14411fcf7ad180e2a4fea26e5fa2f90bb8e,24765477,1774814195,0x1095bfe95d4beee8752d3003d0049bf508885bc8,0x4659362bb53d0d7c97c136753ba512dadfe2467b,0xe1abbcb7776199fdda8c2c47d9cc3eb80917daf1,1.016777,1.0167768174885612,1.0167768174885612,,0.9337466179132999
0xb9535fa5728d4429b7470c4f9be07d8f96680c56c8dc8edbcf9dbe7a9bdb79ef,24765478,1774814207,0x1095bfe95d4beee8752d3003d0049bf508885bc8,0x4659362bb53d0d7c97c136753ba512dadfe2467b,0xe1abbcb7776199fdda8c2c47d9cc3eb80917daf1,1.016777,1.0167768174885612,1.0167768174885612,,0.9337466179132999
0xb1fa4b00a30e6160d2f61e754f0386c80c3f83d88863f764b867691b25087997,24765479,1774814219,0x1095bfe95d4beee8752d3003d0049bf508885bc8,0xaf682de1f2e6f710731121a05a44cb3c1b511f7d,0xe1abbcb7776199fdda8c2c47d9cc3eb80917daf1,1.016777,1.0167768174885612,1.0167768174885612,,0.9337466179132999
0x216c155f187a28e53864fb8833d2e0bd81757844d6e5c84c48baf23a3de25d62,24766090,1774821563,0x1095bfe95d4beee8752d3003d0049bf508885bc8,0x4659362bb53d0d7c97c136753ba512dadfe2467b,0xe1abbcb7776199fdda8c2c47d9cc3eb80917daf1,1.016777,1.0167768174885612,1.0167768174885612,,0.9337466179132999
0xdfd1d4b2cc422f351fd964656e273aa8d69cef4b2522e32f7390c083fb2c0775,24766713,1774829063,0x1095bfe95d4beee8752d3003d0049bf508885bc8,0x4659362bb53d0d7c97c136753ba512dadfe2467b,0xe1abbcb7776199fdda8c2c47d9cc3eb80917daf1,1.016777,1.0167768174885612,1.0167768174885612,,0.9337466179132999
0xfdf7564a9d60fa1c1ceca58e3d1dcaca13eef345df5670ac79f03bedbd545082,24767335,1774836563,0x1095bfe95d4beee8752d3003d0049bf508885bc8,0x4659362bb53d0d7c97c136753ba512dadfe2467b,0xe1abbcb7776199fdda8c2c47d9cc3eb80917daf1,1.016777,1.0167768174885612,1.0167768174885612,,0.9337466179132999
0x38a361ac164f6ac8e7dc5be7fb688a40f69128fae1dd004caaf463f10c4d7d56,24768098,1774845743,0x1095bfe95d4beee8752d3003d0049bf508885bc8,0x682ea8aa9b23250e0e240580e8ae55205f612979,0xe1abbcb7776199fdda8c2c47d9cc3eb80917daf1,1.016777,1.0167768174885612,1.0167768174885612,,0.9337466179132999
0x606a74188cf4627adc2197ef25bbc85d185867d7416f2b897834ce560998d5b1,24768346,1774848743,0x860ce7e3b7a8e96df54ef9b733494e0804ef0ce5,0xb90aa6ad4e00d9201d3c26610a5ef7f0456eecd2,0xe573768b1a01bf81dca597e5460daa4f63d6beb9,1.026167,1.0261672652642382,1.0261672652642382,,0.8978687766514472
0xb85df3fe865d2095052dbec61adc15c28b965709bd90b892b796b92722d07d9b,24768348,1774848767,0x860ce7e3b7a8e96df54ef9b733494e0804ef0ce5,0xbbc133749e308694277aaa82ac780eb8aaed77f6,0x8aac198a3013e78dce158231fe69faece4a17803,1.026167,1.0261672652642382,1.0261672652642382,,0.8978687766514472
0x7967410f5e0908c904280db7861554c97023fe871214295dd13624a5fca8c271,24768381,1774849163,0x1095bfe95d4beee8752d3003d0049bf508885bc8,0xe08d97e151473a848c3d9ca3f323cb720472d015,0xe1abbcb7776199fdda8c2c47d9cc3eb80917daf1,1.016777,1.0167768174885612,1.0167768174885612,,0.9337466179132999
0x1797999d951dcb2ee2c4b69127a28fd021ecca6cf6929c8dcc7dad8a011029c3,24769123,1774858079,0x1095bfe95d4beee8752d3003d0049bf508885bc8,0xeeaa2562f89bd75d920d785aacd0c401a0105597,0xe1abbcb7776199fdda8c2c47d9cc3eb80917daf1,1.016777,1.0167768174885612,1.0167768174885612,,0.9337466179132999
0x7313e54f79ea51029724d0a84399b3ffb5e3ba1a2c55d50b3159ef0ede7ea007,24769859,1774866947,0x1095bfe95d4beee8752d3003d0049bf508885bc8,0xeeaa2562f89bd75d920d785aacd0c401a0105597,0xe1abbcb7776199fdda8c2c47d9cc3eb80917daf1,1.016777,1.0167768174885612,1.0167768174885612,,0.9337466179132999
0x8c7bb8bf8b10ed7e0a88bdee4fa9c07b542d7d5ce808e889647102440002bd07,24770859,1774879055,0x1095bfe95d4beee8752d3003d0049bf508885bc8,0x4659362bb53d0d7c97c136753ba512dadfe2467b,0xe1abbcb7776199fdda8c2c47d9cc3eb80917daf1,1.016777,1.0167768174885612,1.0167768174885612,,0.9337466179132999
0x9da5e9e149baad98f5b38365da416b094edb63a4165e4e3c1e028578e14f0ed5,24771188,1774883027,0x1095bfe95d4beee8752d3003d0049bf508885bc8,0xe08d97e151473a848c3d9ca3f323cb720472d015,0xe1abbcb7776199fdda8c2c47d9cc3eb80917daf1,1.016777,1.0167768174885612,1.0167768174885612,,0.9337466179132999
0x525121cefd3a8380855dfc07dc4f93e4d4487ed8a8f0a0eb909801413ab2c3b8,24775025,1774929239,0x1095bfe95d4beee8752d3003d0049bf508885bc8,0xe08d97e151473a848c3d9ca3f323cb720472d015,0xe1abbcb7776199fdda8c2c47d9cc3eb80917daf1,1.016777,1.0167768174885612,1.0167768174885612,,0.9337466179132999
0xad615fa3cb90e8cd9f984da0da1c0a77abbfb7ab4f07677e853cec413f513a78,24775262,1774932083,0x860ce7e3b7a8e96df54ef9b733494e0804ef0ce5,0xb90aa6ad4e00d9201d3c26610a5ef7f0456eecd2,0xa15a53b5b8e2e5ef1052f5cfe3f715754ca53598,1.026167,1.0261672652642382,1.0261672652642382,,0.8978687766514472
0x6b50b889866bd2847a5bd6e1f8be81c14e9b1a5aa7cfb5906a6100623bcd8030,24775283,1774932335,0x1095bfe95d4beee8752d3003d0049bf508885bc8,0xe08d97e151473a848c3d9ca3f323cb720472d015,0xe1abbcb7776199fdda8c2c47d9cc3eb80917daf1,1.016777,1.0167768174885612,1.0167768174885612,,0.9337466179132999
0xcfa5132080e1dc71bc4c461d1bc7627ed196783e7f2899341bba733c3fd13081,24775590,1774936043,0x1095bfe95d4beee8752d3003d0049bf508885bc8,0x902367430ad1618a7bba2c3ab6c92bbe05f26a17,0xe1abbcb7776199fdda8c2c47d9cc3eb80917daf1,1.016777,1.0167768174885612,1.0167768174885612,,0.9337466179132999
0xb4f2b38f45805a76e70e8b116d74d823299265ae44c1d9aeef1413d964cfa6bb,24776482,1774946747,0x1095bfe95d4beee8752d3003d0049bf508885bc8,0x902367430ad1618a7bba2c3ab6c92bbe05f26a17,0xe1abbcb7776199fdda8c2c47d9cc3eb80917daf1,1.016777,1.0167768174885612,1.0167768174885612,,0.9337466179132999
0xbd433afac2c59f91fcbf5cdb5e1c0597aa1e06a5cc504af721a9d375fb08b4d1,24778404,1774969919,0x860ce7e3b7a8e96df54ef9b733494e0804ef0ce5,0xb90aa6ad4e00d9201d3c26610a5ef7f0456eecd2,0xe573768b1a01bf81dca597e5460daa4f63d6beb9,1.026167,1.0261672652642382,1.0261672652642382,,0.8978687766514472
0x733fcce80fefa8f8d2c2863fb4b744abd94e508b01e07f7f268150b6c186972e,24778455,1774970531,0x1095bfe95d4beee8752d3003d0049bf508885bc8,0xe08d97e151473a848c3d9ca3f323cb720472d015,0xe1abbcb7776199fdda8c2c47d9cc3eb80917daf1,1.016777,1.0167768174885612,1.0167768174885612,,0.9337466179132999
0xe0bb8aefb2bb5c05826ec701e5495664966e3547816323550eb277b5944d2153,24778455,1774970531,0x860ce7e3b7a8e96df54ef9b733494e0804ef0ce5,0xbbc133749e308694277aaa82ac780eb8aaed77f6,0x8aac198a3013e78dce158231fe69faece4a17803,1.026167,1.0261672652642382,1.0261672652642382,,0.8978687766514472
0x1ca9e24b02f29a703baad2b7025f095d3a38d11199d64592b32803fbb2acd764,24778686,1774973327,0x1095bfe95d4beee8752d3003d0049bf508885bc8,0x902367430ad1618a7bba2c3ab6c92bbe05f26a17,0xe1abbcb7776199fdda8c2c47d9cc3eb80917daf1,1.016777,1.0167768174885612,1.0167768174885612,,0.9337466179132999
0x3025b815c9a874975d5ecb523e2bec5ba9b96ab522578357c9d9c1be3d881b75,24778985,1774976927,0x1095bfe95d4beee8752d3003d0049bf508885bc8,0x902367430ad1618a7bba2c3ab6c92bbe05f26a17,0xe1abbcb7776199fdda8c2c47d9cc3eb80917daf1,1.016777,1.0167768174885612,1.0167768174885612,,0.9337466179132999
0x9c1f09752b2346578fb2c212918e747029c9a1962302e1cb06c1785a03900160,24779309,1774980839,0x1095bfe95d4beee8752d3003d0049bf508885bc8,0x902367430ad1618a7bba2c3ab6c92bbe05f26a17,0xe1abbcb7776199fdda8c2c47d9cc3eb80917daf1,1.016777,1.0167768174885612,1.0167768174885612,,0.9337466179132999
0x718ea3680a0799fa2b5d56220d0047b7dd0004009665d0c977479ba30f5373ce,24779628,1774984679,0x1095bfe95d4beee8752d3003d0049bf508885bc8,0x902367430ad1618a7bba2c3ab6c92bbe05f26a17,0xe1abbcb7776199fdda8c2c47d9cc3eb80917daf1,1.016777,1.0167768174885612,1.0167768174885612,,0.9337466179132999
0x107ceafa6b2a46fe367a8ce53f8a628257f3f6a6dc5c1acc709cffac0bdb0f53,24779947,1774988567,0x1095bfe95d4beee8752d3003d0049bf508885bc8,0x50f02612ea1f79a84ef72d6912a5452f40a88edd,0xe1abbcb7776199fdda8c2c47d9cc3eb80917daf1,1.016777,1.0167768174885612,1.0167768174885612,,0.9337466179132999
0xdb3c4eb99ea059e43e239bf27116259d00d2e3ea6226a1c077f3debdc578a4a2,24780271,1774992479,0x1095bfe95d4beee8752d3003d0049bf508885bc8,0xe08d97e151473a848c3d9ca3f323cb720472d015,0xe1abbcb7776199fdda8c2c47d9cc3eb80917daf1,1.016777,1.0167768174885612,1.0167768174885612,,0.9337466179132999
0xe93dc8a67871588356f432e2b3239aedacd909105bfb61dc69b6f51739b69fdf,24781094,1775002415,0x1095bfe95d4beee8752d3003d0049bf508885bc8,0xe08d97e151473a848c3d9ca3f323cb720472d015,0xe1abbcb7776199fdda8c2c47d9cc3eb80917daf1,1.016777,1.0167768174885612,1.0167768174885612,,0.9337466179132999
0x74e3501f76e6f382f6536ec33fde738b244075536824bcfd3785aa1592b840bd,24781417,1775006291,0x1095bfe95d4beee8752d3003d0049bf508885bc8,0x902367430ad1618a7bba2c3ab6c92bbe05f26a17,0xe1abbcb7776199fdda8c2c47d9cc3eb80917daf1,1.016777,1.0167768174885612,1.0167768174885612,,0.9337466179132999
0x6735c6e48d0a0bf980d891315845baab610c7eefe1e09e0d268666be724baac6,24781866,1775011715,0x1095bfe95d4beee8752d3003d0049bf508885bc8,0x902367430ad1618a7bba2c3ab6c92bbe05f26a17,0xe1abbcb7776199fdda8c2c47d9cc3eb80917daf1,1.016777,1.0167768174885612,1.0167768174885612,,0.9337466179132999
0x287a2ac7ed03c22f0fbf990f94a9324e7860a30ae9fd258b90ff4b1d72ac6e72,24783102,1775026619,0x1095bfe95d4beee8752d3003d0049bf508885bc8,0xaf682de1f2e6f710731121a05a44cb3c1b511f7d,0xe1abbcb7776199fdda8c2c47d9cc3eb80917daf1,1.016777,1.0167768174885612,1.0167768174885612,,0.9337466179132999
0xe3993c7ccdc342c721383273830e15d68edd3d0950d884927e32efe5b03d7c34,24783395,1775030147,0x1095bfe95d4beee8752d3003d0049bf508885bc8,0x902367430ad1618a7bba2c3ab6c92bbe05f26a17,0xe1abbcb7776199fdda8c2c47d9cc3eb80917daf1,1.016777,1.0167768174885612,1.0167768174885612,,0.9337466179132999
0x79501b3970f7563d2f8730e2971865b9d31e550084dc408e351035fad3de98aa,24784444,1775042867,0x1095bfe95d4beee8752d3003d0049bf508885bc8,0x50f02612ea1f79a84ef72d6912a5452f40a88edd,0xe1abbcb7776199fdda8c2c47d9cc3eb80917daf1,1.016777,1.0167768174885612,1.0167768174885612,,0.9337466179132999
0xf9bc7bbb27e200b0c6fa9513c95dc3739f501375d7b20d7cdf979242aea13fd1,24784775,1775046839,0x1095bfe95d4beee8752d3003d0049bf508885bc8,0xe08d97e151473a848c3d9ca3f323cb720472d015,0xe1abbcb7776199fdda8c2c47d9cc3eb80917daf1,1.016777,1.0167768174885612,1.0167768174885612,,0.9337466179132999
0x425621ab0bcbc8a08fd32bb11df1a26faf1149459acd505ca07a19dc2164b216,24785107,1775050847,0x1095bfe95d4beee8752d3003d0049bf508885bc8,0xe08d97e151473a848c3d9ca3f323cb720472d015,0xe1abbcb7776199fdda8c2c47d9cc3eb80917daf1,1.016777,1.0167768174885612,1.0167768174885612,,0.9337466179132999
0xad437897c97949b467a276d1d99f94392662d72ef56192e09e761534a28319e6,24785441,1775054867,0x1095bfe95d4beee8752d3003d0049bf508885bc8,0x50f02612ea1f79a84ef72d6912a5452f40a88edd,0xe1abbcb7776199fdda8c2c47d9cc3eb80917daf1,1.016777,1.0167768174885612,1.0167768174885612,,0.9337466179132999
0xcbeba1e369f64b99e8f136108cc8ba033d38ec2381400cf4e304f83187d2e9c0,24787954,1775085119,0x860ce7e3b7a8e96df54ef9b733494e0804ef0ce5,0xb90aa6ad4e00d9201d3c26610a5ef7f0456eecd2,0xa15a53b5b8e2e5ef1052f5cfe3f715754ca53598,1.026167,1.0261672652642382,1.0261672652642382,,0.8978687766514472
0xf31e05a389826e2e3da58fa7d3b28f96f2d698d8682be07d2fb899ff4ea385b2,24787956,1775085143,0x1095bfe95d4beee8752d3003d0049bf508885bc8,0xe08d97e151473a848c3d9ca3f323cb720472d015,0xe1abbcb7776199fdda8c2c47d9cc3eb80917daf1,1.016777,1.0167768174885612,1.0167768174885612,,0.9337466179132999
0x095d62a31e67d4de5622ec022e4a642f718632e064f6a8500ca686cc252c1b17,24788172,1775087759,0x860ce7e3b7a8e96df54ef9b733494e0804ef0ce5,0xb90aa6ad4e00d9201d3c26610a5ef7f0456eecd2,0xe573768b1a01bf81dca597e5460daa4f63d6beb9,1.026167,1.0261672652642382,1.0261672652642382,,0.8978687766514472
0xc31a439fd309644588ebe82c1fe8c381d590e1f0120fde7e564e113467b4164d,24788176,1775087807,0x860ce7e3b7a8e96df54ef9b733494e0804ef0ce5,0xbbc133749e308694277aaa82ac780eb8aaed77f6,0x8aac198a3013e78dce158231fe69faece4a17803,1.026167,1.0261672652642382,1.0261672652642382,,0.8978687766514472
0x7ca11fb599d3a5e3d2a70548d217b9d5adc423a8b72d612b5cdefaf7508f62b8,24788261,1775088827,0x1095bfe95d4beee8752d3003d0049bf508885bc8,0xe08d97e151473a848c3d9ca3f323cb720472d015,0xe1abbcb7776199fdda8c2c47d9cc3eb80917daf1,1.016777,1.0167768174885612,1.0167768174885612,,0.9337466179132999
0x7531bd94947dfc2d30f1a8b6812868598365eab8893b453fe7dc71dfc42c17c9,24788598,1775092895,0x1095bfe95d4beee8752d3003d0049bf508885bc8,0xe08d97e151473a848c3d9ca3f323cb720472d015,0xe1abbcb7776199fdda8c2c47d9cc3eb80917daf1,1.016777,1.0167768174885612,1.0167768174885612,,0.9337466179132999
0xbbbcabf0720e5d9cafe7c5fd1032d71c27424f9b3f93458a9e51f02e39c85302,24790359,1775114075,0x1095bfe95d4beee8752d3003d0049bf508885bc8,0xe08d97e151473a848c3d9ca3f323cb720472d015,0xe1abbcb7776199fdda8c2c47d9cc3eb80917daf1,1.016777,1.0167768174885612,1.0167768174885612,,0.9337466179132999
0x2ceb3d6baf3608ea1b6170c04a619a70b72c1189d639d697bf8194e7d71c1843,24798534,1775212451,0x860ce7e3b7a8e96df54ef9b733494e0804ef0ce5,0xb90aa6ad4e00d9201d3c26610a5ef7f0456eecd2,0xe573768b1a01bf81dca597e5460daa4f63d6beb9,1.026167,1.0261672652642382,1.0261672652642382,,0.8978687766514472
0x984dbd2f8e8197abb04dc72b9775a85983066296e83f67260f5c81c0c6b1c8b7,24798536,1775212475,0x860ce7e3b7a8e96df54ef9b733494e0804ef0ce5,0xbbc133749e308694277aaa82ac780eb8aaed77f6,0x8aac198a3013e78dce158231fe69faece4a17803,1.026167,1.0261672652642382,1.0261672652642382,,0.8978687766514472
0x20b280892a44ba7226050668c4b1761d02f100bcd8bbed8d749e5f65a493c039,24798538,1775212499,0x1095bfe95d4beee8752d3003d0049bf508885bc8,0x50f02612ea1f79a84ef72d6912a5452f40a88edd,0xe1abbcb7776199fdda8c2c47d9cc3eb80917daf1,1.016777,1.0167768174885612,1.0167768174885612,,0.9337466179132999
0xb8a3f49187132d743bbea398927da2d0992b5f43ec825242c23ad7c1bcef842d,24798888,1775216711,0x1095bfe95d4beee8752d3003d0049bf508885bc8,0xe08d97e151473a848c3d9ca3f323cb720472d015,0xe1abbcb7776199fdda8c2c47d9cc3eb80917daf1,1.016777,1.0167768174885612,1.0167768174885612,,0.9337466179132999
0xec8e53301a0157580b8af424111a11c3de2f2dd0e19459b74746776529d09da0,24816855,1775432975,0x860ce7e3b7a8e96df54ef9b733494e0804ef0ce5,0xb90aa6ad4e00d9201d3c26610a5ef7f0456eecd2,0xe573768b1a01bf81dca597e5460daa4f63d6beb9,1.026167,1.0261672652642382,1.0261672652642382,,0.8978687766514472
0x9a80fd35d89d6d5440d048795b491d07ff66ec97ee454ca2e79cfeee4b3d163f,24816860,1775433035,0x860ce7e3b7a8e96df54ef9b733494e0804ef0ce5,0xbbc133749e308694277aaa82ac780eb8aaed77f6,0x8aac198a3013e78dce158231fe69faece4a17803,1.026167,1.0261672652642382,1.0261672652642382,,0.8978687766514472
0x9d2bfee2c3f540263fdecadc57102e48bfe26e43edd319a1f557ccdb47adb404,24816862,1775433059,0x860ce7e3b7a8e96df54ef9b733494e0804ef0ce5,0xb90aa6ad4e00d9201d3c26610a5ef7f0456eecd2,0xa15a53b5b8e2e5ef1052f5cfe3f715754ca53598,1.026167,1.0261672652642382,1.0261672652642382,,0.8978687766514472
0xbc560f9d82ab67ef8d3b14e22a62fe1916803ff11739290f74f0f865de91df89,24816863,1775433071,0x1095bfe95d4beee8752d3003d0049bf508885bc8,0x50f02612ea1f79a84ef72d6912a5452f40a88edd,0xe1abbcb7776199fdda8c2c47d9cc3eb80917daf1,1.016777,1.0167768174885612,1.0167768174885612,,0.9337466179132999
0x9be480b3e81ed4bdb615acc36df5bf716202c21cb1dcc9a6ee89ac467c24f571,24817922,1775445863,0x1095bfe95d4beee8752d3003d0049bf508885bc8,0xe08d97e151473a848c3d9ca3f323cb720472d015,0xe1abbcb7776199fdda8c2c47d9cc3eb80917daf1,1.016777,1.0167768174885612,1.0167768174885612,,0.9337466179132999
0x58c6e8d28dad4091688fa473d4eb8cc3f6f7418fffa9d9fb1a30dfb5513b9349,24818430,1775451983,0x1095bfe95d4beee8752d3003d0049bf508885bc8,0xaf682de1f2e6f710731121a05a44cb3c1b511f7d,0xe1abbcb7776199fdda8c2c47d9cc3eb80917daf1,1.016777,1.0167768174885612,1.0167768174885612,,0.9337466179132999
0x7ce81cf28dfd551ca3445fcd05e2e1419ffd0d68a4944a7202e7bc04baf8b671,24818928,1775457983,0x1095bfe95d4beee8752d3003d0049bf508885bc8,0xbb13d96f722a2328420663ea845e0ef1eb3295a0,0xe1abbcb7776199fdda8c2c47d9cc3eb80917daf1,1.016777,1.0167768174885612,1.0167768174885612,,0.9337466179132999
0x1caacb66830361777fe5588be41cb534acff939afc1825688e169082f8955121,24819431,1775464043,0x1095bfe95d4beee8752d3003d0049bf508885bc8,0xbb13d96f722a2328420663ea845e0ef1eb3295a0,0xe1abbcb7776199fdda8c2c47d9cc3eb80917daf1,1.016777,1.0167768174885612,1.0167768174885612,,0.9337466179132999
0x08813ee294f6916ded36dd63a3b3510eb864c44b9fde45431769197b66cbbc32,24820275,1775474195,0x1095bfe95d4beee8752d3003d0049bf508885bc8,0x682ea8aa9b23250e0e240580e8ae55205f612979,0xe1abbcb7776199fdda8c2c47d9cc3eb80917daf1,1.016777,1.0167768174885612,1.0167768174885612,,0.9337466179132999
0x00efebaeb11d11b92fe6a3874664e58da04ce7df8b0c731b6e1764920d0ce38e,24820444,1775476235,0x1095bfe95d4beee8752d3003d0049bf508885bc8,0x682ea8aa9b23250e0e240580e8ae55205f612979,0xe1abbcb7776199fdda8c2c47d9cc3eb80917daf1,1.016777,1.0167768174885612,1.0167768174885612,,0.9337466179132999
0xf3c4df4ffe6f6a64bd16f4d3af43e5f13bcf12116e1f0315050be1061ef220f9,24820958,1775482403,0x1095bfe95d4beee8752d3003d0049bf508885bc8,0x682ea8aa9b23250e0e240580e8ae55205f612979,0xe1abbcb7776199fdda8c2c47d9cc3eb80917daf1,1.016777,1.0167768174885612,1.0167768174885612,,0.9337466179132999
0xe0fdbd3e61896321e5c99b8233b406a15a58cc8327427ad1f82ffe5fd2c4df52,24821473,1775488619,0x1095bfe95d4beee8752d3003d0049bf508885bc8,0x682ea8aa9b23250e0e240580e8ae55205f612979,0xe1abbcb7776199fdda8c2c47d9cc3eb80917daf1,1.016777,1.0167768174885612,1.0167768174885612,,0.9337466179132999
0x0d5c8bd39c9e7f56cc7c362384903e191973060b4a265902a1e3ae7790c39485,24822069,1775495819,0x1095bfe95d4beee8752d3003d0049bf508885bc8,0xeeaa2562f89bd75d920d785aacd0c401a0105597,0xe1abbcb7776199fdda8c2c47d9cc3eb80917daf1,1.016777,1.0167768174885612,1.0167768174885612,,0.9337466179132999
0x7aab1841d2c6e82ecf8e283a921d3e8d568c3b015283e9b673a2d13aae902ccc,24822498,1775500967,0x1095bfe95d4beee8752d3003d0049bf508885bc8,0xeeaa2562f89bd75d920d785aacd0c401a0105597,0xe1abbcb7776199fdda8c2c47d9cc3eb80917daf1,1.016777,1.0167768174885612,1.0167768174885612,,0.9337466179132999
0xfa1725531cf1e7040155d0033503b0a04051616c9ecf50beb2bafea3e98cbcee,24823016,1775507195,0x1095bfe95d4beee8752d3003d0049bf508885bc8,0xeeaa2562f89bd75d920d785aacd0c401a0105597,0xe1abbcb7776199fdda8c2c47d9cc3eb80917daf1,1.016777,1.0167768174885612,1.0167768174885612,,0.9337466179132999
0x799b443e0ecfd5a6ec3f0c56b44511dc90c7b26efbe52e1d49454d1d9f25d540,24826254,1775546159,0x1095bfe95d4beee8752d3003d0049bf508885bc8,0xaf682de1f2e6f710731121a05a44cb3c1b511f7d,0xe1abbcb7776199fdda8c2c47d9cc3eb80917daf1,1.016777,1.0167768174885612,1.0167768174885612,,0.9337466179132999
0xcce9059dbd07f4e9a2a8bb75afad252b24afd19d7b9d2f4f20c8206754a849f7,24829494,1775585195,0x1095bfe95d4beee8752d3003d0049bf508885bc8,0x682ea8aa9b23250e0e240580e8ae55205f612979,0xe1abbcb7776199fdda8c2c47d9cc3eb80917daf1,1.016777,1.0167768174885612,1.0167768174885612,,0.9337466179132999
0x739225c9dffae5bce4166aa55c1cc3d24f53ca0b8b794847b2d841e077ff8b60,24831685,1775611583,0x860ce7e3b7a8e96df54ef9b733494e0804ef0ce5,0xb90aa6ad4e00d9201d3c26610a5ef7f0456eecd2,0xe573768b1a01bf81dca597e5460daa4f63d6beb9,1.026167,1.0261672652642382,1.0261672652642382,,0.8978687766514472
0x3cd9b3911915230dc8e2f7fa59a449d0046baa120376bab3bde2b682254a10f4,24831687,1775611607,0x860ce7e3b7a8e96df54ef9b733494e0804ef0ce5,0xbbc133749e308694277aaa82ac780eb8aaed77f6,0x8aac198a3013e78dce158231fe69faece4a17803,1.026167,1.0261672652642382,1.0261672652642382,,0.8978687766514472
0x1c8835a6f395db015e8a4845fe79cd7d3e2281232d1d91adc484ca7fbfdfec6d,24831707,1775611847,0x860ce7e3b7a8e96df54ef9b733494e0804ef0ce5,0xb90aa6ad4e00d9201d3c26610a5ef7f0456eecd2,0xa15a53b5b8e2e5ef1052f5cfe3f715754ca53598,1.026167,1.0261672652642382,1.0261672652642382,,0.8978687766514472
0x3f44e76e5f351b4ba7520d1a485e59f885c7e291b18fef64c86c6916167e0889,24831718,1775611979,0x1095bfe95d4beee8752d3003d0049bf508885bc8,0xaf682de1f2e6f710731121a05a44cb3c1b511f7d,0xe1abbcb7776199fdda8c2c47d9cc3eb80917daf1,1.016777,1.0167768174885612,1.0167768174885612,,0.9337466179132999
0x00fdbfd11fd104e936e4f2f4438945ff5c13b0f4a2273c730ad28993d9f31317,24833084,1775628407,0x1095bfe95d4beee8752d3003d0049bf508885bc8,0xe08d97e151473a848c3d9ca3f323cb720472d015,0xe1abbcb7776199fdda8c2c47d9cc3eb80917daf1,1.016777,1.0167768174885612,1.0167768174885612,,0.9337466179132999
0xabe672c05ce7463a5fcdeb2f5937744ea0d55beca067fda36ca77ab74cd73d63,24835157,1775653331,0x1095bfe95d4beee8752d3003d0049bf508885bc8,0x682ea8aa9b23250e0e240580e8ae55205f612979,0xe1abbcb7776199fdda8c2c47d9cc3eb80917daf1,1.016777,1.0167768174885612,1.0167768174885612,,0.9337466179132999
0x72d46acf132b6559f0c7e4f9528bd7772146f49b86df1093380f0507315cc911,24838410,1775692511,0x1095bfe95d4beee8752d3003d0049bf508885bc8,0x4659362bb53d0d7c97c136753ba512dadfe2467b,0xe1abbcb7776199fdda8c2c47d9cc3eb80917daf1,1.016777,1.0167768174885612,1.0167768174885612,,0.9337466179132999
0x09d8bafd9f56dbc84e13d7619e1f0696267b66702293d6d9d700acb6b311219c,24838411,1775692523,0x1095bfe95d4beee8752d3003d0049bf508885bc8,0xaf682de1f2e6f710731121a05a44cb3c1b511f7d,0xe1abbcb7776199fdda8c2c47d9cc3eb80917daf1,1.016777,1.0167768174885612,1.0167768174885612,,0.9337466179132999
0xd81430f55766141e2b0611c0356cd667f33d4dd365fb28a31cb2263dcdb560c0,24838970,1775699243,0x1095bfe95d4beee8752d3003d0049bf508885bc8,0xe08d97e151473a848c3d9ca3f323cb720472d015,0xe1abbcb7776199fdda8c2c47d9cc3eb80917daf1,1.016777,1.0167768174885612,1.0167768174885612,,0.9337466179132999
0x7c936043e388d6ec09dfb89a159c48d32b2293d0ec11aee77f81039e5b175c45,24840126,1775713211,0x1095bfe95d4beee8752d3003d0049bf508885bc8,0xbb13d96f722a2328420663ea845e0ef1eb3295a0,0xe1abbcb7776199fdda8c2c47d9cc3eb80917daf1,1.016777,1.0167768174885612,1.0167768174885612,,0.9337466179132999
0x4e5d345f6ed4967f891255e2e472c0c86cd5c98741a651cf687602365b1b1029,24841289,1775727251,0x1095bfe95d4beee8752d3003d0049bf508885bc8,0x682ea8aa9b23250e0e240580e8ae55205f612979,0xe1abbcb7776199fdda8c2c47d9cc3eb80917daf1,1.016777,1.0167768174885612,1.0167768174885612,,0.9337466179132999
0x80302eb62c398037bdefeeb24285c0697dbe35b4b013a5b94865b7dedaa23308,24842476,1775741531,0x1095bfe95d4beee8752d3003d0049bf508885bc8,0xeeaa2562f89bd75d920d785aacd0c401a0105597,0xe1abbcb7776199fdda8c2c47d9cc3eb80917daf1,1.016777,1.0167768174885612,1.0167768174885612,,0.9337466179132999
0x4435d882f999fa3734378930eb7d072a0db1fdda6491f7061fed01e363d31a43,24843681,1775756015,0x1095bfe95d4beee8752d3003d0049bf508885bc8,0xeeaa2562f89bd75d920d785aacd0c401a0105597,0xe1abbcb7776199fdda8c2c47d9cc3eb80917daf1,1.016777,1.0167768174885612,1.0167768174885612,,0.9337466179132999
0x7c889aefb1448096fc7589c750defcb6aa6c77d01035e5af3c542c77abb8533d,24844896,1775770667,0x1095bfe95d4beee8752d3003d0049bf508885bc8,0x4659362bb53d0d7c97c136753ba512dadfe2467b,0xe1abbcb7776199fdda8c2c47d9cc3eb80917daf1,1.016777,1.0167768174885612,1.0167768174885612,,0.9337466179132999
0x1e7e2b8dc671ee181ea6c25cae53a627959797559d78999cd6762fa87488f698,24847412,1775801039,0x1095bfe95d4beee8752d3003d0049bf508885bc8,0xe08d97e151473a848c3d9ca3f323cb720472d015,0xe1abbcb7776199fdda8c2c47d9cc3eb80917daf1,1.016777,1.0167768174885612,1.0167768174885612,,0.9337466179132999
0x3754d5fc63a513a6173c8c47f4e6be53ab9169ddc6f12bde0198a3d2aefbf29e,24847413,1775801051,0x1095bfe95d4beee8752d3003d0049bf508885bc8,0xaf682de1f2e6f710731121a05a44cb3c1b511f7d,0xe1abbcb7776199fdda8c2c47d9cc3eb80917daf1,1.016777,1.0167768174885612,1.0167768174885612,,0.9337466179132999
0x02110740e84693b47d50130132596f44a2dca21d7df2a061b3ced1c9efa0069e,24850897,1775843027,0x1095bfe95d4beee8752d3003d0049bf508885bc8,0xe08d97e151473a848c3d9ca3f323cb720472d015,0xe1abbcb7776199fdda8c2c47d9cc3eb80917daf1,1.016777,1.0167768174885612,1.0167768174885612,,0.9337466179132999
0xec01113fe71baf38968cbf907c5156abfbcb784c3384ca2ca587a987889935b9,24851160,1775846207,0x860ce7e3b7a8e96df54ef9b733494e0804ef0ce5,0xb90aa6ad4e00d9201d3c26610a5ef7f0456eecd2,0xe573768b1a01bf81dca597e5460daa4f63d6beb9,1.026167,1.0261672652642382,1.0261672652642382,,0.8978687766514472
0x175a850f3fd38300896be34b0c4f2461f074c6414e8a37d4f05454d33a8e0372,24851162,1775846231,0x860ce7e3b7a8e96df54ef9b733494e0804ef0ce5,0xbbc133749e308694277aaa82ac780eb8aaed77f6,0x8aac198a3013e78dce158231fe69faece4a17803,1.026167,1.0261672652642382,1.0261672652642382,,0.8978687766514472
0xe0216b4afdcbaa46e10382730d088e97ebf147636c627ef3b622fac65173911f,24851165,1775846267,0x860ce7e3b7a8e96df54ef9b733494e0804ef0ce5,0xb90aa6ad4e00d9201d3c26610a5ef7f0456eecd2,0xa15a53b5b8e2e5ef1052f5cfe3f715754ca53598,1.026167,1.0261672652642382,1.0261672652642382,,0.8978687766514472
0xf696ac633df7bd9ef0410b0b3f4742b0ba93e0ae44b85cf3e88034c0f34bcc51,24854915,1775891459,0x1095bfe95d4beee8752d3003d0049bf508885bc8,0x00000f91109c4d0007e90000d9facad5298a0cac,0xe1abbcb7776199fdda8c2c47d9cc3eb80917daf1,1.016777,1.0167768174885612,1.0167768174885612,,0.9337466179132999
0x85966480d99631c445063c52fa69cdbb02d1ce60cba5af1bdb0d0711c2301cda,24857523,1775922851,0x1095bfe95d4beee8752d3003d0049bf508885bc8,0xe08d97e151473a848c3d9ca3f323cb720472d015,0xe1abbcb7776199fdda8c2c47d9cc3eb80917daf1,1.016777,1.0167768174885612,1.0167768174885612,,0.9337466179132999
0x7da4f736d40accd6e24a0ae1217eb9550303748c748f747ae2948a660beb1fda,24858860,1775938967,0x1095bfe95d4beee8752d3003d0049bf508885bc8,0xe08d97e151473a848c3d9ca3f323cb720472d015,0xe1abbcb7776199fdda8c2c47d9cc3eb80917daf1,1.016777,1.0167768174885612,1.0167768174885612,,0.9337466179132999
0x76e63b7e82e02bd2e5aafa35fd4011cc854fef373bb94ac2c6ac43fce2da26d4,24859585,1775947715,0x1095bfe95d4beee8752d3003d0049bf508885bc8,0xaf682de1f2e6f710731121a05a44cb3c1b511f7d,0xe1abbcb7776199fdda8c2c47d9cc3eb80917daf1,1.016777,1.0167768174885612,1.0167768174885612,,0.9337466179132999
0x1d1503a2d906d31dec685fd7c9b1b43f73c6535daa17aa608ff6df429d6adeab,24860284,1775956127,0x1095bfe95d4beee8752d3003d0049bf508885bc8,0xbb13d96f722a2328420663ea845e0ef1eb3295a0,0xe1abbcb7776199fdda8c2c47d9cc3eb80917daf1,1.016777,1.0167768174885612,1.0167768174885612,,0.9337466179132999
0x2cb1f5b0a0cb7c451873da750bd1b0b45f121cb27d16a98def4dbc4807f80814,24861990,1775976647,0x1095bfe95d4beee8752d3003d0049bf508885bc8,0x682ea8aa9b23250e0e240580e8ae55205f612979,0xe1abbcb7776199fdda8c2c47d9cc3eb80917daf1,1.016777,1.0167768174885612,1.0167768174885612,,0.9337466179132999
0x1275e0520c42877abc211c3ecf39d79247ed510cf744c8a2dbdb11e3ce15e290,24861991,1775976659,0x1095bfe95d4beee8752d3003d0049bf508885bc8,0x682ea8aa9b23250e0e240580e8ae55205f612979,0xe1abbcb7776199fdda8c2c47d9cc3eb80917daf1,1.016777,1.0167768174885612,1.0167768174885612,,0.9337466179132999
0x3df8d782997b4383b2bd3eac3b354b2b8794bc6da9341d7bb48c961c44c29750,24863781,1775998211,0x1095bfe95d4beee8752d3003d0049bf508885bc8,0xeeaa2562f89bd75d920d785aacd0c401a0105597,0xe1abbcb7776199fdda8c2c47d9cc3eb80917daf1,1.016777,1.0167768174885612,1.0167768174885612,,0.9337466179132999
0xb7f3079c6e92694591fb6526e389014d3859e6c182a2d2717c7e2b026d9cc8b3,24863782,1775998223,0x1095bfe95d4beee8752d3003d0049bf508885bc8,0x00000f91109c4d0007e90000d9facad5298a0cac,0xe1abbcb7776199fdda8c2c47d9cc3eb80917daf1,1.016777,1.0167768174885612,1.0167768174885612,,0.9337466179132999
0xd768080a8ec431c2b0fc0518e604e57497e2b549e7cd3f601c8a32f1152cd875,24863995,1776000791,0x1095bfe95d4beee8752d3003d0049bf508885bc8,0xeeaa2562f89bd75d920d785aacd0c401a0105597,0xe1abbcb7776199fdda8c2c47d9cc3eb80917daf1,1.016777,1.0167768174885612,1.0167768174885612,,0.9337466179132999
0x60e9da736b4ed9e2ac7c74e046e7e22ba302f6e88e6b2d60485ed8e73596602f,24866908,1776035855,0x1095bfe95d4beee8752d3003d0049bf508885bc8,0x00000f91109c4d0007e90000d9facad5298a0cac,0xe1abbcb7776199fdda8c2c47d9cc3eb80917daf1,1.016777,1.0167768174885612,1.0167768174885612,,0.9337466179132999
0xc99bdac9a17743f904630bfdf6e3e884a5ed3af3fb738a2e44c625396cb8946e,24867668,1776044987,0x1095bfe95d4beee8752d3003d0049bf508885bc8,0xe08d97e151473a848c3d9ca3f323cb720472d015,0xe1abbcb7776199fdda8c2c47d9cc3eb80917daf1,1.016777,1.0167768174885612,1.0167768174885612,,0.9337466179132999
0x16c6e1355244e656d0cb8a121825d03c6466bb9cabb3f79c927f3a5169f3d369,24868630,1776056543,0x860ce7e3b7a8e96df54ef9b733494e0804ef0ce5,0xb90aa6ad4e00d9201d3c26610a5ef7f0456eecd2,0xe573768b1a01bf81dca597e5460daa4f63d6beb9,1.026167,1.0261672652642382,1.0261672652642382,,0.8978687766514472
0x57f555d30089e52d2f3111bb1158341c38014143c36dafbd1561cd55402151dc,24868644,1776056711,0x860ce7e3b7a8e96df54ef9b733494e0804ef0ce5,0xbbc133749e308694277aaa82ac780eb8aaed77f6,0x8aac198a3013e78dce158231fe69faece4a17803,1.026167,1.0261672652642382,1.0261672652642382,,0.8978687766514472
0xa223d4630c7610c362200db9366e7c3dbd2a2e8117426a0e24e31785ccde23f9,24868645,1776056723,0x860ce7e3b7a8e96df54ef9b733494e0804ef0ce5,0xb90aa6ad4e00d9201d3c26610a5ef7f0456eecd2,0xa15a53b5b8e2e5ef1052f5cfe3f715754ca53598,1.026167,1.0261672652642382,1.0261672652642382,,0.8978687766514472
0xa96ce36bfaaeb0d1788408978fa441bf9d3f0ce6abdf1d064bb7d3aa9c7c4774,24868656,1776056855,0x1095bfe95d4beee8752d3003d0049bf508885bc8,0xe08d97e151473a848c3d9ca3f323cb720472d015,0xe1abbcb7776199fdda8c2c47d9cc3eb80917daf1,1.016777,1.0167768174885612,1.0167768174885612,,0.9337466179132999
0x58fe8526230ea0f829c12e01deb8f0d0da24573a9963e590892bd4af4abe7a76,24871880,1776095687,0x1095bfe95d4beee8752d3003d0049bf508885bc8,0x00000f91109c4d0007e90000d9facad5298a0cac,0xe1abbcb7776199fdda8c2c47d9cc3eb80917daf1,1.016777,1.0167768174885612,1.0167768174885612,,0.9337466179132999
0xabba723f7c7dd7c354d982c5d1799eecd534ffbf851971f3c3ecfdbd937643b1,24875388,1776137867,0x1095bfe95d4beee8752d3003d0049bf508885bc8,0x00000f91109c4d0007e90000d9facad5298a0cac,0xe1abbcb7776199fdda8c2c47d9cc3eb80917daf1,1.016777,1.0167768174885612,1.0167768174885612,,0.9337466179132999
0x1d7ff6f1ddf380983a4263c89f7b0d6039323dd3492da541d756b43b10b68dbd,24875506,1776139283,0x1095bfe95d4beee8752d3003d0049bf508885bc8,0xaf682de1f2e6f710731121a05a44cb3c1b511f7d,0xe1abbcb7776199fdda8c2c47d9cc3eb80917daf1,1.016777,1.0167768174885612,1.0167768174885612,,0.9337466179132999
0x94ddc4f4cb47aa320e36f35fac0a13a291153cd9237fb816adc8e83c30cb9593,24876275,1776148535,0x1095bfe95d4beee8752d3003d0049bf508885bc8,0xbb13d96f722a2328420663ea845e0ef1eb3295a0,0xe1abbcb7776199fdda8c2c47d9cc3eb80917daf1,1.016777,1.0167768174885612,1.0167768174885612,,0.9337466179132999
0xd47822544883c0f81f0416ee6d7238c89d1c574773f473593700508bc27b58f5,24877019,1776157499,0x1095bfe95d4beee8752d3003d0049bf508885bc8,0xbb13d96f722a2328420663ea845e0ef1eb3295a0,0xe1abbcb7776199fdda8c2c47d9cc3eb80917daf1,1.016777,1.0167768174885612,1.0167768174885612,,0.9337466179132999
0x4339aba08706a1026bcfa0f80b2a411b74fc21548b53b3753b9960f86ca06712,24877754,1776166343,0x1095bfe95d4beee8752d3003d0049bf508885bc8,0x682ea8aa9b23250e0e240580e8ae55205f612979,0xe1abbcb7776199fdda8c2c47d9cc3eb80917daf1,1.016777,1.0167768174885612,1.0167768174885612,,0.9337466179132999
0xcdaae162627dd002b45567e1dde60756cd530d49a7081366a16ad61461844882,24878477,1776175067,0x1095bfe95d4beee8752d3003d0049bf508885bc8,0xaf682de1f2e6f710731121a05a44cb3c1b511f7d,0xe1abbcb7776199fdda8c2c47d9cc3eb80917daf1,1.016777,1.0167768174885612,1.0167768174885612,,0.9337466179132999
0xd2b43cf2abcf092de60997bee049044aaa304a9a5c86580347f2c89a240abcbb,24879534,1776187763,0x1095bfe95d4beee8752d3003d0049bf508885bc8,0xeeaa2562f89bd75d920d785aacd0c401a0105597,0xe1abbcb7776199fdda8c2c47d9cc3eb80917daf1,1.016777,1.0167768174885612,1.0167768174885612,,0.9337466179132999
0x40305d0a75c040885dbe259878b8bd2ed7a47a61607fa159f661bca89d2e4bd8,24879892,1776192071,0x1095bfe95d4beee8752d3003d0049bf508885bc8,0xeeaa2562f89bd75d920d785aacd0c401a0105597,0xe1abbcb7776199fdda8c2c47d9cc3eb80917daf1,1.016777,1.0167768174885612,1.0167768174885612,,0.9337466179132999
0xe8927999679dad9337ab07c97a7bacab726c7fa7e035f9fb8d44cab880d2f724,24880623,1776200855,0x1095bfe95d4beee8752d3003d0049bf508885bc8,0xeeaa2562f89bd75d920d785aacd0c401a0105597,0xe1abbcb7776199fdda8c2c47d9cc3eb80917daf1,1.016777,1.0167768174885612,1.0167768174885612,,0.9337466179132999
0x826766a3c2eaca059b9a29091a4287f293e6902182a76619dfde23f7110b8a7f,24885297,1776257087,0x860ce7e3b7a8e96df54ef9b733494e0804ef0ce5,0xb90aa6ad4e00d9201d3c26610a5ef7f0456eecd2,0xe573768b1a01bf81dca597e5460daa4f63d6beb9,1.026167,1.0261672652642382,1.0261672652642382,,0.8978687766514472
0x0c747e38fe6843d05dbc1d9539d55e8a5cbc6151787f09030e0ef681e8297bb7,24885298,1776257099,0x860ce7e3b7a8e96df54ef9b733494e0804ef0ce5,0xbbc133749e308694277aaa82ac780eb8aaed77f6,0x8aac198a3013e78dce158231fe69faece4a17803,1.026167,1.0261672652642382,1.0261672652642382,,0.8978687766514472
0x940c4f20388bb14ee1f51baaee42c75a44725754f92d25f8112390a7ac962a14,24885300,1776257135,0x1095bfe95d4beee8752d3003d0049bf508885bc8,0xaf682de1f2e6f710731121a05a44cb3c1b511f7d,0xe1abbcb7776199fdda8c2c47d9cc3eb80917daf1,1.016777,1.0167768174885612,1.0167768174885612,,0.9337466179132999
0x5bfe04a1212fb9c0c0911cbf427a46f4e373f6ab09f6f686f4b5afc042e5c2ee,24886775,1776274883,0x1095bfe95d4beee8752d3003d0049bf508885bc8,0xe08d97e151473a848c3d9ca3f323cb720472d015,0xe1abbcb7776199fdda8c2c47d9cc3eb80917daf1,1.016777,1.0167768174885612,1.0167768174885612,,0.9337466179132999
0x5a885868712f063e07abd8318891bf62b854908a6ad465ada061b5189ef004e5,24891163,1776327767,0x1095bfe95d4beee8752d3003d0049bf508885bc8,0x4659362bb53d0d7c97c136753ba512dadfe2467b,0xe1abbcb7776199fdda8c2c47d9cc3eb80917daf1,1.016777,1.0167768174885612,1.0167768174885612,,0.9337466179132999
0x1d6e36724ea4f3706150575c6a7b5e7661a33ab2bba99c6abbfcaa6a31a66864,24895721,1776382559,0x1095bfe95d4beee8752d3003d0049bf508885bc8,0x00000f91109c4d0007e90000d9facad5298a0cac,0xe1abbcb7776199fdda8c2c47d9cc3eb80917daf1,1.016777,1.0167768174885612,1.0167768174885612,,0.9337466179132999
0xcc912fb0ad76affe721c17574890cc0c9fa1dc904f2900c469c1903f73c4af61,24895936,1776385139,0x860ce7e3b7a8e96df54ef9b733494e0804ef0ce5,0xb90aa6ad4e00d9201d3c26610a5ef7f0456eecd2,0xa15a53b5b8e2e5ef1052f5cfe3f715754ca53598,1.026167,1.0261672652642382,1.0261672652642382,,0.8978687766514472
0xc93cf10cefc2462fd8256f41dc8f43ee338f91e3f06efecf3fa5caf7eb9f0882,24896566,1776392747,0x1095bfe95d4beee8752d3003d0049bf508885bc8,0xe08d97e151473a848c3d9ca3f323cb720472d015,0xe1abbcb7776199fdda8c2c47d9cc3eb80917daf1,1.016777,1.0167768174885612,1.0167768174885612,,0.9337466179132999
0x1b023002f32082d6863c0dbb9659998ca6195a7b80e046abbfca104042734d62,24897389,1776402635,0x1095bfe95d4beee8752d3003d0049bf508885bc8,0xe08d97e151473a848c3d9ca3f323cb720472d015,0xe1abbcb7776199fdda8c2c47d9cc3eb80917daf1,1.016777,1.0167768174885612,1.0167768174885612,,0.9337466179132999
0xda973fabf31480edbc47c1c7f245a31c28b6f118ac140a61ae801c496818bae5,24898917,1776421019,0x1095bfe95d4beee8752d3003d0049bf508885bc8,0xe08d97e151473a848c3d9ca3f323cb720472d015,0xe1abbcb7776199fdda8c2c47d9cc3eb80917daf1,1.016777,1.0167768174885612,1.0167768174885612,,0.9337466179132999
0xb41249760973152f9804197c7fdc27dc6fbc6ec60d9fa80b803d41fc3e22e308,24901142,1776447791,0x1095bfe95d4beee8752d3003d0049bf508885bc8,0xe08d97e151473a848c3d9ca3f323cb720472d015,0xe1abbcb7776199fdda8c2c47d9cc3eb80917daf1,1.016777,1.0167768174885612,1.0167768174885612,,0.9337466179132999
0x07685aa5fd36d23c6d124ec075993dd77886b57fe890bc692d708e76e3e87650,24905889,1776504899,0x860ce7e3b7a8e96df54ef9b733494e0804ef0ce5,0x902367430ad1618a7bba2c3ab6c92bbe05f26a17,0x41dffef58b798242ef7bec93e95b1b41825cb210,1.026167,1.0261672652642382,1.0261672652642382,,0.8978687766514472
0xfe57d3cf58b559de14afdd53b6abee9eeaccd1d32a513fbf9390a5bdbd7d4b4a,24905890,1776504911,0x860ce7e3b7a8e96df54ef9b733494e0804ef0ce5,0xb90aa6ad4e00d9201d3c26610a5ef7f0456eecd2,0xe573768b1a01bf81dca597e5460daa4f63d6beb9,1.026167,1.0261672652642382,1.0261672652642382,,0.8978687766514472
0xd20a34beaf1ce528eb1f20d47f0d7eb5a2928721f5ecc55667a70c7afed92c17,24905894,1776504959,0x860ce7e3b7a8e96df54ef9b733494e0804ef0ce5,0xbbc133749e308694277aaa82ac780eb8aaed77f6,0x8aac198a3013e78dce158231fe69faece4a17803,1.026167,1.0261672652642382,1.0261672652642382,,0.8978687766514472
0xe51f02a491e3f0071769124a4495e68a8119616f56a5ba15ad27c61412db616e,24905895,1776504971,0x1095bfe95d4beee8752d3003d0049bf508885bc8,0xaf682de1f2e6f710731121a05a44cb3c1b511f7d,0xe1abbcb7776199fdda8c2c47d9cc3eb80917daf1,1.016777,1.0167768174885612,1.0167768174885612,,0.9337466179132999
0x11df09433ea24911167697c3aad6a3277c2b26ea2eeb18cb3ea505c75a8513f7,24906654,1776514091,0x1095bfe95d4beee8752d3003d0049bf508885bc8,0xe08d97e151473a848c3d9ca3f323cb720472d015,0xe1abbcb7776199fdda8c2c47d9cc3eb80917daf1,1.016777,1.0167768174885612,1.0167768174885612,,0.9337466179132999
0xe9225f394f17c53f63ae8b28a660d098dcf158927417e8c38165cdef5ecf8699,24909880,1776552947,0x1095bfe95d4beee8752d3003d0049bf508885bc8,0xe08d97e151473a848c3d9ca3f323cb720472d015,0xe1abbcb7776199fdda8c2c47d9cc3eb80917daf1,1.016777,1.0167768174885612,1.0167768174885612,,0.9337466179132999
0xca4b9b58923440eeb7b33c419cb65d34c2c2f8e7a2f6713507876bb63285542d,24910769,1776563627,0x1095bfe95d4beee8752d3003d0049bf508885bc8,0x902367430ad1618a7bba2c3ab6c92bbe05f26a17,0xe1abbcb7776199fdda8c2c47d9cc3eb80917daf1,1.016777,1.0167768174885612,1.0167768174885612,,0.9337466179132999
0x18f97ca9858c97c63abd8afbb935553aea6418d622be59ca6d646acc579db084,24911361,1776570743,0x860ce7e3b7a8e96df54ef9b733494e0804ef0ce5,0x902367430ad1618a7bba2c3ab6c92bbe05f26a17,0x41dffef58b798242ef7bec93e95b1b41825cb210,1.026167,1.0261672652642382,1.0261672652642382,,0.8978687766514472
0xd1daa2caad3cb8d10fa9d8e4672b3800bc886e0e5723172830e4de539d165044,24913579,1776597431,0x1095bfe95d4beee8752d3003d0049bf508885bc8,0xe08d97e151473a848c3d9ca3f323cb720472d015,0xe1abbcb7776199fdda8c2c47d9cc3eb80917daf1,1.016777,1.0167768174885612,1.0167768174885612,,0.9337466179132999
0x443ecfcc511991935264c57bf1bb16635459e7de1d1d4ddc46b6ca5fccd9698c,24914408,1776607403,0x860ce7e3b7a8e96df54ef9b733494e0804ef0ce5,0xb90aa6ad4e00d9201d3c26610a5ef7f0456eecd2,0xa15a53b5b8e2e5ef1052f5cfe3f715754ca53598,1.026167,1.0261672652642382,1.0261672652642382,,0.8978687766514472
0xcf82a112166b4f83e22b8667c5a0132d288fcb7a1485a709b9e63a2c23f74e07,24918558,1776657383,0x1095bfe95d4beee8752d3003d0049bf508885bc8,0xe08d97e151473a848c3d9ca3f323cb720472d015,0xe1abbcb7776199fdda8c2c47d9cc3eb80917daf1,1.016777,1.0167768174885612,1.0167768174885612,,0.9337466179132999
0xa4e40505327eace74fee72ab09163aee6ebbcf4f92bdbc26bad80ce8c85c24a8,24918558,1776657383,0x1095bfe95d4beee8752d3003d0049bf508885bc8,0xe08d97e151473a848c3d9ca3f323cb720472d015,0xe1abbcb7776199fdda8c2c47d9cc3eb80917daf1,1.016777,1.0167768174885612,1.0167768174885612,,0.9337466179132999
0x2a397e31a1ad11c4a69c837a9c93dc48d4be41ccc94b7b8af83be0819ef3c6c9,24918558,1776657383,0x1095bfe95d4beee8752d3003d0049bf508885bc8,0xe08d97e151473a848c3d9ca3f323cb720472d015,0xe1abbcb7776199fdda8c2c47d9cc3eb80917daf1,1.016777,1.0167768174885612,1.0167768174885612,,0.9337466179132999
0x94ca67370485c557df3ef6272635c74b00719434bdab4882c3f92b7f7b271f45,24918558,1776657383,0x1095bfe95d4beee8752d3003d0049bf508885bc8,0xe08d97e151473a848c3d9ca3f323cb720472d015,0xe1abbcb7776199fdda8c2c47d9cc3eb80917daf1,1.016777,1.0167768174885612,1.0167768174885612,,0.9337466179132999
0x8786e55c6a421ebe317ac9c10093bd3a430ec943dddcb0f575c5be7a0862012b,24918558,1776657383,0x1095bfe95d4beee8752d3003d0049bf508885bc8,0xe08d97e151473a848c3d9ca3f323cb720472d015,0xe1abbcb7776199fdda8c2c47d9cc3eb80917daf1,1.016777,1.0167768174885612,1.0167768174885612,,0.9337466179132999
0x290e20c25fe09e537b66d3763fdd50515cd50d49a27af163cdd910fbb2fae006,24918559,1776657395,0x1095bfe95d4beee8752d3003d0049bf508885bc8,0xaf682de1f2e6f710731121a05a44cb3c1b511f7d,0xe1abbcb7776199fdda8c2c47d9cc3eb80917daf1,1.016777,1.0167768174885612,1.0167768174885612,,0.9337466179132999
0x282dd6206bff1c4c80b2315973ef4258641eb3928033ccfd59e7b0605aeb9e14,24920567,1776681587,0x1095bfe95d4beee8752d3003d0049bf508885bc8,0x902367430ad1618a7bba2c3ab6c92bbe05f26a17,0xe1abbcb7776199fdda8c2c47d9cc3eb80917daf1,1.016777,1.0167768174885612,1.0167768174885612,,0.9337466179132999
0x48802e90f7530614e18ec91741cb1f0accc3b8d783d700ef78597f4f76668a62,24920583,1776681779,0x860ce7e3b7a8e96df54ef9b733494e0804ef0ce5,0xb90aa6ad4e00d9201d3c26610a5ef7f0456eecd2,0xe573768b1a01bf81dca597e5460daa4f63d6beb9,1.026167,1.0261672652642382,1.0261672652642382,,0.8978687766514472
0x5ed1d5ca7e126efb27e15f63f88b0769f9c83b799121b4361d89aed215df56a6,24920585,1776681803,0x860ce7e3b7a8e96df54ef9b733494e0804ef0ce5,0xbbc133749e308694277aaa82ac780eb8aaed77f6,0x8aac198a3013e78dce158231fe69faece4a17803,1.026167,1.0261672652642382,1.0261672652642382,,0.8978687766514472
0x837b81d33631da87887c4c860721bf214e61c382a506e426bafb983526289665,24926191,1776749207,0x1095bfe95d4beee8752d3003d0049bf508885bc8,0x00000f91109c4d0007e90000d9facad5298a0cac,0xe1abbcb7776199fdda8c2c47d9cc3eb80917daf1,1.016777,1.0167768174885612,1.0167768174885612,,0.9337466179132999
0x54ca93689da79ccee0804017be8802942839e244858ce5b9fc627347742fc7ac,24931295,1776810599,0x1095bfe95d4beee8752d3003d0049bf508885bc8,0x00000f91109c4d0007e90000d9facad5298a0cac,0xe1abbcb7776199fdda8c2c47d9cc3eb80917daf1,1.016777,1.0167768174885612,1.0167768174885612,,0.9337466179132999
0xd4d6f43122829e2735c2418fafe9bad2ad77f25c6cac72f85ed46bd77df0f01c,24938249,1776894419,0x1095bfe95d4beee8752d3003d0049bf508885bc8,0xe08d97e151473a848c3d9ca3f323cb720472d015,0xe1abbcb7776199fdda8c2c47d9cc3eb80917daf1,1.016777,1.0167768174885612,1.0167768174885612,,0.9337466179132999
0x65b6a60255b3181980d7d56174126ea8fe13536267770bcb9cf71c1facd39218,24938249,1776894419,0x1095bfe95d4beee8752d3003d0049bf508885bc8,0xe08d97e151473a848c3d9ca3f323cb720472d015,0xe1abbcb7776199fdda8c2c47d9cc3eb80917daf1,1.016777,1.0167768174885612,1.0167768174885612,,0.9337466179132999
0xc6a38c8e2d817a941673350e8495eefb999a7d675b66e91a034ba405c418611b,24938249,1776894419,0x1095bfe95d4beee8752d3003d0049bf508885bc8,0xe08d97e151473a848c3d9ca3f323cb720472d015,0xe1abbcb7776199fdda8c2c47d9cc3eb80917daf1,1.016777,1.0167768174885612,1.0167768174885612,,0.9337466179132999
0x23c76660f6f593c9a84642f53618f4b679fd4174127c236e4f43e783aa006607,24943226,1776954275,0x1095bfe95d4beee8752d3003d0049bf508885bc8,0xe08d97e151473a848c3d9ca3f323cb720472d015,0xe1abbcb7776199fdda8c2c47d9cc3eb80917daf1,1.016777,1.0167768174885612,1.0167768174885612,,0.9337466179132999
0xb682d05f7442d9c7b7bd8f5fb532b7bc5b67a478e2a75c1bb834bbce1ec4e84d,24943227,1776954287,0x1095bfe95d4beee8752d3003d0049bf508885bc8,0xaf682de1f2e6f710731121a05a44cb3c1b511f7d,0xe1abbcb7776199fdda8c2c47d9cc3eb80917daf1,1.016777,1.0167768174885612,1.0167768174885612,,0.9337466179132999
0x15b10d7cd19e5cc899ccf44926869c3ac86f640b55e4772ebe20aae0226be43e,24946709,1776996203,0x4c2401b490cec2ac30f54c9c4f3c65c2677ae07f,0x902367430ad1618a7bba2c3ab6c92bbe05f26a17,0x0000006094141cd5d88b13aa8845dc34e9b1c3a0,1.026167,1.0261672652642382,1.0261672652642382,,0.8978687766514472
0xd7734e7acf9497eeda77a7f1f7e8aa39a9d99ce102729e9d133de808111115c0,24946721,1776996347,0x860ce7e3b7a8e96df54ef9b733494e0804ef0ce5,0x902367430ad1618a7bba2c3ab6c92bbe05f26a17,0x41dffef58b798242ef7bec93e95b1b41825cb210,1.026167,1.0261672652642382,1.0261672652642382,,0.8978687766514472
0x86b491c1a22d1b2660bc013cc96ae313795a5c9e90ef52fdb6f0e7b68531b3de,24946739,1776996563,0x860ce7e3b7a8e96df54ef9b733494e0804ef0ce5,0xb90aa6ad4e00d9201d3c26610a5ef7f0456eecd2,0xe573768b1a01bf81dca597e5460daa4f63d6beb9,1.026167,1.0261672652642382,1.0261672652642382,,0.8978687766514472
0xa5e875b260dec10784560526872232cae202231019deee99bf7064d235426b56,24946751,1776996707,0x860ce7e3b7a8e96df54ef9b733494e0804ef0ce5,0xbbc133749e308694277aaa82ac780eb8aaed77f6,0x8aac198a3013e78dce158231fe69faece4a17803,1.026167,1.0261672652642382,1.0261672652642382,,0.8978687766514472
0x3d667600c6b78e3a5a582db4039a7cab4a4e79ccd9d9b9fa394f5c2ec77673be,24946752,1776996719,0x860ce7e3b7a8e96df54ef9b733494e0804ef0ce5,0xb90aa6ad4e00d9201d3c26610a5ef7f0456eecd2,0xa15a53b5b8e2e5ef1052f5cfe3f715754ca53598,1.026167,1.0261672652642382,1.0261672652642382,,0.8978687766514472
0x11cc66efd61438e303f75f4806ea8e48693deaa547830cb13f960ee18eade8d5,24946753,1776996731,0x1095bfe95d4beee8752d3003d0049bf508885bc8,0xaf682de1f2e6f710731121a05a44cb3c1b511f7d,0xe1abbcb7776199fdda8c2c47d9cc3eb80917daf1,1.016777,1.0167768174885612,1.0167768174885612,,0.9337466179132999
0x85ac6b6c2e0d2346f42da2b056a82efc9487fcb7d9239c30022be58e57d15b56,24955757,1777105031,0x1095bfe95d4beee8752d3003d0049bf508885bc8,0xe08d97e151473a848c3d9ca3f323cb720472d015,0xe1abbcb7776199fdda8c2c47d9cc3eb80917daf1,1.016777,1.0167768174885612,1.0167768174885612,,0.9337466179132999
0xc52816bca2b9e69d08f5e05b077d7d83bf399faf64e0cd662c5c486af1d3cece,24955757,1777105031,0x1095bfe95d4beee8752d3003d0049bf508885bc8,0xe08d97e151473a848c3d9ca3f323cb720472d015,0xe1abbcb7776199fdda8c2c47d9cc3eb80917daf1,1.016777,1.0167768174885612,1.0167768174885612,,0.9337466179132999
0x283f4da46361fc275b913709bc25e2820c0a1ee48cb6f2f0be3ad1b972803aac,24955757,1777105031,0x1095bfe95d4beee8752d3003d0049bf508885bc8,0xe08d97e151473a848c3d9ca3f323cb720472d015,0xe1abbcb7776199fdda8c2c47d9cc3eb80917daf1,1.016777,1.0167768174885612,1.0167768174885612,,0.9337466179132999
0x9477dd77d9b51a21d23da147a9bf4298b0ebbe6caa9b1e7540423534dbeb2400,24955757,1777105031,0x1095bfe95d4beee8752d3003d0049bf508885bc8,0xe08d97e151473a848c3d9ca3f323cb720472d015,0xe1abbcb7776199fdda8c2c47d9cc3eb80917daf1,1.016777,1.0167768174885612,1.0167768174885612,,0.9337466179132999
0x272304f4cae1977219969773f0108c82dc6548a0c3505dd5fc3d2b9e93765677,24963106,1777193423,0x1095bfe95d4beee8752d3003d0049bf508885bc8,0xe08d97e151473a848c3d9ca3f323cb720472d015,0xe1abbcb7776199fdda8c2c47d9cc3eb80917daf1,1.016777,1.0167768174885612,1.0167768174885612,,0.9337466179132999
0x6802ced79a66b4d152434929ba98d552c0819c91d658cf9db62240ae0a2644d5,24964111,1777205483,0x860ce7e3b7a8e96df54ef9b733494e0804ef0ce5,0x902367430ad1618a7bba2c3ab6c92bbe05f26a17,0x41dffef58b798242ef7bec93e95b1b41825cb210,1.026167,1.0261672652642382,1.0261672652642382,,0.8978687766514472
0x33d84e8ceb0d7d481f380ce7df99b4fa2fcdac2dfddeb2d1d864dc93f8865e4b,24964113,1777205507,0x860ce7e3b7a8e96df54ef9b733494e0804ef0ce5,0xb90aa6ad4e00d9201d3c26610a5ef7f0456eecd2,0xe573768b1a01bf81dca597e5460daa4f63d6beb9,1.026167,1.0261672652642382,1.0261672652642382,,0.8978687766514472
0x858507d1f90ec7fa2d56b45f3c755ee9bc3e35e3d33d1a8dccd2b80b88f2eb22,24964114,1777205519,0x860ce7e3b7a8e96df54ef9b733494e0804ef0ce5,0xbbc133749e308694277aaa82ac780eb8aaed77f6,0x8aac198a3013e78dce158231fe69faece4a17803,1.026167,1.0261672652642382,1.0261672652642382,,0.8978687766514472
0xeb542c4b11a5444d190f16adb7d53363d76f0ea210ae0af251fa49f3f9ffb9dd,24964852,1777214399,0x1095bfe95d4beee8752d3003d0049bf508885bc8,0x902367430ad1618a7bba2c3ab6c92bbe05f26a17,0xe1abbcb7776199fdda8c2c47d9cc3eb80917daf1,1.016777,1.0167768174885612,1.0167768174885612,,0.9337466179132999
0x3dbef4a207143d7451af8419870075a8c69a1f2cedefb36481e8dd4da2473dd1,24974339,1777328519,0x1095bfe95d4beee8752d3003d0049bf508885bc8,0x902367430ad1618a7bba2c3ab6c92bbe05f26a17,0xe1abbcb7776199fdda8c2c47d9cc3eb80917daf1,1.016777,1.0167768174885612,1.0167768174885612,,0.9337466179132999
0x717e867444190e0180841ca1251a5f6160cf0d059dafdfcb42881364ffa20d6d,24978453,1777378007,0x1095bfe95d4beee8752d3003d0049bf508885bc8,0x902367430ad1618a7bba2c3ab6c92bbe05f26a17,0xe1abbcb7776199fdda8c2c47d9cc3eb80917daf1,1.016777,1.0167768174885612,1.0167768174885612,,0.9337466179132999
0xf09262e30d08602d6c62f40b27420d901657ba88c6c97c84cfeeea1de44b312d,24978993,1777384499,0x860ce7e3b7a8e96df54ef9b733494e0804ef0ce5,0xb90aa6ad4e00d9201d3c26610a5ef7f0456eecd2,0xa15a53b5b8e2e5ef1052f5cfe3f715754ca53598,1.026167,1.0261672652642382,1.0261672652642382,,0.8978687766514472
0x7eed8e8e44ecae9b9cbbd3cbc9170af47337d0133e2fb4ae82ec6aa7011bf694,24979404,1777389467,0x4c2401b490cec2ac30f54c9c4f3c65c2677ae07f,0x902367430ad1618a7bba2c3ab6c92bbe05f26a17,0xbea7622cd1dc23b97c4ec44fdd1afa9f1eeffaef,1.026167,1.0261672652642382,1.0261672652642382,,0.8978687766514472
0xb539cf56f0af9af64b30b8a817f1afa7aeccd6ac43e574d9d3dd8b950cde50fb,24979656,1777392491,0x1095bfe95d4beee8752d3003d0049bf508885bc8,0x902367430ad1618a7bba2c3ab6c92bbe05f26a17,0xe1abbcb7776199fdda8c2c47d9cc3eb80917daf1,1.016777,1.0167768174885612,1.0167768174885612,,0.9337466179132999
0x61cd90e5fd97cdd664eae1ec16987eb27350e22c4695a0da03a521246d75264b,24980886,1777407287,0x1095bfe95d4beee8752d3003d0049bf508885bc8,0x902367430ad1618a7bba2c3ab6c92bbe05f26a17,0xe1abbcb7776199fdda8c2c47d9cc3eb80917daf1,1.016777,1.0167768174885612,1.0167768174885612,,0.9337466179132999
0x0342259b55c5c6aa4bd924987a1d0abd5384067d3c8202bff7a53903d5eef0d9,24981781,1777418039,0x860ce7e3b7a8e96df54ef9b733494e0804ef0ce5,0x902367430ad1618a7bba2c3ab6c92bbe05f26a17,0x41dffef58b798242ef7bec93e95b1b41825cb210,1.026167,1.0261672652642382,1.0261672652642382,,0.8978687766514472
0x436070594b4a34e5a0f594404734e60b10089afa0000d6ffec754a20f8069ff9,24981795,1777418207,0x860ce7e3b7a8e96df54ef9b733494e0804ef0ce5,0xb90aa6ad4e00d9201d3c26610a5ef7f0456eecd2,0xe573768b1a01bf81dca597e5460daa4f63d6beb9,1.026167,1.0261672652642382,1.0261672652642382,,0.8978687766514472
0xbbaaf68e392b9fca1652fa7dc2dfd5a6016e3514c9d29fa845a399f1f3763e8f,24981796,1777418219,0x860ce7e3b7a8e96df54ef9b733494e0804ef0ce5,0xbbc133749e308694277aaa82ac780eb8aaed77f6,0x8aac198a3013e78dce158231fe69faece4a17803,1.026167,1.0261672652642382,1.0261672652642382,,0.8978687766514472
0x463815a2508d7c3fa6945539678b2cdcd1f93520656dee6f49f72bdb8805302d,24982153,1777422503,0x1095bfe95d4beee8752d3003d0049bf508885bc8,0x902367430ad1618a7bba2c3ab6c92bbe05f26a17,0xe1abbcb7776199fdda8c2c47d9cc3eb80917daf1,1.016777,1.0167768174885612,1.0167768174885612,,0.9337466179132999
0xf15fb73f2b03a0f3291804dc577778a5e491a2105e6c52b4430cc6119e53139f,24986229,1777471535,0x1095bfe95d4beee8752d3003d0049bf508885bc8,0x902367430ad1618a7bba2c3ab6c92bbe05f26a17,0xe1abbcb7776199fdda8c2c47d9cc3eb80917daf1,1.016777,1.0167768174885612,1.0167768174885612,,0.9337466179132999
0x22a054430039dcbccfd9b339da5a7fc4319f054f5a71b04abf9479a7f5d12d42,24989207,1777507391,0x1095bfe95d4beee8752d3003d0049bf508885bc8,0x682ea8aa9b23250e0e240580e8ae55205f612979,0xe1abbcb7776199fdda8c2c47d9cc3eb80917daf1,1.016777,1.0167768174885612,1.0167768174885612,,0.9337466179132999
0xb73cce759f12972e24d2f1e51c2e1eb56ddb631c0a9b18302a660d533172ca84,24989406,1777509791,0x4c2401b490cec2ac30f54c9c4f3c65c2677ae07f,0x902367430ad1618a7bba2c3ab6c92bbe05f26a17,0x637a8f99acbd43f89b6afca840f629f125996903,1.026167,1.0261672652642382,1.0261672652642382,,0.8978687766514472
0xfcb357cddd9a57193c9c95239392a6e9bea3c8c05aa5bf4849ee25db8e90fc7c,24989941,1777516223,0x4c2401b490cec2ac30f54c9c4f3c65c2677ae07f,0x902367430ad1618a7bba2c3ab6c92bbe05f26a17,0xbea7622cd1dc23b97c4ec44fdd1afa9f1eeffaef,1.026167,1.0261672652642382,1.0261672652642382,,0.8978687766514472
0x903b038aeea874c509506d289ddf691713c08af47094c93ab902792d44f65c7c,24990769,1777526195,0x1095bfe95d4beee8752d3003d0049bf508885bc8,0x682ea8aa9b23250e0e240580e8ae55205f612979,0xe1abbcb7776199fdda8c2c47d9cc3eb80917daf1,1.016777,1.0167768174885612,1.0167768174885612,,0.9337466179132999
0x0ea06ded4096c919e155d1bdf1b8a143071f2927abac1555416ef58062c7a2d1,24992374,1777545467,0x1095bfe95d4beee8752d3003d0049bf508885bc8,0x225f99aaaa914d0481ef3a0bedd8aabf1b9c4d1d,0xe1abbcb7776199fdda8c2c47d9cc3eb80917daf1,1.016777,1.0167768174885612,1.0167768174885612,,0.9337466179132999
0x7404d6c4d25cd29b021fc5faf247c693237003bf88b6632f6aa6fe0b833ee937,24998380,1777617875,0x1095bfe95d4beee8752d3003d0049bf508885bc8,0xe08d97e151473a848c3d9ca3f323cb720472d015,0xe1abbcb7776199fdda8c2c47d9cc3eb80917daf1,1.016777,1.0167768174885612,1.0167768174885612,,0.9337466179132999
0x889f8a0d6e43c744b4a5c8f69ed583f17d175b84aac68e05d8974df85f4ad860,25005491,1777703375,0x4c2401b490cec2ac30f54c9c4f3c65c2677ae07f,0x902367430ad1618a7bba2c3ab6c92bbe05f26a17,0xbea7622cd1dc23b97c4ec44fdd1afa9f1eeffaef,1.026167,1.0261672652642382,1.0261672652642382,,0.8978687766514472
0x97223551d7e5d6c0b7b5141d19edb2057a12d2d2d4d17a84afa670be8c4fc205,25005654,1777705331,0x860ce7e3b7a8e96df54ef9b733494e0804ef0ce5,0xb90aa6ad4e00d9201d3c26610a5ef7f0456eecd2,0xe573768b1a01bf81dca597e5460daa4f63d6beb9,1.026167,1.0261672652642382,1.0261672652642382,,0.8978687766514472
0x7cb356920d62b2fbe78819bbc817c8bd96df3358f0074bb8016f7846f2ea7ec2,25005655,1777705343,0x860ce7e3b7a8e96df54ef9b733494e0804ef0ce5,0xbbc133749e308694277aaa82ac780eb8aaed77f6,0x8aac198a3013e78dce158231fe69faece4a17803,1.026167,1.0261672652642382,1.0261672652642382,,0.8978687766514472
0xe162cec94ac466b9c56b0190f900d92029d351f8f7dd83fbc33d6fa6f2fe22cc,25005687,1777705727,0x4c2401b490cec2ac30f54c9c4f3c65c2677ae07f,0x902367430ad1618a7bba2c3ab6c92bbe05f26a17,0x637a8f99acbd43f89b6afca840f629f125996903,1.026167,1.0261672652642382,1.0261672652642382,,0.8978687766514472
0x232c536b634fc62dde727ff1f487285fc95d69edae37dc46288fbd24eae24b45,25005687,1777705727,0x4c2401b490cec2ac30f54c9c4f3c65c2677ae07f,0x902367430ad1618a7bba2c3ab6c92bbe05f26a17,0x0000006094141cd5d88b13aa8845dc34e9b1c3a0,1.026167,1.0261672652642382,1.0261672652642382,,0.8978687766514472
0xf3c5ce38da4d6082b2e357f1dbfcbfeb5465e5695a4e2d377753c5c187800ab0,25005687,1777705727,0x860ce7e3b7a8e96df54ef9b733494e0804ef0ce5,0x902367430ad1618a7bba2c3ab6c92bbe05f26a17,0x41dffef58b798242ef7bec93e95b1b41825cb210,1.026167,1.0261672652642382,1.0261672652642382,,0.8978687766514472
0x197f5f64f950cf5a6057efd3021bb795c6c4b5130bc72f8d8d08ab28a8235c06,25005748,1777706459,0x1095bfe95d4beee8752d3003d0049bf508885bc8,0x682ea8aa9b23250e0e240580e8ae55205f612979,0xe1abbcb7776199fdda8c2c47d9cc3eb80917daf1,1.016777,1.0167768174885612,1.0167768174885612,,0.9337466179132999
0xf5f8087ca2652b0bd67eab35d153496242e4a4894098eadf4ce94d5b3679019e,25005958,1777708979,0x860ce7e3b7a8e96df54ef9b733494e0804ef0ce5,0xb90aa6ad4e00d9201d3c26610a5ef7f0456eecd2,0xa15a53b5b8e2e5ef1052f5cfe3f715754ca53598,1.026167,1.0261672652642382,1.0261672652642382,,0.8978687766514472
0xa588f66b3b74dc88e400cc1cca165a0c9c1b1ba20315508a0f42762fcac811d9,25007125,1777722983,0x1095bfe95d4beee8752d3003d0049bf508885bc8,0x682ea8aa9b23250e0e240580e8ae55205f612979,0xe1abbcb7776199fdda8c2c47d9cc3eb80917daf1,1.016777,1.0167768174885612,1.0167768174885612,,0.9337466179132999
0x7cc09913173705709e27ddcdf50f9c855ec81dba4261445e788ee0452ad113a6,25012887,1777792331,0x1095bfe95d4beee8752d3003d0049bf508885bc8,0xa0f1c3ad83e07d97b5e7030e177718be175275ea,0xe1abbcb7776199fdda8c2c47d9cc3eb80917daf1,1.016777,1.0167768174885612,1.0167768174885612,,0.9337466179132999
0x50c4ea4987d1029b65f8202683cbbfe1f559defeaf40d4425fc41ece75202b89,25014336,1777809731,0x1095bfe95d4beee8752d3003d0049bf508885bc8,0x682ea8aa9b23250e0e240580e8ae55205f612979,0xe1abbcb7776199fdda8c2c47d9cc3eb80917daf1,1.016777,1.0167768174885612,1.0167768174885612,,0.9337466179132999
0x5be5d766f750ae7184f1e67d1bcdb7a944909c9fd5515553b308ed389506aa71,25015934,1777828943,0x1095bfe95d4beee8752d3003d0049bf508885bc8,0x682ea8aa9b23250e0e240580e8ae55205f612979,0xe1abbcb7776199fdda8c2c47d9cc3eb80917daf1,1.016777,1.0167768174885612,1.0167768174885612,,0.9337466179132999
0x19561cf4d0a6232051ba63afac541c10476536c5f52f809d4d104da714aa6fd2,25016636,1777837367,0x4c2401b490cec2ac30f54c9c4f3c65c2677ae07f,0x902367430ad1618a7bba2c3ab6c92bbe05f26a17,0xbea7622cd1dc23b97c4ec44fdd1afa9f1eeffaef,1.026167,1.0261672652642382,1.0261672652642382,,0.8978687766514472
0xf27897e31ab15c33c66b641b22f01992f9817e243f24446a73131abe681ae917,25017581,1777848791,0x1095bfe95d4beee8752d3003d0049bf508885bc8,0x682ea8aa9b23250e0e240580e8ae55205f612979,0xe1abbcb7776199fdda8c2c47d9cc3eb80917daf1,1.016777,1.0167768174885612,1.0167768174885612,,0.9337466179132999
0x0cdc6c67492db740d0ec46a909654f8ccf3ec68bf1e37b7256b591b4463036f0,25018622,1777861319,0x4c2401b490cec2ac30f54c9c4f3c65c2677ae07f,0x902367430ad1618a7bba2c3ab6c92bbe05f26a17,0x637a8f99acbd43f89b6afca840f629f125996903,1.026167,1.0261672652642382,1.0261672652642382,,0.8978687766514472
0x48b92a49f8552a11e036ddfed0699f7e3038e80aeadc4e34d24d81f789d760af,25019372,1777870403,0x1095bfe95d4beee8752d3003d0049bf508885bc8,0xeeaa2562f89bd75d920d785aacd0c401a0105597,0xe1abbcb7776199fdda8c2c47d9cc3eb80917daf1,1.016777,1.0167768174885612,1.0167768174885612,,0.9337466179132999
0xc906ffe316662dc6edab973eeac85825a771c03973d0ab502cbe1f85850dcfcf,25021808,1777899851,0x1095bfe95d4beee8752d3003d0049bf508885bc8,0x902367430ad1618a7bba2c3ab6c92bbe05f26a17,0xe1abbcb7776199fdda8c2c47d9cc3eb80917daf1,1.016777,1.0167768174885612,1.0167768174885612,,0.9337466179132999
0x6c34522878df838e561a5910a5278d7330bc493e55bae127b67ea6d4c93aac10,25025220,1777940915,0x1095bfe95d4beee8752d3003d0049bf508885bc8,0xe08d97e151473a848c3d9ca3f323cb720472d015,0xe1abbcb7776199fdda8c2c47d9cc3eb80917daf1,1.016777,1.0167768174885612,1.0167768174885612,,0.9337466179132999
0x5b52016aac918089d5fbb15090a2a9e1327ce62c1dc4c906c0a5131e71e60abd,25025221,1777940927,0x1095bfe95d4beee8752d3003d0049bf508885bc8,0xa0f1c3ad83e07d97b5e7030e177718be175275ea,0xe1abbcb7776199fdda8c2c47d9cc3eb80917daf1,1.016777,1.0167768174885612,1.0167768174885612,,0.9337466179132999
0x163ec04d94cb14491ffe4827738eec9f9a1f343e41164f255b29112c8424b570,25032068,1778023355,0x1095bfe95d4beee8752d3003d0049bf508885bc8,0xe08d97e151473a848c3d9ca3f323cb720472d015,0xe1abbcb7776199fdda8c2c47d9cc3eb80917daf1,1.016777,1.0167768174885612,1.0167768174885612,,0.9337466179132999
0x02def70edaea1fa4424e32fbf76426f422d2cc758bb03e780574230c00a9ecc0,25032068,1778023355,0x1095bfe95d4beee8752d3003d0049bf508885bc8,0xe08d97e151473a848c3d9ca3f323cb720472d015,0xe1abbcb7776199fdda8c2c47d9cc3eb80917daf1,1.016777,1.0167768174885612,1.0167768174885612,,0.9337466179132999
0x744fb9da61cee41765ff0b2899b6cdb8884fcae87aa325e4e844b521d05480ae,25032068,1778023355,0x1095bfe95d4beee8752d3003d0049bf508885bc8,0xe08d97e151473a848c3d9ca3f323cb720472d015,0xe1abbcb7776199fdda8c2c47d9cc3eb80917daf1,1.016777,1.0167768174885612,1.0167768174885612,,0.9337466179132999
0xf562d97819555cec55b4fd4beca0021da0a127a55f86a03da94a79ef1ed2fc70,25032068,1778023355,0x1095bfe95d4beee8752d3003d0049bf508885bc8,0xe08d97e151473a848c3d9ca3f323cb720472d015,0xe1abbcb7776199fdda8c2c47d9cc3eb80917daf1,1.016777,1.0167768174885612,1.0167768174885612,,0.9337466179132999
0x0c4c6ed74878ace88c730302179947769a1c24eb6e52e52fc2b6e12385b9d75f,25034799,1778056211,0x1095bfe95d4beee8752d3003d0049bf508885bc8,0xe08d97e151473a848c3d9ca3f323cb720472d015,0xe1abbcb7776199fdda8c2c47d9cc3eb80917daf1,1.016777,1.0167768174885612,1.0167768174885612,,0.9337466179132999
0xb4febc789cf79fe8c62fe410900151195e4d3112760fce7441274c6f7d3c3518,25040276,1778122163,0x1095bfe95d4beee8752d3003d0049bf508885bc8,0xe08d97e151473a848c3d9ca3f323cb720472d015,0xe1abbcb7776199fdda8c2c47d9cc3eb80917daf1,1.016777,1.0167768174885612,1.0167768174885612,,0.9337466179132999
0x69a62632e3158a4c6d7dc2b918b4d13eb0291cfbad518f4aafe9a11aecbd3da3,25040276,1778122163,0x1095bfe95d4beee8752d3003d0049bf508885bc8,0xe08d97e151473a848c3d9ca3f323cb720472d015,0xe1abbcb7776199fdda8c2c47d9cc3eb80917daf1,1.016777,1.0167768174885612,1.0167768174885612,,0.9337466179132999
0x0ace366220e0df09c888a71e2aa36802eb45aca31d20d09c2034c4213bc4a327,25049163,1778229143,0x1095bfe95d4beee8752d3003d0049bf508885bc8,0xe08d97e151473a848c3d9ca3f323cb720472d015,0xe1abbcb7776199fdda8c2c47d9cc3eb80917daf1,1.016777,1.0167768174885612,1.0167768174885612,,0.9337466179132999
0xa898c30ff0f5bff237840828974711a5409a15676495d54889c70aba9551a0be,25056353,1778315615,0x1095bfe95d4beee8752d3003d0049bf508885bc8,0xe08d97e151473a848c3d9ca3f323cb720472d015,0xe1abbcb7776199fdda8c2c47d9cc3eb80917daf1,1.016777,1.0167768174885612,1.0167768174885612,,0.9337466179132999
0xfd7ab48b32784dad1b76babae13c138978b6817efd857f5f8486604d5c56430d,25063529,1778402051,0x1095bfe95d4beee8752d3003d0049bf508885bc8,0xe08d97e151473a848c3d9ca3f323cb720472d015,0xe1abbcb7776199fdda8c2c47d9cc3eb80917daf1,1.016777,1.0167768174885612,1.0167768174885612,,0.9337466179132999
0x4de771cac30bd92688e1c2fe2b397e4d11e2550e3274db1e29bc75d8e4556b90,25068086,1778456975,0x1095bfe95d4beee8752d3003d0049bf508885bc8,0xe08d97e151473a848c3d9ca3f323cb720472d015,0xe1abbcb7776199fdda8c2c47d9cc3eb80917daf1,1.016777,1.0167768174885612,1.0167768174885612,,0.9337466179132999
0x6957ecd8da458d7a0bff24de19a535679b1eb9b60ed1c188caad6fa4c83d8098,25070659,1778488007,0x860ce7e3b7a8e96df54ef9b733494e0804ef0ce5,0x902367430ad1618a7bba2c3ab6c92bbe05f26a17,0x41dffef58b798242ef7bec93e95b1b41825cb210,1.026167,1.0261672652642382,1.0261672652642382,,0.8978687766514472
0xe8b47f3fd6e798c672f6badaf31d98d42fe86a7426152efc51e2c924ed4fb0f7,25070711,1778488631,0x860ce7e3b7a8e96df54ef9b733494e0804ef0ce5,0xbbc133749e308694277aaa82ac780eb8aaed77f6,0x8aac198a3013e78dce158231fe69faece4a17803,1.026167,1.0261672652642382,1.0261672652642382,,0.8978687766514472
0xa1f8302bee4cfab47f0d5116d5c363cbee9c04300616808f5817e6adfc40f359,25070717,1778488703,0x860ce7e3b7a8e96df54ef9b733494e0804ef0ce5,0xb90aa6ad4e00d9201d3c26610a5ef7f0456eecd2,0xe573768b1a01bf81dca597e5460daa4f63d6beb9,1.026167,1.0261672652642382,1.0261672652642382,,0.8978687766514472
0x992d8b03439deeec517a4d5b6d22de0932823e680c41eac8b195324ad9a95f34,25070718,1778488715,0x860ce7e3b7a8e96df54ef9b733494e0804ef0ce5,0xb90aa6ad4e00d9201d3c26610a5ef7f0456eecd2,0xa15a53b5b8e2e5ef1052f5cfe3f715754ca53598,1.026167,1.0261672652642382,1.0261672652642382,,0.8978687766514472
0xa62022664428cfee7f74f86f4dfee4a237cd404473ecaf2f400ed7455352b020,25070723,1778488775,0x4c2401b490cec2ac30f54c9c4f3c65c2677ae07f,0x902367430ad1618a7bba2c3ab6c92bbe05f26a17,0x637a8f99acbd43f89b6afca840f629f125996903,1.026167,1.0261672652642382,1.0261672652642382,,0.8978687766514472
0x48b4bafd583c3ddad146f38b5e4f39110cdff1971f2750a7e89e61966b89420c,25070724,1778488787,0x4c2401b490cec2ac30f54c9c4f3c65c2677ae07f,0x902367430ad1618a7bba2c3ab6c92bbe05f26a17,0x0000006094141cd5d88b13aa8845dc34e9b1c3a0,1.026167,1.0261672652642382,1.0261672652642382,,0.8978687766514472
0x45dc1c99ec85018d43b5eb05d8dd9748f6bf26c1d20bbeb52df8e83d7ebe8335,25092621,1778752655,0x1095bfe95d4beee8752d3003d0049bf508885bc8,0x954c8ad0e8ed4bcec645baa6b8ffe77605ba583c,0xe1abbcb7776199fdda8c2c47d9cc3eb80917daf1,1.016777,1.0167768174885612,1.0167768174885612,,0.9337466179132999
0x45b6fe20543c055e390c96d173fb373db2789ad821847ed53bb5ea5c5a89d66c,25106472,1778919347,0x860ce7e3b7a8e96df54ef9b733494e0804ef0ce5,0x902367430ad1618a7bba2c3ab6c92bbe05f26a17,0x41dffef58b798242ef7bec93e95b1b41825cb210,1.026167,1.0261672652642382,1.0261672652642382,,0.8978687766514472
0x31428c7c4c05db42ec5efa03b0febac7387eaf5fb82a57e61fad816cc518a818,25106474,1778919371,0x860ce7e3b7a8e96df54ef9b733494e0804ef0ce5,0xb90aa6ad4e00d9201d3c26610a5ef7f0456eecd2,0xe573768b1a01bf81dca597e5460daa4f63d6beb9,1.026167,1.0261672652642382,1.0261672652642382,,0.8978687766514472
0x3be4bc3197b3f80797f1281a8b7519cfa684bcc26580eadfd7fb00677c3555e7,25109719,1778958419,0x4c2401b490cec2ac30f54c9c4f3c65c2677ae07f,0xe08d97e151473a848c3d9ca3f323cb720472d015,0x0000006094141cd5d88b13aa8845dc34e9b1c3a0,1.026167,1.0261672652642382,1.0261672652642382,,0.8978687766514472
0x1945c8acebe3c8e7b69c1aa4e0efb1795425e806a903d7d9ec7b8c2a9b796301,25118225,1779060803,0x1095bfe95d4beee8752d3003d0049bf508885bc8,0xe08d97e151473a848c3d9ca3f323cb720472d015,0xe1abbcb7776199fdda8c2c47d9cc3eb80917daf1,1.016777,1.0167768174885612,1.0167768174885612,,0.9337466179132999
0xbf8748295c823e9f40dc71c3a180b5ef71a797da8d7bac306f5519eab2cfdde7,25121073,1779095075,0x4c2401b490cec2ac30f54c9c4f3c65c2677ae07f,0xe08d97e151473a848c3d9ca3f323cb720472d015,0xbea7622cd1dc23b97c4ec44fdd1afa9f1eeffaef,1.026167,1.0261672652642382,1.0261672652642382,,0.8978687766514472
0xba7f233c219179ff388b30e63005eb075429a004691972b885a9c04e7077e971,25121087,1779095243,0x4c2401b490cec2ac30f54c9c4f3c65c2677ae07f,0x902367430ad1618a7bba2c3ab6c92bbe05f26a17,0x637a8f99acbd43f89b6afca840f629f125996903,1.026167,1.0261672652642382,1.0261672652642382,,0.8978687766514472
0x8c60607b5f52906239a81e33ad1019b0633885dbbdddf366008ce6b8c7ff5dba,25121093,1779095315,0x4c2401b490cec2ac30f54c9c4f3c65c2677ae07f,0x902367430ad1618a7bba2c3ab6c92bbe05f26a17,0x0000006094141cd5d88b13aa8845dc34e9b1c3a0,1.026167,1.0261672652642382,1.0261672652642382,,0.8978687766514472
0x62f84c846307bf6575f69491135f0abe00640e2beb026cd05317ab7169ade81f,25142511,1779353159,0x1095bfe95d4beee8752d3003d0049bf508885bc8,0xe08d97e151473a848c3d9ca3f323cb720472d015,0xe1abbcb7776199fdda8c2c47d9cc3eb80917daf1,1.016777,1.0167768174885612,1.0167768174885612,,0.9337466179132999
0x63745ec9a1034ac1ba03736ae3a3d6159ea5830235aafe31b31fa040a4427d07,25157031,1779527951,0x860ce7e3b7a8e96df54ef9b733494e0804ef0ce5,0x902367430ad1618a7bba2c3ab6c92bbe05f26a17,0x41dffef58b798242ef7bec93e95b1b41825cb210,1.026167,1.0261672652642382,1.0261672652642382,,0.8978687766514472
0x484ee95ed23e9c95f054c21f69364c1c41e1fb14bf95b23c8267301c156f90f2,25157032,1779527963,0x860ce7e3b7a8e96df54ef9b733494e0804ef0ce5,0xb90aa6ad4e00d9201d3c26610a5ef7f0456eecd2,0xe573768b1a01bf81dca597e5460daa4f63d6beb9,1.026167,1.0261672652642382,1.0261672652642382,,0.8978687766514472
0x7a66ee5f5202c5ea7f87d6dfb20d8dcbda2061696a8a358875955d66476d055b,25157033,1779527975,0x860ce7e3b7a8e96df54ef9b733494e0804ef0ce5,0xbbc133749e308694277aaa82ac780eb8aaed77f6,0x8aac198a3013e78dce158231fe69faece4a17803,1.026167,1.0261672652642382,1.0261672652642382,,0.8978687766514472
0x365a1f0741e1a5e96f575e8ec6a53deaa2553b9ee2f97e522846fe6da2a90b47,25157037,1779528023,0x4c2401b490cec2ac30f54c9c4f3c65c2677ae07f,0xa0f1c3ad83e07d97b5e7030e177718be175275ea,0xbea7622cd1dc23b97c4ec44fdd1afa9f1eeffaef,1.026167,1.0261672652642382,1.0261672652642382,,0.8978687766514472
0xa9d99b4b2a634fe0e7cc590fea96e2a48f2d7f6a8a5e8daa1abcdb2a441546c9,25157038,1779528035,0x4c2401b490cec2ac30f54c9c4f3c65c2677ae07f,0xe08d97e151473a848c3d9ca3f323cb720472d015,0x637a8f99acbd43f89b6afca840f629f125996903,1.026167,1.0261672652642382,1.0261672652642382,,0.8978687766514472
0x2d4c86e209a0e4ef7f219a807765b24c72316bd01a355da2256d457773da701d,25157039,1779528047,0x4c2401b490cec2ac30f54c9c4f3c65c2677ae07f,0x902367430ad1618a7bba2c3ab6c92bbe05f26a17,0x0000006094141cd5d88b13aa8845dc34e9b1c3a0,1.026167,1.0261672652642382,1.0261672652642382,,0.8978687766514472
0xa3a8fe2678156437b16dcdbd14385eee5918576f0bd4b484d5bd856f4ee1c0d1,25161913,1779586739,0x4c2401b490cec2ac30f54c9c4f3c65c2677ae07f,0x902367430ad1618a7bba2c3ab6c92bbe05f26a17,0xbea7622cd1dc23b97c4ec44fdd1afa9f1eeffaef,1.026167,1.0261672652642382,1.0261672652642382,,0.8978687766514472
0x3b7c670619f2d27dbd7d055bb92b60cfca781f4b3f3ac4b33518066c6b899a74,25161914,1779586751,0x4c2401b490cec2ac30f54c9c4f3c65c2677ae07f,0x902367430ad1618a7bba2c3ab6c92bbe05f26a17,0x637a8f99acbd43f89b6afca840f629f125996903,1.026167,1.0261672652642382,1.0261672652642382,,0.8978687766514472
0x2626eb1b7624dfb0b9dcf1a90b03232e018ec5e6b788b01780e4ff552915ef09,25161916,1779586775,0x4c2401b490cec2ac30f54c9c4f3c65c2677ae07f,0x902367430ad1618a7bba2c3ab6c92bbe05f26a17,0x0000006094141cd5d88b13aa8845dc34e9b1c3a0,1.026167,1.0261672652642382,1.0261672652642382,,0.8978687766514472
0x6099f27ae9caee2280a2185c9ab8c4521bfd2e597961bfbbde2f6f1dbab4eddd,25162875,1779598319,0x4c2401b490cec2ac30f54c9c4f3c65c2677ae07f,0x902367430ad1618a7bba2c3ab6c92bbe05f26a17,0xbea7622cd1dc23b97c4ec44fdd1afa9f1eeffaef,1.026167,1.0261672652642382,1.0261672652642382,,0.8978687766514472
0xa4adc3f54291146888119a43f64705834aa531e9d34cebaec64fbebde6296bc4,25162906,1779598691,0x4c2401b490cec2ac30f54c9c4f3c65c2677ae07f,0x902367430ad1618a7bba2c3ab6c92bbe05f26a17,0x637a8f99acbd43f89b6afca840f629f125996903,1.026167,1.0261672652642382,1.0261672652642382,,0.8978687766514472
0x809df062e763523a43fb8b2570db8aa713e860d316a4ca6f3f617eaf7c126afa,25178210,1779783071,0x4c2401b490cec2ac30f54c9c4f3c65c2677ae07f,0x902367430ad1618a7bba2c3ab6c92bbe05f26a17,0xbea7622cd1dc23b97c4ec44fdd1afa9f1eeffaef,1.026167,1.0261672652642382,1.0261672652642382,,0.8978687766514472
0x15ed9a8ff1e42da8b1ff25de3e15ce08c7e982f26279ff45b9f917f93d86ed64,25178220,1779783191,0x4c2401b490cec2ac30f54c9c4f3c65c2677ae07f,0x902367430ad1618a7bba2c3ab6c92bbe05f26a17,0x637a8f99acbd43f89b6afca840f629f125996903,1.026167,1.0261672652642382,1.0261672652642382,,0.8978687766514472
0x848ee55aa0b04b608c1ad74f6e67a016240c55c8a50ce952ab66d3397aa87b5e,25178224,1779783239,0x4c2401b490cec2ac30f54c9c4f3c65c2677ae07f,0x902367430ad1618a7bba2c3ab6c92bbe05f26a17,0x0000006094141cd5d88b13aa8845dc34e9b1c3a0,1.026167,1.0261672652642382,1.0261672652642382,,0.8978687766514472
0xf684c9ef210b820d3ae2cc1f30dca28742b382dde3f4a54d3b69822ec8a632de,25179543,1779799115,0x4c2401b490cec2ac30f54c9c4f3c65c2677ae07f,0x902367430ad1618a7bba2c3ab6c92bbe05f26a17,0xbea7622cd1dc23b97c4ec44fdd1afa9f1eeffaef,1.026167,1.0261672652642382,1.0261672652642382,,0.8978687766514472
0xd4579a61d904909f5b84487e79837275fe44f21d3ae35c0d721bd73b54bd72e4,25179544,1779799127,0x4c2401b490cec2ac30f54c9c4f3c65c2677ae07f,0x902367430ad1618a7bba2c3ab6c92bbe05f26a17,0x637a8f99acbd43f89b6afca840f629f125996903,1.026167,1.0261672652642382,1.0261672652642382,,0.8978687766514472
0xd67985efa452f96dc47f44cc0adcc6fac38cf2819dbf2ce4798720403f1940cb,25181205,1779819095,0x4c2401b490cec2ac30f54c9c4f3c65c2677ae07f,0x902367430ad1618a7bba2c3ab6c92bbe05f26a17,0xbea7622cd1dc23b97c4ec44fdd1afa9f1eeffaef,1.026167,1.0261672652642382,1.0261672652642382,,0.8978687766514472
0xf640c8c032a6070371a145a874c1c44a609e2c46e95e5f986675e724b799afd2,25181206,1779819107,0x4c2401b490cec2ac30f54c9c4f3c65c2677ae07f,0x902367430ad1618a7bba2c3ab6c92bbe05f26a17,0x637a8f99acbd43f89b6afca840f629f125996903,1.026167,1.0261672652642382,1.0261672652642382,,0.8978687766514472
0xd95080b161534f450783ad229d0f94c4891760326a893a61b66f89929344afaa,25187076,1779889799,0x860ce7e3b7a8e96df54ef9b733494e0804ef0ce5,0x902367430ad1618a7bba2c3ab6c92bbe05f26a17,0x41dffef58b798242ef7bec93e95b1b41825cb210,1.026167,1.0261672652642382,1.0261672652642382,,0.8978687766514472
0xdff0e9390cb73772a22973a7fede09f6071d611f127c94e28acb58e4e8ab1dac,25187082,1779889871,0x860ce7e3b7a8e96df54ef9b733494e0804ef0ce5,0xb90aa6ad4e00d9201d3c26610a5ef7f0456eecd2,0xe573768b1a01bf81dca597e5460daa4f63d6beb9,1.026167,1.0261672652642382,1.0261672652642382,,0.8978687766514472
0x139e1d7b2df28973b06fbfe76b4119d01aeec1b1c85a076516e2cc4c32ce6071,25187090,1779889967,0x4c2401b490cec2ac30f54c9c4f3c65c2677ae07f,0x902367430ad1618a7bba2c3ab6c92bbe05f26a17,0xbea7622cd1dc23b97c4ec44fdd1afa9f1eeffaef,1.026167,1.0261672652642382,1.0261672652642382,,0.8978687766514472
0x084dde7c3b4e240f96966954e61ab577123db8954d220da50dffe58ad1ebac76,25187091,1779889979,0x4c2401b490cec2ac30f54c9c4f3c65c2677ae07f,0x902367430ad1618a7bba2c3ab6c92bbe05f26a17,0x0000006094141cd5d88b13aa8845dc34e9b1c3a0,1.026167,1.0261672652642382,1.0261672652642382,,0.8978687766514472
0x15639ccccc2617f3433321a23da2878a60604badc38dc3d0f214eb22f1beac47,25187112,1779890231,0x4c2401b490cec2ac30f54c9c4f3c65c2677ae07f,0x902367430ad1618a7bba2c3ab6c92bbe05f26a17,0x637a8f99acbd43f89b6afca840f629f125996903,1.026167,1.0261672652642382,1.0261672652642382,,0.8978687766514472
0x0c783273d51bff2ba54f4209b387813faadc28687dc8b4a2434567c95c989084,25188370,1779905411,0x4c2401b490cec2ac30f54c9c4f3c65c2677ae07f,0x902367430ad1618a7bba2c3ab6c92bbe05f26a17,0xbea7622cd1dc23b97c4ec44fdd1afa9f1eeffaef,1.026167,1.0261672652642382,1.0261672652642382,,0.8978687766514472
0xf574001c6c4c05264ea3cfd0170988b581148922b8567633aa1c9c757e4b6097,25188398,1779905747,0x4c2401b490cec2ac30f54c9c4f3c65c2677ae07f,0x902367430ad1618a7bba2c3ab6c92bbe05f26a17,0x637a8f99acbd43f89b6afca840f629f125996903,1.026167,1.0261672652642382,1.0261672652642382,,0.8978687766514472
0xa0e83f0a8b5bae2b1a263bece5e3e13ccace22c4576ff133762355902e6cc25c,25193197,1779963515,0x4c2401b490cec2ac30f54c9c4f3c65c2677ae07f,0x902367430ad1618a7bba2c3ab6c92bbe05f26a17,0xbea7622cd1dc23b97c4ec44fdd1afa9f1eeffaef,1.026167,1.0261672652642382,1.0261672652642382,,0.8978687766514472
0x278b844ce630f075f5e31837c03b254118434dd2a98e16d4556e5e2baad079e9,25193200,1779963551,0x4c2401b490cec2ac30f54c9c4f3c65c2677ae07f,0x902367430ad1618a7bba2c3ab6c92bbe05f26a17,0x637a8f99acbd43f89b6afca840f629f125996903,1.026167,1.0261672652642382,1.0261672652642382,,0.8978687766514472
0x07788ac19d0407f368a64092fba30a0bd8fbf92fd2b70c562d87fafd2093b6d1,25207659,1780137707,0x4c2401b490cec2ac30f54c9c4f3c65c2677ae07f,0xc0de2807cad1b02b9e0bbf886592cdb79150bcd0,0xbea7622cd1dc23b97c4ec44fdd1afa9f1eeffaef,1.026167,1.0261672652642382,1.0261672652642382,,0.8978687766514472
0xda97b278613c504b039bd822960079ea587f9c9cff33c5b0ffcbf0e1cc3462e1,25220150,1780288307,0x4c2401b490cec2ac30f54c9c4f3c65c2677ae07f,0xc0de2807cad1b02b9e0bbf886592cdb79150bcd0,0xbea7622cd1dc23b97c4ec44fdd1afa9f1eeffaef,1.026167,1.0261672652642382,1.0261672652642382,,0.8978687766514472
0x37fee8a32669ce74fcbbd73c834a107490d2863bf038d021bee39fff47e7f8ca,25222395,1780315367,0xa28ee7ec4756b4c3340c30a8c8cb8bd708e1dcdc,0xf00003bf2dcfeb166e3dee7d0e0fff197cdfcabd,0x08ce56a1dc045bcbd34a7964b23516d364df6ba5,1.043841,1.04384133611691,1.04384133611691,,0.8326036949784997
0x6189446e4ed36859e692e2460cc5857736dbbac262c94e20631331261ce6dd93,25222698,1780319003,0xa28ee7ec4756b4c3340c30a8c8cb8bd708e1dcdc,0xf00003bf2dcfeb166e3dee7d0e0fff197cdfcabd,0x08ce56a1dc045bcbd34a7964b23516d364df6ba5,1.043841,1.04384133611691,1.04384133611691,,0.8326036949784997
0x392144401052722e9062cd93fda8cfbf8a9cfeb717c1105ea13d5ee1cf74d9f4,25222741,1780319519,0xa28ee7ec4756b4c3340c30a8c8cb8bd708e1dcdc,0x681878dc5abaa70d182b3e1c4d6a3fd1e16922c0,0x08ce56a1dc045bcbd34a7964b23516d364df6ba5,1.043841,1.04384133611691,1.04384133611691,,0.8326036949784997
0xaf8312b62015ebe155010e9c5286385e9d475d5513a8ce239402bd69599bcf17,25222741,1780319519,0xa28ee7ec4756b4c3340c30a8c8cb8bd708e1dcdc,0x681878dc5abaa70d182b3e1c4d6a3fd1e16922c0,0x08ce56a1dc045bcbd34a7964b23516d364df6ba5,1.043841,1.04384133611691,1.04384133611691,,0.8326036949784997
0x51571f7da84cebbe285a98e0b34cedca435d4b3f3c1d1929874ceb788b089c21,25222741,1780319519,0xa28ee7ec4756b4c3340c30a8c8cb8bd708e1dcdc,0x681878dc5abaa70d182b3e1c4d6a3fd1e16922c0,0x08ce56a1dc045bcbd34a7964b23516d364df6ba5,1.043841,1.04384133611691,1.04384133611691,,0.8326036949784997
0xf2bd66bcfeb008d1d4a565e9d934f8d3ece5b42f7799191d3146e0af22f7849b,25222742,1780319531,0xa28ee7ec4756b4c3340c30a8c8cb8bd708e1dcdc,0xa0f1c3ad83e07d97b5e7030e177718be175275ea,0x08ce56a1dc045bcbd34a7964b23516d364df6ba5,1.043841,1.04384133611691,1.04384133611691,,0.8326036949784997
0x9da85cf937a41b64698870c9452575132e98b4644a2c97ceaa19834241ffa233,25222960,1780322159,0xa28ee7ec4756b4c3340c30a8c8cb8bd708e1dcdc,0x0000000000d8244d1f199db6dfe2d50351320b20,0x08ce56a1dc045bcbd34a7964b23516d364df6ba5,1.043841,1.04384133611691,1.04384133611691,,0.8326036949784997
0x1d4ed2e248074a10dec416d484a16c4eb9b3b6bf8b517e53f31a4d6e4588b57a,25222961,1780322171,0xa28ee7ec4756b4c3340c30a8c8cb8bd708e1dcdc,0x07018abaca63c338aedca1afa01512de9bb568c1,0x08ce56a1dc045bcbd34a7964b23516d364df6ba5,1.043841,1.04384133611691,1.04384133611691,,0.8326036949784997
0x115169985ca06a91ea53e007f07106c51045d0f4f27f3e1f741f12b5662ec47a,25230269,1780410191,0xbfa7f9c1983ae40738ea0f128e58aa704461aa3a,0xf00003bf2dcfeb166e3dee7d0e0fff197cdfcabd,0xaec4ee9a108304fcc5cdc323d8a2a1d331c342b7,1.043841,1.04384133611691,1.04384133611691,,0.8326036949784997
0x1df7dffe6a121fed2f3d511dc82f5348e6f5753040577c92d0f0a8414b3f43fb,25230293,1780410491,0xbfa7f9c1983ae40738ea0f128e58aa704461aa3a,0x681878dc5abaa70d182b3e1c4d6a3fd1e16922c0,0xaec4ee9a108304fcc5cdc323d8a2a1d331c342b7,1.043841,1.04384133611691,1.04384133611691,,0.8326036949784997
0x45d59c58692baf410a66637c75c73fc59a2880f8ff41f7d7f1cc8816980b7ef2,25230294,1780410503,0xbfa7f9c1983ae40738ea0f128e58aa704461aa3a,0xf00003bf2dcfeb166e3dee7d0e0fff197cdfcabd,0xaec4ee9a108304fcc5cdc323d8a2a1d331c342b7,1.043841,1.04384133611691,1.04384133611691,,0.8326036949784997
0x9db0e7deecb146ad9d7f3ca8f271942f1f0f9c5698962a069febd5aa27b1d167,25230615,1780414355,0xbfa7f9c1983ae40738ea0f128e58aa704461aa3a,0xcf13920f63595a93387aa9defc0d30cb1204f1f6,0xaec4ee9a108304fcc5cdc323d8a2a1d331c342b7,1.043841,1.04384133611691,1.04384133611691,,0.8326036949784997
0x03a802e8c9e5d4d76b9126aa18b0760394e509faefef452eab1b52cf6207b84e,25230616,1780414367,0xbfa7f9c1983ae40738ea0f128e58aa704461aa3a,0xa0f1c3ad83e07d97b5e7030e177718be175275ea,0xaec4ee9a108304fcc5cdc323d8a2a1d331c342b7,1.04384,1.04384133611691,1.04384133611691,,0.8326036949784997
0xde98b5d26f493d2d9b24c6d6dff646122d814949c730299c58c9896d51fe8250,25231804,1780428695,0xbfa7f9c1983ae40738ea0f128e58aa704461aa3a,0xb7a8e8141d10d61b02271ce318ee7b316c67a219,0xaec4ee9a108304fcc5cdc323d8a2a1d331c342b7,1.043841,1.04384133611691,1.04384133611691,,0.8326036949784997
0xab94d80759cb505e62535aaf031f196067cc8a1482c1c00e8e91e6f16f25a5f0,25231807,1780428731,0xbfa7f9c1983ae40738ea0f128e58aa704461aa3a,0xa0f1c3ad83e07d97b5e7030e177718be175275ea,0xaec4ee9a108304fcc5cdc323d8a2a1d331c342b7,1.043828,1.04384133611691,1.04384133611691,,0.8326036949784997
0xa42ff6a5c0ce6fd08dd371a65b7bb18b0288d6a46c325526d82ada0c3830055e,25231817,1780428851,0xbfa7f9c1983ae40738ea0f128e58aa704461aa3a,0x0000000000d8244d1f199db6dfe2d50351320b20,0xaec4ee9a108304fcc5cdc323d8a2a1d331c342b7,1.043839,1.04384133611691,1.04384133611691,,0.8326036949784997
0x6ffc0ef93a7391ee8353cce531947c887bc1940e422e96cbe5e0949b03d31c79,25231817,1780428851,0xbfa7f9c1983ae40738ea0f128e58aa704461aa3a,0xbb13d96f722a2328420663ea845e0ef1eb3295a0,0xaec4ee9a108304fcc5cdc323d8a2a1d331c342b7,1.043841,1.04384133611691,1.04384133611691,,0.8326036949784997
0x06f75554915ca25d3b57c16ff6e1aafe1dbc89b0b7f973ac7b131303ff0061db,25231818,1780428863,0xbfa7f9c1983ae40738ea0f128e58aa704461aa3a,0xf530734e6af088dc78042ee33b33ad76f98e28f1,0xaec4ee9a108304fcc5cdc323d8a2a1d331c342b7,1.04384,1.04384133611691,1.04384133611691,,0.8326036949784997
0x5a9011a6781fcc6af4e09cb40674bb3e2c5ab34664310f5ecd6a3fb5435eef66,25232806,1780440815,0xbfa7f9c1983ae40738ea0f128e58aa704461aa3a,0x9d7c1668497ed88a50ac0cc712087dc648bf780d,0xaec4ee9a108304fcc5cdc323d8a2a1d331c342b7,1.04384,1.04384133611691,1.04384133611691,,0.8326036949784997
0x425395edc17e84005b3a3ac697b03216702434c87ef3dd399136a9302db91162,25234168,1780457219,0xbfa7f9c1983ae40738ea0f128e58aa704461aa3a,0x0000000000d8244d1f199db6dfe2d50351320b20,0xaec4ee9a108304fcc5cdc323d8a2a1d331c342b7,1.043839,1.04384133611691,1.04384133611691,,0.8326036949784997
0x45b8e8f3e7d80f8c279c7b6daa78676861579835fc10106199404436e46bb0e0,25234168,1780457219,0xbfa7f9c1983ae40738ea0f128e58aa704461aa3a,0x0000000000d8244d1f199db6dfe2d50351320b20,0xaec4ee9a108304fcc5cdc323d8a2a1d331c342b7,1.043837,1.04384133611691,1.04384133611691,,0.8326036949784997
0xff52e217fa6d82f631c678394ec0349066e004fa1c7268604527c748c25968dc,25234169,1780457231,0xbfa7f9c1983ae40738ea0f128e58aa704461aa3a,0xa0f1c3ad83e07d97b5e7030e177718be175275ea,0xaec4ee9a108304fcc5cdc323d8a2a1d331c342b7,1.043841,1.04384133611691,1.04384133611691,,0.8326036949784997
0xe12331b3c48bcc7ec03b95b5a4197168d75c239c011f6bde7cc1438bf69c4196,25234254,1780458251,0xbfa7f9c1983ae40738ea0f128e58aa704461aa3a,0xa0f1c3ad83e07d97b5e7030e177718be175275ea,0xaec4ee9a108304fcc5cdc323d8a2a1d331c342b7,1.04384,1.04384133611691,1.04384133611691,,0.8326036949784997
0x3491212d4f82c3e52807b913ff37cda2b6f23013b362865c4857c79a87058975,25234256,1780458275,0xa28ee7ec4756b4c3340c30a8c8cb8bd708e1dcdc,0xa00003b2e58e808bcb536041045a5d0f7750c777,0x9398563acd4539df8f2c613f964c2ecbe6020d6b,1.043841,1.04384133611691,1.04384133611691,,0.8326036949784997
0x6355a3a2f0eb66a5323e4dfe20f56356fdefb0c8f224a6e4a63e0106e27c8771,25234288,1780458659,0xbfa7f9c1983ae40738ea0f128e58aa704461aa3a,0x6fae2537acc102567f7a2f534aa769ba03d7c5b2,0xaec4ee9a108304fcc5cdc323d8a2a1d331c342b7,1.043841,1.04384133611691,1.04384133611691,,0.8326036949784997
0xa2192abfdb60bdfb8a42a0d1a3200b6dbd3dae82b867090d2e8a90331488aa4c,25234288,1780458659,0xa28ee7ec4756b4c3340c30a8c8cb8bd708e1dcdc,0xa0f1c3ad83e07d97b5e7030e177718be175275ea,0x9398563acd4539df8f2c613f964c2ecbe6020d6b,1.043841,1.04384133611691,1.04384133611691,,0.8326036949784997
0x48d89c949bcf715318a8ea79aa61dbb0a877498cb41818ed83b6548f2dbd0790,25234288,1780458659,0xbfa7f9c1983ae40738ea0f128e58aa704461aa3a,0x0000000000d8244d1f199db6dfe2d50351320b20,0xaec4ee9a108304fcc5cdc323d8a2a1d331c342b7,1.043831,1.04384133611691,1.04384133611691,,0.8326036949784997
0xd60e037a2141491a8c1bc3ad8684251e35392cef5bf157855679d891599a66e4,25234289,1780458671,0xbfa7f9c1983ae40738ea0f128e58aa704461aa3a,0xa0f1c3ad83e07d97b5e7030e177718be175275ea,0xaec4ee9a108304fcc5cdc323d8a2a1d331c342b7,1.043839,1.04384133611691,1.04384133611691,,0.8326036949784997
0xb96fc63aba323a28dabbb51c0143b81b4095f2bc503ade477517f6f717b04f61,25239086,1780516535,0xa28ee7ec4756b4c3340c30a8c8cb8bd708e1dcdc,0xf00003bf2dcfeb166e3dee7d0e0fff197cdfcabd,0x08ce56a1dc045bcbd34a7964b23516d364df6ba5,1.043841,1.04384133611691,1.04384133611691,,0.8326036949784997
0xb96fc63aba323a28dabbb51c0143b81b4095f2bc503ade477517f6f717b04f61,25239086,1780516535,0xbfa7f9c1983ae40738ea0f128e58aa704461aa3a,0xf00003bf2dcfeb166e3dee7d0e0fff197cdfcabd,0xaec4ee9a108304fcc5cdc323d8a2a1d331c342b7,1.043841,1.04384133611691,1.04384133611691,,0.8326036949784997
0x70f0bb700572c8eec7d76be679f7ed43e38c2b1ba8a4eb652f825e641d59ce66,25239089,1780516571,0xa28ee7ec4756b4c3340c30a8c8cb8bd708e1dcdc,0xc13967a15a2d35b8fe82ab748a744482bdf142b4,0x9398563acd4539df8f2c613f964c2ecbe6020d6b,1.04384,1.04384133611691,1.04384133611691,,0.8326036949784997
0xe808703cad905dd96ee9f4b00817e29bf22236e5b4cdc61e0f8300be49e5b352,25239390,1780520195,0xa28ee7ec4756b4c3340c30a8c8cb8bd708e1dcdc,0x8a78af14407ca4e946f0d72c6057dc210f37b4fe,0x08ce56a1dc045bcbd34a7964b23516d364df6ba5,1.043841,1.04384133611691,1.04384133611691,,0.8326036949784997
0x9e5a164b09bf2dec96efe4835acc90eaaf093796bb3aac8af0571f75bf95b077,25239394,1780520243,0xa28ee7ec4756b4c3340c30a8c8cb8bd708e1dcdc,0xf00003bf2dcfeb166e3dee7d0e0fff197cdfcabd,0x9398563acd4539df8f2c613f964c2ecbe6020d6b,1.043841,1.04384133611691,1.04384133611691,,0.8326036949784997
0x9e5a164b09bf2dec96efe4835acc90eaaf093796bb3aac8af0571f75bf95b077,25239394,1780520243,0xbfa7f9c1983ae40738ea0f128e58aa704461aa3a,0xf00003bf2dcfeb166e3dee7d0e0fff197cdfcabd,0xaec4ee9a108304fcc5cdc323d8a2a1d331c342b7,1.043841,1.04384133611691,1.04384133611691,,0.8326036949784997
0xd1d2281c8876783a7f4ef1a8bfb797217225f2e92b75783153dd78ebcd76fde6,25239395,1780520255,0xbfa7f9c1983ae40738ea0f128e58aa704461aa3a,0xa0f1c3ad83e07d97b5e7030e177718be175275ea,0xaec4ee9a108304fcc5cdc323d8a2a1d331c342b7,1.043841,1.04384133611691,1.04384133611691,,0.8326036949784997
0xc7f89cf268c8ed4fb4531a7976f6c1f85002f0c0c4d720a34c25ddefc49fcaad,25239816,1780525331,0xa28ee7ec4756b4c3340c30a8c8cb8bd708e1dcdc,0x24f24a8cbc4face5b9ee428ff29f6d4679747d2a,0x08ce56a1dc045bcbd34a7964b23516d364df6ba5,1.043841,1.04384133611691,1.04384133611691,,0.8326036949784997
0x6988d7dcd7a114e321c8a67556eb4af7766ab36504fc60d769653410e0d0e567,25239817,1780525343,0xbfa7f9c1983ae40738ea0f128e58aa704461aa3a,0x298b17dd7c2eaf067bb64e5f9095c4be2a85478f,0xaec4ee9a108304fcc5cdc323d8a2a1d331c342b7,1.043836,1.04384133611691,1.04384133611691,,0.8326036949784997
0x022fee244514510846ea185891472d42b943beee8c3a486174ab191183d63ed8,25240021,1780527815,0xa28ee7ec4756b4c3340c30a8c8cb8bd708e1dcdc,0x601feba146520eb55da216f1b0492f1b5ec3b0f1,0x08ce56a1dc045bcbd34a7964b23516d364df6ba5,1.043841,1.04384133611691,1.04384133611691,,0.8326036949784997
0x63b85cf5d47c506c692e708ecbd9369ad7b8bd688556d49ad766934f0fb79ae5,25240021,1780527815,0xbfa7f9c1983ae40738ea0f128e58aa704461aa3a,0x00000000000762339537bd0fd01e44f661bd8f67,0xaec4ee9a108304fcc5cdc323d8a2a1d331c342b7,1.043841,1.04384133611691,1.04384133611691,,0.8326036949784997
0x2d3c3607476c2b70ec4b414a9c8af4a4989e5f35af50978afbb510330b1fbfa6,25240022,1780527827,0xbfa7f9c1983ae40738ea0f128e58aa704461aa3a,0xa0f1c3ad83e07d97b5e7030e177718be175275ea,0xaec4ee9a108304fcc5cdc323d8a2a1d331c342b7,1.04384,1.04384133611691,1.04384133611691,,0.8326036949784997
0x0083c89983734e78e496b83ede1189d543b6197bc5ee12449836d7de4fc2f27c,25240023,1780527839,0xa28ee7ec4756b4c3340c30a8c8cb8bd708e1dcdc,0xa00003b2e58e808bcb536041045a5d0f7750c777,0x9398563acd4539df8f2c613f964c2ecbe6020d6b,1.043841,1.04384133611691,1.04384133611691,,0.8326036949784997
0x381423ab9534761c69436895cb4749c0b41c7045f9d6545fd6c58e9744da1d2e,25240195,1780529915,0xa28ee7ec4756b4c3340c30a8c8cb8bd708e1dcdc,0x9a8ae5461695c5a2a9cc87729a1ea400b3b79ec5,0x08ce56a1dc045bcbd34a7964b23516d364df6ba5,1.043841,1.04384133611691,1.04384133611691,,0.8326036949784997
0x4f9150b1a4b50900e194fc14623e80ae77261ceb65889c0ae64a39f01dd75aa9,25240195,1780529915,0xbfa7f9c1983ae40738ea0f128e58aa704461aa3a,0x00000000000762339537bd0fd01e44f661bd8f67,0xaec4ee9a108304fcc5cdc323d8a2a1d331c342b7,1.04384,1.04384133611691,1.04384133611691,,0.8326036949784997
0x733a63b63b9833ab9bb44673457c41bbc079bdbe0e1d56cf79ba1e5f81c55fc7,25240196,1780529927,0xa28ee7ec4756b4c3340c30a8c8cb8bd708e1dcdc,0x141912670424350f460f7ff4c57c14f57fa761df,0x9398563acd4539df8f2c613f964c2ecbe6020d6b,1.043841,1.04384133611691,1.04384133611691,,0.8326036949784997
0xdd3879d7bd018ed9903c5d386b2dbd565ce7851e300ccf08d5a22f3cef6ed435,25240196,1780529927,0xbfa7f9c1983ae40738ea0f128e58aa704461aa3a,0xa0f1c3ad83e07d97b5e7030e177718be175275ea,0xaec4ee9a108304fcc5cdc323d8a2a1d331c342b7,1.04384,1.04384133611691,1.04384133611691,,0.8326036949784997
0x8e2eb8cff5b876d7bd4eadcc4a5e893c599b93796ec9ddd010be4aee6622b732,25240435,1780532795,0xa28ee7ec4756b4c3340c30a8c8cb8bd708e1dcdc,0xbb13d96f722a2328420663ea845e0ef1eb3295a0,0x08ce56a1dc045bcbd34a7964b23516d364df6ba5,1.043841,1.04384133611691,1.04384133611691,,0.8326036949784997
0x94a47c2fa7a7c56ab71c1ee9290a0026cf67b4ab72496968476433e01ec7a78c,25240435,1780532795,0xa28ee7ec4756b4c3340c30a8c8cb8bd708e1dcdc,0xbb13d96f722a2328420663ea845e0ef1eb3295a0,0x08ce56a1dc045bcbd34a7964b23516d364df6ba5,1.043841,1.04384133611691,1.04384133611691,,0.8326036949784997
0x8b32e5650b5cb9fb57b9e81a722240a1b1f46ae213860ac7549d5450dfe6c406,25240435,1780532795,0xa28ee7ec4756b4c3340c30a8c8cb8bd708e1dcdc,0xbb13d96f722a2328420663ea845e0ef1eb3295a0,0x08ce56a1dc045bcbd34a7964b23516d364df6ba5,1.043841,1.04384133611691,1.04384133611691,,0.8326036949784997
0x21e589cebaafe24400acbb825457f66961c24fb018893d3ffae2bc6ebd7c9e04,25240435,1780532795,0xa28ee7ec4756b4c3340c30a8c8cb8bd708e1dcdc,0xbb13d96f722a2328420663ea845e0ef1eb3295a0,0x08ce56a1dc045bcbd34a7964b23516d364df6ba5,1.043841,1.04384133611691,1.04384133611691,,0.8326036949784997
0xdcec9250aefdb2535cacf2a7a7e574676898a4f4636ce9ea49f3e61fdc81e0f9,25240436,1780532807,0xa28ee7ec4756b4c3340c30a8c8cb8bd708e1dcdc,0x00000f91109c4d0007e90000d9facad5298a0cac,0x08ce56a1dc045bcbd34a7964b23516d364df6ba5,1.043841,1.04384133611691,1.04384133611691,,0.8326036949784997
0x4bc090ed637f00e93567c2adb5ff532f1c81d7f8716d8e7b553fe565ff3c747a,25240436,1780532807,0xa28ee7ec4756b4c3340c30a8c8cb8bd708e1dcdc,0x00000f91109c4d0007e90000d9facad5298a0cac,0x08ce56a1dc045bcbd34a7964b23516d364df6ba5,1.043841,1.04384133611691,1.04384133611691,,0.8326036949784997
0x94263ee03b9c789c99df60acaa7738c8c39599befd14163a9864abf7b4c0822a,25240436,1780532807,0xa28ee7ec4756b4c3340c30a8c8cb8bd708e1dcdc,0x00000f91109c4d0007e90000d9facad5298a0cac,0x08ce56a1dc045bcbd34a7964b23516d364df6ba5,1.043841,1.04384133611691,1.04384133611691,,0.8326036949784997
0x2e3ea32a9bdd325449b58492dcf91bae359a1c4fdc07ddcca5671f6917af6ae6,25240437,1780532819,0xa28ee7ec4756b4c3340c30a8c8cb8bd708e1dcdc,0xa0f1c3ad83e07d97b5e7030e177718be175275ea,0x08ce56a1dc045bcbd34a7964b23516d364df6ba5,1.043841,1.04384133611691,1.04384133611691,,0.8326036949784997
0x474fd192dfa0f47792effdf81f66e6aeef94bbb7383d03a040770e44bbddd12e,25240438,1780532831,0xbfa7f9c1983ae40738ea0f128e58aa704461aa3a,0xf00003bf2dcfeb166e3dee7d0e0fff197cdfcabd,0xaec4ee9a108304fcc5cdc323d8a2a1d331c342b7,1.043841,1.04384133611691,1.04384133611691,,0.8326036949784997
0xd1ffeb5367f80095a0ef914ba1406dae5fa0a95df076690533e3cb6c354cd343,25240440,1780532855,0xa28ee7ec4756b4c3340c30a8c8cb8bd708e1dcdc,0x1f5151b5d5626cdb3ae207ecbb6bbd0771b5fc26,0x08ce56a1dc045bcbd34a7964b23516d364df6ba5,1.043841,1.04384133611691,1.04384133611691,,0.8326036949784997
0xec2c9695b1f18de064a2bb6229dbfb5b7402a6955a96bbb390e05175434ee2a2,25240440,1780532855,0xbfa7f9c1983ae40738ea0f128e58aa704461aa3a,0x00000000000762339537bd0fd01e44f661bd8f67,0xaec4ee9a108304fcc5cdc323d8a2a1d331c342b7,1.043839,1.04384133611691,1.04384133611691,,0.8326036949784997
0x09217a0ae78771c5f4f130f706cd3538e6a33b4f874df28aee8f2af21c61b241,25240440,1780532855,0xa28ee7ec4756b4c3340c30a8c8cb8bd708e1dcdc,0x00000000000762339537bd0fd01e44f661bd8f67,0x9398563acd4539df8f2c613f964c2ecbe6020d6b,1.043841,1.04384133611691,1.04384133611691,,0.8326036949784997
0x1bf7e024323b43ca4e5fe3f27a1f00359c279e64e2076550c41ed74c5c329e6d,25240441,1780532867,0xbfa7f9c1983ae40738ea0f128e58aa704461aa3a,0xa0f1c3ad83e07d97b5e7030e177718be175275ea,0xaec4ee9a108304fcc5cdc323d8a2a1d331c342b7,1.043841,1.04384133611691,1.04384133611691,,0.8326036949784997
0xe22eb46cd70b5e42354d03a52262f1fa53431b6732be3906314fc6486f95001a,25240441,1780532867,0xa28ee7ec4756b4c3340c30a8c8cb8bd708e1dcdc,0xa0f1c3ad83e07d97b5e7030e177718be175275ea,0x9398563acd4539df8f2c613f964c2ecbe6020d6b,1.043839,1.04384133611691,1.04384133611691,,0.8326036949784997
0xf19b535469451103c92bef6e4f5a3d60c99c1cf97733c3d9ad260aeb057410f3,25240441,1780532867,0x0e09ce5c48b48bf72bb667715cbe6977489042cb,0xf00003bf2dcfeb166e3dee7d0e0fff197cdfcabd,0x8067e992c67715851f592094686bc9d2f7d23889,1.043841,1.04384133611691,1.04384133611691,,0.8326036949784997
0x4cd7867cd28250912267572efac6c0fc33d6f92c863740a4c7731dca0db8a8fa,25240442,1780532879,0xa28ee7ec4756b4c3340c30a8c8cb8bd708e1dcdc,0xa00003b2e58e808bcb536041045a5d0f7750c777,0xd604d0f40809954749f536477acbd227c2aad38b,1.043841,1.04384133611691,1.04384133611691,,0.8326036949784997
0x922c9c6f56099bc0ff98608e15f4471a903546333af0e5869f511ff568db2905,25240495,1780533515,0xa28ee7ec4756b4c3340c30a8c8cb8bd708e1dcdc,0xa0f1c3ad83e07d97b5e7030e177718be175275ea,0xd604d0f40809954749f536477acbd227c2aad38b,1.043841,1.04384133611691,1.04384133611691,,0.8326036949784997
0xa4126c751a53edfc16f2883433fd40ed3356995a201c30d245b521a4fcfa92ad,25240495,1780533515,0xa28ee7ec4756b4c3340c30a8c8cb8bd708e1dcdc,0xa0f1c3ad83e07d97b5e7030e177718be175275ea,0x08ce56a1dc045bcbd34a7964b23516d364df6ba5,1.043841,1.04384133611691,1.04384133611691,,0.8326036949784997
0x0f41db7fe43cd3d43bd87cff6349a926f7c786ab57b3d5d9ad936f0c245c2553,25240495,1780533515,0xbfa7f9c1983ae40738ea0f128e58aa704461aa3a,0xa0f1c3ad83e07d97b5e7030e177718be175275ea,0xaec4ee9a108304fcc5cdc323d8a2a1d331c342b7,1.04384,1.04384133611691,1.04384133611691,,0.8326036949784997
0x0f41db7fe43cd3d43bd87cff6349a926f7c786ab57b3d5d9ad936f0c245c2553,25240495,1780533515,0x0e09ce5c48b48bf72bb667715cbe6977489042cb,0xa0f1c3ad83e07d97b5e7030e177718be175275ea,0x8067e992c67715851f592094686bc9d2f7d23889,1.043841,1.04384133611691,1.04384133611691,,0.8326036949784997
0x6b8f4226141cfb299d2de04f8b0f0c8c5e23bfb8f1c7abfbbd1482f2035a4e2f,25240495,1780533515,0xa28ee7ec4756b4c3340c30a8c8cb8bd708e1dcdc,0xa0f1c3ad83e07d97b5e7030e177718be175275ea,0x9398563acd4539df8f2c613f964c2ecbe6020d6b,1.043839,1.04384133611691,1.04384133611691,,0.8326036949784997
0xbe5691ec1a556a5931280ee7577f933039ab3c4f7d8e3255fa6c7fd8b5aa161d,25240687,1780535831,0xa28ee7ec4756b4c3340c30a8c8cb8bd708e1dcdc,0x06687f40250e3bc7a7424302602b8c2f516068ea,0xd604d0f40809954749f536477acbd227c2aad38b,1.043841,1.04384133611691,1.04384133611691,,0.8326036949784997
0x395fc3486c4ea7f4d830233c5317b7121786b5e3a7273047afbdc8993c658fe1,25240687,1780535831,0xa28ee7ec4756b4c3340c30a8c8cb8bd708e1dcdc,0xbb13d96f722a2328420663ea845e0ef1eb3295a0,0x08ce56a1dc045bcbd34a7964b23516d364df6ba5,1.043841,1.04384133611691,1.04384133611691,,0.8326036949784997
0x4c37ba36772724f7830707b99476c453d624972cdb46d989fea8bf0b8aa97f08,25240687,1780535831,0xa28ee7ec4756b4c3340c30a8c8cb8bd708e1dcdc,0xbb13d96f722a2328420663ea845e0ef1eb3295a0,0x08ce56a1dc045bcbd34a7964b23516d364df6ba5,1.043841,1.04384133611691,1.04384133611691,,0.8326036949784997
0x56a22ae0f48319824be0d7e34ee1a838125660fc2c66ab9aeb8a0180fa408bce,25240687,1780535831,0xa28ee7ec4756b4c3340c30a8c8cb8bd708e1dcdc,0xbb13d96f722a2328420663ea845e0ef1eb3295a0,0x08ce56a1dc045bcbd34a7964b23516d364df6ba5,1.043841,1.04384133611691,1.04384133611691,,0.8326036949784997
0xa52ba702f8f974f4b4482f8280ebee49960ba1716c019e639f2fc2ab51d3aa46,25240687,1780535831,0xa28ee7ec4756b4c3340c30a8c8cb8bd708e1dcdc,0xbb13d96f722a2328420663ea845e0ef1eb3295a0,0x08ce56a1dc045bcbd34a7964b23516d364df6ba5,1.043841,1.04384133611691,1.04384133611691,,0.8326036949784997
0xac254df6ab1e4e8b22a9ef6027312e594f714c8ba5d67e0d3fe4bcbdfe32ec54,25240687,1780535831,0xa28ee7ec4756b4c3340c30a8c8cb8bd708e1dcdc,0xbb13d96f722a2328420663ea845e0ef1eb3295a0,0x08ce56a1dc045bcbd34a7964b23516d364df6ba5,1.043841,1.04384133611691,1.04384133611691,,0.8326036949784997
0x4d79294282a8a0f91cf608548d9cff24c089ea59ae90e6379e4a244843769bfa,25240687,1780535831,0xa28ee7ec4756b4c3340c30a8c8cb8bd708e1dcdc,0xbb13d96f722a2328420663ea845e0ef1eb3295a0,0x08ce56a1dc045bcbd34a7964b23516d364df6ba5,1.043841,1.04384133611691,1.04384133611691,,0.8326036949784997
0x62f63297926f86f6162e10e4593331a1acd992cb6143ab55e8a946a13e387f5f,25240687,1780535831,0x0e09ce5c48b48bf72bb667715cbe6977489042cb,0xbb13d96f722a2328420663ea845e0ef1eb3295a0,0x8067e992c67715851f592094686bc9d2f7d23889,1.043841,1.04384133611691,1.04384133611691,,0.8326036949784997
0x53269920000d0250a0c57a479aa4f64d74aae540a83ff42daf5fa9f6370d62a7,25240687,1780535831,0x0e09ce5c48b48bf72bb667715cbe6977489042cb,0xbb13d96f722a2328420663ea845e0ef1eb3295a0,0x8067e992c67715851f592094686bc9d2f7d23889,1.043841,1.04384133611691,1.04384133611691,,0.8326036949784997
0xfe8276a3676714b62e61ac73d96eb769e08caea1bf06caf3fb79f038ecbb8c1d,25240687,1780535831,0xa28ee7ec4756b4c3340c30a8c8cb8bd708e1dcdc,0x00000000000762339537bd0fd01e44f661bd8f67,0x08ce56a1dc045bcbd34a7964b23516d364df6ba5,1.043841,1.04384133611691,1.04384133611691,,0.8326036949784997
0x864de6b6293014599fea5ba59abf7344d57d8724e2ab8e37baaf6b2bdeb790c0,25240687,1780535831,0xbfa7f9c1983ae40738ea0f128e58aa704461aa3a,0x00000000000762339537bd0fd01e44f661bd8f67,0xaec4ee9a108304fcc5cdc323d8a2a1d331c342b7,1.04384,1.04384133611691,1.04384133611691,,0.8326036949784997
0x36892f3f441f1667c38096b9395f4532551a12bbb1255c9bf395612a5ebf0404,25240687,1780535831,0x0e09ce5c48b48bf72bb667715cbe6977489042cb,0xe08d97e151473a848c3d9ca3f323cb720472d015,0x8067e992c67715851f592094686bc9d2f7d23889,1.043841,1.04384133611691,1.04384133611691,,0.8326036949784997
0x7a13960725cdfd4d8d73c7417d4af0c3dda320beeaa6e46e4f0e01ec4d667272,25240687,1780535831,0x0e09ce5c48b48bf72bb667715cbe6977489042cb,0xe08d97e151473a848c3d9ca3f323cb720472d015,0x8067e992c67715851f592094686bc9d2f7d23889,1.043841,1.04384133611691,1.04384133611691,,0.8326036949784997
0xa7006ec5c543e1e44ce0060fe63eea551bae5ac580eda36c954a1b1dc0f128c6,25240687,1780535831,0x0e09ce5c48b48bf72bb667715cbe6977489042cb,0xe08d97e151473a848c3d9ca3f323cb720472d015,0x8067e992c67715851f592094686bc9d2f7d23889,1.043841,1.04384133611691,1.04384133611691,,0.8326036949784997
0xc72dfa234f5fb9bbe7e3ad1319f8fdf475b95fa9ff3ac7bf296ae62ad3fb4c1a,25240688,1780535843,0xbfa7f9c1983ae40738ea0f128e58aa704461aa3a,0xa0f1c3ad83e07d97b5e7030e177718be175275ea,0xaec4ee9a108304fcc5cdc323d8a2a1d331c342b7,1.043837,1.04384133611691,1.04384133611691,,0.8326036949784997
0x27a83e16cd90cdf5b36f3a98aff8b475947a41a87e6dfa17a4e0aec1c3a36fbb,25240691,1780535879,0xa28ee7ec4756b4c3340c30a8c8cb8bd708e1dcdc,0x00000000000762339537bd0fd01e44f661bd8f67,0x9398563acd4539df8f2c613f964c2ecbe6020d6b,1.043839,1.04384133611691,1.04384133611691,,0.8326036949784997
0x83445d1b51ad187cf08262be9602ce1c16761736ada3094a393e13214df91f80,25240693,1780535903,0xa28ee7ec4756b4c3340c30a8c8cb8bd708e1dcdc,0xa0f1c3ad83e07d97b5e7030e177718be175275ea,0x9398563acd4539df8f2c613f964c2ecbe6020d6b,1.043824,1.04384133611691,1.04384133611691,,0.8326036949784997
0xa7ba1c3abd43a93aececfd486b8477b489feed1b07160ab048ba999dfb315001,25240716,1780536191,0xa28ee7ec4756b4c3340c30a8c8cb8bd708e1dcdc,0x9f0c48d363927b83ffc78ac5ff2668ae3a81984e,0x08ce56a1dc045bcbd34a7964b23516d364df6ba5,1.043841,1.04384133611691,1.04384133611691,,0.8326036949784997
0xb30e947e10d54300fb79745f25aaf90b9957358eee22167d05557f10685994b6,25240716,1780536191,0xa28ee7ec4756b4c3340c30a8c8cb8bd708e1dcdc,0x00000000000762339537bd0fd01e44f661bd8f67,0x9398563acd4539df8f2c613f964c2ecbe6020d6b,1.043841,1.04384133611691,1.04384133611691,,0.8326036949784997
0xb862c2ad697d156996a192754abf9c7063b3034fb3f1ec186d00430c689aae1d,25240716,1780536191,0xa28ee7ec4756b4c3340c30a8c8cb8bd708e1dcdc,0xa0f1c3ad83e07d97b5e7030e177718be175275ea,0xd604d0f40809954749f536477acbd227c2aad38b,1.043841,1.04384133611691,1.04384133611691,,0.8326036949784997
0x2c6dfeb9df3f5eba01e26fd4f9760682b3e0303384104de2d65f259d83b5b752,25240716,1780536191,0x0e09ce5c48b48bf72bb667715cbe6977489042cb,0xbb13d96f722a2328420663ea845e0ef1eb3295a0,0x8067e992c67715851f592094686bc9d2f7d23889,1.043841,1.04384133611691,1.04384133611691,,0.8326036949784997
0x5d30725b8610e21999af935ebf71c2e6207485ce34b7f2aa6d7a71b26e1f53fc,25240716,1780536191,0x0e09ce5c48b48bf72bb667715cbe6977489042cb,0x00000000000762339537bd0fd01e44f661bd8f67,0x8067e992c67715851f592094686bc9d2f7d23889,1.043841,1.04384133611691,1.04384133611691,,0.8326036949784997
0xb25cd0cbfc7ea32769f52afc8c4513c3c765c055c36b225ae3bd3f0dac49fc87,25240717,1780536203,0x0e09ce5c48b48bf72bb667715cbe6977489042cb,0x00000f91109c4d0007e90000d9facad5298a0cac,0x8067e992c67715851f592094686bc9d2f7d23889,1.043841,1.04384133611691,1.04384133611691,,0.8326036949784997
0x9595f2afb88e0ffa9f0cce3cfe04c43cdb0e5c8b8f026aba3bd0a09f6fadd64e,25240717,1780536203,0x0e09ce5c48b48bf72bb667715cbe6977489042cb,0x00000f91109c4d0007e90000d9facad5298a0cac,0x8067e992c67715851f592094686bc9d2f7d23889,1.043841,1.04384133611691,1.04384133611691,,0.8326036949784997
0x768638437ea5de7459f54116932250bd993e96177f47a35ce28c9267c18d0187,25240717,1780536203,0x0e09ce5c48b48bf72bb667715cbe6977489042cb,0x00000f91109c4d0007e90000d9facad5298a0cac,0x8067e992c67715851f592094686bc9d2f7d23889,1.043841,1.04384133611691,1.04384133611691,,0.8326036949784997
0xd2d1f1c0743a13a5f93947d3db0925204bf0015882f2d7e9783c65db4966729b,25240717,1780536203,0xbfa7f9c1983ae40738ea0f128e58aa704461aa3a,0xa0f1c3ad83e07d97b5e7030e177718be175275ea,0xaec4ee9a108304fcc5cdc323d8a2a1d331c342b7,1.04384,1.04384133611691,1.04384133611691,,0.8326036949784997
0xa058e1dfbf36645f659f4739a75723e5550b861c6394c152d1ef129248ac6541,25240724,1780536287,0x11b0f28028e3659c1ae18e153625c4f1c95698c8,0xa00003b2e58e808bcb536041045a5d0f7750c777,0xdc4fbaee1ebb4629664aac9a7649cde62b5af07a,1.043841,1.04384133611691,1.04384133611691,,0.8326036949784997
0x387891a0f8e08850c337dffacc8acb50f052ec3b8d91ff0b80a8476f08993deb,25240836,1780537631,0xa28ee7ec4756b4c3340c30a8c8cb8bd708e1dcdc,0x00000000000762339537bd0fd01e44f661bd8f67,0x08ce56a1dc045bcbd34a7964b23516d364df6ba5,1.04384,1.04384133611691,1.04384133611691,,0.8326036949784997
0x7750d148c84af50ddd651c701966634eb4191317c769cfc262fc32abc6404099,25240836,1780537631,0xa28ee7ec4756b4c3340c30a8c8cb8bd708e1dcdc,0xa0f1c3ad83e07d97b5e7030e177718be175275ea,0xd604d0f40809954749f536477acbd227c2aad38b,1.043841,1.04384133611691,1.04384133611691,,0.8326036949784997
0x7750d148c84af50ddd651c701966634eb4191317c769cfc262fc32abc6404099,25240836,1780537631,0xa28ee7ec4756b4c3340c30a8c8cb8bd708e1dcdc,0xa0f1c3ad83e07d97b5e7030e177718be175275ea,0x9398563acd4539df8f2c613f964c2ecbe6020d6b,1.043827,1.04384133611691,1.04384133611691,,0.8326036949784997
0x44214300c4a58a3de867d82a7f538cc03395a989fcb5f2da41d1d911d08de9e5,25240836,1780537631,0x0e09ce5c48b48bf72bb667715cbe6977489042cb,0xa0f1c3ad83e07d97b5e7030e177718be175275ea,0x8067e992c67715851f592094686bc9d2f7d23889,1.04384,1.04384133611691,1.04384133611691,,0.8326036949784997
0xb1eefebc29bafdc6324edc19bd60663d5f349b6bcbc9298be4e29c74d0189c60,25240836,1780537631,0xbfa7f9c1983ae40738ea0f128e58aa704461aa3a,0xa0f1c3ad83e07d97b5e7030e177718be175275ea,0xaec4ee9a108304fcc5cdc323d8a2a1d331c342b7,1.04383,1.04384133611691,1.04384133611691,,0.8326036949784997
0x92c00499c93163b525f22e79bd4b52d88a4f487a88a646a47addd34391c677ef,25240837,1780537643,0xa28ee7ec4756b4c3340c30a8c8cb8bd708e1dcdc,0xa0f1c3ad83e07d97b5e7030e177718be175275ea,0x08ce56a1dc045bcbd34a7964b23516d364df6ba5,1.04384,1.04384133611691,1.04384133611691,,0.8326036949784997
0x541542105b195f7fce41597b741529398f44bf073f01a407afeaf3f9114e243d,25240871,1780538051,0xa28ee7ec4756b4c3340c30a8c8cb8bd708e1dcdc,0x00000000000762339537bd0fd01e44f661bd8f67,0xd604d0f40809954749f536477acbd227c2aad38b,1.043841,1.04384133611691,1.04384133611691,,0.8326036949784997
0x530c9707ba46e4999c11179bbe5717c0663b14befd5d35acc6b24ad8528b6ba6,25240871,1780538051,0xa28ee7ec4756b4c3340c30a8c8cb8bd708e1dcdc,0x850e66d989ce9223c4e0f28048e18d72a851707f,0x08ce56a1dc045bcbd34a7964b23516d364df6ba5,1.043841,1.04384133611691,1.04384133611691,,0.8326036949784997
0x84bcaa8e659852ffedfb0e2ed044d8b711dd35378fdefceb3c61ac86f39befdd,25240871,1780538051,0x0e09ce5c48b48bf72bb667715cbe6977489042cb,0x00000000000762339537bd0fd01e44f661bd8f67,0x8067e992c67715851f592094686bc9d2f7d23889,1.043841,1.04384133611691,1.04384133611691,,0.8326036949784997
0xab7bf4cd09fbc5b28b9a4774c106a33442b2a912b90859e443df5b05c1d8426c,25240871,1780538051,0x0e09ce5c48b48bf72bb667715cbe6977489042cb,0x00000000000762339537bd0fd01e44f661bd8f67,0x8067e992c67715851f592094686bc9d2f7d23889,1.043841,1.04384133611691,1.04384133611691,,0.8326036949784997
0xc746fd0f758bd523890c16682a78e0bde9c58286fd5a85c1f1be1b8826caa83c,25240871,1780538051,0xbfa7f9c1983ae40738ea0f128e58aa704461aa3a,0x00000000000762339537bd0fd01e44f661bd8f67,0xaec4ee9a108304fcc5cdc323d8a2a1d331c342b7,1.043839,1.04384133611691,1.04384133611691,,0.8326036949784997
0x2a211ecf5e0d3e126c94c1136d747aa16f89f2654a7c127a07ff28d2d9ef1737,25240871,1780538051,0xa28ee7ec4756b4c3340c30a8c8cb8bd708e1dcdc,0xa00003b2e58e808bcb536041045a5d0f7750c777,0xa43b8dbef95f4735434b690e7f36b2887c67f053,1.043841,1.04384133611691,1.04384133611691,,0.8326036949784997
0x0cb8accd71071b9c6a9ac7e94d74af87555990ec88734f478628356b5813034a,25240871,1780538051,0x0e09ce5c48b48bf72bb667715cbe6977489042cb,0xbb13d96f722a2328420663ea845e0ef1eb3295a0,0x8067e992c67715851f592094686bc9d2f7d23889,1.043841,1.04384133611691,1.04384133611691,,0.8326036949784997
0x0160a52b584e3d4ee14288986f29ede6547eba90fa5b13a86d32cbcffbdef415,25240871,1780538051,0xa28ee7ec4756b4c3340c30a8c8cb8bd708e1dcdc,0xa0f1c3ad83e07d97b5e7030e177718be175275ea,0x9398563acd4539df8f2c613f964c2ecbe6020d6b,1.043841,1.04384133611691,1.04384133611691,,0.8326036949784997
0x433ac534885be1ee820531eff7405c450273b7e5f2e80efdda379771dd8e4495,25240872,1780538063,0x0e09ce5c48b48bf72bb667715cbe6977489042cb,0xe38c8003edf8e74e90e84ca7cc46a358de0855a3,0x8067e992c67715851f592094686bc9d2f7d23889,1.043841,1.04384133611691,1.04384133611691,,0.8326036949784997
0x0f152c2ed487cb192d4ca2432e4ec1eb6a2e811441159ace793e5b6f168657cd,25240872,1780538063,0xa28ee7ec4756b4c3340c30a8c8cb8bd708e1dcdc,0xa0f1c3ad83e07d97b5e7030e177718be175275ea,0x08ce56a1dc045bcbd34a7964b23516d364df6ba5,1.043841,1.04384133611691,1.04384133611691,,0.8326036949784997
0x71c14dbe5d079b831799dd27edc925a7208d108caf1a03f75d6dff7b901c0f69,25240872,1780538063,0xa28ee7ec4756b4c3340c30a8c8cb8bd708e1dcdc,0xa0f1c3ad83e07d97b5e7030e177718be175275ea,0xd604d0f40809954749f536477acbd227c2aad38b,1.043841,1.04384133611691,1.04384133611691,,0.8326036949784997
0xa4d2bfe0c8af3f9562876d43101a6d40cf455da89927529c9913aa52b8a81a35,25240872,1780538063,0xbfa7f9c1983ae40738ea0f128e58aa704461aa3a,0xa0f1c3ad83e07d97b5e7030e177718be175275ea,0xaec4ee9a108304fcc5cdc323d8a2a1d331c342b7,1.04384,1.04384133611691,1.04384133611691,,0.8326036949784997
0x5272983d3b46298280fdb88af9c9625d702c6646a563a96e956f4f135a936160,25240874,1780538087,0xbfa7f9c1983ae40738ea0f128e58aa704461aa3a,0xf00003bf2dcfeb166e3dee7d0e0fff197cdfcabd,0x562d48f6801045453f9783a0922361ec1b7bf439,1.043841,1.04384133611691,1.04384133611691,,0.8326036949784997
0x18c84cf288c8e2b132ce963f936d9592f09bdd883313f3024ad01d5055c32a56,25240913,1780538555,0xa28ee7ec4756b4c3340c30a8c8cb8bd708e1dcdc,0xbb13d96f722a2328420663ea845e0ef1eb3295a0,0x08ce56a1dc045bcbd34a7964b23516d364df6ba5,1.043841,1.04384133611691,1.04384133611691,,0.8326036949784997
0x2e8d3228ad1488b5bec7f9e7194a71624f97fe2e230c3543337da6e80d7a544d,25240913,1780538555,0xa28ee7ec4756b4c3340c30a8c8cb8bd708e1dcdc,0xbb13d96f722a2328420663ea845e0ef1eb3295a0,0x08ce56a1dc045bcbd34a7964b23516d364df6ba5,1.043841,1.04384133611691,1.04384133611691,,0.8326036949784997
0x8e134971acfeee6a98f5ed1c105d8d169287293a8df642ee779feee2c80dbf44,25240913,1780538555,0xa28ee7ec4756b4c3340c30a8c8cb8bd708e1dcdc,0xbb13d96f722a2328420663ea845e0ef1eb3295a0,0x08ce56a1dc045bcbd34a7964b23516d364df6ba5,1.043841,1.04384133611691,1.04384133611691,,0.8326036949784997
0x0c566a68d24d47db3252a67bc5c951c0f91ab3fd4f33ef8fa3c2b730c8c6c96f,25240913,1780538555,0xa28ee7ec4756b4c3340c30a8c8cb8bd708e1dcdc,0xbb13d96f722a2328420663ea845e0ef1eb3295a0,0x08ce56a1dc045bcbd34a7964b23516d364df6ba5,1.043841,1.04384133611691,1.04384133611691,,0.8326036949784997
0xa5351c858cb3f5745c35b31f20cdff6109eb5f984a9a7252239f57b8ef6e6f3c,25240913,1780538555,0xa28ee7ec4756b4c3340c30a8c8cb8bd708e1dcdc,0xbb13d96f722a2328420663ea845e0ef1eb3295a0,0x08ce56a1dc045bcbd34a7964b23516d364df6ba5,1.043841,1.04384133611691,1.04384133611691,,0.8326036949784997
0x891f36a8ab5619f53247b85ef3f66c4aae11f3accbd155be573a838398f6cd96,25240913,1780538555,0xa28ee7ec4756b4c3340c30a8c8cb8bd708e1dcdc,0xbb13d96f722a2328420663ea845e0ef1eb3295a0,0x08ce56a1dc045bcbd34a7964b23516d364df6ba5,1.043841,1.04384133611691,1.04384133611691,,0.8326036949784997
0xee4643ce51817b475f60802df52b12cc7eea4c605893a540cdbef9fa82bf2d0f,25240913,1780538555,0x0e09ce5c48b48bf72bb667715cbe6977489042cb,0xbb13d96f722a2328420663ea845e0ef1eb3295a0,0x8067e992c67715851f592094686bc9d2f7d23889,1.043841,1.04384133611691,1.04384133611691,,0.8326036949784997
0x7cbaa3a1e3ea3d7f222108752bf8193d08f9d1191af77cbf3e5ac88e75ee0a66,25240913,1780538555,0x0e09ce5c48b48bf72bb667715cbe6977489042cb,0xbb13d96f722a2328420663ea845e0ef1eb3295a0,0x8067e992c67715851f592094686bc9d2f7d23889,1.043841,1.04384133611691,1.04384133611691,,0.8326036949784997
0xaf2bf38f1aafcb344e9c032dc21b2a59ab006e1011b01207fa0e699515359d4e,25240913,1780538555,0x0e09ce5c48b48bf72bb667715cbe6977489042cb,0xbb13d96f722a2328420663ea845e0ef1eb3295a0,0x8067e992c67715851f592094686bc9d2f7d23889,1.043841,1.04384133611691,1.04384133611691,,0.8326036949784997
0xf3ab30e28d0457a395ce4c402919fdce98df6fe3bac58cd282ea75d88c974745,25240913,1780538555,0x0e09ce5c48b48bf72bb667715cbe6977489042cb,0xbb13d96f722a2328420663ea845e0ef1eb3295a0,0x8067e992c67715851f592094686bc9d2f7d23889,1.043841,1.04384133611691,1.04384133611691,,0.8326036949784997
0x2c4dd254162602e3e5234326bb6472e116455b15fdc2b0752239b5967aa696a5,25240913,1780538555,0x0e09ce5c48b48bf72bb667715cbe6977489042cb,0xbb13d96f722a2328420663ea845e0ef1eb3295a0,0x8067e992c67715851f592094686bc9d2f7d23889,1.043841,1.04384133611691,1.04384133611691,,0.8326036949784997
0x4db186bcdc6f75db594cf2b7a2e250705e2ce22b02066cf7f2802316c39aba91,25240914,1780538567,0xa28ee7ec4756b4c3340c30a8c8cb8bd708e1dcdc,0xa00003b2e58e808bcb536041045a5d0f7750c777,0xd604d0f40809954749f536477acbd227c2aad38b,1.043841,1.04384133611691,1.04384133611691,,0.8326036949784997
0x740a46149e9e7b49886f7ed91557dbe97e447f69a96951c45e5bcaf31695b61b,25240914,1780538567,0xbfa7f9c1983ae40738ea0f128e58aa704461aa3a,0xa0f1c3ad83e07d97b5e7030e177718be175275ea,0x562d48f6801045453f9783a0922361ec1b7bf439,1.043841,1.04384133611691,1.04384133611691,,0.8326036949784997
0x248704bce344aeb1a912e7bd1f3f2c354ba0c8a1710b0db2b13248bb4574c31b,25240914,1780538567,0xbfa7f9c1983ae40738ea0f128e58aa704461aa3a,0xa0f1c3ad83e07d97b5e7030e177718be175275ea,0xaec4ee9a108304fcc5cdc323d8a2a1d331c342b7,1.04384,1.04384133611691,1.04384133611691,,0.8326036949784997
0x34be28862da3ea5f020bdfc3637460df390827f75f104fbf4ffdf50d7a1499da,25240914,1780538567,0xa28ee7ec4756b4c3340c30a8c8cb8bd708e1dcdc,0xa0f1c3ad83e07d97b5e7030e177718be175275ea,0x08ce56a1dc045bcbd34a7964b23516d364df6ba5,1.043841,1.04384133611691,1.04384133611691,,0.8326036949784997
0xf89f8977966f087e872c9483df4d25cdc3c6c0500ac3ac32b4cf29eaaca89506,25240914,1780538567,0x0e09ce5c48b48bf72bb667715cbe6977489042cb,0xa0f1c3ad83e07d97b5e7030e177718be175275ea,0x8067e992c67715851f592094686bc9d2f7d23889,1.043841,1.04384133611691,1.04384133611691,,0.8326036949784997
0xd104c3f03b5613d70414df66f42faeada0fec902ef127a1f611b72ebac748eb1,25240919,1780538627,0xbfa7f9c1983ae40738ea0f128e58aa704461aa3a,0xf00003bf2dcfeb166e3dee7d0e0fff197cdfcabd,0x60e1de483c0c3657d79c735e9ff4d9ea84b44b67,1.043841,1.04384133611691,1.04384133611691,,0.8326036949784997
0xdca4010f575faa93158ba0dc07220650125d405df0638fae08f0c6e5494f00ee,25240920,1780538639,0xbfa7f9c1983ae40738ea0f128e58aa704461aa3a,0x492d255234c83f2ddc5aa904d8a9db6743e9f046,0x60e1de483c0c3657d79c735e9ff4d9ea84b44b67,1.043841,1.04384133611691,1.04384133611691,,0.8326036949784997
0x782d54f5a4332e8583cd165d235f51f1a2ecad0310f5555cc9c0afbdba8cd7e6,25240921,1780538651,0xbfa7f9c1983ae40738ea0f128e58aa704461aa3a,0xa0f1c3ad83e07d97b5e7030e177718be175275ea,0x60e1de483c0c3657d79c735e9ff4d9ea84b44b67,1.043841,1.04384133611691,1.04384133611691,,0.8326036949784997
0x782d54f5a4332e8583cd165d235f51f1a2ecad0310f5555cc9c0afbdba8cd7e6,25240921,1780538651,0xa28ee7ec4756b4c3340c30a8c8cb8bd708e1dcdc,0xa0f1c3ad83e07d97b5e7030e177718be175275ea,0xa43b8dbef95f4735434b690e7f36b2887c67f053,1.04384,1.04384133611691,1.04384133611691,,0.8326036949784997
0x60ed8796464e746e4ad1b349dfdf8002725e604975d157953df0fa8f973fee1c,25240922,1780538663,0x11b0f28028e3659c1ae18e153625c4f1c95698c8,0xa00003b2e58e808bcb536041045a5d0f7750c777,0x21e39af4f3a2f06cf89dc13155dbd6e2f7576bbf,1.043841,1.04384133611691,1.04384133611691,,0.8326036949784997
0x7c4aa196c4b3c96b7b2c302f06e08b020c37a0de883f2146cccd35080abddb9c,25240922,1780538663,0x11b0f28028e3659c1ae18e153625c4f1c95698c8,0xa00003b2e58e808bcb536041045a5d0f7750c777,0xdc4fbaee1ebb4629664aac9a7649cde62b5af07a,1.043841,1.04384133611691,1.04384133611691,,0.8326036949784997
0x3c8e3cb7b0445d856e6bdd1f8446418a86e768aefd8942995d99b3d1e11ddd1d,25240926,1780538711,0xa28ee7ec4756b4c3340c30a8c8cb8bd708e1dcdc,0xa0f1c3ad83e07d97b5e7030e177718be175275ea,0x08ce56a1dc045bcbd34a7964b23516d364df6ba5,1.043841,1.04384133611691,1.04384133611691,,0.8326036949784997
0x0e03c314fea0f398b168c4746ce95b4d5beccd2c264ea58017726b1a1354907c,25240926,1780538711,0xa28ee7ec4756b4c3340c30a8c8cb8bd708e1dcdc,0xa0f1c3ad83e07d97b5e7030e177718be175275ea,0xd604d0f40809954749f536477acbd227c2aad38b,1.043841,1.04384133611691,1.04384133611691,,0.8326036949784997
0xc082a9c6de129e94cd3e8665b7e9f479b52b158a0a791c5a412a427dce907cc8,25240926,1780538711,0x0e09ce5c48b48bf72bb667715cbe6977489042cb,0x00000000000762339537bd0fd01e44f661bd8f67,0x8067e992c67715851f592094686bc9d2f7d23889,1.043841,1.04384133611691,1.04384133611691,,0.8326036949784997
0x08f2c426a9abf95dba08a38ebe38189cba9f3758756acc54e667b8dc2778c73d,25240926,1780538711,0xa28ee7ec4756b4c3340c30a8c8cb8bd708e1dcdc,0xa00003b2e58e808bcb536041045a5d0f7750c777,0x9398563acd4539df8f2c613f964c2ecbe6020d6b,1.043841,1.04384133611691,1.04384133611691,,0.8326036949784997
0x0cb2401ac69491fd7208c2f2d3f2b21e69f112c1af4a0595894096b925d27e55,25240927,1780538723,0x0e09ce5c48b48bf72bb667715cbe6977489042cb,0x339c0db4a0030c88b4a48aafe56cdba23c8d4338,0x8067e992c67715851f592094686bc9d2f7d23889,1.043841,1.04384133611691,1.04384133611691,,0.8326036949784997
0xf75cfc9d027bd9d7547139a414018187f3414bc2fe7f53cf75ff4de635b319d2,25240927,1780538723,0x0e09ce5c48b48bf72bb667715cbe6977489042cb,0x00000000000762339537bd0fd01e44f661bd8f67,0x8067e992c67715851f592094686bc9d2f7d23889,1.043841,1.04384133611691,1.04384133611691,,0.8326036949784997
0x28b967565ae469c2536c9ff999dad984ab0daef3e8becde7a2248b4f0cae06a9,25240927,1780538723,0x0e09ce5c48b48bf72bb667715cbe6977489042cb,0x00000000000762339537bd0fd01e44f661bd8f67,0x8067e992c67715851f592094686bc9d2f7d23889,1.043841,1.04384133611691,1.04384133611691,,0.8326036949784997
0xc6823d4fa17589d7c1ad2f951ad34d3cc3602de43094d65ee4b8f2d0482d07c8,25240928,1780538735,0xa28ee7ec4756b4c3340c30a8c8cb8bd708e1dcdc,0xa0f1c3ad83e07d97b5e7030e177718be175275ea,0xa43b8dbef95f4735434b690e7f36b2887c67f053,1.04384,1.04384133611691,1.04384133611691,,0.8326036949784997
0xdd2544915bcbd24c70ab33fba3b78f33c0c1784d5fa5762c56efeb58600f7525,25240928,1780538735,0x0e09ce5c48b48bf72bb667715cbe6977489042cb,0x339c0db4a0030c88b4a48aafe56cdba23c8d4338,0x8067e992c67715851f592094686bc9d2f7d23889,1.043841,1.04384133611691,1.04384133611691,,0.8326036949784997
0x61ee14cbd1f10497e0b9963f5b614999b7eb982cfd09b6544b0f3f7c079e67f8,25240928,1780538735,0x11b0f28028e3659c1ae18e153625c4f1c95698c8,0xf1d2d880c5dde7cc912636c2b4d080b3fe5f7b50,0xdc4fbaee1ebb4629664aac9a7649cde62b5af07a,1.043841,1.04384133611691,1.04384133611691,,0.8326036949784997
0xd3a240c7f80758d1e3cbf70b50790774ad1d3ef8aff5819f7589f0878ff5234f,25240928,1780538735,0xbfa7f9c1983ae40738ea0f128e58aa704461aa3a,0xa0f1c3ad83e07d97b5e7030e177718be175275ea,0x562d48f6801045453f9783a0922361ec1b7bf439,1.043841,1.04384133611691,1.04384133611691,,0.8326036949784997
0x8b3e16c4a822837065a904f800af294f6c83e672f822b38126f580eb6c4cf8ce,25240929,1780538747,0xbfa7f9c1983ae40738ea0f128e58aa704461aa3a,0xa0f1c3ad83e07d97b5e7030e177718be175275ea,0x60e1de483c0c3657d79c735e9ff4d9ea84b44b67,1.043841,1.04384133611691,1.04384133611691,,0.8326036949784997
0xc3bc22a0bf2259fdf677b2e9a6ef5fc2550df812fd1f338325555cf8c78395a9,25240929,1780538747,0xbfa7f9c1983ae40738ea0f128e58aa704461aa3a,0xa0f1c3ad83e07d97b5e7030e177718be175275ea,0xaec4ee9a108304fcc5cdc323d8a2a1d331c342b7,1.043841,1.04384133611691,1.04384133611691,,0.8326036949784997
0xb0dfedaeaa0a7e9bc0570360783dd514d41a7c960d052316f105893c8ea91897,25240932,1780538783,0x11b0f28028e3659c1ae18e153625c4f1c95698c8,0xf00003bf2dcfeb166e3dee7d0e0fff197cdfcabd,0x21e39af4f3a2f06cf89dc13155dbd6e2f7576bbf,1.043841,1.04384133611691,1.04384133611691,,0.8326036949784997
0x216c30624d23d68735606004e0dc65198a9cb18eb71c3a5aec52a7acdecacff5,25240932,1780538783,0xd1a6a3b4f22bbe611be31a0e7ec359c4de1d6902,0xf00003bf2dcfeb166e3dee7d0e0fff197cdfcabd,0xe143e1de863103bf83a9c5e9fce4d9ad78a543b2,1.043841,1.04384133611691,1.04384133611691,,0.8326036949784997
0x33e40b08c7470716d7755dadb26d1e6911c11f6d5c056c9162a0cdb921c74885,25242040,1780552139,0x4c2401b490cec2ac30f54c9c4f3c65c2677ae07f,0xc0de2807cad1b02b9e0bbf886592cdb79150bcd0,0xbea7622cd1dc23b97c4ec44fdd1afa9f1eeffaef,1.026167,1.0261672652642382,1.0261672652642382,,0.8978687766514472
0xe80c34c3bef4229e37d678fe9e60edc7b647c238fa3e1b4e48c54c6ec65f73c3,25248519,1780630379,0x1ac73015626cb8941f83f83f1039102d87fb7838,0xe08d97e151473a848c3d9ca3f323cb720472d015,0x1a7cda1f6eb3080287b3c2b4c2bef45ef9047996,1.043841,1.04384133611691,1.04384133611691,,0.8326036949784997
0x899cc795eb21f7f0936ee760c08eb0c4b3ceda0ca003072b42708063ebd9e69f,25248673,1780632239,0x1ac73015626cb8941f83f83f1039102d87fb7838,0xe08d97e151473a848c3d9ca3f323cb720472d015,0x1a7cda1f6eb3080287b3c2b4c2bef45ef9047996,1.043841,1.04384133611691,1.04384133611691,,0.8326036949784997
0x83491f2d084a3ac58c4b04254ff97495e782b5e3234b037781c50dca3da5bcc8,25249146,1780637927,0x1ac73015626cb8941f83f83f1039102d87fb7838,0xe08d97e151473a848c3d9ca3f323cb720472d015,0x1a7cda1f6eb3080287b3c2b4c2bef45ef9047996,1.043841,1.04384133611691,1.04384133611691,,0.8326036949784997
0x86b5eaabe16d106204b3a843f852c678605ee4d6006068f5ac78f655e1e47ee5,25249151,1780637987,0x11b0f28028e3659c1ae18e153625c4f1c95698c8,0xf00003bf2dcfeb166e3dee7d0e0fff197cdfcabd,0xdc4fbaee1ebb4629664aac9a7649cde62b5af07a,1.043841,1.04384133611691,1.04384133611691,,0.8326036949784997
0x0aec05844abdb779e974b88d61186c6663dc03ace13b71f8bc28eea863818ade,25249155,1780638035,0x11b0f28028e3659c1ae18e153625c4f1c95698c8,0xf00003bf2dcfeb166e3dee7d0e0fff197cdfcabd,0x21e39af4f3a2f06cf89dc13155dbd6e2f7576bbf,1.043841,1.04384133611691,1.04384133611691,,0.8326036949784997
0x46946d7d8c78a62bb6f65b485926d11452b9e1effe5d4e86b23a53744f3ee9e7,25249162,1780638119,0x1ac73015626cb8941f83f83f1039102d87fb7838,0xa0f1c3ad83e07d97b5e7030e177718be175275ea,0x1a7cda1f6eb3080287b3c2b4c2bef45ef9047996,1.043841,1.04384133611691,1.04384133611691,,0.8326036949784997
0xe48f8a44b1b9af23f25b1cc87c6403bfc6e508a21a09f686e4d656b6d76bfd40,25249184,1780638383,0x1ac73015626cb8941f83f83f1039102d87fb7838,0xa0f1c3ad83e07d97b5e7030e177718be175275ea,0x1a7cda1f6eb3080287b3c2b4c2bef45ef9047996,1.043841,1.04384133611691,1.04384133611691,,0.8326036949784997
0xa65844a8fb533273175f1cbe945c04f7b5366d06a3cbd167b68635aabf9c957f,25249190,1780638455,0x11b0f28028e3659c1ae18e153625c4f1c95698c8,0xe08d97e151473a848c3d9ca3f323cb720472d015,0xdc4fbaee1ebb4629664aac9a7649cde62b5af07a,1.043841,1.04384133611691,1.04384133611691,,0.8326036949784997
0xee991694c44cace78703b42f4d6d01b4aaaa4cc1225bfab1334821aff9f767e3,25249190,1780638455,0x11b0f28028e3659c1ae18e153625c4f1c95698c8,0x50f02612ea1f79a84ef72d6912a5452f40a88edd,0x21e39af4f3a2f06cf89dc13155dbd6e2f7576bbf,1.043841,1.04384133611691,1.04384133611691,,0.8326036949784997
0xae759d2509a77a642208bdd5bece5d730eb5ceffe7e0cbd16974c5da31856032,25249193,1780638491,0xd1a6a3b4f22bbe611be31a0e7ec359c4de1d6902,0xa00003b2e58e808bcb536041045a5d0f7750c777,0xe143e1de863103bf83a9c5e9fce4d9ad78a543b2,1.043841,1.04384133611691,1.04384133611691,,0.8326036949784997
0xd68bb8c88bfba7dada7ef61fba7da6e6cc5b59b0bebb6bb9769c390b3e8c1601,25249193,1780638491,0x1ac73015626cb8941f83f83f1039102d87fb7838,0xa0f1c3ad83e07d97b5e7030e177718be175275ea,0x1a7cda1f6eb3080287b3c2b4c2bef45ef9047996,1.043841,1.04384133611691,1.04384133611691,,0.8326036949784997
0x3ea4a1a32ce01abe88382b5a632f6bff0d7d90d7a8509f50f398bb12b3a3e0bf,25249194,1780638503,0x11b0f28028e3659c1ae18e153625c4f1c95698c8,0xe08d97e151473a848c3d9ca3f323cb720472d015,0xdc4fbaee1ebb4629664aac9a7649cde62b5af07a,1.043841,1.04384133611691,1.04384133611691,,0.8326036949784997
0xf73b63c5b1acc05681e907ce7fa2779432ba099107235bb1a90ce9349354aae9,25249197,1780638539,0x11b0f28028e3659c1ae18e153625c4f1c95698c8,0xa00003b2e58e808bcb536041045a5d0f7750c777,0x21e39af4f3a2f06cf89dc13155dbd6e2f7576bbf,1.043841,1.04384133611691,1.04384133611691,,0.8326036949784997
0xfd337e13bfd50efd3d4faaf5164adfbfdfe366803a00c8f06ad596bff382a115,25249230,1780638935,0x1ac73015626cb8941f83f83f1039102d87fb7838,0xa0f1c3ad83e07d97b5e7030e177718be175275ea,0x1a7cda1f6eb3080287b3c2b4c2bef45ef9047996,1.043841,1.04384133611691,1.04384133611691,,0.8326036949784997
0x211755de5a81678a0aa52d9c62a5b1567e4aeec94f6bb1832b49d3b66e5bb831,25249260,1780639295,0x1ac73015626cb8941f83f83f1039102d87fb7838,0x00000000000762339537bd0fd01e44f661bd8f67,0x1a7cda1f6eb3080287b3c2b4c2bef45ef9047996,1.043841,1.04384133611691,1.04384133611691,,0.8326036949784997
0x649cf6858ebccbd76a3fd0141e0610e0f5189bca2b593322846a39dac12fac3f,25249261,1780639307,0x1ac73015626cb8941f83f83f1039102d87fb7838,0x152f7ad57920510cf6df46717e0e202ee0c049e6,0x1a7cda1f6eb3080287b3c2b4c2bef45ef9047996,1.043841,1.04384133611691,1.04384133611691,,0.8326036949784997
0x5b2ec75f9f99e6b3d4790cd6860058f5a191674f7c4226fdd81561f3ae4ed595,25249266,1780639379,0xd1a6a3b4f22bbe611be31a0e7ec359c4de1d6902,0xa0f1c3ad83e07d97b5e7030e177718be175275ea,0xe143e1de863103bf83a9c5e9fce4d9ad78a543b2,1.043841,1.04384133611691,1.04384133611691,,0.8326036949784997
0xf9d919090bd5d67fad932205018367373e3d37b6119521e2a69aa06be43190ab,25249273,1780639463,0x1ac73015626cb8941f83f83f1039102d87fb7838,0xc1da909e1b610202a0148d96d861dc7abd3d913f,0x1a7cda1f6eb3080287b3c2b4c2bef45ef9047996,1.043841,1.04384133611691,1.04384133611691,,0.8326036949784997
0x00df0edc8ecece2ce3ea7ec09080812685f4438990554352bf57fa369319ea63,25249275,1780639487,0x11b0f28028e3659c1ae18e153625c4f1c95698c8,0x00000000000762339537bd0fd01e44f661bd8f67,0xdc4fbaee1ebb4629664aac9a7649cde62b5af07a,1.043841,1.04384133611691,1.04384133611691,,0.8326036949784997
0x440ea6131e6e4712a67c96af23c3f18ddccb53b8faa5e62b833aba6801c406f7,25249276,1780639511,0x11b0f28028e3659c1ae18e153625c4f1c95698c8,0x00000000000762339537bd0fd01e44f661bd8f67,0x21e39af4f3a2f06cf89dc13155dbd6e2f7576bbf,1.043841,1.04384133611691,1.04384133611691,,0.8326036949784997
0x6cb0e3b8a5b4d3a089197546372367eca524ed2979a845d38760e8c1107dcb45,25249280,1780639559,0x11b0f28028e3659c1ae18e153625c4f1c95698c8,0xa00003b2e58e808bcb536041045a5d0f7750c777,0x21e39af4f3a2f06cf89dc13155dbd6e2f7576bbf,1.043841,1.04384133611691,1.04384133611691,,0.8326036949784997
0x5f9c4c55dda9fe2ddd811a0d0f615df49397d694447f326445e850b43448cdc7,25249281,1780639571,0x11b0f28028e3659c1ae18e153625c4f1c95698c8,0xa0f1c3ad83e07d97b5e7030e177718be175275ea,0xdc4fbaee1ebb4629664aac9a7649cde62b5af07a,1.043841,1.04384133611691,1.04384133611691,,0.8326036949784997
0x87ad70f12f26b28bb62e852c14eaab364891772452f30ae31367e376b17411c1,25249348,1780640375,0x1ac73015626cb8941f83f83f1039102d87fb7838,0xa0f1c3ad83e07d97b5e7030e177718be175275ea,0x1a7cda1f6eb3080287b3c2b4c2bef45ef9047996,1.043841,1.04384133611691,1.04384133611691,,0.8326036949784997
0xce884474a9df426d6f646423f234c13a191b15d0da96ee2add717677a99e4cf7,25249366,1780640591,0x11b0f28028e3659c1ae18e153625c4f1c95698c8,0xa0f1c3ad83e07d97b5e7030e177718be175275ea,0x21e39af4f3a2f06cf89dc13155dbd6e2f7576bbf,1.043841,1.04384133611691,1.04384133611691,,0.8326036949784997
0x27671628bfa005c5654cea991e61769a9b55c47765ac68b68cb0e88966b602f1,25249366,1780640591,0x11b0f28028e3659c1ae18e153625c4f1c95698c8,0xa0f1c3ad83e07d97b5e7030e177718be175275ea,0xdc4fbaee1ebb4629664aac9a7649cde62b5af07a,1.043841,1.04384133611691,1.04384133611691,,0.8326036949784997
0x0f86590b803e4f021788c14fc66b86200cd33384eba6b045f7d22264ab631120,25249368,1780640615,0x1ac73015626cb8941f83f83f1039102d87fb7838,0xa0f1c3ad83e07d97b5e7030e177718be175275ea,0x1a7cda1f6eb3080287b3c2b4c2bef45ef9047996,1.043841,1.04384133611691,1.04384133611691,,0.8326036949784997
0xdc2120debdc0e845bfd454efe1e5188846b7e5f34743a38a346895cd9a570dd2,25249374,1780640687,0xbfa7f9c1983ae40738ea0f128e58aa704461aa3a,0xf00003bf2dcfeb166e3dee7d0e0fff197cdfcabd,0x60e1de483c0c3657d79c735e9ff4d9ea84b44b67,1.043841,1.04384133611691,1.04384133611691,,0.8326036949784997
0xab1a60d16e559cfdef9ea77e3b24117087b670ed40ca045a45ce43af055d26b0,25249374,1780640687,0xa28ee7ec4756b4c3340c30a8c8cb8bd708e1dcdc,0xa00003b2e58e808bcb536041045a5d0f7750c777,0x08ce56a1dc045bcbd34a7964b23516d364df6ba5,1.043841,1.04384133611691,1.04384133611691,,0.8326036949784997
0xfcb8e975c4e37f7a8bd50f18e1a1ed682cdacb2856b6798818bd0130543f9d16,25249374,1780640687,0xa28ee7ec4756b4c3340c30a8c8cb8bd708e1dcdc,0xa00003b2e58e808bcb536041045a5d0f7750c777,0xd604d0f40809954749f536477acbd227c2aad38b,1.043841,1.04384133611691,1.04384133611691,,0.8326036949784997
0x33fc3dd36a48470c4bce60fbe8b9bdca47c87d0b6650fc20e568370f8a89b94f,25249375,1780640699,0x0e09ce5c48b48bf72bb667715cbe6977489042cb,0xa00003b2e58e808bcb536041045a5d0f7750c777,0x8067e992c67715851f592094686bc9d2f7d23889,1.043841,1.04384133611691,1.04384133611691,,0.8326036949784997
0x628f79cddf46e9781a9ea4e0f63216247eaa6327508ac63715e253f14aafb1a6,25249376,1780640711,0x11b0f28028e3659c1ae18e153625c4f1c95698c8,0x9c8909dfa58437b130ce24231953c571597481a7,0x21e39af4f3a2f06cf89dc13155dbd6e2f7576bbf,1.043841,1.04384133611691,1.04384133611691,,0.8326036949784997
0xf9efda2ee9b19006c5a7c8b0302114d3edc05cf8494f459bddfbebbf20637337,25249377,1780640723,0xd2c334ead25f006e98d927fba7452dad481f9ee6,0xf00003bf2dcfeb166e3dee7d0e0fff197cdfcabd,0xe1abbcb7776199fdda8c2c47d9cc3eb80917daf1,1.043841,1.04384133611691,1.04384133611691,,0.8326036949784997
0xeaa93bdfa8c44a827c16944ff1fb36e39cc60436a106b563d4a876b2bd89a015,25249378,1780640735,0x11b0f28028e3659c1ae18e153625c4f1c95698c8,0xa0f1c3ad83e07d97b5e7030e177718be175275ea,0xdc4fbaee1ebb4629664aac9a7649cde62b5af07a,1.043841,1.04384133611691,1.04384133611691,,0.8326036949784997
0x3241919c2d7be7313ad3c9f41b8aa319dc2719bdc5c65c0b1dc41278ae339cbf,25249380,1780640759,0x1ac73015626cb8941f83f83f1039102d87fb7838,0xe08d97e151473a848c3d9ca3f323cb720472d015,0x1a7cda1f6eb3080287b3c2b4c2bef45ef9047996,1.043841,1.04384133611691,1.04384133611691,,0.8326036949784997
0x69f567d88451a20842fa99c6a6e01abb477aaf24b47a3ce612d1ca0311187049,25249381,1780640771,0xd1a6a3b4f22bbe611be31a0e7ec359c4de1d6902,0xa00003b2e58e808bcb536041045a5d0f7750c777,0xe143e1de863103bf83a9c5e9fce4d9ad78a543b2,1.043841,1.04384133611691,1.04384133611691,,0.8326036949784997
0x5ac365c35f2bf957b289d41daa72ae29497c14b70704b2da3b61f91557b968ca,25249387,1780640843,0xbfa7f9c1983ae40738ea0f128e58aa704461aa3a,0x9b8d58b7e38f4a88a0d135452c9c0e1ef664e324,0xaec4ee9a108304fcc5cdc323d8a2a1d331c342b7,1.043839,1.04384133611691,1.04384133611691,,0.8326036949784997
0xc3a0e8dbae11e9fcf9fc3826518980a8140cb08b5606b5cb63c1e891819e311b,25251596,1780667567,0x0e09ce5c48b48bf72bb667715cbe6977489042cb,0x00000f91109c4d0007e90000d9facad5298a0cac,0x8067e992c67715851f592094686bc9d2f7d23889,1.043841,1.04384133611691,1.04384133611691,,0.8326036949784997
0x4a05daf88405c94daf80e6f863891840f451275cb9dcc9638f67712761d550db,25251596,1780667567,0xa28ee7ec4756b4c3340c30a8c8cb8bd708e1dcdc,0x00000f91109c4d0007e90000d9facad5298a0cac,0x08ce56a1dc045bcbd34a7964b23516d364df6ba5,1.04384,1.04384133611691,1.04384133611691,,0.8326036949784997
0x1dc5038c10b79018bde551e91a50cdabee91097828be5c0541213e30be3ba63b,25251596,1780667567,0xbfa7f9c1983ae40738ea0f128e58aa704461aa3a,0x9b8d58b7e38f4a88a0d135452c9c0e1ef664e324,0xaec4ee9a108304fcc5cdc323d8a2a1d331c342b7,1.043839,1.04384133611691,1.04384133611691,,0.8326036949784997
0xbd6ca598e217450ee0e6e0f14dc022bbab5e24ecc3f85039954fc190cac02ccd,25251597,1780667579,0x0e09ce5c48b48bf72bb667715cbe6977489042cb,0xa0f1c3ad83e07d97b5e7030e177718be175275ea,0x8067e992c67715851f592094686bc9d2f7d23889,1.043841,1.04384133611691,1.04384133611691,,0.8326036949784997
0xb940465f0b6b03ccdeb6617fc6d99e9a39490ec1ea5458a8e2d5735f1fe35d0e,25251597,1780667579,0xa28ee7ec4756b4c3340c30a8c8cb8bd708e1dcdc,0xa0f1c3ad83e07d97b5e7030e177718be175275ea,0x08ce56a1dc045bcbd34a7964b23516d364df6ba5,1.043841,1.04384133611691,1.04384133611691,,0.8326036949784997
0xf6930e7adf954c3b15800c05e5500f6aa1b47e53df25b7c69ddb377a0b32e0f3,25251599,1780667603,0xbfa7f9c1983ae40738ea0f128e58aa704461aa3a,0xa00003b2e58e808bcb536041045a5d0f7750c777,0x562d48f6801045453f9783a0922361ec1b7bf439,1.043841,1.04384133611691,1.04384133611691,,0.8326036949784997
0x6a833d0215647d80edbbc125413e66904a75930d8ac8cdb476f2c6437d8e247b,25251600,1780667615,0xd2c334ead25f006e98d927fba7452dad481f9ee6,0xf00003bf2dcfeb166e3dee7d0e0fff197cdfcabd,0xe1abbcb7776199fdda8c2c47d9cc3eb80917daf1,1.043841,1.04384133611691,1.04384133611691,,0.8326036949784997
0x73c8d4f4f68c5d2d378796deeb2898230713e5c8ed549cfb538ff433459156a1,25251603,1780667651,0x0e09ce5c48b48bf72bb667715cbe6977489042cb,0xf00003bf2dcfeb166e3dee7d0e0fff197cdfcabd,0x1b92f2525bde50ad24d85c964144927f1b2efded,1.043841,1.04384133611691,1.04384133611691,,0.8326036949784997
0xa23a2ec09273b105f3beb6f3f0f85358c7aae9b876bac182fcb49f32b7c61ddc,25251605,1780667675,0xbfa7f9c1983ae40738ea0f128e58aa704461aa3a,0xf00003bf2dcfeb166e3dee7d0e0fff197cdfcabd,0x60e1de483c0c3657d79c735e9ff4d9ea84b44b67,1.043841,1.04384133611691,1.04384133611691,,0.8326036949784997
0x49e3d500aacb112a14136a51ab738064ec0cd60611d1d61ca9193a875d01ed86,25251605,1780667675,0xa28ee7ec4756b4c3340c30a8c8cb8bd708e1dcdc,0xf00003bf2dcfeb166e3dee7d0e0fff197cdfcabd,0xd604d0f40809954749f536477acbd227c2aad38b,1.043841,1.04384133611691,1.04384133611691,,0.8326036949784997
0xf124d771b3fae9db2519a30be8915dcaf5578b9d14aaa27009f618c41409ef62,25251626,1780667927,0x11b0f28028e3659c1ae18e153625c4f1c95698c8,0xa00003b2e58e808bcb536041045a5d0f7750c777,0xdc4fbaee1ebb4629664aac9a7649cde62b5af07a,1.043841,1.04384133611691,1.04384133611691,,0.8326036949784997
0xa09928c4a307f79373c4c6a9036895dc677226c3ad1f8ed03a318ff1f50edb13,25251627,1780667939,0x11b0f28028e3659c1ae18e153625c4f1c95698c8,0x96a41450ac48355fcb0b25d883a4e34b60e5bcca,0x21e39af4f3a2f06cf89dc13155dbd6e2f7576bbf,1.043841,1.04384133611691,1.04384133611691,,0.8326036949784997
0xf9bb0ef7d393c7be78994245babfc535dca98edccb70ff8aebaa6add3f99a16b,25251627,1780667939,0x1ac73015626cb8941f83f83f1039102d87fb7838,0x00000000000762339537bd0fd01e44f661bd8f67,0x1a7cda1f6eb3080287b3c2b4c2bef45ef9047996,1.043841,1.04384133611691,1.04384133611691,,0.8326036949784997
0x52890f4af07d4a728f39f325b9b64e17b32ef714747737b0b04df8ab8b2f8b34,25251629,1780667963,0xbfa7f9c1983ae40738ea0f128e58aa704461aa3a,0xa0f1c3ad83e07d97b5e7030e177718be175275ea,0x60e1de483c0c3657d79c735e9ff4d9ea84b44b67,1.043841,1.04384133611691,1.04384133611691,,0.8326036949784997
0xcab34674a43a96285ee7e64820e9436577ed9d1f5e55001b6c219873ef01bc03,25251629,1780667963,0xa28ee7ec4756b4c3340c30a8c8cb8bd708e1dcdc,0x00000000000762339537bd0fd01e44f661bd8f67,0x08ce56a1dc045bcbd34a7964b23516d364df6ba5,1.043841,1.04384133611691,1.04384133611691,,0.8326036949784997
0x4dc6cbbda2a40d258dffc661a95458a5d3d10d654d4fcbd7e567d0fcc86bb646,25251629,1780667963,0xa28ee7ec4756b4c3340c30a8c8cb8bd708e1dcdc,0x00000000000762339537bd0fd01e44f661bd8f67,0xd604d0f40809954749f536477acbd227c2aad38b,1.043841,1.04384133611691,1.04384133611691,,0.8326036949784997
0xc70d1f23f979b29d93895f06f8a13cfc0a9ae52ce7df49e9a978e87a62832393,25251629,1780667963,0x0e09ce5c48b48bf72bb667715cbe6977489042cb,0x00000000000762339537bd0fd01e44f661bd8f67,0x8067e992c67715851f592094686bc9d2f7d23889,1.043841,1.04384133611691,1.04384133611691,,0.8326036949784997
0xdd66fe97d0f1a7a79071f83f341ccfc9b5b03c5da90377c1fcf4e4f4c7a055fc,25251629,1780667963,0xbfa7f9c1983ae40738ea0f128e58aa704461aa3a,0xa0f1c3ad83e07d97b5e7030e177718be175275ea,0x562d48f6801045453f9783a0922361ec1b7bf439,1.043841,1.04384133611691,1.04384133611691,,0.8326036949784997
0x9139237fffe9eecce1743008882b5404ae764000fae08149206c2fa5c02f5fc9,25251629,1780667963,0xa28ee7ec4756b4c3340c30a8c8cb8bd708e1dcdc,0x682ea8aa9b23250e0e240580e8ae55205f612979,0x08ce56a1dc045bcbd34a7964b23516d364df6ba5,1.043841,1.04384133611691,1.04384133611691,,0.8326036949784997
0xb089ee793780939131d930209f3f8dbb31c326be1043a48d8c9c114c99a2bb94,25251629,1780667963,0xbfa7f9c1983ae40738ea0f128e58aa704461aa3a,0xa0f1c3ad83e07d97b5e7030e177718be175275ea,0xaec4ee9a108304fcc5cdc323d8a2a1d331c342b7,1.04384,1.04384133611691,1.04384133611691,,0.8326036949784997
0x642304138a865dfec48a0fd4ffba0520063d338e0a9f8ed8f692e36e6cb340c3,25251629,1780667963,0xbfa7f9c1983ae40738ea0f128e58aa704461aa3a,0xf00003bf2dcfeb166e3dee7d0e0fff197cdfcabd,0x721e3b6e8c3f8ef3d1a7605700cb3ba027ef8eba,1.043841,1.04384133611691,1.04384133611691,,0.8326036949784997
0x814e8606aafe06ec451ad6fdc9145fc0c397172a34ca011a79566903b8304603,25251629,1780667963,0xbfa7f9c1983ae40738ea0f128e58aa704461aa3a,0xf00003bf2dcfeb166e3dee7d0e0fff197cdfcabd,0xd0cae02373c612e7fa2643f6742d5264685d2c75,1.043841,1.04384133611691,1.04384133611691,,0.8326036949784997
0x165623bfc6f5f4c5a3650ae434ecb8360371b4a086fe5eeadcd4db88a1f5b285,25251629,1780667963,0x0e09ce5c48b48bf72bb667715cbe6977489042cb,0x225f99aaaa914d0481ef3a0bedd8aabf1b9c4d1d,0x8067e992c67715851f592094686bc9d2f7d23889,1.043841,1.04384133611691,1.04384133611691,,0.8326036949784997
0xa0d3947f9b9ceb6d0e057792ddc80268020c34c6b2f1c2aac22461bee675a7ad,25251629,1780667963,0x0e09ce5c48b48bf72bb667715cbe6977489042cb,0x225f99aaaa914d0481ef3a0bedd8aabf1b9c4d1d,0x8067e992c67715851f592094686bc9d2f7d23889,1.043841,1.04384133611691,1.04384133611691,,0.8326036949784997
0xdea46217f55a8f873b9fa8477b45a62cd97be57cee1d10e9eb0b318f00d209ec,25251630,1780667975,0xa28ee7ec4756b4c3340c30a8c8cb8bd708e1dcdc,0xa0f1c3ad83e07d97b5e7030e177718be175275ea,0xd604d0f40809954749f536477acbd227c2aad38b,1.043841,1.04384133611691,1.04384133611691,,0.8326036949784997
0x9a558df6c830cc30e6c619b03c162b5afcc9086a9814460094a2d76c04333b20,25251630,1780667975,0x0e09ce5c48b48bf72bb667715cbe6977489042cb,0xa0f1c3ad83e07d97b5e7030e177718be175275ea,0x1b92f2525bde50ad24d85c964144927f1b2efded,1.043841,1.04384133611691,1.04384133611691,,0.8326036949784997
0x1fd206eb6a1117b0218972bceb820ccb3cfff6bde21766ac4b115d7d89029196,25251630,1780667975,0xd2c334ead25f006e98d927fba7452dad481f9ee6,0xe08d97e151473a848c3d9ca3f323cb720472d015,0xe1abbcb7776199fdda8c2c47d9cc3eb80917daf1,1.043841,1.04384133611691,1.04384133611691,,0.8326036949784997
0xec99c974a3968f67e81bdfa647c501297f23571e402d9d02bc79005246d194c7,25251630,1780667975,0x11b0f28028e3659c1ae18e153625c4f1c95698c8,0xbd32122bad41a09f2405bb374a83877d8245079c,0x21e39af4f3a2f06cf89dc13155dbd6e2f7576bbf,1.043841,1.04384133611691,1.04384133611691,,0.8326036949784997
0xa22d0525962164d622bf8d88f3d2e10c714d03fc33c5569c5474f85298ff98c0,25251630,1780667975,0x1ac73015626cb8941f83f83f1039102d87fb7838,0x40df5ed93ff4403ba2a0457aa22ca899469abf34,0x1a7cda1f6eb3080287b3c2b4c2bef45ef9047996,1.043841,1.04384133611691,1.04384133611691,,0.8326036949784997
0xe04e41e5dae2fb6896563aa4d6cc6c62e458a2a793ffbbbe9675dcf91fe70a03,25251631,1780667987,0xd2c334ead25f006e98d927fba7452dad481f9ee6,0xc27c7f6591d12ffc283ee173d6a06210661b71fe,0xe1abbcb7776199fdda8c2c47d9cc3eb80917daf1,1.043841,1.04384133611691,1.04384133611691,,0.8326036949784997
0x6ef5a26bfcd34912087249d5b806b45beeeaa1238cc7556149798847cd7e5b9c,25251631,1780667987,0xbfa7f9c1983ae40738ea0f128e58aa704461aa3a,0xf00003bf2dcfeb166e3dee7d0e0fff197cdfcabd,0x8f714eeaaeb838c9c7e295b5f105abfab311b286,1.043841,1.04384133611691,1.04384133611691,,0.8326036949784997
0x04cf15c8aaabd8e0e0579aa0748149d9b09103358b37f64a8f399c7a9102a942,25251632,1780667999,0xd2c334ead25f006e98d927fba7452dad481f9ee6,0xa0f1c3ad83e07d97b5e7030e177718be175275ea,0xe1abbcb7776199fdda8c2c47d9cc3eb80917daf1,1.043841,1.04384133611691,1.04384133611691,,0.8326036949784997
0x2ca945673a0be1622ce49ecf9afc29afdcab7a210c7a3dfd828fc93d4111aeb3,25251632,1780667999,0xa28ee7ec4756b4c3340c30a8c8cb8bd708e1dcdc,0x00000f91109c4d0007e90000d9facad5298a0cac,0x9398563acd4539df8f2c613f964c2ecbe6020d6b,1.043841,1.04384133611691,1.04384133611691,,0.8326036949784997
0xbc04772c1760fde13b5955dfdc150065e7115714037428c91eb9532af60f45df,25251636,1780668047,0xa28ee7ec4756b4c3340c30a8c8cb8bd708e1dcdc,0xa0f1c3ad83e07d97b5e7030e177718be175275ea,0x9398563acd4539df8f2c613f964c2ecbe6020d6b,1.043828,1.04384133611691,1.04384133611691,,0.8326036949784997
0xc0e3e8a8aac0be86cf769938fd4e845b36c59a7b3fc7430217dc127a57236846,25251669,1780668443,0x11b0f28028e3659c1ae18e153625c4f1c95698c8,0xa00003b2e58e808bcb536041045a5d0f7750c777,0x21e39af4f3a2f06cf89dc13155dbd6e2f7576bbf,1.043841,1.04384133611691,1.04384133611691,,0.8326036949784997
0x493d6c0244f1e28f76b11cb6398cc1c38a973254b170699cd5ddaf5025f26f13,25251671,1780668467,0x11b0f28028e3659c1ae18e153625c4f1c95698c8,0xa0f1c3ad83e07d97b5e7030e177718be175275ea,0xdc4fbaee1ebb4629664aac9a7649cde62b5af07a,1.043841,1.04384133611691,1.04384133611691,,0.8326036949784997
0xab7055969114f6bf62e97519099c837feb713c07029132c2d6722fd37ddf6ab7,25251675,1780668515,0x1ac73015626cb8941f83f83f1039102d87fb7838,0x00000000000762339537bd0fd01e44f661bd8f67,0x1a7cda1f6eb3080287b3c2b4c2bef45ef9047996,1.043841,1.04384133611691,1.04384133611691,,0.8326036949784997
0x7bbda6c9a7e2d99517f6cffb3d097aa904a4d94dabbe2bfcb8b4cfb7f8d63712,25251693,1780668731,0xbfa7f9c1983ae40738ea0f128e58aa704461aa3a,0xa0f1c3ad83e07d97b5e7030e177718be175275ea,0x60e1de483c0c3657d79c735e9ff4d9ea84b44b67,1.043841,1.04384133611691,1.04384133611691,,0.8326036949784997
0xd4cb9d281634c2b5f5aba92f28ba250c56e06a144159bdbaaa60d152d4861cad,25251693,1780668731,0xd2c334ead25f006e98d927fba7452dad481f9ee6,0x00000000000762339537bd0fd01e44f661bd8f67,0xe1abbcb7776199fdda8c2c47d9cc3eb80917daf1,1.043841,1.04384133611691,1.04384133611691,,0.8326036949784997
0x0acd78a650f76f3cd33f589d10b4f58f6d0b31da18eae11c6a5662cb5e3b418c,25251693,1780668731,0xbfa7f9c1983ae40738ea0f128e58aa704461aa3a,0xa0f1c3ad83e07d97b5e7030e177718be175275ea,0x8f714eeaaeb838c9c7e295b5f105abfab311b286,1.043841,1.04384133611691,1.04384133611691,,0.8326036949784997
0x7bcf3055bfdd9e039a5234387bf5e17e853b85913e78d7066efe9a41e09c3c49,25251694,1780668743,0xd2c334ead25f006e98d927fba7452dad481f9ee6,0xa0f1c3ad83e07d97b5e7030e177718be175275ea,0xe1abbcb7776199fdda8c2c47d9cc3eb80917daf1,1.043841,1.04384133611691,1.04384133611691,,0.8326036949784997
0x7bcf3055bfdd9e039a5234387bf5e17e853b85913e78d7066efe9a41e09c3c49,25251694,1780668743,0xa28ee7ec4756b4c3340c30a8c8cb8bd708e1dcdc,0xa0f1c3ad83e07d97b5e7030e177718be175275ea,0xd604d0f40809954749f536477acbd227c2aad38b,1.043841,1.04384133611691,1.04384133611691,,0.8326036949784997
0xc5bcca865f4b56768614b7fe3cef6932bcb323897a3ea674831fdfebcbcf0c15,25251694,1780668743,0x0e09ce5c48b48bf72bb667715cbe6977489042cb,0xa0f1c3ad83e07d97b5e7030e177718be175275ea,0x8067e992c67715851f592094686bc9d2f7d23889,1.043841,1.04384133611691,1.04384133611691,,0.8326036949784997
0x1489771cda0884ff1eacab1be968f2e4209a323a0bc53f0b295b423305e50078,25251694,1780668743,0xa28ee7ec4756b4c3340c30a8c8cb8bd708e1dcdc,0xa0f1c3ad83e07d97b5e7030e177718be175275ea,0x08ce56a1dc045bcbd34a7964b23516d364df6ba5,1.043841,1.04384133611691,1.04384133611691,,0.8326036949784997
0x5e1f813b57668e712a832b4ebda63ae84a04d6aeb5cf9d23ac01d15e91db24d5,25251696,1780668767,0xa28ee7ec4756b4c3340c30a8c8cb8bd708e1dcdc,0xa00003b2e58e808bcb536041045a5d0f7750c777,0x721e3b6e8c3f8ef3d1a7605700cb3ba027ef8eba,1.043841,1.04384133611691,1.04384133611691,,0.8326036949784997
0xdb2e058b5c485c5dbc1a3fcddbfe1c897a74b420857348c179ccf43fe3a07efe,25251713,1780668971,0xbfa7f9c1983ae40738ea0f128e58aa704461aa3a,0xa0f1c3ad83e07d97b5e7030e177718be175275ea,0x721e3b6e8c3f8ef3d1a7605700cb3ba027ef8eba,1.043841,1.04384133611691,1.04384133611691,,0.8326036949784997
0xc62717b0e80ad035cb262e3fbc9a6448fbe8650be64bce6c1af1099c43ea4ff8,25251751,1780669439,0xbfa7f9c1983ae40738ea0f128e58aa704461aa3a,0x9b8d58b7e38f4a88a0d135452c9c0e1ef664e324,0xaec4ee9a108304fcc5cdc323d8a2a1d331c342b7,1.043841,1.04384133611691,1.04384133611691,,0.8326036949784997
0xcde9f3a830010f02bea21a8787f6521cc8ca1ba25ccaf70eefd13f912a4f0eea,25251753,1780669463,0xbfa7f9c1983ae40738ea0f128e58aa704461aa3a,0xa0f1c3ad83e07d97b5e7030e177718be175275ea,0x562d48f6801045453f9783a0922361ec1b7bf439,1.043838,1.04384133611691,1.04384133611691,,0.8326036949784997
0x765fbc969ed0f5c8bad21f45d9cad784daebfeaae802aaa056be1441ad75908a,25251773,1780669703,0xd1a6a3b4f22bbe611be31a0e7ec359c4de1d6902,0xa00003b2e58e808bcb536041045a5d0f7750c777,0xe143e1de863103bf83a9c5e9fce4d9ad78a543b2,1.043841,1.04384133611691,1.04384133611691,,0.8326036949784997
0x48b30a461ecfa573a5871395586f0d034e72dfd61dfc2ead4392d129b48b0758,25251775,1780669727,0xbfa7f9c1983ae40738ea0f128e58aa704461aa3a,0xf1d2d880c5dde7cc912636c2b4d080b3fe5f7b50,0x60e1de483c0c3657d79c735e9ff4d9ea84b44b67,1.043841,1.04384133611691,1.04384133611691,,0.8326036949784997
0x13d7602fe6e941ac4ee3cfe063b4c6b748cd53b10ad92061bb91a85e8d56cd91,25251775,1780669727,0xd2c334ead25f006e98d927fba7452dad481f9ee6,0xe08d97e151473a848c3d9ca3f323cb720472d015,0xe1abbcb7776199fdda8c2c47d9cc3eb80917daf1,1.043841,1.04384133611691,1.04384133611691,,0.8326036949784997
0xfa0aa865dc3606b7a293bc1b8b075c1a64aa7aaaefe09bd4e6f5050f2d486d86,25251775,1780669727,0xa28ee7ec4756b4c3340c30a8c8cb8bd708e1dcdc,0xe08d97e151473a848c3d9ca3f323cb720472d015,0xd604d0f40809954749f536477acbd227c2aad38b,1.043841,1.04384133611691,1.04384133611691,,0.8326036949784997
0x1f4fb1b7ba94c3535a95e9fcb873e76db7025fdf937258dc69f0b6bb3f2870d5,25251775,1780669727,0xd2c334ead25f006e98d927fba7452dad481f9ee6,0xe08d97e151473a848c3d9ca3f323cb720472d015,0xe1abbcb7776199fdda8c2c47d9cc3eb80917daf1,1.043841,1.04384133611691,1.04384133611691,,0.8326036949784997
0xf142d28b51156a2d4e2e1d1789fee3f607c36ad92a1ff32ecc83052b9d56b04a,25251775,1780669727,0xd2c334ead25f006e98d927fba7452dad481f9ee6,0xe08d97e151473a848c3d9ca3f323cb720472d015,0xe1abbcb7776199fdda8c2c47d9cc3eb80917daf1,1.043841,1.04384133611691,1.04384133611691,,0.8326036949784997
0x2be8b8f732edaf8422fc80e6d60075cf4d714ab11d69fd112f43d961d97a9e72,25251775,1780669727,0xa28ee7ec4756b4c3340c30a8c8cb8bd708e1dcdc,0xe08d97e151473a848c3d9ca3f323cb720472d015,0xd604d0f40809954749f536477acbd227c2aad38b,1.043841,1.04384133611691,1.04384133611691,,0.8326036949784997
0x037f0a6c1165f852b50cc80ef01e787c82fee8d10289258aa496d93551dc676b,25251775,1780669727,0x0e09ce5c48b48bf72bb667715cbe6977489042cb,0x50f02612ea1f79a84ef72d6912a5452f40a88edd,0x8067e992c67715851f592094686bc9d2f7d23889,1.043841,1.04384133611691,1.04384133611691,,0.8326036949784997
0x8cb3e9f320ff97f65a9db6d1375f19f3d5d8a90bcba2eb4bc0b31b5ee4320aa4,25251775,1780669727,0x0e09ce5c48b48bf72bb667715cbe6977489042cb,0x50f02612ea1f79a84ef72d6912a5452f40a88edd,0x8067e992c67715851f592094686bc9d2f7d23889,1.043841,1.04384133611691,1.04384133611691,,0.8326036949784997
0xc277e212da666cd1940d7b0a118047439407495813923abdcbcafeee6cff4cfd,25251775,1780669727,0x0e09ce5c48b48bf72bb667715cbe6977489042cb,0x50f02612ea1f79a84ef72d6912a5452f40a88edd,0x8067e992c67715851f592094686bc9d2f7d23889,1.043841,1.04384133611691,1.04384133611691,,0.8326036949784997
0xef7d746fb813c512d01e0bc203d4b5ec09f0e87d5ac1741f682bffdc6085716b,25251776,1780669739,0xa28ee7ec4756b4c3340c30a8c8cb8bd708e1dcdc,0xa0f1c3ad83e07d97b5e7030e177718be175275ea,0x08ce56a1dc045bcbd34a7964b23516d364df6ba5,1.043841,1.04384133611691,1.04384133611691,,0.8326036949784997
0xa1a35a5a8214998fcee249b3f6b23bc53f5beb5a59dbe4e3f4e7b0da2ec9689f,25251776,1780669739,0xa28ee7ec4756b4c3340c30a8c8cb8bd708e1dcdc,0xa0f1c3ad83e07d97b5e7030e177718be175275ea,0x721e3b6e8c3f8ef3d1a7605700cb3ba027ef8eba,1.043841,1.04384133611691,1.04384133611691,,0.8326036949784997
0xb48ef8df691bbe7ed648f6530c8aede2b99d40d9516c9ace1af776de8c5613b2,25251776,1780669739,0xbfa7f9c1983ae40738ea0f128e58aa704461aa3a,0xa0f1c3ad83e07d97b5e7030e177718be175275ea,0x721e3b6e8c3f8ef3d1a7605700cb3ba027ef8eba,1.043841,1.04384133611691,1.04384133611691,,0.8326036949784997
0x97e71d4f6c69f8fd5140af197df1fb85b41f6ba4ca723edac1dd39eb9c37bdc0,25251776,1780669739,0xbfa7f9c1983ae40738ea0f128e58aa704461aa3a,0xa0f1c3ad83e07d97b5e7030e177718be175275ea,0xaec4ee9a108304fcc5cdc323d8a2a1d331c342b7,1.04384,1.04384133611691,1.04384133611691,,0.8326036949784997
0xd6c79f825e282b9a28632198ac5928ef01495927556b7d10be38ecab9bb413ff,25251776,1780669739,0xbfa7f9c1983ae40738ea0f128e58aa704461aa3a,0xa0f1c3ad83e07d97b5e7030e177718be175275ea,0x8f714eeaaeb838c9c7e295b5f105abfab311b286,1.043841,1.04384133611691,1.04384133611691,,0.8326036949784997
0x825b39690fff4bdde725c5f7e5fa2d7bdd2a261aca487fb9928eaa1eeb9f2550,25251776,1780669739,0xa28ee7ec4756b4c3340c30a8c8cb8bd708e1dcdc,0xa0f1c3ad83e07d97b5e7030e177718be175275ea,0x9398563acd4539df8f2c613f964c2ecbe6020d6b,1.043839,1.04384133611691,1.04384133611691,,0.8326036949784997
0x3647cdc60dfa629d5944d03824ffe763c6b22a36d2b2049fcba3ae3bac7be302,25251776,1780669739,0xa28ee7ec4756b4c3340c30a8c8cb8bd708e1dcdc,0xa00003b2e58e808bcb536041045a5d0f7750c777,0xd0cae02373c612e7fa2643f6742d5264685d2c75,1.043841,1.04384133611691,1.04384133611691,,0.8326036949784997
0x7f1e976407528cb4a46a7385ff80064a772e72dca20cca6e24435da5360e4fdf,25251777,1780669751,0x0e09ce5c48b48bf72bb667715cbe6977489042cb,0xa0f1c3ad83e07d97b5e7030e177718be175275ea,0x1b92f2525bde50ad24d85c964144927f1b2efded,1.04384,1.04384133611691,1.04384133611691,,0.8326036949784997
0x7f1e976407528cb4a46a7385ff80064a772e72dca20cca6e24435da5360e4fdf,25251777,1780669751,0xbfa7f9c1983ae40738ea0f128e58aa704461aa3a,0xa0f1c3ad83e07d97b5e7030e177718be175275ea,0x562d48f6801045453f9783a0922361ec1b7bf439,1.04384,1.04384133611691,1.04384133611691,,0.8326036949784997
0x7f1e976407528cb4a46a7385ff80064a772e72dca20cca6e24435da5360e4fdf,25251777,1780669751,0xbfa7f9c1983ae40738ea0f128e58aa704461aa3a,0xa0f1c3ad83e07d97b5e7030e177718be175275ea,0xd0cae02373c612e7fa2643f6742d5264685d2c75,1.04384,1.04384133611691,1.04384133611691,,0.8326036949784997
0x3ec4cdb59aa2be3c6c63a4c81195262362404336e93630e22e3b55a0e2baea19,25251777,1780669751,0xa28ee7ec4756b4c3340c30a8c8cb8bd708e1dcdc,0xa00003b2e58e808bcb536041045a5d0f7750c777,0xad95973c72045cd05b9ddaa2b27cf65f578e339e,1.043841,1.04384133611691,1.04384133611691,,0.8326036949784997
0xb77ce62bc3ba5b02d5566df5c5643174d31a4cf1517e6c6dc0aec90e88ff6939,25251777,1780669751,0x0e09ce5c48b48bf72bb667715cbe6977489042cb,0xa0f1c3ad83e07d97b5e7030e177718be175275ea,0x8067e992c67715851f592094686bc9d2f7d23889,1.04384,1.04384133611691,1.04384133611691,,0.8326036949784997
0x56f35c840d1a00a5479ac86ca89c8ef614692d77f0a527d9e0fdc1b4703495f3,25251779,1780669775,0x0e09ce5c48b48bf72bb667715cbe6977489042cb,0xa00003b2e58e808bcb536041045a5d0f7750c777,0x18e6f9825272efd477344937209848d5372ad5b1,1.043841,1.04384133611691,1.04384133611691,,0.8326036949784997
0xce3bf97c717d53004b6347c1e072197ba57371906e6d24d61e059e3d034a26d7,25251983,1780672235,0x1ac73015626cb8941f83f83f1039102d87fb7838,0x5bb64d209c5ed67e03137bdfc250fed82c250686,0x1a7cda1f6eb3080287b3c2b4c2bef45ef9047996,1.043841,1.04384133611691,1.04384133611691,,0.8326036949784997
0x69a015773140ecd8d1ad159188599e33b6e0da1fd802e601f06755b1da75e598,25251994,1780672367,0x1ac73015626cb8941f83f83f1039102d87fb7838,0xa0f1c3ad83e07d97b5e7030e177718be175275ea,0x1a7cda1f6eb3080287b3c2b4c2bef45ef9047996,1.043841,1.04384133611691,1.04384133611691,,0.8326036949784997
0xde9c0030f55db85d18484b61ced8767633630aa532f696fb67aebd49b1d95a58,25252013,1780672595,0x11b0f28028e3659c1ae18e153625c4f1c95698c8,0xa00003b2e58e808bcb536041045a5d0f7750c777,0x21e39af4f3a2f06cf89dc13155dbd6e2f7576bbf,1.043841,1.04384133611691,1.04384133611691,,0.8326036949784997
0xe4b43eae84d88d7beb0549eb85ff1e654712f5692a1faeeda394cb3cfab3f9fa,25252013,1780672595,0x1ac73015626cb8941f83f83f1039102d87fb7838,0xa0f1c3ad83e07d97b5e7030e177718be175275ea,0x1a7cda1f6eb3080287b3c2b4c2bef45ef9047996,1.043841,1.04384133611691,1.04384133611691,,0.8326036949784997
0x11606719644321963b2acc328ba509060df19f4f7e53315f3e9ff589398bc483,25252014,1780672607,0x11b0f28028e3659c1ae18e153625c4f1c95698c8,0xa00003b2e58e808bcb536041045a5d0f7750c777,0xdc4fbaee1ebb4629664aac9a7649cde62b5af07a,1.043841,1.04384133611691,1.04384133611691,,0.8326036949784997
0x0ff8970a2a951583ea05a71af160ec5de5019202f9af9d710ac9564fa0eadc6a,25252106,1780673711,0xa28ee7ec4756b4c3340c30a8c8cb8bd708e1dcdc,0xc5b02076a58215154f21a57c5ca41967e4d0e85a,0x555e7145939ab65ca573166c7e824d06eb1367fc,1.043841,1.04384133611691,1.04384133611691,,0.8326036949784997
0x9437d39b9ea15d6b098dd964851955f9945d62aebaf26f10a6905106b2f395c9,25252118,1780673855,0xa28ee7ec4756b4c3340c30a8c8cb8bd708e1dcdc,0xa0f1c3ad83e07d97b5e7030e177718be175275ea,0x555e7145939ab65ca573166c7e824d06eb1367fc,1.043835,1.04384133611691,1.04384133611691,,0.8326036949784997
0xe6905b623f378bd43d10db6565040db575e7ef8ea454d08ebc19262fc01c339c,25252133,1780674035,0xbfa7f9c1983ae40738ea0f128e58aa704461aa3a,0x00000000000762339537bd0fd01e44f661bd8f67,0x60e1de483c0c3657d79c735e9ff4d9ea84b44b67,1.043841,1.04384133611691,1.04384133611691,,0.8326036949784997
0xbfa4d7fc27156ba63de7b9a1d20f673451c02b0d4ac0222fbd8630bdbe2c9909,25252133,1780674035,0xa28ee7ec4756b4c3340c30a8c8cb8bd708e1dcdc,0x00000000000762339537bd0fd01e44f661bd8f67,0xd604d0f40809954749f536477acbd227c2aad38b,1.043841,1.04384133611691,1.04384133611691,,0.8326036949784997
0xea92c9830d5b02e36325d98f2d6be02639fad130b5be3de1ad3ddda167505848,25252133,1780674035,0xa28ee7ec4756b4c3340c30a8c8cb8bd708e1dcdc,0x00000000000762339537bd0fd01e44f661bd8f67,0x721e3b6e8c3f8ef3d1a7605700cb3ba027ef8eba,1.043841,1.04384133611691,1.04384133611691,,0.8326036949784997
0x79267caafcbd1319606bbd78e41c825c41f0878e1dcd8019383ba2c76a5da580,25252133,1780674035,0xa28ee7ec4756b4c3340c30a8c8cb8bd708e1dcdc,0xa0f1c3ad83e07d97b5e7030e177718be175275ea,0x555e7145939ab65ca573166c7e824d06eb1367fc,1.04384,1.04384133611691,1.04384133611691,,0.8326036949784997
0x7112895ca4e23f8687194a760ce9e3bd6ff045049632fd8820e3ecef76f41018,25252134,1780674047,0xbfa7f9c1983ae40738ea0f128e58aa704461aa3a,0xa0f1c3ad83e07d97b5e7030e177718be175275ea,0x60e1de483c0c3657d79c735e9ff4d9ea84b44b67,1.043841,1.04384133611691,1.04384133611691,,0.8326036949784997
0xd7ac8df00b68963ecf9da84da2d7b42144c0a1e1587be18a0b13bac549547b95,25252134,1780674047,0xa28ee7ec4756b4c3340c30a8c8cb8bd708e1dcdc,0x00000000000762339537bd0fd01e44f661bd8f67,0x08ce56a1dc045bcbd34a7964b23516d364df6ba5,1.043841,1.04384133611691,1.04384133611691,,0.8326036949784997
0x7637ad41e35c761601a627f866a84aabc71d597d96f8171fd4bb08b733863793,25252134,1780674047,0xd2c334ead25f006e98d927fba7452dad481f9ee6,0x00000000000762339537bd0fd01e44f661bd8f67,0xe1abbcb7776199fdda8c2c47d9cc3eb80917daf1,1.043841,1.04384133611691,1.04384133611691,,0.8326036949784997
0x7cb6dd7c75da557765df01527a926b53fe81589d019f80b95787fdbc52f88b33,25252134,1780674047,0x0e09ce5c48b48bf72bb667715cbe6977489042cb,0xf00003bf2dcfeb166e3dee7d0e0fff197cdfcabd,0x8067e992c67715851f592094686bc9d2f7d23889,1.043841,1.04384133611691,1.04384133611691,,0.8326036949784997
0x7e246d76b28efccb88d59f735e4c66dd3eee7636757a1c8b289a18b8257941ed,25252134,1780674047,0xa28ee7ec4756b4c3340c30a8c8cb8bd708e1dcdc,0xa00003b2e58e808bcb536041045a5d0f7750c777,0x721e3b6e8c3f8ef3d1a7605700cb3ba027ef8eba,1.043841,1.04384133611691,1.04384133611691,,0.8326036949784997
0xc6ab5568289c3f150a971a8c66c8b5f65d628342234e42ac9de42cde4b40686f,25252134,1780674047,0xa28ee7ec4756b4c3340c30a8c8cb8bd708e1dcdc,0xa0f1c3ad83e07d97b5e7030e177718be175275ea,0xd604d0f40809954749f536477acbd227c2aad38b,1.043841,1.04384133611691,1.04384133611691,,0.8326036949784997
0x0f165d60b3eecfd8e443463657b823c5db821abe2d2cb7d47f1645bd1f1f71da,25252135,1780674059,0xd2c334ead25f006e98d927fba7452dad481f9ee6,0xa0f1c3ad83e07d97b5e7030e177718be175275ea,0xe1abbcb7776199fdda8c2c47d9cc3eb80917daf1,1.043841,1.04384133611691,1.04384133611691,,0.8326036949784997
0x299823717f1b8a67f14cf64a455a69b215d0210bea44ee9c036a3937d3d3a50d,25252135,1780674059,0xa28ee7ec4756b4c3340c30a8c8cb8bd708e1dcdc,0x00000f91109c4d0007e90000d9facad5298a0cac,0x08ce56a1dc045bcbd34a7964b23516d364df6ba5,1.04384,1.04384133611691,1.04384133611691,,0.8326036949784997
0xc18346e4ce0361b6aca78fe5d06b657664860eb36b34b8cef6dce2d3975fef23,25252136,1780674071,0xbfa7f9c1983ae40738ea0f128e58aa704461aa3a,0xf00003bf2dcfeb166e3dee7d0e0fff197cdfcabd,0x8f714eeaaeb838c9c7e295b5f105abfab311b286,1.043841,1.04384133611691,1.04384133611691,,0.8326036949784997
0xd36a8aba0796864e149b566dad3a4ec99d4ad9b48bffe1fa3374e86540f44cba,25252136,1780674071,0xa28ee7ec4756b4c3340c30a8c8cb8bd708e1dcdc,0xa00003b2e58e808bcb536041045a5d0f7750c777,0xad95973c72045cd05b9ddaa2b27cf65f578e339e,1.043841,1.04384133611691,1.04384133611691,,0.8326036949784997
0xa474b1b6ef9af8b2c49f241e1cb182697f6386189c53755bdf4dba5c0f44e8ce,25252139,1780674107,0xbfa7f9c1983ae40738ea0f128e58aa704461aa3a,0x00000000000762339537bd0fd01e44f661bd8f67,0xaec4ee9a108304fcc5cdc323d8a2a1d331c342b7,1.043841,1.04384133611691,1.04384133611691,,0.8326036949784997
0x9c671c5af98e48106389004dfaffa18c8cdc31f918ebc75b4e29bfe12fa5f6b8,25252143,1780674155,0xa28ee7ec4756b4c3340c30a8c8cb8bd708e1dcdc,0xf00003bf2dcfeb166e3dee7d0e0fff197cdfcabd,0xd0cae02373c612e7fa2643f6742d5264685d2c75,1.043841,1.04384133611691,1.04384133611691,,0.8326036949784997
0x9c671c5af98e48106389004dfaffa18c8cdc31f918ebc75b4e29bfe12fa5f6b8,25252143,1780674155,0xbfa7f9c1983ae40738ea0f128e58aa704461aa3a,0xf00003bf2dcfeb166e3dee7d0e0fff197cdfcabd,0x721e3b6e8c3f8ef3d1a7605700cb3ba027ef8eba,1.043841,1.04384133611691,1.04384133611691,,0.8326036949784997
0x09428b67520b433f761d6f0c6740074c8cc3aa57eaca3bd81aaad09e2a779cec,25252145,1780674179,0xbfa7f9c1983ae40738ea0f128e58aa704461aa3a,0xa0f1c3ad83e07d97b5e7030e177718be175275ea,0x721e3b6e8c3f8ef3d1a7605700cb3ba027ef8eba,1.043835,1.04384133611691,1.04384133611691,,0.8326036949784997
0x051f182563d423583095f3e966528546c2c7409eebf033ab115793105498811f,25252146,1780674191,0x1ac73015626cb8941f83f83f1039102d87fb7838,0xa0f1c3ad83e07d97b5e7030e177718be175275ea,0x1a7cda1f6eb3080287b3c2b4c2bef45ef9047996,1.043841,1.04384133611691,1.04384133611691,,0.8326036949784997
0xd9ad218e91e162b78f404321f640a7dccc28d633da92a86d4e4eb32d83b1b410,25252148,1780674215,0x0e09ce5c48b48bf72bb667715cbe6977489042cb,0xc5b02076a58215154f21a57c5ca41967e4d0e85a,0x18e6f9825272efd477344937209848d5372ad5b1,1.04384,1.04384133611691,1.04384133611691,,0.8326036949784997
0x084a52f1c9ccc032bb8d6e9da1855f57f4e103ac861c51103877dba1e2b35370,25252157,1780674323,0xbfa7f9c1983ae40738ea0f128e58aa704461aa3a,0xc5b02076a58215154f21a57c5ca41967e4d0e85a,0x562d48f6801045453f9783a0922361ec1b7bf439,1.043839,1.04384133611691,1.04384133611691,,0.8326036949784997
0x425d88eda7d5007e98dc27573d19864e4cd0c3752a566b9e72a976928889f959,25252165,1780674419,0x0e09ce5c48b48bf72bb667715cbe6977489042cb,0xc5b02076a58215154f21a57c5ca41967e4d0e85a,0x1b92f2525bde50ad24d85c964144927f1b2efded,1.04384,1.04384133611691,1.04384133611691,,0.8326036949784997
0x44a7e8a3f4e27e20d960a075e2b3926c46f65b5a4e0407e6d9cbfd84f5efc663,25252279,1780675787,0x11b0f28028e3659c1ae18e153625c4f1c95698c8,0xe08d97e151473a848c3d9ca3f323cb720472d015,0xdc4fbaee1ebb4629664aac9a7649cde62b5af07a,1.043841,1.04384133611691,1.04384133611691,,0.8326036949784997
0x94ec79474c405c152907a85e61faa09c613af4bd1c09ef27a4ba1dd8d871f308,25252280,1780675799,0x11b0f28028e3659c1ae18e153625c4f1c95698c8,0xf1d2d880c5dde7cc912636c2b4d080b3fe5f7b50,0x21e39af4f3a2f06cf89dc13155dbd6e2f7576bbf,1.043841,1.04384133611691,1.04384133611691,,0.8326036949784997
0x30ca5c1768249f39727476a2e27eb30f7be058fec8feabf8392c4f378b5a4dda,25252286,1780675871,0x7e2c2561a6b6cbede449fb41adfdf4d7ccfd20fe,0xa00003b2e58e808bcb536041045a5d0f7750c777,0xe7bf3eb287e6e5871bfc2d7534b41c519b33fe48,1.043841,1.04384133611691,1.04384133611691,,0.8326036949784997
0xc8d400ad65dab2887bb05dbc200de09c849cb926da41d540e9cb6e9e075f82cb,25252287,1780675883,0x1ac73015626cb8941f83f83f1039102d87fb7838,0xa0f1c3ad83e07d97b5e7030e177718be175275ea,0x1a7cda1f6eb3080287b3c2b4c2bef45ef9047996,1.043841,1.04384133611691,1.04384133611691,,0.8326036949784997
0x3419c3513c19137275baea742bf60b1c7b0eed50fea7a662851c9fbd36eefe37,25252291,1780675931,0xbfa7f9c1983ae40738ea0f128e58aa704461aa3a,0x00000000000762339537bd0fd01e44f661bd8f67,0x60e1de483c0c3657d79c735e9ff4d9ea84b44b67,1.043841,1.04384133611691,1.04384133611691,,0.8326036949784997
0xd9bb23c5aa8cc27df2d6f390a670d1562345cbc28a81cbf638d2d4c74027362c,25252291,1780675931,0xd2c334ead25f006e98d927fba7452dad481f9ee6,0x00000000000762339537bd0fd01e44f661bd8f67,0xe1abbcb7776199fdda8c2c47d9cc3eb80917daf1,1.043841,1.04384133611691,1.04384133611691,,0.8326036949784997
0x72759a53551199a62627252a601eec7fed2c165fb605dcb0ef7c2c88d912ef6a,25252291,1780675931,0xa28ee7ec4756b4c3340c30a8c8cb8bd708e1dcdc,0x00000000000762339537bd0fd01e44f661bd8f67,0xd604d0f40809954749f536477acbd227c2aad38b,1.043841,1.04384133611691,1.04384133611691,,0.8326036949784997
0x6c4c744f14f3cc7ea3962233071c3dcd797598ff611ba560df3a5e4c9b96c646,25252291,1780675931,0xa28ee7ec4756b4c3340c30a8c8cb8bd708e1dcdc,0x00000000000762339537bd0fd01e44f661bd8f67,0x08ce56a1dc045bcbd34a7964b23516d364df6ba5,1.043841,1.04384133611691,1.04384133611691,,0.8326036949784997
0xa448aec10aa564f8ae03e8d7df870ddf884e478f53d9f3a0a89410160d0c4e35,25252292,1780675943,0xbfa7f9c1983ae40738ea0f128e58aa704461aa3a,0xa0f1c3ad83e07d97b5e7030e177718be175275ea,0x60e1de483c0c3657d79c735e9ff4d9ea84b44b67,1.043841,1.04384133611691,1.04384133611691,,0.8326036949784997
0x66cff3a543264ee6a2293fe12526625a8b88611cf4f8d462410465d0416817dc,25252292,1780675943,0x0e09ce5c48b48bf72bb667715cbe6977489042cb,0xe08d97e151473a848c3d9ca3f323cb720472d015,0x8067e992c67715851f592094686bc9d2f7d23889,1.043841,1.04384133611691,1.04384133611691,,0.8326036949784997
0x8a6597aff44bf3b25bbab027c64b3b9785ebe8210e7182edfa4d739a1531561f,25252292,1780675943,0xa28ee7ec4756b4c3340c30a8c8cb8bd708e1dcdc,0xe08d97e151473a848c3d9ca3f323cb720472d015,0x721e3b6e8c3f8ef3d1a7605700cb3ba027ef8eba,1.043841,1.04384133611691,1.04384133611691,,0.8326036949784997
0x42380084744b2f0a2c5b5ddf7def37ef9fb8f1f1319f11abf784b4556ac30702,25252292,1780675943,0x7e2c2561a6b6cbede449fb41adfdf4d7ccfd20fe,0xe08d97e151473a848c3d9ca3f323cb720472d015,0xe7bf3eb287e6e5871bfc2d7534b41c519b33fe48,1.043841,1.04384133611691,1.04384133611691,,0.8326036949784997
0x27244b6847db45f3eba660d12101815b9708227bc265de329d2a2c4f3804864e,25252292,1780675943,0x1ac73015626cb8941f83f83f1039102d87fb7838,0xe08d97e151473a848c3d9ca3f323cb720472d015,0x1a7cda1f6eb3080287b3c2b4c2bef45ef9047996,1.043841,1.04384133611691,1.04384133611691,,0.8326036949784997
0x2f7cf7750eb95b540397817e616c7dba830d7dcd6655232de568fd8e869e210a,25252292,1780675943,0xa28ee7ec4756b4c3340c30a8c8cb8bd708e1dcdc,0xa0f1c3ad83e07d97b5e7030e177718be175275ea,0x08ce56a1dc045bcbd34a7964b23516d364df6ba5,1.043841,1.04384133611691,1.04384133611691,,0.8326036949784997
0xe764a49e8c5d4595fc17dd77b4aaea5f97bf1fe2dcc5474ba7ad05b2ff79095e,25252292,1780675943,0xa28ee7ec4756b4c3340c30a8c8cb8bd708e1dcdc,0xa0f1c3ad83e07d97b5e7030e177718be175275ea,0xd0cae02373c612e7fa2643f6742d5264685d2c75,1.04384,1.04384133611691,1.04384133611691,,0.8326036949784997
0xa71ad5ddc07887208ab7f5e1785d283b2d34b4af411fe1069b45a19acad40563,25252292,1780675943,0x0e09ce5c48b48bf72bb667715cbe6977489042cb,0xa0f1c3ad83e07d97b5e7030e177718be175275ea,0x1b92f2525bde50ad24d85c964144927f1b2efded,1.043841,1.04384133611691,1.04384133611691,,0.8326036949784997
0x320ec40a0f7af578cc8fdb869ad52eaeef6716c0b9c88083d76c14e6913adc3d,25252293,1780675955,0xd2c334ead25f006e98d927fba7452dad481f9ee6,0x00000000000762339537bd0fd01e44f661bd8f67,0xe1abbcb7776199fdda8c2c47d9cc3eb80917daf1,1.043841,1.04384133611691,1.04384133611691,,0.8326036949784997
0x84fd885544c9eb2399a5ce1b43a4c68d0600fea261acc9d149f4d5d2524b7462,25252293,1780675955,0xa28ee7ec4756b4c3340c30a8c8cb8bd708e1dcdc,0xa0f1c3ad83e07d97b5e7030e177718be175275ea,0xd604d0f40809954749f536477acbd227c2aad38b,1.043841,1.04384133611691,1.04384133611691,,0.8326036949784997
0x496de8ebbd4de8e4ea807104e8ed563d01e1b70be1a4c397a0d630cf6449fa9d,25252293,1780675955,0xa28ee7ec4756b4c3340c30a8c8cb8bd708e1dcdc,0x00000f91109c4d0007e90000d9facad5298a0cac,0x721e3b6e8c3f8ef3d1a7605700cb3ba027ef8eba,1.043841,1.04384133611691,1.04384133611691,,0.8326036949784997
0x7b6071b427564d250576503190684de17dde6b19574bdaa6643f8fe82d29e146,25252293,1780675955,0xa28ee7ec4756b4c3340c30a8c8cb8bd708e1dcdc,0x00000f91109c4d0007e90000d9facad5298a0cac,0x721e3b6e8c3f8ef3d1a7605700cb3ba027ef8eba,1.043841,1.04384133611691,1.04384133611691,,0.8326036949784997
0xa92a5cdc32dca04ba1a01d3542c52d57077bb431dcdd5fe4f1276392e9bb8130,25252293,1780675955,0x7e2c2561a6b6cbede449fb41adfdf4d7ccfd20fe,0x00000f91109c4d0007e90000d9facad5298a0cac,0xe7bf3eb287e6e5871bfc2d7534b41c519b33fe48,1.043841,1.04384133611691,1.04384133611691,,0.8326036949784997
0xee9b078b05b639a005b10c5ca16194347281b72319a77cab84bb9bca3abade98,25252293,1780675955,0xbfa7f9c1983ae40738ea0f128e58aa704461aa3a,0xa0f1c3ad83e07d97b5e7030e177718be175275ea,0x721e3b6e8c3f8ef3d1a7605700cb3ba027ef8eba,1.04384,1.04384133611691,1.04384133611691,,0.8326036949784997
0x401a8502715ed21c6956fdbc8af1fe6cbce925873a16987bebd917df3d64cb50,25252293,1780675955,0x0e09ce5c48b48bf72bb667715cbe6977489042cb,0xa0f1c3ad83e07d97b5e7030e177718be175275ea,0x8067e992c67715851f592094686bc9d2f7d23889,1.043841,1.04384133611691,1.04384133611691,,0.8326036949784997
0x401a8502715ed21c6956fdbc8af1fe6cbce925873a16987bebd917df3d64cb50,25252293,1780675955,0xbfa7f9c1983ae40738ea0f128e58aa704461aa3a,0xa0f1c3ad83e07d97b5e7030e177718be175275ea,0x562d48f6801045453f9783a0922361ec1b7bf439,1.04384,1.04384133611691,1.04384133611691,,0.8326036949784997
0x5090144c9f9cab0ba7c9cdc38e81b21e7961d23413ee06dfe9a921d31ffa3aba,25252293,1780675955,0xa28ee7ec4756b4c3340c30a8c8cb8bd708e1dcdc,0xc5b02076a58215154f21a57c5ca41967e4d0e85a,0x9398563acd4539df8f2c613f964c2ecbe6020d6b,1.043839,1.04384133611691,1.04384133611691,,0.8326036949784997
0x60ad0a7fd4ac74d6a17b93e3f1e26a7af4f2e8e7c00afeb4a396b51e5f64da2c,25252293,1780675955,0x0e09ce5c48b48bf72bb667715cbe6977489042cb,0xa0f1c3ad83e07d97b5e7030e177718be175275ea,0x18e6f9825272efd477344937209848d5372ad5b1,1.043841,1.04384133611691,1.04384133611691,,0.8326036949784997
0xe9ae1bc8e36b44fb665c7d57f8b044707dc000621d15a13dc3b52fc095af9478,25252294,1780675967,0xd2c334ead25f006e98d927fba7452dad481f9ee6,0x00000000000762339537bd0fd01e44f661bd8f67,0xe1abbcb7776199fdda8c2c47d9cc3eb80917daf1,1.043841,1.04384133611691,1.04384133611691,,0.8326036949784997
0x3f818709873f9c816fb2a0fba0ff40849ebb231f72c420c9193bff1f9757eb4c,25252294,1780675967,0xa28ee7ec4756b4c3340c30a8c8cb8bd708e1dcdc,0xa0f1c3ad83e07d97b5e7030e177718be175275ea,0x721e3b6e8c3f8ef3d1a7605700cb3ba027ef8eba,1.04384,1.04384133611691,1.04384133611691,,0.8326036949784997
0x6c314e59581034168b9cbebaac5238ba3cfd270596e828501cff084de93ceb3b,25252294,1780675967,0x7e2c2561a6b6cbede449fb41adfdf4d7ccfd20fe,0xa0f1c3ad83e07d97b5e7030e177718be175275ea,0xe7bf3eb287e6e5871bfc2d7534b41c519b33fe48,1.043841,1.04384133611691,1.04384133611691,,0.8326036949784997
0xc2ae0f6996cc96801030f41e0fa0b2d8a1b73e3acd66db3c604ebcfa4a0f0c35,25252294,1780675967,0xbfa7f9c1983ae40738ea0f128e58aa704461aa3a,0x9b8d58b7e38f4a88a0d135452c9c0e1ef664e324,0xaec4ee9a108304fcc5cdc323d8a2a1d331c342b7,1.04384,1.04384133611691,1.04384133611691,,0.8326036949784997
0x695a5073021c2c3f1045b51cc84b4d6f520f6a7133a36791894de8528b0bf961,25252295,1780675979,0xbfa7f9c1983ae40738ea0f128e58aa704461aa3a,0xf00003bf2dcfeb166e3dee7d0e0fff197cdfcabd,0x8f714eeaaeb838c9c7e295b5f105abfab311b286,1.043841,1.04384133611691,1.04384133611691,,0.8326036949784997
0x0d807f4d518f7be4c7cf4e31ef5d4ead155a682b5f5646d0e4a1d6c03084991c,25252295,1780675979,0xd2c334ead25f006e98d927fba7452dad481f9ee6,0xa0f1c3ad83e07d97b5e7030e177718be175275ea,0xe1abbcb7776199fdda8c2c47d9cc3eb80917daf1,1.043841,1.04384133611691,1.04384133611691,,0.8326036949784997
0x5aa9ad3bb62330210c2cacec60441d9dd424d82722e6d15f3c4a4d6a5ac44cbc,25252295,1780675979,0xa28ee7ec4756b4c3340c30a8c8cb8bd708e1dcdc,0xa00003b2e58e808bcb536041045a5d0f7750c777,0xad95973c72045cd05b9ddaa2b27cf65f578e339e,1.043841,1.04384133611691,1.04384133611691,,0.8326036949784997
0xc13295443ca9ae012d1a29e87291f5b101d0f1ff3c10c693ef7fb6dc8f9518bc,25253018,1780684715,0xa28ee7ec4756b4c3340c30a8c8cb8bd708e1dcdc,0x00000000000762339537bd0fd01e44f661bd8f67,0x9398563acd4539df8f2c613f964c2ecbe6020d6b,1.043832,1.04384133611691,1.04384133611691,,0.8326036949784997
0xb4383a1a0530319fa6500bf5412b843ac03e08c7a39f2aa8b32dc5d3121dbb04,25253019,1780684727,0xa28ee7ec4756b4c3340c30a8c8cb8bd708e1dcdc,0xa0f1c3ad83e07d97b5e7030e177718be175275ea,0x9398563acd4539df8f2c613f964c2ecbe6020d6b,1.043831,1.04384133611691,1.04384133611691,,0.8326036949784997
0xd9d24c54950496344467cda5779119210adb6908400db9bb5f2502b210a7806b,25253062,1780685243,0xbfa7f9c1983ae40738ea0f128e58aa704461aa3a,0x00000000000762339537bd0fd01e44f661bd8f67,0x60e1de483c0c3657d79c735e9ff4d9ea84b44b67,1.043841,1.04384133611691,1.04384133611691,,0.8326036949784997
0x0e3e4c5416b18706f2c75307bc5e7fca30729022c40fc72ad8cf5b7ef3b2956b,25253062,1780685243,0xd2c334ead25f006e98d927fba7452dad481f9ee6,0x00000000000762339537bd0fd01e44f661bd8f67,0xe1abbcb7776199fdda8c2c47d9cc3eb80917daf1,1.043841,1.04384133611691,1.04384133611691,,0.8326036949784997
0x54626d002c7c9e79a42491447c6b84eb26902f30dc9520f28e9392a4e176563f,25253062,1780685243,0x0e09ce5c48b48bf72bb667715cbe6977489042cb,0x00000000000762339537bd0fd01e44f661bd8f67,0x8067e992c67715851f592094686bc9d2f7d23889,1.043841,1.04384133611691,1.04384133611691,,0.8326036949784997
0x0ef436b5763ab26c1a79a963d85664c6973d66591d15a9084d6ca180798cc46d,25253062,1780685243,0xa28ee7ec4756b4c3340c30a8c8cb8bd708e1dcdc,0x00000000000762339537bd0fd01e44f661bd8f67,0xd604d0f40809954749f536477acbd227c2aad38b,1.043841,1.04384133611691,1.04384133611691,,0.8326036949784997
0xe7c99a117f110c8a7dbe76fb5b117194b25cc30873d74598796aa94a0cbf5ccb,25253062,1780685243,0xa28ee7ec4756b4c3340c30a8c8cb8bd708e1dcdc,0x00000f91109c4d0007e90000d9facad5298a0cac,0x721e3b6e8c3f8ef3d1a7605700cb3ba027ef8eba,1.043841,1.04384133611691,1.04384133611691,,0.8326036949784997
0x2c1f50abfbb6ff790518f469ee02e78b90b06c6ed92298078439ede223ee25bd,25253062,1780685243,0xa28ee7ec4756b4c3340c30a8c8cb8bd708e1dcdc,0xa0f1c3ad83e07d97b5e7030e177718be175275ea,0x9398563acd4539df8f2c613f964c2ecbe6020d6b,1.043839,1.04384133611691,1.04384133611691,,0.8326036949784997
0xea9668863f1d153447ddee48061832f93b205228dde6f7ff570c8bb1c4af45a5,25253062,1780685243,0xbfa7f9c1983ae40738ea0f128e58aa704461aa3a,0x9b8d58b7e38f4a88a0d135452c9c0e1ef664e324,0xaec4ee9a108304fcc5cdc323d8a2a1d331c342b7,1.043839,1.04384133611691,1.04384133611691,,0.8326036949784997
0xf458dc9cdf5a7e164b4540c3ad989f1c4340bbc3494a355ce74fae6a87da127f,25253063,1780685255,0xbfa7f9c1983ae40738ea0f128e58aa704461aa3a,0xa0f1c3ad83e07d97b5e7030e177718be175275ea,0x60e1de483c0c3657d79c735e9ff4d9ea84b44b67,1.043841,1.04384133611691,1.04384133611691,,0.8326036949784997
0x5fecbcd5ac58ac456b2471d69869172ba629f156066f03989432c3d04bb71091,25253063,1780685255,0xd2c334ead25f006e98d927fba7452dad481f9ee6,0x00000000000762339537bd0fd01e44f661bd8f67,0xe1abbcb7776199fdda8c2c47d9cc3eb80917daf1,1.043841,1.04384133611691,1.04384133611691,,0.8326036949784997
0x786f2389e0e2f5549096b74939196511f97ae517e74bc43ddcd76bd0aa3e90c5,25253063,1780685255,0xa28ee7ec4756b4c3340c30a8c8cb8bd708e1dcdc,0xa0f1c3ad83e07d97b5e7030e177718be175275ea,0xd604d0f40809954749f536477acbd227c2aad38b,1.043841,1.04384133611691,1.04384133611691,,0.8326036949784997
0x4cfe70a702c4bbd21d6648d66ba7cc031f101afcf837ca52cd2ecf4931d87218,25253063,1780685255,0x0e09ce5c48b48bf72bb667715cbe6977489042cb,0xa0f1c3ad83e07d97b5e7030e177718be175275ea,0x8067e992c67715851f592094686bc9d2f7d23889,1.043839,1.04384133611691,1.04384133611691,,0.8326036949784997
0xf6ad81ddf39b3362df78da4a27e9a9bbf90bd7395dbf2d952b709eb2cb063a90,25253063,1780685255,0xa28ee7ec4756b4c3340c30a8c8cb8bd708e1dcdc,0xa0f1c3ad83e07d97b5e7030e177718be175275ea,0x721e3b6e8c3f8ef3d1a7605700cb3ba027ef8eba,1.04384,1.04384133611691,1.04384133611691,,0.8326036949784997
0x75c3d579d68f3ad75899a9c0e0a09869b0d2b8258851b1297465d36d82ff6a51,25253064,1780685267,0xd2c334ead25f006e98d927fba7452dad481f9ee6,0xa0f1c3ad83e07d97b5e7030e177718be175275ea,0xe1abbcb7776199fdda8c2c47d9cc3eb80917daf1,1.043841,1.04384133611691,1.04384133611691,,0.8326036949784997
0x11796949cf851c09ac3b372973a1b56b609afe7d39a6254d1b6be2e910df9209,25253064,1780685267,0xbfa7f9c1983ae40738ea0f128e58aa704461aa3a,0x00000000000762339537bd0fd01e44f661bd8f67,0x8f714eeaaeb838c9c7e295b5f105abfab311b286,1.04384,1.04384133611691,1.04384133611691,,0.8326036949784997
0xa974a6f793a7a4fd124354a768889cb10ade6c62302678b7028a360778093b6c,25253065,1780685279,0xa28ee7ec4756b4c3340c30a8c8cb8bd708e1dcdc,0x00000000000762339537bd0fd01e44f661bd8f67,0x08ce56a1dc045bcbd34a7964b23516d364df6ba5,1.043841,1.04384133611691,1.04384133611691,,0.8326036949784997
0x40d5904b8cf0c474fbad0336958ebb71be789446c496a2bc5992be7c62a57b7a,25253065,1780685279,0xbfa7f9c1983ae40738ea0f128e58aa704461aa3a,0xa0f1c3ad83e07d97b5e7030e177718be175275ea,0x8f714eeaaeb838c9c7e295b5f105abfab311b286,1.04384,1.04384133611691,1.04384133611691,,0.8326036949784997
0x8a7c0d4c8846bad83065fef2477e89b754d535c0f547f8fdea865ff19de5723b,25253066,1780685291,0xa28ee7ec4756b4c3340c30a8c8cb8bd708e1dcdc,0xa00003b2e58e808bcb536041045a5d0f7750c777,0x680891a82a2457240b88f24330f48f33734d0254,1.043841,1.04384133611691,1.04384133611691,,0.8326036949784997
0xf6c185495b8542aa6167cbb924ec00e5f633a7b77d628ef362adbad86f188f65,25253066,1780685291,0xa28ee7ec4756b4c3340c30a8c8cb8bd708e1dcdc,0xa0f1c3ad83e07d97b5e7030e177718be175275ea,0x08ce56a1dc045bcbd34a7964b23516d364df6ba5,1.04384,1.04384133611691,1.04384133611691,,0.8326036949784997
0x796d2b875fb14c376b8f9bc596c21196f87d0bbd69f53a6663286d98e9cf0e10,25253067,1780685303,0xbfa7f9c1983ae40738ea0f128e58aa704461aa3a,0x00000000000762339537bd0fd01e44f661bd8f67,0x721e3b6e8c3f8ef3d1a7605700cb3ba027ef8eba,1.043839,1.04384133611691,1.04384133611691,,0.8326036949784997
0x7ef6137ac799728be98fe745f42c877777a19006a62b4ded93b205a0991e3e2e,25253067,1780685303,0xa28ee7ec4756b4c3340c30a8c8cb8bd708e1dcdc,0x00000000000762339537bd0fd01e44f661bd8f67,0x555e7145939ab65ca573166c7e824d06eb1367fc,1.043831,1.04384133611691,1.04384133611691,,0.8326036949784997
0x39db7a78e3e8dbcbc8698d36811870d870356d7507b72bece6f22bcbcf613ec3,25253068,1780685315,0xbfa7f9c1983ae40738ea0f128e58aa704461aa3a,0x00000000000762339537bd0fd01e44f661bd8f67,0x721e3b6e8c3f8ef3d1a7605700cb3ba027ef8eba,1.043839,1.04384133611691,1.04384133611691,,0.8326036949784997
0x806f0c49878e4c2cec8cdd97c78fd54ecc8f7a1781b98081eaabae386d4b1fb3,25253068,1780685315,0xa28ee7ec4756b4c3340c30a8c8cb8bd708e1dcdc,0xa0f1c3ad83e07d97b5e7030e177718be175275ea,0x555e7145939ab65ca573166c7e824d06eb1367fc,1.04383,1.04384133611691,1.04384133611691,,0.8326036949784997
0xcdb56b0fa8d7ca43a9272fa0c52a2efb9ced935352dfa15183a42c072111df4d,25253069,1780685327,0xbfa7f9c1983ae40738ea0f128e58aa704461aa3a,0xa0f1c3ad83e07d97b5e7030e177718be175275ea,0x721e3b6e8c3f8ef3d1a7605700cb3ba027ef8eba,1.043836,1.04384133611691,1.04384133611691,,0.8326036949784997
0xde5fab5b7687cde224970ca4cc678daf690a06d4d0ccf19c30646ea796be2ef9,25253076,1780685411,0xbfa7f9c1983ae40738ea0f128e58aa704461aa3a,0xe08d97e151473a848c3d9ca3f323cb720472d015,0xd0cae02373c612e7fa2643f6742d5264685d2c75,1.043841,1.04384133611691,1.04384133611691,,0.8326036949784997
0x52e4ea49f10743450490ff8fbfab40d5021528ecfbafdd6b35624f7cf05c53bd,25253091,1780685591,0x7e2c2561a6b6cbede449fb41adfdf4d7ccfd20fe,0xe08d97e151473a848c3d9ca3f323cb720472d015,0xe7bf3eb287e6e5871bfc2d7534b41c519b33fe48,1.043841,1.04384133611691,1.04384133611691,,0.8326036949784997
0x4e255255c48f001256b6f20ffa55fe630b1a4440e81bd1c2db1b257ca8dc591b,25253093,1780685615,0xbfa7f9c1983ae40738ea0f128e58aa704461aa3a,0xf00003bf2dcfeb166e3dee7d0e0fff197cdfcabd,0x60e1de483c0c3657d79c735e9ff4d9ea84b44b67,1.043841,1.04384133611691,1.04384133611691,,0.8326036949784997
0x76e45439699c1baa9f27970baf429264147a40769504e7e2f34107ba3e7412d1,25253095,1780685639,0xa28ee7ec4756b4c3340c30a8c8cb8bd708e1dcdc,0x681878dc5abaa70d182b3e1c4d6a3fd1e16922c0,0x721e3b6e8c3f8ef3d1a7605700cb3ba027ef8eba,1.043841,1.04384133611691,1.04384133611691,,0.8326036949784997
0xc3c2fbbcb2f343fb75fd737bea0adc23c200e1aafe1594494a5faab593af5d34,25253095,1780685639,0xa28ee7ec4756b4c3340c30a8c8cb8bd708e1dcdc,0x681878dc5abaa70d182b3e1c4d6a3fd1e16922c0,0x721e3b6e8c3f8ef3d1a7605700cb3ba027ef8eba,1.043841,1.04384133611691,1.04384133611691,,0.8326036949784997
0x31e2de6f196f1760802bf8d3b0aa3cd1bb658631d48183351a58e876c8fd1642,25253095,1780685639,0xa28ee7ec4756b4c3340c30a8c8cb8bd708e1dcdc,0x681878dc5abaa70d182b3e1c4d6a3fd1e16922c0,0x721e3b6e8c3f8ef3d1a7605700cb3ba027ef8eba,1.043841,1.04384133611691,1.04384133611691,,0.8326036949784997
0x53d72c609a10602bfca12f592911891d731862df2fa338e1d28a77b5ec74791d,25253095,1780685639,0xa28ee7ec4756b4c3340c30a8c8cb8bd708e1dcdc,0x681878dc5abaa70d182b3e1c4d6a3fd1e16922c0,0x721e3b6e8c3f8ef3d1a7605700cb3ba027ef8eba,1.043841,1.04384133611691,1.04384133611691,,0.8326036949784997
0x8de75316a25fd21180c9bf50c952370d3b2ae7d0b199aa16e5b31aea2cefd785,25253095,1780685639,0xbfa7f9c1983ae40738ea0f128e58aa704461aa3a,0xa0f1c3ad83e07d97b5e7030e177718be175275ea,0x60e1de483c0c3657d79c735e9ff4d9ea84b44b67,1.043841,1.04384133611691,1.04384133611691,,0.8326036949784997
0xca11194841187b208844b2e82e374539c611da0ab304f2f4a245c81e99e9df9e,25253096,1780685651,0xd2c334ead25f006e98d927fba7452dad481f9ee6,0x774504173b222a02707fd60ed7bb2ee6fd05626f,0xe1abbcb7776199fdda8c2c47d9cc3eb80917daf1,1.043841,1.04384133611691,1.04384133611691,,0.8326036949784997
0x934b3dbc9c2a966034e79257b604a0df9a98a18b1b0447fdf9121ea6fbcc7df7,25253096,1780685651,0xa28ee7ec4756b4c3340c30a8c8cb8bd708e1dcdc,0x00000000000762339537bd0fd01e44f661bd8f67,0x08ce56a1dc045bcbd34a7964b23516d364df6ba5,1.043841,1.04384133611691,1.04384133611691,,0.8326036949784997
0xce1cb06cdb3c8f588d0a6b273c103431ff25b329b2500e1eb82d055f8d73881d,25253096,1780685651,0xa28ee7ec4756b4c3340c30a8c8cb8bd708e1dcdc,0xa0f1c3ad83e07d97b5e7030e177718be175275ea,0xd604d0f40809954749f536477acbd227c2aad38b,1.043841,1.04384133611691,1.04384133611691,,0.8326036949784997
0xce1cb06cdb3c8f588d0a6b273c103431ff25b329b2500e1eb82d055f8d73881d,25253096,1780685651,0xa28ee7ec4756b4c3340c30a8c8cb8bd708e1dcdc,0xa0f1c3ad83e07d97b5e7030e177718be175275ea,0x680891a82a2457240b88f24330f48f33734d0254,1.043841,1.04384133611691,1.04384133611691,,0.8326036949784997
0x0009ea42682a8e10ccf1dc836b35771cb81b686d65bd9074e0e384c97288e00e,25253096,1780685651,0xbfa7f9c1983ae40738ea0f128e58aa704461aa3a,0xf00003bf2dcfeb166e3dee7d0e0fff197cdfcabd,0x721e3b6e8c3f8ef3d1a7605700cb3ba027ef8eba,1.043841,1.04384133611691,1.04384133611691,,0.8326036949784997
0x1509cdda56d2a0b805132a6ebf9e1a8fe44d19e9e896484088de495ab2096019,25253096,1780685651,0xa28ee7ec4756b4c3340c30a8c8cb8bd708e1dcdc,0xf00003bf2dcfeb166e3dee7d0e0fff197cdfcabd,0xad95973c72045cd05b9ddaa2b27cf65f578e339e,1.043841,1.04384133611691,1.04384133611691,,0.8326036949784997
0x35abd4f6cda634a6f3777eaa88fcd39fb94d9fa37e5fbdf04eb852b1581243bd,25253097,1780685663,0xbfa7f9c1983ae40738ea0f128e58aa704461aa3a,0x00000000000762339537bd0fd01e44f661bd8f67,0x8f714eeaaeb838c9c7e295b5f105abfab311b286,1.043841,1.04384133611691,1.04384133611691,,0.8326036949784997
0x84f943d3030952b1aaa4d0367cff9d44593e87a562f76675295cfe451a962fa7,25253097,1780685663,0xa28ee7ec4756b4c3340c30a8c8cb8bd708e1dcdc,0xa0f1c3ad83e07d97b5e7030e177718be175275ea,0x08ce56a1dc045bcbd34a7964b23516d364df6ba5,1.043841,1.04384133611691,1.04384133611691,,0.8326036949784997
0x6c39e6559da71868a2be597e2f982ad154844d62db708c23c187b212c75244e5,25253097,1780685663,0x0e09ce5c48b48bf72bb667715cbe6977489042cb,0x00000000000762339537bd0fd01e44f661bd8f67,0x8067e992c67715851f592094686bc9d2f7d23889,1.043841,1.04384133611691,1.04384133611691,,0.8326036949784997
0x41ddfe835a7bf28f731321b3ac8436cac1b148e5180230e560bc1404d21c5ded,25253097,1780685663,0x0e09ce5c48b48bf72bb667715cbe6977489042cb,0x00000000000762339537bd0fd01e44f661bd8f67,0x8067e992c67715851f592094686bc9d2f7d23889,1.043841,1.04384133611691,1.04384133611691,,0.8326036949784997
0x000734937be77ee845cc012630ffad5dcb589034c55678322990dd058314e00d,25253097,1780685663,0xa28ee7ec4756b4c3340c30a8c8cb8bd708e1dcdc,0xf00003bf2dcfeb166e3dee7d0e0fff197cdfcabd,0xd0cae02373c612e7fa2643f6742d5264685d2c75,1.043841,1.04384133611691,1.04384133611691,,0.8326036949784997
0x000734937be77ee845cc012630ffad5dcb589034c55678322990dd058314e00d,25253097,1780685663,0xbfa7f9c1983ae40738ea0f128e58aa704461aa3a,0xf00003bf2dcfeb166e3dee7d0e0fff197cdfcabd,0x562d48f6801045453f9783a0922361ec1b7bf439,1.043841,1.04384133611691,1.04384133611691,,0.8326036949784997
0xd3ae2f25ee1af7b773980bd2f83e39d20ac0ec565a187d2c60b632ada3beb19a,25253097,1780685663,0x0e09ce5c48b48bf72bb667715cbe6977489042cb,0x00000f91109c4d0007e90000d9facad5298a0cac,0x8067e992c67715851f592094686bc9d2f7d23889,1.043841,1.04384133611691,1.04384133611691,,0.8326036949784997
0x95abb3c241ce5fca455272dff9b9f1d16ff4e99d91b19f6402d4818a916119fe,25253097,1780685663,0x0e09ce5c48b48bf72bb667715cbe6977489042cb,0x00000f91109c4d0007e90000d9facad5298a0cac,0x1b92f2525bde50ad24d85c964144927f1b2efded,1.043841,1.04384133611691,1.04384133611691,,0.8326036949784997
0x70fa7ab46bc38323a494bc4f0029d9b5878dc9986e6124d2896c6e907a411e37,25253097,1780685663,0x1ac73015626cb8941f83f83f1039102d87fb7838,0x00000f91109c4d0007e90000d9facad5298a0cac,0x1a7cda1f6eb3080287b3c2b4c2bef45ef9047996,1.043841,1.04384133611691,1.04384133611691,,0.8326036949784997
0x6cd850ee6842407f5e08bb819d2a1526c49f6ec23b88e617ae99a4021fc7cbe5,25253097,1780685663,0xa28ee7ec4756b4c3340c30a8c8cb8bd708e1dcdc,0xa0f1c3ad83e07d97b5e7030e177718be175275ea,0x9398563acd4539df8f2c613f964c2ecbe6020d6b,1.04384,1.04384133611691,1.04384133611691,,0.8326036949784997
0x88d3bca53bb8ce7b3ea28a7f58f5d0bd0e2671225b4657b0645b442acc1613d8,25253098,1780685675,0xbfa7f9c1983ae40738ea0f128e58aa704461aa3a,0xa0f1c3ad83e07d97b5e7030e177718be175275ea,0x8f714eeaaeb838c9c7e295b5f105abfab311b286,1.04384,1.04384133611691,1.04384133611691,,0.8326036949784997
0xc683c9972103f9df830a46abcb37489184a4468872283c405b1c3e280feb6243,25253098,1780685675,0x0e09ce5c48b48bf72bb667715cbe6977489042cb,0xa00003b2e58e808bcb536041045a5d0f7750c777,0x18e6f9825272efd477344937209848d5372ad5b1,1.043841,1.04384133611691,1.04384133611691,,0.8326036949784997
0xfc0261b10258977e95d29404c07521d77c0edc2fe191757b314ddddbd155b7bb,25253098,1780685675,0x0e09ce5c48b48bf72bb667715cbe6977489042cb,0xa0f1c3ad83e07d97b5e7030e177718be175275ea,0x8067e992c67715851f592094686bc9d2f7d23889,1.04384,1.04384133611691,1.04384133611691,,0.8326036949784997
0x51ca5c55285b648dfa55409aa2aa088d2ce558519e555a1a31c4bd84c5aba713,25253098,1780685675,0xbfa7f9c1983ae40738ea0f128e58aa704461aa3a,0xa0f1c3ad83e07d97b5e7030e177718be175275ea,0xd0cae02373c612e7fa2643f6742d5264685d2c75,1.043838,1.04384133611691,1.04384133611691,,0.8326036949784997
0x557b4836a41b587d711b14ea3bfe85676ef0baad4b7091beedf3a0dd4cbe507f,25253099,1780685687,0xbfa7f9c1983ae40738ea0f128e58aa704461aa3a,0x00000000000762339537bd0fd01e44f661bd8f67,0xaec4ee9a108304fcc5cdc323d8a2a1d331c342b7,1.04384,1.04384133611691,1.04384133611691,,0.8326036949784997
0x25bdc5d4eca846453e6a91eaa93b01f6c5f22211444cf6569732d6fd8aaba733,25253099,1780685687,0x0e09ce5c48b48bf72bb667715cbe6977489042cb,0xa0f1c3ad83e07d97b5e7030e177718be175275ea,0x1b92f2525bde50ad24d85c964144927f1b2efded,1.04384,1.04384133611691,1.04384133611691,,0.8326036949784997
0x307888809b30f097964b3f8013055bc2cf350e41b3d78211fa2372fdc1539a4c,25253099,1780685687,0xa28ee7ec4756b4c3340c30a8c8cb8bd708e1dcdc,0xa0f1c3ad83e07d97b5e7030e177718be175275ea,0xd0cae02373c612e7fa2643f6742d5264685d2c75,1.043839,1.04384133611691,1.04384133611691,,0.8326036949784997
0xd1ff1749b2b49519ed978fd3d383e7d89227aad495e4ff6e3bc686d98f048f05,25253099,1780685687,0xa28ee7ec4756b4c3340c30a8c8cb8bd708e1dcdc,0xa0f1c3ad83e07d97b5e7030e177718be175275ea,0x721e3b6e8c3f8ef3d1a7605700cb3ba027ef8eba,1.043839,1.04384133611691,1.04384133611691,,0.8326036949784997
0x1f2299e71348ebb43f79584d01b4084d570d8d9ba23e8d31a636038957745e43,25253106,1780685771,0xa28ee7ec4756b4c3340c30a8c8cb8bd708e1dcdc,0xa0f1c3ad83e07d97b5e7030e177718be175275ea,0x555e7145939ab65ca573166c7e824d06eb1367fc,1.043836,1.04384133611691,1.04384133611691,,0.8326036949784997
0xe36714e527aa192a53ddc1bb79b5d77fea89a2c2554b85d2461ae87c8ea661cf,25253108,1780685795,0x1ac73015626cb8941f83f83f1039102d87fb7838,0x00000000000762339537bd0fd01e44f661bd8f67,0x1a7cda1f6eb3080287b3c2b4c2bef45ef9047996,1.043841,1.04384133611691,1.04384133611691,,0.8326036949784997
0x084bbc234109d7c5a52d9c5527ea8930961dab1426370f787ddcdbeaf319518f,25253132,1780686083,0x7e2c2561a6b6cbede449fb41adfdf4d7ccfd20fe,0xa00003b2e58e808bcb536041045a5d0f7750c777,0xe7bf3eb287e6e5871bfc2d7534b41c519b33fe48,1.043841,1.04384133611691,1.04384133611691,,0.8326036949784997
0xaeb4242823d143fb4d48f125e43b8924ecaf3310b3e2503239797a24d5378396,25253132,1780686083,0x1ac73015626cb8941f83f83f1039102d87fb7838,0x983ba1b212bf5da5690bc62ecfaa7377ab816b80,0x1a7cda1f6eb3080287b3c2b4c2bef45ef9047996,1.043841,1.04384133611691,1.04384133611691,,0.8326036949784997
0xa604b115cc1c82245e28406f077b1f8d504888f23ba8c165af1dcbc1f38e7640,25253132,1780686083,0xa28ee7ec4756b4c3340c30a8c8cb8bd708e1dcdc,0xa0f1c3ad83e07d97b5e7030e177718be175275ea,0xd604d0f40809954749f536477acbd227c2aad38b,1.04384,1.04384133611691,1.04384133611691,,0.8326036949784997
0x0a0a07dbae4eb229bcf35728fdad3a387013d614d096417132803324352dd844,25253132,1780686083,0xa28ee7ec4756b4c3340c30a8c8cb8bd708e1dcdc,0xa0f1c3ad83e07d97b5e7030e177718be175275ea,0x08ce56a1dc045bcbd34a7964b23516d364df6ba5,1.043841,1.04384133611691,1.04384133611691,,0.8326036949784997
0xfb99252d7572ee52ede9e0aa0b8c13e35b9d68e5c4b21bd48edcf0270e487200,25253132,1780686083,0xa28ee7ec4756b4c3340c30a8c8cb8bd708e1dcdc,0xa0f1c3ad83e07d97b5e7030e177718be175275ea,0x680891a82a2457240b88f24330f48f33734d0254,1.043838,1.04384133611691,1.04384133611691,,0.8326036949784997
0x48c4e7d718fd44c22fd61d4b4d57ece51442a78be59cd51cdbfb18f637fa5c89,25253132,1780686083,0xa28ee7ec4756b4c3340c30a8c8cb8bd708e1dcdc,0xa0f1c3ad83e07d97b5e7030e177718be175275ea,0x721e3b6e8c3f8ef3d1a7605700cb3ba027ef8eba,1.043838,1.04384133611691,1.04384133611691,,0.8326036949784997
0x52f657a007da978b1b3ca64c13e29c004ddd63345cfd796160b1a8eb1be71cfb,25253133,1780686095,0xa28ee7ec4756b4c3340c30a8c8cb8bd708e1dcdc,0xa0f1c3ad83e07d97b5e7030e177718be175275ea,0xad95973c72045cd05b9ddaa2b27cf65f578e339e,1.04384,1.04384133611691,1.04384133611691,,0.8326036949784997
0x7f2499834e4546ee4234dbbea635d995bb20371fe4f208d451f171e00660e996,25253133,1780686095,0x0e09ce5c48b48bf72bb667715cbe6977489042cb,0xa0f1c3ad83e07d97b5e7030e177718be175275ea,0x8067e992c67715851f592094686bc9d2f7d23889,1.043839,1.04384133611691,1.04384133611691,,0.8326036949784997
0x80966ef668f069491e7d469dc7d2ad97f6f6957f33939bdea1d48a0b4ecf9fe4,25253134,1780686107,0xd2c334ead25f006e98d927fba7452dad481f9ee6,0xa0f1c3ad83e07d97b5e7030e177718be175275ea,0xe1abbcb7776199fdda8c2c47d9cc3eb80917daf1,1.043841,1.04384133611691,1.04384133611691,,0.8326036949784997
0x97480fb9bd8009af80e05ceaafb6dbc4c1bd08a936514377f4b0f43c21d21930,25253137,1780686143,0xbfa7f9c1983ae40738ea0f128e58aa704461aa3a,0xf00003bf2dcfeb166e3dee7d0e0fff197cdfcabd,0x60e1de483c0c3657d79c735e9ff4d9ea84b44b67,1.043841,1.04384133611691,1.04384133611691,,0.8326036949784997
0x86b383be173e97eec4a261e7de1559b7437a5a2906964372f30a67307966e427,25253138,1780686155,0xbfa7f9c1983ae40738ea0f128e58aa704461aa3a,0xa0f1c3ad83e07d97b5e7030e177718be175275ea,0x8f714eeaaeb838c9c7e295b5f105abfab311b286,1.043838,1.04384133611691,1.04384133611691,,0.8326036949784997
0x0056685a2093870906951c7d9ff94682e7d7320af71dbc5a16fe2fb61cf484fa,25253155,1780686359,0x0e09ce5c48b48bf72bb667715cbe6977489042cb,0xa0f1c3ad83e07d97b5e7030e177718be175275ea,0x18e6f9825272efd477344937209848d5372ad5b1,1.043838,1.04384133611691,1.04384133611691,,0.8326036949784997
0x24e0ed2ba7a677417267888e0ac676b80a690cbccfeefdc023ee8f5f015bfb3d,25253155,1780686359,0xbfa7f9c1983ae40738ea0f128e58aa704461aa3a,0xa0f1c3ad83e07d97b5e7030e177718be175275ea,0x721e3b6e8c3f8ef3d1a7605700cb3ba027ef8eba,1.043828,1.04384133611691,1.04384133611691,,0.8326036949784997
0x684de3305e6794633952e82cbed6cb81bb4eb1c02ba112ad870bac7a8fe57c10,25253161,1780686431,0x11b0f28028e3659c1ae18e153625c4f1c95698c8,0xe08d97e151473a848c3d9ca3f323cb720472d015,0x21e39af4f3a2f06cf89dc13155dbd6e2f7576bbf,1.043841,1.04384133611691,1.04384133611691,,0.8326036949784997
0xc365ab6d3e8980527aed86cdd2f31abdf59091dabb9300a3da6808cf28daee7c,25253199,1780686887,0x0e09ce5c48b48bf72bb667715cbe6977489042cb,0x00000000000762339537bd0fd01e44f661bd8f67,0x8067e992c67715851f592094686bc9d2f7d23889,1.043839,1.04384133611691,1.04384133611691,,0.8326036949784997
0x0986dba33385fa9a6ff7be279f17d037eb326ec9f7fa1f7217c7883891f65a68,25253199,1780686887,0x0e09ce5c48b48bf72bb667715cbe6977489042cb,0xa0f1c3ad83e07d97b5e7030e177718be175275ea,0x18e6f9825272efd477344937209848d5372ad5b1,1.043831,1.04384133611691,1.04384133611691,,0.8326036949784997
0x9821ea9301f9d70e8e71ade1d3fadb2ee5925e268689d173a7143c90416ca882,25253199,1780686887,0x0e09ce5c48b48bf72bb667715cbe6977489042cb,0xa0f1c3ad83e07d97b5e7030e177718be175275ea,0x1b92f2525bde50ad24d85c964144927f1b2efded,1.043826,1.04384133611691,1.04384133611691,,0.8326036949784997
0x073cb6a85f7f6e27d4d174ab0d3f0b3c7821f92619d7fb365d7b4269d2b60183,25253217,1780687103,0x1ac73015626cb8941f83f83f1039102d87fb7838,0xa0f1c3ad83e07d97b5e7030e177718be175275ea,0x1a7cda1f6eb3080287b3c2b4c2bef45ef9047996,1.043841,1.04384133611691,1.04384133611691,,0.8326036949784997
0xea7496e6dbac8e2fb828668a50012d5ecc8d9629b93535a8f2ff8fe65dc3ae96,25255880,1780719227,0x11b0f28028e3659c1ae18e153625c4f1c95698c8,0x00000000000762339537bd0fd01e44f661bd8f67,0xdc4fbaee1ebb4629664aac9a7649cde62b5af07a,1.043841,1.04384133611691,1.04384133611691,,0.8326036949784997
0x53b17bfd6551cecc70dc63b9609b49ab0704ef497d74b43dd2c91bc104a9f782,25255880,1780719227,0x7e2c2561a6b6cbede449fb41adfdf4d7ccfd20fe,0x00000f91109c4d0007e90000d9facad5298a0cac,0xe7bf3eb287e6e5871bfc2d7534b41c519b33fe48,1.043841,1.04384133611691,1.04384133611691,,0.8326036949784997
0xf307aba81831b0baeca8ccb2c52a621a14ea7d1a702f770981e221821c59b4fa,25255881,1780719239,0x7e2c2561a6b6cbede449fb41adfdf4d7ccfd20fe,0x00000000000762339537bd0fd01e44f661bd8f67,0xe7bf3eb287e6e5871bfc2d7534b41c519b33fe48,1.043841,1.04384133611691,1.04384133611691,,0.8326036949784997
0x3d809a062b4f87a1b0ce24b6bd18065daa71dbfa3e17147d36090bb3a88d9934,25255882,1780719251,0x7e2c2561a6b6cbede449fb41adfdf4d7ccfd20fe,0xa0f1c3ad83e07d97b5e7030e177718be175275ea,0xe7bf3eb287e6e5871bfc2d7534b41c519b33fe48,1.043841,1.04384133611691,1.04384133611691,,0.8326036949784997
0x1493cc88f4e89aa65ef1176b37347c27da18ce41d99203c207dba19d8d44c11c,25255882,1780719251,0x11b0f28028e3659c1ae18e153625c4f1c95698c8,0xc6abf45e10dec4350e73cc11212b614749ee11b3,0x21e39af4f3a2f06cf89dc13155dbd6e2f7576bbf,1.043841,1.04384133611691,1.04384133611691,,0.8326036949784997
0x1283b5233041218c90157286fe8afe10f159dc3a3528c0c8af2370f01f0b2618,25255883,1780719263,0x1ac73015626cb8941f83f83f1039102d87fb7838,0x00000000000762339537bd0fd01e44f661bd8f67,0x1a7cda1f6eb3080287b3c2b4c2bef45ef9047996,1.043841,1.04384133611691,1.04384133611691,,0.8326036949784997
0xe46d536007646283b3d2a0764fac0ccbd81154e8b46e072fd141154caa3ba032,25255883,1780719263,0x11b0f28028e3659c1ae18e153625c4f1c95698c8,0xa0f1c3ad83e07d97b5e7030e177718be175275ea,0xdc4fbaee1ebb4629664aac9a7649cde62b5af07a,1.043841,1.04384133611691,1.04384133611691,,0.8326036949784997
0x8158e19d3f5a05af4b7d239c6497e8f15c12ae5018343abd5d9da5373d5bbb42,25255883,1780719263,0x11b0f28028e3659c1ae18e153625c4f1c95698c8,0xa0f1c3ad83e07d97b5e7030e177718be175275ea,0x21e39af4f3a2f06cf89dc13155dbd6e2f7576bbf,1.043841,1.04384133611691,1.04384133611691,,0.8326036949784997
0x8273473976ea9310b6690a43295feab75ddb981a5644a16e6f34601cfc93cf1c,25255885,1780719287,0x1ac73015626cb8941f83f83f1039102d87fb7838,0xa0f1c3ad83e07d97b5e7030e177718be175275ea,0x1a7cda1f6eb3080287b3c2b4c2bef45ef9047996,1.043841,1.04384133611691,1.04384133611691,,0.8326036949784997
0x827e22202b056b99db5cd1ecbe792637ba9708ea54bb026f2dc2b2a7c67e16c6,25255954,1780720115,0x7e2c2561a6b6cbede449fb41adfdf4d7ccfd20fe,0x00000000000762339537bd0fd01e44f661bd8f67,0xe7bf3eb287e6e5871bfc2d7534b41c519b33fe48,1.043841,1.04384133611691,1.04384133611691,,0.8326036949784997
0x35557225969925c67cf1c51bc821be43f6217b8979f8d43a2644bb0bf923522e,25255954,1780720115,0x7e2c2561a6b6cbede449fb41adfdf4d7ccfd20fe,0x00000000000762339537bd0fd01e44f661bd8f67,0xe7bf3eb287e6e5871bfc2d7534b41c519b33fe48,1.043841,1.04384133611691,1.04384133611691,,0.8326036949784997
0x61ae553ada6a8c8111ebf001e23445e82bcbba84a775c221701757abbd14db54,25255957,1780720151,0x1ac73015626cb8941f83f83f1039102d87fb7838,0x00000000000762339537bd0fd01e44f661bd8f67,0x1a7cda1f6eb3080287b3c2b4c2bef45ef9047996,1.043841,1.04384133611691,1.04384133611691,,0.8326036949784997
0xf361b87e12694090f6066b22cb7630c213b76db1de7c1beb89f46bd0a06f8bd3,25255957,1780720151,0x7e2c2561a6b6cbede449fb41adfdf4d7ccfd20fe,0xa0f1c3ad83e07d97b5e7030e177718be175275ea,0xe7bf3eb287e6e5871bfc2d7534b41c519b33fe48,1.043841,1.04384133611691,1.04384133611691,,0.8326036949784997
0xd4d40c37b03f6b946ecd7ed0af8a768284f8e6e0b11b784123400123fde302ef,25255971,1780720319,0x1ac73015626cb8941f83f83f1039102d87fb7838,0xa0f1c3ad83e07d97b5e7030e177718be175275ea,0x1a7cda1f6eb3080287b3c2b4c2bef45ef9047996,1.043841,1.04384133611691,1.04384133611691,,0.8326036949784997
0x8a3ca6a2a9ed6110b00d34424549a4442ebb34bf480bc49b0e5a378e3ef815d1,25255974,1780720355,0x11b0f28028e3659c1ae18e153625c4f1c95698c8,0xe08d97e151473a848c3d9ca3f323cb720472d015,0x21e39af4f3a2f06cf89dc13155dbd6e2f7576bbf,1.043841,1.04384133611691,1.04384133611691,,0.8326036949784997
0x87028e5e5e7852c1cca79b58d4147d628414b2a33b7396b30b6ec3cee15ea936,25255975,1780720367,0x11b0f28028e3659c1ae18e153625c4f1c95698c8,0xa0f1c3ad83e07d97b5e7030e177718be175275ea,0xdc4fbaee1ebb4629664aac9a7649cde62b5af07a,1.043841,1.04384133611691,1.04384133611691,,0.8326036949784997
0x5d65b4d64c6e1de92111d0a2e9893ff451cab980966710994ee0b162639c097f,25255975,1780720367,0x11b0f28028e3659c1ae18e153625c4f1c95698c8,0xa0f1c3ad83e07d97b5e7030e177718be175275ea,0x21e39af4f3a2f06cf89dc13155dbd6e2f7576bbf,1.043841,1.04384133611691,1.04384133611691,,0.8326036949784997
0xb09c2e3aa6ccf5d75b8b12329a3c75384f25707d7b61c05deadc4d8c4875162a,25255983,1780720463,0x7e2c2561a6b6cbede449fb41adfdf4d7ccfd20fe,0x00000000000762339537bd0fd01e44f661bd8f67,0xe7bf3eb287e6e5871bfc2d7534b41c519b33fe48,1.043841,1.04384133611691,1.04384133611691,,0.8326036949784997
0x4ab6d007a03d2f014313a769a034bd854260be2cc557b6a46ca4cf140e79605e,25255984,1780720475,0x7e2c2561a6b6cbede449fb41adfdf4d7ccfd20fe,0xa0f1c3ad83e07d97b5e7030e177718be175275ea,0xe7bf3eb287e6e5871bfc2d7534b41c519b33fe48,1.043841,1.04384133611691,1.04384133611691,,0.8326036949784997
0x630999c1a775ceb90f99b6b24ba75a102961cb8a848053b649bac84bcfbd1ae8,25255993,1780720583,0x1ac73015626cb8941f83f83f1039102d87fb7838,0x00000f91109c4d0007e90000d9facad5298a0cac,0x1a7cda1f6eb3080287b3c2b4c2bef45ef9047996,1.043841,1.04384133611691,1.04384133611691,,0.8326036949784997
0x9e36e9eb2240a27e239a88c4d9242df7fc8ed2eb1217968da3d2884f0262c983,25256000,1780720667,0x1ac73015626cb8941f83f83f1039102d87fb7838,0xa0f1c3ad83e07d97b5e7030e177718be175275ea,0x1a7cda1f6eb3080287b3c2b4c2bef45ef9047996,1.043841,1.04384133611691,1.04384133611691,,0.8326036949784997
0x2c4f71615dfd84fc509324410905770ee1b6afd7bcddb41ef0446700699c807e,25256005,1780720727,0x7e2c2561a6b6cbede449fb41adfdf4d7ccfd20fe,0xbb13d96f722a2328420663ea845e0ef1eb3295a0,0xe7bf3eb287e6e5871bfc2d7534b41c519b33fe48,1.043841,1.04384133611691,1.04384133611691,,0.8326036949784997
0x0356b98d8184144a47f22ad0308bf394b5e9fad0d14087dec62d0a4602230075,25256005,1780720727,0x7e2c2561a6b6cbede449fb41adfdf4d7ccfd20fe,0xbb13d96f722a2328420663ea845e0ef1eb3295a0,0xe7bf3eb287e6e5871bfc2d7534b41c519b33fe48,1.043841,1.04384133611691,1.04384133611691,,0.8326036949784997
0x0f3dbf9f4be52f3921b80d5e75be57f34b655c3528cf913aa2ca85f3545534b9,25256005,1780720727,0x7e2c2561a6b6cbede449fb41adfdf4d7ccfd20fe,0xbb13d96f722a2328420663ea845e0ef1eb3295a0,0xe7bf3eb287e6e5871bfc2d7534b41c519b33fe48,1.043841,1.04384133611691,1.04384133611691,,0.8326036949784997
0x5a0103c2b41a0cf3686aa9901aa6236af538e4f842cc1a37b9aa137ce85e0997,25256005,1780720727,0x7e2c2561a6b6cbede449fb41adfdf4d7ccfd20fe,0xbb13d96f722a2328420663ea845e0ef1eb3295a0,0xe7bf3eb287e6e5871bfc2d7534b41c519b33fe48,1.043841,1.04384133611691,1.04384133611691,,0.8326036949784997
0x4d7c5b92e9a41e175fdab431967520ccc53075fa212efe98c253cf809d2613a4,25256007,1780720751,0x7e2c2561a6b6cbede449fb41adfdf4d7ccfd20fe,0x00000000000762339537bd0fd01e44f661bd8f67,0xe7bf3eb287e6e5871bfc2d7534b41c519b33fe48,1.043841,1.04384133611691,1.04384133611691,,0.8326036949784997
0xedc923ed37b242fd4169f6927e97619255973e263eb95e9bf625a6593945c31d,25256008,1780720763,0x7e2c2561a6b6cbede449fb41adfdf4d7ccfd20fe,0xa0f1c3ad83e07d97b5e7030e177718be175275ea,0xe7bf3eb287e6e5871bfc2d7534b41c519b33fe48,1.043841,1.04384133611691,1.04384133611691,,0.8326036949784997
0xfb6120a148867b53cf9a57cb60875bb41eb75bd233521c45c47ecefbfaafa5e1,25256009,1780720775,0x1ac73015626cb8941f83f83f1039102d87fb7838,0x00000f91109c4d0007e90000d9facad5298a0cac,0x1a7cda1f6eb3080287b3c2b4c2bef45ef9047996,1.043841,1.04384133611691,1.04384133611691,,0.8326036949784997
0x72ff3d5103d3439c85b9b0073ca07d3767071e619bd60e5b27aaf64c84bbaab2,25256124,1780722167,0x7e2c2561a6b6cbede449fb41adfdf4d7ccfd20fe,0x00000f91109c4d0007e90000d9facad5298a0cac,0xe7bf3eb287e6e5871bfc2d7534b41c519b33fe48,1.043841,1.04384133611691,1.04384133611691,,0.8326036949784997
0xa497d58ed0da419dcb384bd41647fff2d6fe8f9b7c043799f0d33e7c7a352c18,25256125,1780722179,0x7e2c2561a6b6cbede449fb41adfdf4d7ccfd20fe,0xa0f1c3ad83e07d97b5e7030e177718be175275ea,0xe7bf3eb287e6e5871bfc2d7534b41c519b33fe48,1.043841,1.04384133611691,1.04384133611691,,0.8326036949784997
0xc7ba8dba5974bc7ce6c4f3175eccac441770701df50bf6cf17ea5d6f46675cea,25256125,1780722179,0x11b0f28028e3659c1ae18e153625c4f1c95698c8,0x00000000000762339537bd0fd01e44f661bd8f67,0x21e39af4f3a2f06cf89dc13155dbd6e2f7576bbf,1.043841,1.04384133611691,1.04384133611691,,0.8326036949784997
0xdec2a8981a81691dfca6fd111c361e36940820a82050d8cb3c6b90093be40152,25256126,1780722191,0x11b0f28028e3659c1ae18e153625c4f1c95698c8,0x74ab8f56f7a2845039e11fd606832050dab1d511,0x21e39af4f3a2f06cf89dc13155dbd6e2f7576bbf,1.043841,1.04384133611691,1.04384133611691,,0.8326036949784997
0xa298c2d4b9ec3b8f5ee30a4cbba228fafcd62792a83b13eba85dfa495280be59,25256126,1780722191,0x1ac73015626cb8941f83f83f1039102d87fb7838,0x00000f91109c4d0007e90000d9facad5298a0cac,0x1a7cda1f6eb3080287b3c2b4c2bef45ef9047996,1.043841,1.04384133611691,1.04384133611691,,0.8326036949784997
0xa2a0ade41d3280ba7ee2624bc0e63a7a90c0b0c7c4997b4ef12710acd5717e66,25256127,1780722203,0x11b0f28028e3659c1ae18e153625c4f1c95698c8,0xa0f1c3ad83e07d97b5e7030e177718be175275ea,0x21e39af4f3a2f06cf89dc13155dbd6e2f7576bbf,1.043841,1.04384133611691,1.04384133611691,,0.8326036949784997
0xf09c305578397f18626d6e75aac0ad7b5a698ee60a105409aab232a526b852aa,25256128,1780722215,0x11b0f28028e3659c1ae18e153625c4f1c95698c8,0xd0a51dadec96c5ddf5dda2511201706f7e2dda08,0xdc4fbaee1ebb4629664aac9a7649cde62b5af07a,1.043841,1.04384133611691,1.04384133611691,,0.8326036949784997
0x333f88f648603d0eb71b93588b6668bf9706b029a3026a14f4c5033eb9d3e1c3,25261631,1780788371,0x4c2401b490cec2ac30f54c9c4f3c65c2677ae07f,0xe08d97e151473a848c3d9ca3f323cb720472d015,0x0000006094141cd5d88b13aa8845dc34e9b1c3a0,1.026167,1.0261672652642382,1.0261672652642382,,0.8978687766514472
0x9fb5d6d6aa05e54b337790cd61c568aa3f23441e48003d105754e283d771f704,25282621,1781041211,0x4c2401b490cec2ac30f54c9c4f3c65c2677ae07f,0xc0de2807cad1b02b9e0bbf886592cdb79150bcd0,0xbea7622cd1dc23b97c4ec44fdd1afa9f1eeffaef,1.026167,1.0261672652642382,1.0261672652642382,,0.8978687766514472
0xcbc56ae3e19be7c578b0393932b2191fa89f153a6e4eeaa9f2bb71ee3f67b58c,25288956,1781117531,0x0a032468c5a6904b0464a6a09e45307845638e53,0xe08d97e151473a848c3d9ca3f323cb720472d015,0xc72d8a8b6bcd0d3530365e6eaccd6ea722cecd7f,1.074114,1.0741138560687433,1.0741138560687433,,0.727366070175296
0xeb9c3ee86e6400037f8fd0cbb707a800b5f7dd47c342640c2a7f966c74b647ba,25289404,1781122931,0x0a032468c5a6904b0464a6a09e45307845638e53,0xe08d97e151473a848c3d9ca3f323cb720472d015,0xc72d8a8b6bcd0d3530365e6eaccd6ea722cecd7f,1.074114,1.0741138560687433,1.0741138560687433,,0.727366070175296
0x18cbaa0a12e63ed3305f243e6331ef473ce351fc3ee3a9c33fa1e42af9aff1ba,25290048,1781130659,0x0a032468c5a6904b0464a6a09e45307845638e53,0xe08d97e151473a848c3d9ca3f323cb720472d015,0xc72d8a8b6bcd0d3530365e6eaccd6ea722cecd7f,1.074113,1.0741138560687433,1.0741138560687433,,0.727366070175296
0xd91b4582e8feb98b8d91622cb57f8422132a49c84ce15f38dd0acbfbe5302924,25326273,1781567063,0x4c2401b490cec2ac30f54c9c4f3c65c2677ae07f,0xc0de2807cad1b02b9e0bbf886592cdb79150bcd0,0xbea7622cd1dc23b97c4ec44fdd1afa9f1eeffaef,1.026167,1.0261672652642382,1.0261672652642382,,0.8978687766514472
0xb1fabf568c36eb4208c8bdaac2e185d3dd69adffd6f7373bf8cac1334f1ed2e8,25354253,1781903735,0x4c2401b490cec2ac30f54c9c4f3c65c2677ae07f,0xa0f1c3ad83e07d97b5e7030e177718be175275ea,0x637a8f99acbd43f89b6afca840f629f125996903,1.026167,1.0261672652642382,1.0261672652642382,,0.8978687766514472
0x39f3e843179716126823630b9f8c591b9a29d219c12873256b78c2fb5c07bcd3,25361157,1781986931,0x4c2401b490cec2ac30f54c9c4f3c65c2677ae07f,0xc0de2807cad1b02b9e0bbf886592cdb79150bcd0,0xbea7622cd1dc23b97c4ec44fdd1afa9f1eeffaef,1.026167,1.0261672652642382,1.0261672652642382,,0.8978687766514472
0x910ccc1959fba005ef7ea5418f17b601dd3d63acf8147446f1d6486daefd35ee,25366286,1782048767,0x4c2401b490cec2ac30f54c9c4f3c65c2677ae07f,0xe08d97e151473a848c3d9ca3f323cb720472d015,0x0000006094141cd5d88b13aa8845dc34e9b1c3a0,1.026167,1.0261672652642382,1.0261672652642382,,0.8978687766514472
0x4517f310a4fedf360f8be05918eefc6dcaf7517fc1a3d3422f8345d81f7ad7fa,25370288,1782096995,0x4c2401b490cec2ac30f54c9c4f3c65c2677ae07f,0xc0de2807cad1b02b9e0bbf886592cdb79150bcd0,0x637a8f99acbd43f89b6afca840f629f125996903,1.026167,1.0261672652642382,1.0261672652642382,,0.8978687766514472
0x9b93af58f8a52591af3c2c329e2913f6c5f360c7a87b505ee24b3f60b7adecd0,25387587,1782305495,0x0a032468c5a6904b0464a6a09e45307845638e53,0xe08d97e151473a848c3d9ca3f323cb720472d015,0xc72d8a8b6bcd0d3530365e6eaccd6ea722cecd7f,1.074114,1.0741138560687433,1.0741138560687433,,0.727366070175296
0x86936a177fede19759df439c41d08e1627da053effcc92ed797939e4fdd362cf,25387633,1782306047,0x0a032468c5a6904b0464a6a09e45307845638e53,0xa0f1c3ad83e07d97b5e7030e177718be175275ea,0xc72d8a8b6bcd0d3530365e6eaccd6ea722cecd7f,1.074113,1.0741138560687433,1.0741138560687433,,0.727366070175296
0xffa76bf61464551d9f1a0f32057cb95a301e83a6116aa51479ae2a7bf8c10e18,25387642,1782306155,0x0a032468c5a6904b0464a6a09e45307845638e53,0xa0f1c3ad83e07d97b5e7030e177718be175275ea,0xc72d8a8b6bcd0d3530365e6eaccd6ea722cecd7f,1.074113,1.0741138560687433,1.0741138560687433,,0.727366070175296
0x6ceb369fb689b70af489c62a1a81b870dad9b6987167e80b8dd96b840d448b23,25388784,1782319919,0xbfa7f9c1983ae40738ea0f128e58aa704461aa3a,0xf00003bf2dcfeb166e3dee7d0e0fff197cdfcabd,0x2f51677962036541705a09b3327f3b52d2ecd87d,1.043841,1.04384133611691,1.04384133611691,,0.8326036949784997
0x05db77d837d04a0e39980308c8ae8fa1b52eb55bf419d8a3fdb0dc4a75de226d,25388928,1782321671,0xbfa7f9c1983ae40738ea0f128e58aa704461aa3a,0xa00003b2e58e808bcb536041045a5d0f7750c777,0x2f51677962036541705a09b3327f3b52d2ecd87d,1.043841,1.04384133611691,1.04384133611691,,0.8326036949784997
0x4ca708b86217a0114772bcf4515df1579e09b4437b4756b7234a0e48686e8833,25389061,1782323315,0xbfa7f9c1983ae40738ea0f128e58aa704461aa3a,0xa00003b2e58e808bcb536041045a5d0f7750c777,0x2f51677962036541705a09b3327f3b52d2ecd87d,1.04993,1.04384133611691,1.04384133611691,,0.8326036949784997
0xf118c78338e94be6e881f2ec9786cf60e486a06518f639c58eca9d2c419e1795,25389063,1782323339,0xbfa7f9c1983ae40738ea0f128e58aa704461aa3a,0x00000f91109c4d0007e90000d9facad5298a0cac,0x60e1de483c0c3657d79c735e9ff4d9ea84b44b67,1.043841,1.04384133611691,1.04384133611691,,0.8326036949784997
0x043e1226a32598334b27acfc20a89f9bca9317656841d8f83227eabb18f2a2f5,25389063,1782323339,0xd2c334ead25f006e98d927fba7452dad481f9ee6,0x00000f91109c4d0007e90000d9facad5298a0cac,0xe1abbcb7776199fdda8c2c47d9cc3eb80917daf1,1.043841,1.04384133611691,1.04384133611691,,0.8326036949784997
0xe1e35f941c381f61270302a19e20c51942583acdf280b6a99ef96c7a50e58122,25389063,1782323339,0xa28ee7ec4756b4c3340c30a8c8cb8bd708e1dcdc,0x00000f91109c4d0007e90000d9facad5298a0cac,0xd604d0f40809954749f536477acbd227c2aad38b,1.043841,1.04384133611691,1.04384133611691,,0.8326036949784997
0xffe9e2d93b30b7a57347b975eaa51a47fdb229066b925ea2e550a55dc7119b92,25389063,1782323339,0x0e09ce5c48b48bf72bb667715cbe6977489042cb,0x00000f91109c4d0007e90000d9facad5298a0cac,0x8067e992c67715851f592094686bc9d2f7d23889,1.043841,1.04384133611691,1.04384133611691,,0.8326036949784997
0x472c54b853fec10a5de19007a283298129cf2d7090e27c1c036f2f7e5083702e,25389063,1782323339,0x0e09ce5c48b48bf72bb667715cbe6977489042cb,0x00000f91109c4d0007e90000d9facad5298a0cac,0x8067e992c67715851f592094686bc9d2f7d23889,1.043841,1.04384133611691,1.04384133611691,,0.8326036949784997
0x040c4f9732bf992fe708489102ff0db85b37f5fdb6e10d185858a238641b1dac,25389063,1782323339,0xa28ee7ec4756b4c3340c30a8c8cb8bd708e1dcdc,0x00000f91109c4d0007e90000d9facad5298a0cac,0x721e3b6e8c3f8ef3d1a7605700cb3ba027ef8eba,1.043841,1.04384133611691,1.04384133611691,,0.8326036949784997
0x59261a41f69b3d4800caec725d44013c7bb9b53c8c9bb19880d984b1ca0d4764,25389063,1782323339,0xa28ee7ec4756b4c3340c30a8c8cb8bd708e1dcdc,0x00000f91109c4d0007e90000d9facad5298a0cac,0x721e3b6e8c3f8ef3d1a7605700cb3ba027ef8eba,1.043841,1.04384133611691,1.04384133611691,,0.8326036949784997
0xd9b63d1296fc92bdcfd3380e73f7ac9e0f033edb1dab62c6c9e42202331dca0a,25389063,1782323339,0xa28ee7ec4756b4c3340c30a8c8cb8bd708e1dcdc,0x00000f91109c4d0007e90000d9facad5298a0cac,0x08ce56a1dc045bcbd34a7964b23516d364df6ba5,1.04384,1.04384133611691,1.04384133611691,,0.8326036949784997
0xd8e25e5a8f56292c5b5a2443b29d98bed32db929288fdce27bb9424b04432220,25389063,1782323339,0x0e09ce5c48b48bf72bb667715cbe6977489042cb,0x00000f91109c4d0007e90000d9facad5298a0cac,0x8067e992c67715851f592094686bc9d2f7d23889,1.043841,1.04384133611691,1.04384133611691,,0.8326036949784997
0xdc464407a8b3b7aadc1607f137e71308bd4e5ba70308183a358b25ba146a863f,25389064,1782323351,0xbfa7f9c1983ae40738ea0f128e58aa704461aa3a,0xf00003bf2dcfeb166e3dee7d0e0fff197cdfcabd,0x8f714eeaaeb838c9c7e295b5f105abfab311b286,1.043841,1.04384133611691,1.04384133611691,,0.8326036949784997
0x1d9b2730f7c4c87cbf9be894ab24867e67e677e9c819490f01cb1e76783fa66c,25389064,1782323351,0xa28ee7ec4756b4c3340c30a8c8cb8bd708e1dcdc,0xa00003b2e58e808bcb536041045a5d0f7750c777,0xd604d0f40809954749f536477acbd227c2aad38b,1.043841,1.04384133611691,1.04384133611691,,0.8326036949784997
0x9a88641ee4304e63d30ae8153ce76554b7056092e55690a136fc6ed0bb5dbe34,25389064,1782323351,0xbfa7f9c1983ae40738ea0f128e58aa704461aa3a,0xa0f1c3ad83e07d97b5e7030e177718be175275ea,0x60e1de483c0c3657d79c735e9ff4d9ea84b44b67,1.043841,1.04384133611691,1.04384133611691,,0.8326036949784997
0x03d73c6b8fd95eb37ad89b6674666ff69abb511daa5dd8f472c8cad4338caa2d,25389064,1782323351,0xa28ee7ec4756b4c3340c30a8c8cb8bd708e1dcdc,0xcfeae98c369e14218c51128a7534472ce8f91407,0x08ce56a1dc045bcbd34a7964b23516d364df6ba5,1.043841,1.04384133611691,1.04384133611691,,0.8326036949784997
0x7c23cc8469ceb0807ea9b692c5a612e3831adc570cc05d1010407dfb70f04523,25389064,1782323351,0xd2c334ead25f006e98d927fba7452dad481f9ee6,0xf00003bf2dcfeb166e3dee7d0e0fff197cdfcabd,0xe1abbcb7776199fdda8c2c47d9cc3eb80917daf1,1.043841,1.04384133611691,1.04384133611691,,0.8326036949784997
0x3513138b591a0842e15e0d274d154053e0e29f9a9b068b7292f1262559450d84,25389065,1782323363,0xbfa7f9c1983ae40738ea0f128e58aa704461aa3a,0x9b8d58b7e38f4a88a0d135452c9c0e1ef664e324,0xaec4ee9a108304fcc5cdc323d8a2a1d331c342b7,1.043839,1.04384133611691,1.04384133611691,,0.8326036949784997
0x90ec032da86db53e40fe383d3aac84be47fc348bc9548b288a2cd4d409280849,25389065,1782323363,0xbfa7f9c1983ae40738ea0f128e58aa704461aa3a,0xa0f1c3ad83e07d97b5e7030e177718be175275ea,0x8f714eeaaeb838c9c7e295b5f105abfab311b286,1.043839,1.04384133611691,1.04384133611691,,0.8326036949784997
0xdd1bbfc5e6261461dd418dd9cc25c8c722fa1c8dc556053b94736235900233d2,25389065,1782323363,0x0e09ce5c48b48bf72bb667715cbe6977489042cb,0xa0f1c3ad83e07d97b5e7030e177718be175275ea,0x8067e992c67715851f592094686bc9d2f7d23889,1.043841,1.04384133611691,1.04384133611691,,0.8326036949784997
0xbe36a7ac226ffa6bc78dc5728496c0a0e4c0fca75dd922f63ff92b86cc7aaab6,25389065,1782323363,0xa28ee7ec4756b4c3340c30a8c8cb8bd708e1dcdc,0xa0f1c3ad83e07d97b5e7030e177718be175275ea,0x721e3b6e8c3f8ef3d1a7605700cb3ba027ef8eba,1.043841,1.04384133611691,1.04384133611691,,0.8326036949784997
0x2cad9cade3a7a8d8a18db341f1707ba0c8722b2d8f0755c372edbdf3b23fac0d,25389066,1782323375,0xbfa7f9c1983ae40738ea0f128e58aa704461aa3a,0x00000f91109c4d0007e90000d9facad5298a0cac,0x721e3b6e8c3f8ef3d1a7605700cb3ba027ef8eba,1.04384,1.04384133611691,1.04384133611691,,0.8326036949784997
0x5763a15268650aa25ae9af5c91521d1f52295b17f97af2169949aa24d3af7800,25389066,1782323375,0xbfa7f9c1983ae40738ea0f128e58aa704461aa3a,0x00000f91109c4d0007e90000d9facad5298a0cac,0x721e3b6e8c3f8ef3d1a7605700cb3ba027ef8eba,1.04384,1.04384133611691,1.04384133611691,,0.8326036949784997
0x824b1b7576f0cec4f8c07cbeaeefcb4eaefbbcd07f8c7f6b1577443a3cafe11f,25389066,1782323375,0xbfa7f9c1983ae40738ea0f128e58aa704461aa3a,0x00000f91109c4d0007e90000d9facad5298a0cac,0x721e3b6e8c3f8ef3d1a7605700cb3ba027ef8eba,1.043836,1.04384133611691,1.04384133611691,,0.8326036949784997
0x5d29cf7a31368ea33cb7736470756cb8a36ead4a481fbda9586e692148a27ea7,25389067,1782323387,0xa28ee7ec4756b4c3340c30a8c8cb8bd708e1dcdc,0xa00003b2e58e808bcb536041045a5d0f7750c777,0x680891a82a2457240b88f24330f48f33734d0254,1.043841,1.04384133611691,1.04384133611691,,0.8326036949784997
0x1a3f02f7211f366d59673e9a3ec1b4dd5e304fbb8edacafa607f428b7aca5da4,25389067,1782323387,0xbfa7f9c1983ae40738ea0f128e58aa704461aa3a,0xa0f1c3ad83e07d97b5e7030e177718be175275ea,0x721e3b6e8c3f8ef3d1a7605700cb3ba027ef8eba,1.043838,1.04384133611691,1.04384133611691,,0.8326036949784997
0xc49a83b44ca3bd2be4b33031f56a32e967bec4ad529acf84c48d4640b75878d6,25389070,1782323423,0xa28ee7ec4756b4c3340c30a8c8cb8bd708e1dcdc,0xf00003bf2dcfeb166e3dee7d0e0fff197cdfcabd,0xd0cae02373c612e7fa2643f6742d5264685d2c75,1.043841,1.04384133611691,1.04384133611691,,0.8326036949784997
0xc49a83b44ca3bd2be4b33031f56a32e967bec4ad529acf84c48d4640b75878d6,25389070,1782323423,0xbfa7f9c1983ae40738ea0f128e58aa704461aa3a,0xf00003bf2dcfeb166e3dee7d0e0fff197cdfcabd,0x562d48f6801045453f9783a0922361ec1b7bf439,1.043841,1.04384133611691,1.04384133611691,,0.8326036949784997
0xa481c2f1fec6db79075f1ccab18b147caf0ea14a92160857f8e1c08c9e579d6d,25389070,1782323423,0x0e09ce5c48b48bf72bb667715cbe6977489042cb,0xa00003b2e58e808bcb536041045a5d0f7750c777,0x18e6f9825272efd477344937209848d5372ad5b1,1.043841,1.04384133611691,1.04384133611691,,0.8326036949784997
0x46794924b3a5d94895c6f0619a326943801921e4df6a58f297694da8056cc790,25389376,1782327095,0xbfa7f9c1983ae40738ea0f128e58aa704461aa3a,0xe08d97e151473a848c3d9ca3f323cb720472d015,0xd0cae02373c612e7fa2643f6742d5264685d2c75,1.043841,1.04384133611691,1.04384133611691,,0.8326036949784997
0x289151dab7b9d410b80e639e5a73a5570593be5c696825fd54fc5c644065537c,25389501,1782328619,0xa28ee7ec4756b4c3340c30a8c8cb8bd708e1dcdc,0xe08d97e151473a848c3d9ca3f323cb720472d015,0x9398563acd4539df8f2c613f964c2ecbe6020d6b,1.043841,1.04384133611691,1.04384133611691,,0.8326036949784997
0x70f7a2a10467d9373a8b4452a104588e7957996d5de63b2045a9766e2db6fbf5,25391976,1782358415,0x4c2401b490cec2ac30f54c9c4f3c65c2677ae07f,0xc0de2807cad1b02b9e0bbf886592cdb79150bcd0,0xbea7622cd1dc23b97c4ec44fdd1afa9f1eeffaef,1.026167,1.0261672652642382,1.0261672652642382,,0.8978687766514472
0x4dbdf3fabd9265b539e7df14df9d62593f577a304a395afa18af216a8da2ef86,25395070,1782395675,0xbfa7f9c1983ae40738ea0f128e58aa704461aa3a,0x4659362bb53d0d7c97c136753ba512dadfe2467b,0x2f51677962036541705a09b3327f3b52d2ecd87d,1.043841,1.04384133611691,1.04384133611691,,0.8326036949784997
0x400de60528354e715c96fc10d19544479b47f1fde3adfbbb435d6d909542c998,25395070,1782395675,0xbfa7f9c1983ae40738ea0f128e58aa704461aa3a,0xf00003bf2dcfeb166e3dee7d0e0fff197cdfcabd,0x60e1de483c0c3657d79c735e9ff4d9ea84b44b67,1.043841,1.04384133611691,1.04384133611691,,0.8326036949784997
0x7029e6a0e734b60e1827550e7590468a953173f9226c2ca5aa6f134f1d24fe77,25395070,1782395675,0xd2c334ead25f006e98d927fba7452dad481f9ee6,0x4659362bb53d0d7c97c136753ba512dadfe2467b,0xe1abbcb7776199fdda8c2c47d9cc3eb80917daf1,1.043841,1.04384133611691,1.04384133611691,,0.8326036949784997
0x57cd68869e3495fd0c9198be6bad59908dbb516399800000d4d450864b0b7763,25395070,1782395675,0xa28ee7ec4756b4c3340c30a8c8cb8bd708e1dcdc,0x4659362bb53d0d7c97c136753ba512dadfe2467b,0xd604d0f40809954749f536477acbd227c2aad38b,1.043841,1.04384133611691,1.04384133611691,,0.8326036949784997
0xc5da872ceb0a6ab45acb6fb343042b3f910a9a956cef9677e49f5cd7ee51df6a,25395070,1782395675,0x0e09ce5c48b48bf72bb667715cbe6977489042cb,0x00000f91109c4d0007e90000d9facad5298a0cac,0x8067e992c67715851f592094686bc9d2f7d23889,1.043841,1.04384133611691,1.04384133611691,,0.8326036949784997
0xbce4b90f4c54d5de4da1816c2e8ce60feb44588b9dac07576789b0aaf591c67b,25395070,1782395675,0xa28ee7ec4756b4c3340c30a8c8cb8bd708e1dcdc,0x00000f91109c4d0007e90000d9facad5298a0cac,0x721e3b6e8c3f8ef3d1a7605700cb3ba027ef8eba,1.043841,1.04384133611691,1.04384133611691,,0.8326036949784997
0xabc4abfcc34a44035d21253c75ea4bf8a7bec5f213a532a1bc6c452aa8d6a558,25395071,1782395687,0xbfa7f9c1983ae40738ea0f128e58aa704461aa3a,0xa0f1c3ad83e07d97b5e7030e177718be175275ea,0x2f51677962036541705a09b3327f3b52d2ecd87d,1.043841,1.04384133611691,1.04384133611691,,0.8326036949784997
0xe1d34f4b298cb056a8be7da0b829c9a71c856c2d196a7f55d6a32b985bf1ac7b,25395071,1782395687,0xd2c334ead25f006e98d927fba7452dad481f9ee6,0x68c34569aec29af2bdb88cb21bddc6d1c8cd1406,0xe1abbcb7776199fdda8c2c47d9cc3eb80917daf1,1.043841,1.04384133611691,1.04384133611691,,0.8326036949784997
0x67438a26e349297f6c554d7e062c331caba58f6a138c5cda430fcc7bb71857b7,25395071,1782395687,0xa28ee7ec4756b4c3340c30a8c8cb8bd708e1dcdc,0xa00003b2e58e808bcb536041045a5d0f7750c777,0xd604d0f40809954749f536477acbd227c2aad38b,1.043841,1.04384133611691,1.04384133611691,,0.8326036949784997
0x7c2bd646d88334a5c60b052adefa82c55e708b98e701eb17ca16fa7d7b7f2839,25395071,1782395687,0x0e09ce5c48b48bf72bb667715cbe6977489042cb,0x492d255234c83f2ddc5aa904d8a9db6743e9f046,0x8067e992c67715851f592094686bc9d2f7d23889,1.043841,1.04384133611691,1.04384133611691,,0.8326036949784997
0xfe74dffb0376f654ccac12a5b97e9cd32815ca6ed74aa2718a15eef093d70f9b,25395071,1782395687,0xa28ee7ec4756b4c3340c30a8c8cb8bd708e1dcdc,0xa0f1c3ad83e07d97b5e7030e177718be175275ea,0x721e3b6e8c3f8ef3d1a7605700cb3ba027ef8eba,1.043841,1.04384133611691,1.04384133611691,,0.8326036949784997
0x4af531646d29f2d498386a781bc5ccdf7f6732d26fbebaf19fec95ef37a314a1,25395072,1782395699,0xa28ee7ec4756b4c3340c30a8c8cb8bd708e1dcdc,0xa00003b2e58e808bcb536041045a5d0f7750c777,0x680891a82a2457240b88f24330f48f33734d0254,1.043841,1.04384133611691,1.04384133611691,,0.8326036949784997
0x5c52bf261857134b3d54f429731ade785e0931cff493754ddc6ff298ccf5e98e,25395072,1782395699,0xd2c334ead25f006e98d927fba7452dad481f9ee6,0xa0f1c3ad83e07d97b5e7030e177718be175275ea,0xe1abbcb7776199fdda8c2c47d9cc3eb80917daf1,1.043841,1.04384133611691,1.04384133611691,,0.8326036949784997
0x8a5505ad41ad1a51f998937f5ea647af4073fda5c6d09cdf0ccfd9eefdcd5565,25395073,1782395711,0xbfa7f9c1983ae40738ea0f128e58aa704461aa3a,0x91dd646b0092f11e3f75e3208634a9b6ec1efcd4,0x8f714eeaaeb838c9c7e295b5f105abfab311b286,1.043841,1.04384133611691,1.04384133611691,,0.8326036949784997
0xf0b47be9d07896ffaff7e98f20bbc20a11554794cb1f00d61026dbcbaf708958,25395075,1782395735,0xa28ee7ec4756b4c3340c30a8c8cb8bd708e1dcdc,0xa00003b2e58e808bcb536041045a5d0f7750c777,0x08ce56a1dc045bcbd34a7964b23516d364df6ba5,1.043841,1.04384133611691,1.04384133611691,,0.8326036949784997
0xd825c1f2e8d679b46b935361882614b675ded692ed1861d717cdc53afa88a7a5,25395078,1782395771,0xbfa7f9c1983ae40738ea0f128e58aa704461aa3a,0xf00003bf2dcfeb166e3dee7d0e0fff197cdfcabd,0x60e1de483c0c3657d79c735e9ff4d9ea84b44b67,1.043841,1.04384133611691,1.04384133611691,,0.8326036949784997
0x5eb9231d115a615b38cdd18880788d6a1b7ba8c77feb7d73e2a891a0958e13f1,25395078,1782395771,0xa28ee7ec4756b4c3340c30a8c8cb8bd708e1dcdc,0xa0f1c3ad83e07d97b5e7030e177718be175275ea,0x721e3b6e8c3f8ef3d1a7605700cb3ba027ef8eba,1.043841,1.04384133611691,1.04384133611691,,0.8326036949784997
0xd18125eca636fcdbd814728f4106c1a9871494811278283854ff8d3efa6af73b,25395078,1782395771,0xa28ee7ec4756b4c3340c30a8c8cb8bd708e1dcdc,0xa0f1c3ad83e07d97b5e7030e177718be175275ea,0x08ce56a1dc045bcbd34a7964b23516d364df6ba5,1.043841,1.04384133611691,1.04384133611691,,0.8326036949784997
0x46ae609e6092312bece0c821a4bd680fa7baaaf42ffb691f33c428f6f594061d,25395078,1782395771,0x0e09ce5c48b48bf72bb667715cbe6977489042cb,0xa0f1c3ad83e07d97b5e7030e177718be175275ea,0x8067e992c67715851f592094686bc9d2f7d23889,1.043841,1.04384133611691,1.04384133611691,,0.8326036949784997
0x25b6abf1fb5135fbe22889e3baa91af4f838896f5e60605cd116111c2a34f3fe,25395078,1782395771,0xa28ee7ec4756b4c3340c30a8c8cb8bd708e1dcdc,0xa0f1c3ad83e07d97b5e7030e177718be175275ea,0x680891a82a2457240b88f24330f48f33734d0254,1.043841,1.04384133611691,1.04384133611691,,0.8326036949784997
0xeebf1d99fc0e4faf9feb0f0a9da80663909238df7744a672a16bdda1684138c4,25395078,1782395771,0xa28ee7ec4756b4c3340c30a8c8cb8bd708e1dcdc,0x00000000000762339537bd0fd01e44f661bd8f67,0xd604d0f40809954749f536477acbd227c2aad38b,1.043841,1.04384133611691,1.04384133611691,,0.8326036949784997
0xa58ed42d624324dab0c4ec12432ee59d5be613ae49616f8926d033a49b261c1f,25395078,1782395771,0xbfa7f9c1983ae40738ea0f128e58aa704461aa3a,0xa00003b2e58e808bcb536041045a5d0f7750c777,0x721e3b6e8c3f8ef3d1a7605700cb3ba027ef8eba,1.043841,1.04384133611691,1.04384133611691,,0.8326036949784997
0x2036b45b8d323697aa65981c0c708eee0bd2c20c0c2f52d355d94ff8a1fb96d4,25395078,1782395771,0x0e09ce5c48b48bf72bb667715cbe6977489042cb,0xa00003b2e58e808bcb536041045a5d0f7750c777,0x18e6f9825272efd477344937209848d5372ad5b1,1.043841,1.04384133611691,1.04384133611691,,0.8326036949784997
0x501804e885fbfbadf844e1a0f65f853fb0891c6dee741dd2c8a3b52c9b954767,25395078,1782395771,0x0e09ce5c48b48bf72bb667715cbe6977489042cb,0xf00003bf2dcfeb166e3dee7d0e0fff197cdfcabd,0x1b92f2525bde50ad24d85c964144927f1b2efded,1.043841,1.04384133611691,1.04384133611691,,0.8326036949784997
0x68a05db624d596dadf3b188492dac418eb70d5bcac9bab1c564ecaf0a807da42,25395078,1782395771,0xa28ee7ec4756b4c3340c30a8c8cb8bd708e1dcdc,0x681878dc5abaa70d182b3e1c4d6a3fd1e16922c0,0xd604d0f40809954749f536477acbd227c2aad38b,1.043841,1.04384133611691,1.04384133611691,,0.8326036949784997
0xaa8365fa9f3230fb899a3163688d02e894d62cc85c09eaf2860b1d8e812f2117,25395079,1782395783,0xbfa7f9c1983ae40738ea0f128e58aa704461aa3a,0xe08d97e151473a848c3d9ca3f323cb720472d015,0x2f51677962036541705a09b3327f3b52d2ecd87d,1.043841,1.04384133611691,1.04384133611691,,0.8326036949784997
0xa5f498e7b96edaec3657cb4af7f51733672ed9b20eff8ecd4d77a5cd4634ca66,25395079,1782395783,0xbfa7f9c1983ae40738ea0f128e58aa704461aa3a,0xe08d97e151473a848c3d9ca3f323cb720472d015,0x60e1de483c0c3657d79c735e9ff4d9ea84b44b67,1.043841,1.04384133611691,1.04384133611691,,0.8326036949784997
0xa39577a77a1368ccbcb1d2a9fc6aed26d981f91d26394a1a7118bced20aa5de5,25395079,1782395783,0xd2c334ead25f006e98d927fba7452dad481f9ee6,0xe08d97e151473a848c3d9ca3f323cb720472d015,0xe1abbcb7776199fdda8c2c47d9cc3eb80917daf1,1.043841,1.04384133611691,1.04384133611691,,0.8326036949784997
0x118c583043ddb4b0fe0557e8547c838913b4825da4521c8ea11cfda56f77346a,25395079,1782395783,0xd2c334ead25f006e98d927fba7452dad481f9ee6,0xe08d97e151473a848c3d9ca3f323cb720472d015,0xe1abbcb7776199fdda8c2c47d9cc3eb80917daf1,1.043841,1.04384133611691,1.04384133611691,,0.8326036949784997
0x78c49d4419603228f3d052f2bc22522683368a875a295de591deac7913ab582f,25395079,1782395783,0xd2c334ead25f006e98d927fba7452dad481f9ee6,0xe08d97e151473a848c3d9ca3f323cb720472d015,0xe1abbcb7776199fdda8c2c47d9cc3eb80917daf1,1.043841,1.04384133611691,1.04384133611691,,0.8326036949784997
0x0bc44755c026a743dd6e184a76946dad27c031dd563a548118f0892a2280e40d,25395079,1782395783,0xd2c334ead25f006e98d927fba7452dad481f9ee6,0xe08d97e151473a848c3d9ca3f323cb720472d015,0xe1abbcb7776199fdda8c2c47d9cc3eb80917daf1,1.043841,1.04384133611691,1.04384133611691,,0.8326036949784997
0xc672217d07be9f9f2b0406038cbcf671c433672e7f3db1de50a3966c912b70a3,25395079,1782395783,0xd2c334ead25f006e98d927fba7452dad481f9ee6,0xe08d97e151473a848c3d9ca3f323cb720472d015,0xe1abbcb7776199fdda8c2c47d9cc3eb80917daf1,1.043841,1.04384133611691,1.04384133611691,,0.8326036949784997
0x8785a81b35134881c2536504ebaf1217045f06036e86adbc84a7e9717836df7d,25395079,1782395783,0xa28ee7ec4756b4c3340c30a8c8cb8bd708e1dcdc,0xe08d97e151473a848c3d9ca3f323cb720472d015,0xd604d0f40809954749f536477acbd227c2aad38b,1.043841,1.04384133611691,1.04384133611691,,0.8326036949784997
0x8cafa82bea96fbfb05af1166b77d322ea1e29b91612bf0e637b6b196800dbce9,25395079,1782395783,0xa28ee7ec4756b4c3340c30a8c8cb8bd708e1dcdc,0xe08d97e151473a848c3d9ca3f323cb720472d015,0xd604d0f40809954749f536477acbd227c2aad38b,1.043841,1.04384133611691,1.04384133611691,,0.8326036949784997
0x850a3f22d99709b238099b3d271ebe6d44acdfcf01e9d00bd033689c4274e29e,25395081,1782395807,0xbfa7f9c1983ae40738ea0f128e58aa704461aa3a,0xf46decdb649eaea327613acbc29a51d5cbeca987,0x8f714eeaaeb838c9c7e295b5f105abfab311b286,1.043841,1.04384133611691,1.04384133611691,,0.8326036949784997
0xa54861f40d803206ef25798a331e4497995bd78f041992a3f17b12c93cab6e6d,25395081,1782395807,0xa28ee7ec4756b4c3340c30a8c8cb8bd708e1dcdc,0xf00003bf2dcfeb166e3dee7d0e0fff197cdfcabd,0xd0cae02373c612e7fa2643f6742d5264685d2c75,1.043841,1.04384133611691,1.04384133611691,,0.8326036949784997
0xa54861f40d803206ef25798a331e4497995bd78f041992a3f17b12c93cab6e6d,25395081,1782395807,0xbfa7f9c1983ae40738ea0f128e58aa704461aa3a,0xf00003bf2dcfeb166e3dee7d0e0fff197cdfcabd,0x60e1de483c0c3657d79c735e9ff4d9ea84b44b67,1.043841,1.04384133611691,1.04384133611691,,0.8326036949784997
0x1ed6c28d6ca3ef000ca9ceeb611b8a6165411530b37b9bead27ef4fa8c243ecf,25395083,1782395831,0xbfa7f9c1983ae40738ea0f128e58aa704461aa3a,0xf00003bf2dcfeb166e3dee7d0e0fff197cdfcabd,0x8f714eeaaeb838c9c7e295b5f105abfab311b286,1.043841,1.04384133611691,1.04384133611691,,0.8326036949784997
0xceb249a81427d7fb0d8eec46843b4c83a8fdadea1ae43ab88e1910330e079f91,25395083,1782395831,0xa28ee7ec4756b4c3340c30a8c8cb8bd708e1dcdc,0xf00003bf2dcfeb166e3dee7d0e0fff197cdfcabd,0x9398563acd4539df8f2c613f964c2ecbe6020d6b,1.043841,1.04384133611691,1.04384133611691,,0.8326036949784997
0xceb249a81427d7fb0d8eec46843b4c83a8fdadea1ae43ab88e1910330e079f91,25395083,1782395831,0xbfa7f9c1983ae40738ea0f128e58aa704461aa3a,0xf00003bf2dcfeb166e3dee7d0e0fff197cdfcabd,0xaec4ee9a108304fcc5cdc323d8a2a1d331c342b7,1.043841,1.04384133611691,1.04384133611691,,0.8326036949784997
0xef24c2aaa4484663e41ebe7cf7e2bff9ff6c55df700960038e285e08904ce47f,25395096,1782395987,0xbfa7f9c1983ae40738ea0f128e58aa704461aa3a,0xf00003bf2dcfeb166e3dee7d0e0fff197cdfcabd,0x2f51677962036541705a09b3327f3b52d2ecd87d,1.043841,1.04384133611691,1.04384133611691,,0.8326036949784997
0xbc2c744fc176b9fc2f742fba78e295dfb5f947f51de0d9f3edb759ea8fcf9825,25395096,1782395987,0xa28ee7ec4756b4c3340c30a8c8cb8bd708e1dcdc,0x00000000000762339537bd0fd01e44f661bd8f67,0x08ce56a1dc045bcbd34a7964b23516d364df6ba5,1.043841,1.04384133611691,1.04384133611691,,0.8326036949784997
0xf4b324b52ff519501c4b8a49e3aa4f8d8d7770ff5708c41fb06d6a2dc488caf2,25395096,1782395987,0xa28ee7ec4756b4c3340c30a8c8cb8bd708e1dcdc,0x00000f91109c4d0007e90000d9facad5298a0cac,0x721e3b6e8c3f8ef3d1a7605700cb3ba027ef8eba,1.043841,1.04384133611691,1.04384133611691,,0.8326036949784997
0xa1d0841b2b4c77ea5d496406a0420e0f0478a73d6f61fa02a2cf99582be5eb33,25395096,1782395987,0xa28ee7ec4756b4c3340c30a8c8cb8bd708e1dcdc,0x00000f91109c4d0007e90000d9facad5298a0cac,0x721e3b6e8c3f8ef3d1a7605700cb3ba027ef8eba,1.043841,1.04384133611691,1.04384133611691,,0.8326036949784997
0xe0bba236ee0f01f50217ebb596e838004277df09736fbc07ac5f69664304cd92,25395096,1782395987,0xa28ee7ec4756b4c3340c30a8c8cb8bd708e1dcdc,0x00000f91109c4d0007e90000d9facad5298a0cac,0x721e3b6e8c3f8ef3d1a7605700cb3ba027ef8eba,1.043841,1.04384133611691,1.04384133611691,,0.8326036949784997
0xcfa4628e3abd97dbec55011807b7222fb5021450d0910bdd5a4cd05a165c34c1,25395096,1782395987,0x0e09ce5c48b48bf72bb667715cbe6977489042cb,0x00000f91109c4d0007e90000d9facad5298a0cac,0x8067e992c67715851f592094686bc9d2f7d23889,1.043841,1.04384133611691,1.04384133611691,,0.8326036949784997
0xba699b83cc650aa6cb04b2d3a5eaa56ba07bd50da44200119169d822a0a9c707,25395096,1782395987,0xd2c334ead25f006e98d927fba7452dad481f9ee6,0x5b5a0580bcfd3673820bb249514234afad33e209,0xe1abbcb7776199fdda8c2c47d9cc3eb80917daf1,1.043841,1.04384133611691,1.04384133611691,,0.8326036949784997
0xc03a465b86330931b08bbd0057f3abc218726042142cf2875e950e08c8295daa,25395096,1782395987,0xd2c334ead25f006e98d927fba7452dad481f9ee6,0x5b5a0580bcfd3673820bb249514234afad33e209,0xe1abbcb7776199fdda8c2c47d9cc3eb80917daf1,1.043841,1.04384133611691,1.04384133611691,,0.8326036949784997
0x62fdf1073a18730649901c992541d41b47b9fa805a692b53247ab2b1727b6490,25395096,1782395987,0xd2c334ead25f006e98d927fba7452dad481f9ee6,0x5b5a0580bcfd3673820bb249514234afad33e209,0xe1abbcb7776199fdda8c2c47d9cc3eb80917daf1,1.043841,1.04384133611691,1.04384133611691,,0.8326036949784997
0x1d9bcc4f3141dedd2b3c278c21cc84ca0f6380039200d2341cdf4074bfd92794,25395096,1782395987,0xa28ee7ec4756b4c3340c30a8c8cb8bd708e1dcdc,0xa0f1c3ad83e07d97b5e7030e177718be175275ea,0xd604d0f40809954749f536477acbd227c2aad38b,1.043841,1.04384133611691,1.04384133611691,,0.8326036949784997
0xff9833dc6176e3a465502f34ee57a9a241c4727a17a4a8ff4195e7e27af14c62,25395096,1782395987,0x0e09ce5c48b48bf72bb667715cbe6977489042cb,0xa0f1c3ad83e07d97b5e7030e177718be175275ea,0x18e6f9825272efd477344937209848d5372ad5b1,1.043841,1.04384133611691,1.04384133611691,,0.8326036949784997
0xbe5e242e5b99e74507355424bf529776b7868db494901f8ef32d737ca976e36f,25395096,1782395987,0xa28ee7ec4756b4c3340c30a8c8cb8bd708e1dcdc,0xa0f1c3ad83e07d97b5e7030e177718be175275ea,0x680891a82a2457240b88f24330f48f33734d0254,1.043841,1.04384133611691,1.04384133611691,,0.8326036949784997
0xec2fd22b353dc598e5d45e94aa3d9fe407e013884dc66b43d0766516a1b08c3f,25395097,1782395999,0xbfa7f9c1983ae40738ea0f128e58aa704461aa3a,0xa0f1c3ad83e07d97b5e7030e177718be175275ea,0x2f51677962036541705a09b3327f3b52d2ecd87d,1.043841,1.04384133611691,1.04384133611691,,0.8326036949784997
0xec2fd22b353dc598e5d45e94aa3d9fe407e013884dc66b43d0766516a1b08c3f,25395097,1782395999,0x0e09ce5c48b48bf72bb667715cbe6977489042cb,0xa0f1c3ad83e07d97b5e7030e177718be175275ea,0x8067e992c67715851f592094686bc9d2f7d23889,1.043841,1.04384133611691,1.04384133611691,,0.8326036949784997
0xd440ef8747c805cad822252d9a68e8ff27ee09cdab3b870b2ae68bc8f1ecca67,25395097,1782395999,0xbfa7f9c1983ae40738ea0f128e58aa704461aa3a,0xa0f1c3ad83e07d97b5e7030e177718be175275ea,0x8f714eeaaeb838c9c7e295b5f105abfab311b286,1.043841,1.04384133611691,1.04384133611691,,0.8326036949784997
0x1ce6499d0692e319b8127a9a3e4774b82dbb639df67ebf5259dbdc0da9bbfb2b,25395097,1782395999,0xd2c334ead25f006e98d927fba7452dad481f9ee6,0x00000000000762339537bd0fd01e44f661bd8f67,0xe1abbcb7776199fdda8c2c47d9cc3eb80917daf1,1.043841,1.04384133611691,1.04384133611691,,0.8326036949784997
0x916ee544e328bb5974ad40d938f922a56c88e599cee870a12811a0034f878cc0,25395097,1782395999,0xa28ee7ec4756b4c3340c30a8c8cb8bd708e1dcdc,0xa0f1c3ad83e07d97b5e7030e177718be175275ea,0x08ce56a1dc045bcbd34a7964b23516d364df6ba5,1.043841,1.04384133611691,1.04384133611691,,0.8326036949784997
0x6a65221be2cff58a9045f0c5cbc57a80cbb5639b3fc98c38b74a199914519e93,25395097,1782395999,0xbfa7f9c1983ae40738ea0f128e58aa704461aa3a,0xa0f1c3ad83e07d97b5e7030e177718be175275ea,0x60e1de483c0c3657d79c735e9ff4d9ea84b44b67,1.043841,1.04384133611691,1.04384133611691,,0.8326036949784997
0xaa02343c9b66e7b809afc68d68722039953ac80fe0695e4a96068f25c367f63b,25395097,1782395999,0xbfa7f9c1983ae40738ea0f128e58aa704461aa3a,0xa0f1c3ad83e07d97b5e7030e177718be175275ea,0xaec4ee9a108304fcc5cdc323d8a2a1d331c342b7,1.043841,1.04384133611691,1.04384133611691,,0.8326036949784997
0x7ba42c7b447c3d44da5bba875415c5acad7cc17152c4f8238c90bc187a416b6a,25395097,1782395999,0xa28ee7ec4756b4c3340c30a8c8cb8bd708e1dcdc,0xa0f1c3ad83e07d97b5e7030e177718be175275ea,0xd0cae02373c612e7fa2643f6742d5264685d2c75,1.04384,1.04384133611691,1.04384133611691,,0.8326036949784997
0x14e1b4f11042aed9be2e587789867911f0876737bfee16f00aa20c8685027856,25395099,1782396023,0xbfa7f9c1983ae40738ea0f128e58aa704461aa3a,0xa0f1c3ad83e07d97b5e7030e177718be175275ea,0x721e3b6e8c3f8ef3d1a7605700cb3ba027ef8eba,1.043841,1.04384133611691,1.04384133611691,,0.8326036949784997
0x5ec9d9c4fd5e333bf68d8f45477586ae1975e936ec2cd99b22db2402517cf2ba,25395099,1782396023,0xd2c334ead25f006e98d927fba7452dad481f9ee6,0xa0f1c3ad83e07d97b5e7030e177718be175275ea,0xe1abbcb7776199fdda8c2c47d9cc3eb80917daf1,1.043841,1.04384133611691,1.04384133611691,,0.8326036949784997
0x42b9aa55117071dc9efd45ad40623d5e2ac5d32b85122a11f5bd656ae7afdcd4,25395099,1782396023,0xa28ee7ec4756b4c3340c30a8c8cb8bd708e1dcdc,0xa0f1c3ad83e07d97b5e7030e177718be175275ea,0x721e3b6e8c3f8ef3d1a7605700cb3ba027ef8eba,1.04384,1.04384133611691,1.04384133611691,,0.8326036949784997
0xab63fee7a03474e0fc5498a2cdd41bb51ab1ef485af481c4374b81b4289ebe44,25395100,1782396035,0x0e09ce5c48b48bf72bb667715cbe6977489042cb,0xa00003b2e58e808bcb536041045a5d0f7750c777,0x2109fa5770f80c79f9de85ae728bb3d8beab9f6e,1.043841,1.04384133611691,1.04384133611691,,0.8326036949784997
0x26e60c7b894b7ac86ef40dedde6d716a287e360007c64b2b5b7049044b4552be,25395521,1782401087,0xbfa7f9c1983ae40738ea0f128e58aa704461aa3a,0xe08d97e151473a848c3d9ca3f323cb720472d015,0xd0cae02373c612e7fa2643f6742d5264685d2c75,1.043841,1.04384133611691,1.04384133611691,,0.8326036949784997
0x078cf4c39c72e2ee4e35724bbbda3bb2ed7dca35a3f8056688b310d48e6e8530,25399099,1782444263,0xbfa7f9c1983ae40738ea0f128e58aa704461aa3a,0xe08d97e151473a848c3d9ca3f323cb720472d015,0xd0cae02373c612e7fa2643f6742d5264685d2c75,1.043841,1.04384133611691,1.04384133611691,,0.8326036949784997
0x6a5aa9123728fe579fe276cc233163835e77b382fb2760af6c0874f2b5ffb2f6,25401481,1782472991,0xa28ee7ec4756b4c3340c30a8c8cb8bd708e1dcdc,0x00000000000762339537bd0fd01e44f661bd8f67,0x555e7145939ab65ca573166c7e824d06eb1367fc,1.043841,1.04384133611691,1.04384133611691,,0.8326036949784997
0xd1d26951133434edb259f78f19a04cfd9ebfa9f6bff852bfb05a6b01e28f4d31,25401883,1782477839,0xa28ee7ec4756b4c3340c30a8c8cb8bd708e1dcdc,0x00000000000762339537bd0fd01e44f661bd8f67,0x555e7145939ab65ca573166c7e824d06eb1367fc,1.043841,1.04384133611691,1.04384133611691,,0.8326036949784997
0x3d35d7ea518e9963a62fcd24fe6a0cbdc35bad9fbc706936d9f6b96cd93cde0d,25401885,1782477863,0xa28ee7ec4756b4c3340c30a8c8cb8bd708e1dcdc,0xa0f1c3ad83e07d97b5e7030e177718be175275ea,0x555e7145939ab65ca573166c7e824d06eb1367fc,1.043821,1.04384133611691,1.04384133611691,,0.8326036949784997
0xe4f93a3a5833299d6e296fd30daa60a8ce677e95b6008d7f94092f75f66d258f,25402068,1782480059,0xa28ee7ec4756b4c3340c30a8c8cb8bd708e1dcdc,0x00000000000762339537bd0fd01e44f661bd8f67,0x555e7145939ab65ca573166c7e824d06eb1367fc,1.043821,1.04384133611691,1.04384133611691,,0.8326036949784997
0x92cea41d2a17d2b6f1949b2611bbdd6818f58854ceb76cf8820b29ea9d17d541,25402071,1782480095,0xa28ee7ec4756b4c3340c30a8c8cb8bd708e1dcdc,0xa0f1c3ad83e07d97b5e7030e177718be175275ea,0x555e7145939ab65ca573166c7e824d06eb1367fc,1.043828,1.04384133611691,1.04384133611691,,0.8326036949784997
0x03f18b48d5e9d2ca8fb0c20548ca8d6d602e0407f35c532122cab20bbb415e3b,25404485,1782509207,0x4c2401b490cec2ac30f54c9c4f3c65c2677ae07f,0xc0de2807cad1b02b9e0bbf886592cdb79150bcd0,0x637a8f99acbd43f89b6afca840f629f125996903,1.026167,1.0261672652642382,1.0261672652642382,,0.8978687766514472
0xd57fe2592d034359f67d6aeea14f65c1771c561c1c32ef6150f7d3fa51df26c2,25417847,1782670103,0x4c2401b490cec2ac30f54c9c4f3c65c2677ae07f,0xc0de2807cad1b02b9e0bbf886592cdb79150bcd0,0xbea7622cd1dc23b97c4ec44fdd1afa9f1eeffaef,1.026167,1.0261672652642382,1.0261672652642382,,0.8978687766514472
0x50be38403d5402b4e2ff33d6167c0fa7c53d5ad456f9f711c4ea4f04dd1cc70b,25428402,1782797279,0x4c2401b490cec2ac30f54c9c4f3c65c2677ae07f,0xc0de2807cad1b02b9e0bbf886592cdb79150bcd0,0x637a8f99acbd43f89b6afca840f629f125996903,1.026167,1.0261672652642382,1.0261672652642382,,0.8978687766514472
0x881da5723979008552344da55490b346b2015c43cdc1e8a88a86f0db72a60c15,25431285,1782832079,0xa28ee7ec4756b4c3340c30a8c8cb8bd708e1dcdc,0x00000f91109c4d0007e90000d9facad5298a0cac,0x555e7145939ab65ca573166c7e824d06eb1367fc,1.043829,1.04384133611691,1.04384133611691,,0.8326036949784997
0xa6a108585666d2c2eeff34c290ffddbd55ff0aab768d133f4e317d16a2327f64,25431286,1782832091,0xa28ee7ec4756b4c3340c30a8c8cb8bd708e1dcdc,0xa0f1c3ad83e07d97b5e7030e177718be175275ea,0x555e7145939ab65ca573166c7e824d06eb1367fc,1.043828,1.04384133611691,1.04384133611691,,0.8326036949784997
0xc2a078d85b77bc06f115b103143e0c3803fc86024c31ce33a25354aa0cb81377,25431376,1782833171,0xbfa7f9c1983ae40738ea0f128e58aa704461aa3a,0xe08d97e151473a848c3d9ca3f323cb720472d015,0xd0cae02373c612e7fa2643f6742d5264685d2c75,1.043841,1.04384133611691,1.04384133611691,,0.8326036949784997
0xc883d5d1c48e6ecad594271dee85f1b8395077a0cdade31a8f9f2b876a18fa7b,25431428,1782833807,0xa28ee7ec4756b4c3340c30a8c8cb8bd708e1dcdc,0xe08d97e151473a848c3d9ca3f323cb720472d015,0x9398563acd4539df8f2c613f964c2ecbe6020d6b,1.043841,1.04384133611691,1.04384133611691,,0.8326036949784997
0x4c9625379ec537871a7352b5727d8f2ee12d522e7805cec14bab5ddec3490936,25431429,1782833819,0xa28ee7ec4756b4c3340c30a8c8cb8bd708e1dcdc,0xa0f1c3ad83e07d97b5e7030e177718be175275ea,0x9398563acd4539df8f2c613f964c2ecbe6020d6b,1.043824,1.04384133611691,1.04384133611691,,0.8326036949784997
0xdbad7a682c76fb72094aaa7083d9aef0f4b502633a251eec5a4257b63e973a9f,25434070,1782865583,0xbfa7f9c1983ae40738ea0f128e58aa704461aa3a,0xe08d97e151473a848c3d9ca3f323cb720472d015,0xd0cae02373c612e7fa2643f6742d5264685d2c75,1.050083,1.04384133611691,1.04384133611691,,0.8326036949784997
0xd3a3125dadf4734b1dd5f802781ec213d36e04571b48dcd07c480719acfa4f60,25434306,1782868427,0xbfa7f9c1983ae40738ea0f128e58aa704461aa3a,0xa0f1c3ad83e07d97b5e7030e177718be175275ea,0x60e1de483c0c3657d79c735e9ff4d9ea84b44b67,1.043841,1.04384133611691,1.04384133611691,,0.8326036949784997
0x77c25e068611dc5ff9d713308d1364015a3b82bbc53cf6b89dd0021355967794,25434306,1782868427,0xbfa7f9c1983ae40738ea0f128e58aa704461aa3a,0x339c0db4a0030c88b4a48aafe56cdba23c8d4338,0x2f51677962036541705a09b3327f3b52d2ecd87d,1.043841,1.04384133611691,1.04384133611691,,0.8326036949784997
0xe56749b8a5bec65370721fc530f73ff541823fef3d67e5ebba4f49b6d23f6a54,25434306,1782868427,0xbfa7f9c1983ae40738ea0f128e58aa704461aa3a,0xf00003bf2dcfeb166e3dee7d0e0fff197cdfcabd,0xa1b08911b1a6f624cd65a87cb529525c78211330,1.043841,1.04384133611691,1.04384133611691,,0.8326036949784997
0x8e77d979ac1123c7f0b45067a3c255bb52ba21480b5083ba15ab451e723c25b0,25434306,1782868427,0xa28ee7ec4756b4c3340c30a8c8cb8bd708e1dcdc,0xa0f1c3ad83e07d97b5e7030e177718be175275ea,0x08ce56a1dc045bcbd34a7964b23516d364df6ba5,1.043841,1.04384133611691,1.04384133611691,,0.8326036949784997
0xe448c52711bfcb38373e8ea713f445c713c74f9984a30addab3df12f11ed8613,25434306,1782868427,0xa28ee7ec4756b4c3340c30a8c8cb8bd708e1dcdc,0xa0f1c3ad83e07d97b5e7030e177718be175275ea,0x680891a82a2457240b88f24330f48f33734d0254,1.043841,1.04384133611691,1.04384133611691,,0.8326036949784997
0xa9280e966fadd090ff7ea188ba412edfe199eba7ba639d0b957d98f0088b5a46,25434306,1782868427,0xa28ee7ec4756b4c3340c30a8c8cb8bd708e1dcdc,0xf00003bf2dcfeb166e3dee7d0e0fff197cdfcabd,0xd604d0f40809954749f536477acbd227c2aad38b,1.043841,1.04384133611691,1.04384133611691,,0.8326036949784997
0x83032fb109dc56052a46bbc18bce2c6a88911bdaf718cb03b96c247d3eaabe6f,25434307,1782868439,0xbfa7f9c1983ae40738ea0f128e58aa704461aa3a,0xa0f1c3ad83e07d97b5e7030e177718be175275ea,0xa1b08911b1a6f624cd65a87cb529525c78211330,1.043841,1.04384133611691,1.04384133611691,,0.8326036949784997
0x448f250e9130b9ff1691a936692ab330e4be483277ba6655eb82fdcdd7f624f2,25434307,1782868439,0xd2c334ead25f006e98d927fba7452dad481f9ee6,0x00000f91109c4d0007e90000d9facad5298a0cac,0xe1abbcb7776199fdda8c2c47d9cc3eb80917daf1,1.043841,1.04384133611691,1.04384133611691,,0.8326036949784997
0xb65687f4893b2edd791198be762b4fbb4af0f55ed993d5e64f243046c7ae8cf2,25434307,1782868439,0x0e09ce5c48b48bf72bb667715cbe6977489042cb,0x00000f91109c4d0007e90000d9facad5298a0cac,0x8067e992c67715851f592094686bc9d2f7d23889,1.04384,1.04384133611691,1.04384133611691,,0.8326036949784997
0xdf5e8c4f6350c3acd27703066dc43c56705a7718c2e231772e5f8c68d11906c2,25434307,1782868439,0x0e09ce5c48b48bf72bb667715cbe6977489042cb,0x00000f91109c4d0007e90000d9facad5298a0cac,0x18e6f9825272efd477344937209848d5372ad5b1,1.043841,1.04384133611691,1.04384133611691,,0.8326036949784997
0xd721e710e542e54cd2b902fce964243d9fbc240147255ae9c7621de90d59c56e,25434307,1782868439,0xa28ee7ec4756b4c3340c30a8c8cb8bd708e1dcdc,0x00000f91109c4d0007e90000d9facad5298a0cac,0x9398563acd4539df8f2c613f964c2ecbe6020d6b,1.043839,1.04384133611691,1.04384133611691,,0.8326036949784997
0x9e7490d14b7f1704b326d770e8899c3341ffd641d010b375a4e6f221c4de84ad,25434307,1782868439,0xa28ee7ec4756b4c3340c30a8c8cb8bd708e1dcdc,0x00000f91109c4d0007e90000d9facad5298a0cac,0x9398563acd4539df8f2c613f964c2ecbe6020d6b,1.043839,1.04384133611691,1.04384133611691,,0.8326036949784997
0xa3565779b78080de9d6c1c252eadfe78f31cb2c652e108fc20f1c0e0c0427017,25434307,1782868439,0xa28ee7ec4756b4c3340c30a8c8cb8bd708e1dcdc,0x00000f91109c4d0007e90000d9facad5298a0cac,0x9398563acd4539df8f2c613f964c2ecbe6020d6b,1.043839,1.04384133611691,1.04384133611691,,0.8326036949784997
0x4c28a24b033834fe1084d57ca9649d8e59e5a48066996abf2dd0f8cf2291fa9c,25434307,1782868439,0xa28ee7ec4756b4c3340c30a8c8cb8bd708e1dcdc,0x00000f91109c4d0007e90000d9facad5298a0cac,0x9398563acd4539df8f2c613f964c2ecbe6020d6b,1.043839,1.04384133611691,1.04384133611691,,0.8326036949784997
0x51c289f12a5141ddaef95ecdb2ea74d5818064e6b103c2af5ff063468ee314ce,25434307,1782868439,0xa28ee7ec4756b4c3340c30a8c8cb8bd708e1dcdc,0x00000f91109c4d0007e90000d9facad5298a0cac,0x9398563acd4539df8f2c613f964c2ecbe6020d6b,1.043839,1.04384133611691,1.04384133611691,,0.8326036949784997
0x0cab39b2f24510d1b0e3cf356d748ecd364fadffd6a3d6f4aabe6c9c0886c0c0,25434307,1782868439,0xa28ee7ec4756b4c3340c30a8c8cb8bd708e1dcdc,0x00000f91109c4d0007e90000d9facad5298a0cac,0x9398563acd4539df8f2c613f964c2ecbe6020d6b,1.043839,1.04384133611691,1.04384133611691,,0.8326036949784997
0xe44a340e6f1306da7c56de532aab9aba1dee4f706b0b9ce55dd80bbb68482860,25434307,1782868439,0xa28ee7ec4756b4c3340c30a8c8cb8bd708e1dcdc,0x00000f91109c4d0007e90000d9facad5298a0cac,0x9398563acd4539df8f2c613f964c2ecbe6020d6b,1.043839,1.04384133611691,1.04384133611691,,0.8326036949784997
0x6b0a4c1bdb368d0a0d0014c661e1b17ea74486ca0b317cbe40abf3d4a4fd45c9,25434307,1782868439,0xa28ee7ec4756b4c3340c30a8c8cb8bd708e1dcdc,0x00000f91109c4d0007e90000d9facad5298a0cac,0x9398563acd4539df8f2c613f964c2ecbe6020d6b,1.043839,1.04384133611691,1.04384133611691,,0.8326036949784997
0xa657766500579b7df099f2abd91ef1dd2e4f2a745a5d3e4fa9c440ceaacb9bfa,25434307,1782868439,0xa28ee7ec4756b4c3340c30a8c8cb8bd708e1dcdc,0x00000f91109c4d0007e90000d9facad5298a0cac,0x9398563acd4539df8f2c613f964c2ecbe6020d6b,1.043839,1.04384133611691,1.04384133611691,,0.8326036949784997
0x5b19481e5de0939946ad55368727159965e200ebbbe13fe41e852760e1aca40e,25434307,1782868439,0xa28ee7ec4756b4c3340c30a8c8cb8bd708e1dcdc,0x00000f91109c4d0007e90000d9facad5298a0cac,0x9398563acd4539df8f2c613f964c2ecbe6020d6b,1.043839,1.04384133611691,1.04384133611691,,0.8326036949784997
0xbb0320ca3b9bba6465dc44b306854f2f0b41c7d7470ef329692e30d095d909d4,25434307,1782868439,0xa28ee7ec4756b4c3340c30a8c8cb8bd708e1dcdc,0x00000f91109c4d0007e90000d9facad5298a0cac,0x9398563acd4539df8f2c613f964c2ecbe6020d6b,1.043839,1.04384133611691,1.04384133611691,,0.8326036949784997
0xdc533ea0ac655167d801fead71833dec1c37efc9197076a50345dd26e8929aef,25434308,1782868451,0xd2c334ead25f006e98d927fba7452dad481f9ee6,0x00000f91109c4d0007e90000d9facad5298a0cac,0xe1abbcb7776199fdda8c2c47d9cc3eb80917daf1,1.043841,1.04384133611691,1.04384133611691,,0.8326036949784997
0x76bcea68abc40063eff390795c3231828c73168cac06832a6e80b12dfe3a4f61,25434308,1782868451,0xd2c334ead25f006e98d927fba7452dad481f9ee6,0x00000f91109c4d0007e90000d9facad5298a0cac,0xe1abbcb7776199fdda8c2c47d9cc3eb80917daf1,1.043841,1.04384133611691,1.04384133611691,,0.8326036949784997
0x7cdb6519949043a12d00645199f32293a1eb80d81cfb52ac4e9b67f6114e5b6f,25434308,1782868451,0xd2c334ead25f006e98d927fba7452dad481f9ee6,0x00000f91109c4d0007e90000d9facad5298a0cac,0xe1abbcb7776199fdda8c2c47d9cc3eb80917daf1,1.043841,1.04384133611691,1.04384133611691,,0.8326036949784997
0xa335a8a308b18cb9c3a53c47d0ea782a4999446d26567961ce708b64b8514854,25434308,1782868451,0xd2c334ead25f006e98d927fba7452dad481f9ee6,0x00000f91109c4d0007e90000d9facad5298a0cac,0xe1abbcb7776199fdda8c2c47d9cc3eb80917daf1,1.043841,1.04384133611691,1.04384133611691,,0.8326036949784997
0xbe4026bd49d6ff64dd508c17f265edc64724ce5b9d37037ea75f870026a5e426,25434308,1782868451,0xd2c334ead25f006e98d927fba7452dad481f9ee6,0x00000f91109c4d0007e90000d9facad5298a0cac,0xe1abbcb7776199fdda8c2c47d9cc3eb80917daf1,1.043841,1.04384133611691,1.04384133611691,,0.8326036949784997
0xfe97c8a8e0f804c5d999c247966e0e3c92927f83fe9246fb349ba3af59393270,25434308,1782868451,0x0e09ce5c48b48bf72bb667715cbe6977489042cb,0x00000f91109c4d0007e90000d9facad5298a0cac,0x8067e992c67715851f592094686bc9d2f7d23889,1.04384,1.04384133611691,1.04384133611691,,0.8326036949784997
0x0e3765e27da23519422ed9cb63c01ca92f7cffd553565d5d20abc98b392967b5,25434308,1782868451,0x0e09ce5c48b48bf72bb667715cbe6977489042cb,0x00000f91109c4d0007e90000d9facad5298a0cac,0x8067e992c67715851f592094686bc9d2f7d23889,1.04384,1.04384133611691,1.04384133611691,,0.8326036949784997
0x7ac6ac3496599f2db59d95fdbab19059e2774624ed6a0761918b11d862612445,25434308,1782868451,0x0e09ce5c48b48bf72bb667715cbe6977489042cb,0x00000f91109c4d0007e90000d9facad5298a0cac,0x8067e992c67715851f592094686bc9d2f7d23889,1.04384,1.04384133611691,1.04384133611691,,0.8326036949784997
0xd8eb50766b2b1220deb921b9a2ac3825513c1a297801099b8ac0866c63f4c4c8,25434308,1782868451,0xbfa7f9c1983ae40738ea0f128e58aa704461aa3a,0x00000f91109c4d0007e90000d9facad5298a0cac,0x721e3b6e8c3f8ef3d1a7605700cb3ba027ef8eba,1.043841,1.04384133611691,1.04384133611691,,0.8326036949784997
0xe4d55648a0f46c1215f305f6bb9395b3ddde0163a8f3a03920937b5caceffde4,25434308,1782868451,0xa28ee7ec4756b4c3340c30a8c8cb8bd708e1dcdc,0x00000f91109c4d0007e90000d9facad5298a0cac,0xd0cae02373c612e7fa2643f6742d5264685d2c75,1.04384,1.04384133611691,1.04384133611691,,0.8326036949784997
0x7a3fb887e11829b78888e75e6af9c6bf27c0ada560015105ae181eaded0d182d,25434309,1782868463,0xd2c334ead25f006e98d927fba7452dad481f9ee6,0xa0f1c3ad83e07d97b5e7030e177718be175275ea,0xe1abbcb7776199fdda8c2c47d9cc3eb80917daf1,1.043841,1.04384133611691,1.04384133611691,,0.8326036949784997
0xc0a22efc04ae2af58cb7d54f1afc0a59e21ecd284331c1c75139e85672542987,25434309,1782868463,0x0e09ce5c48b48bf72bb667715cbe6977489042cb,0xa0f1c3ad83e07d97b5e7030e177718be175275ea,0x8067e992c67715851f592094686bc9d2f7d23889,1.043841,1.04384133611691,1.04384133611691,,0.8326036949784997
0xe424a05c5faab650502fcaaedcdfdffcd8f552293a6cc64e395afd3b518e8add,25434309,1782868463,0x0e09ce5c48b48bf72bb667715cbe6977489042cb,0xf00003bf2dcfeb166e3dee7d0e0fff197cdfcabd,0x2109fa5770f80c79f9de85ae728bb3d8beab9f6e,1.043841,1.04384133611691,1.04384133611691,,0.8326036949784997
0x9fa68cacedcf5383da6f99cf8cb0cfb0338552381d7b6aa5a5ee5f48b39a353d,25434309,1782868463,0x0e09ce5c48b48bf72bb667715cbe6977489042cb,0xa00003b2e58e808bcb536041045a5d0f7750c777,0x1b92f2525bde50ad24d85c964144927f1b2efded,1.043841,1.04384133611691,1.04384133611691,,0.8326036949784997
0x23f79b95f87e7b9fc5454b3e6c8499acfd44c4c0a20bcfbe1de1f0be744f7c85,25434309,1782868463,0x0e09ce5c48b48bf72bb667715cbe6977489042cb,0xa0f1c3ad83e07d97b5e7030e177718be175275ea,0x18e6f9825272efd477344937209848d5372ad5b1,1.043837,1.04384133611691,1.04384133611691,,0.8326036949784997
0x341a8761a2e4285befae3ef8a3f7a5579514ec7ccedaabf6c529e09178fb4db1,25434309,1782868463,0xbfa7f9c1983ae40738ea0f128e58aa704461aa3a,0xa0f1c3ad83e07d97b5e7030e177718be175275ea,0x721e3b6e8c3f8ef3d1a7605700cb3ba027ef8eba,1.043837,1.04384133611691,1.04384133611691,,0.8326036949784997
0xb1a3810019cc09a8d9948100e2fa10acd221240c98523d7833ccc7ec90d092fa,25434310,1782868475,0x0e09ce5c48b48bf72bb667715cbe6977489042cb,0xa00003b2e58e808bcb536041045a5d0f7750c777,0x6c33d81b1f593401083e74851a83ef820d76b8ca,1.043841,1.04384133611691,1.04384133611691,,0.8326036949784997
0x7d5a72bb7d47ba7433b1cce335bc2e62b42627aa56fd6334661213995e66c508,25434310,1782868475,0xa28ee7ec4756b4c3340c30a8c8cb8bd708e1dcdc,0xa0f1c3ad83e07d97b5e7030e177718be175275ea,0xd0cae02373c612e7fa2643f6742d5264685d2c75,1.043832,1.04384133611691,1.04384133611691,,0.8326036949784997
0x616e44851d93a829bbbbc1b72ca91a38a5656a1c06d5e2f3a5c75890c33cc87a,25434311,1782868487,0xbfa7f9c1983ae40738ea0f128e58aa704461aa3a,0xf00003bf2dcfeb166e3dee7d0e0fff197cdfcabd,0xaec4ee9a108304fcc5cdc323d8a2a1d331c342b7,1.043841,1.04384133611691,1.04384133611691,,0.8326036949784997
0xf38c884d870bd6fe859587d75ac99f82f4a8fd63dfa1e80ef3a726611c20054d,25434312,1782868499,0xa28ee7ec4756b4c3340c30a8c8cb8bd708e1dcdc,0x00000000000762339537bd0fd01e44f661bd8f67,0x555e7145939ab65ca573166c7e824d06eb1367fc,1.043812,1.04384133611691,1.04384133611691,,0.8326036949784997
0xc351f6e1f275ae5bccea25cac2c8b040e501d8fce3ffe1dc93fba3271ae522cf,25434313,1782868511,0xbfa7f9c1983ae40738ea0f128e58aa704461aa3a,0xf00003bf2dcfeb166e3dee7d0e0fff197cdfcabd,0x8f714eeaaeb838c9c7e295b5f105abfab311b286,1.043841,1.04384133611691,1.04384133611691,,0.8326036949784997
0xbeb95fe124c5b6d93cf91f92eaf62b6a431dcfb967a861612358bd19e9f5617b,25434314,1782868523,0xa28ee7ec4756b4c3340c30a8c8cb8bd708e1dcdc,0xa0f1c3ad83e07d97b5e7030e177718be175275ea,0x555e7145939ab65ca573166c7e824d06eb1367fc,1.043839,1.04384133611691,1.04384133611691,,0.8326036949784997
0x8f430406af6ef748ed34910faf1e345a817c86c03d05c975f89407e5b2e61a66,25435989,1782888695,0x0a032468c5a6904b0464a6a09e45307845638e53,0xe08d97e151473a848c3d9ca3f323cb720472d015,0xc72d8a8b6bcd0d3530365e6eaccd6ea722cecd7f,1.074113,1.0741138560687433,1.0741138560687433,,0.727366070175296
0x7ab328cf5c8d179493da25f764d0f039ca2640db0afeff054d2934fb162a9421,25455376,1783122515,0x4c2401b490cec2ac30f54c9c4f3c65c2677ae07f,0xc0de2807cad1b02b9e0bbf886592cdb79150bcd0,0xbea7622cd1dc23b97c4ec44fdd1afa9f1eeffaef,1.026167,1.0261672652642382,1.0261672652642382,,0.8978687766514472
0x1f7d555dfb29426f3d70d6ee533d98559ff82bcc9187b3ebe201872a285970af,25457585,1783149071,0x1095bfe95d4beee8752d3003d0049bf508885bc8,0x954c8ad0e8ed4bcec645baa6b8ffe77605ba583c,0xe1abbcb7776199fdda8c2c47d9cc3eb80917daf1,1.016777,1.0167768174885612,1.0167768174885612,,0.9337466179132999
0x18624485d7aaeb6dd4a65ef189fa0ca65af574b6b5c9925f20500ce8b5b91a30,25457587,1783149095,0x1095bfe95d4beee8752d3003d0049bf508885bc8,0xa0f1c3ad83e07d97b5e7030e177718be175275ea,0xe1abbcb7776199fdda8c2c47d9cc3eb80917daf1,1.016777,1.0167768174885612,1.0167768174885612,,0.9337466179132999
0xbabb90d3f4c89b969c6fdabd8e56111b9a54978d8642e4b81b4df1b9798a528b,25465421,1783243643,0x1095bfe95d4beee8752d3003d0049bf508885bc8,0x954c8ad0e8ed4bcec645baa6b8ffe77605ba583c,0xe1abbcb7776199fdda8c2c47d9cc3eb80917daf1,1.016777,1.0167768174885612,1.0167768174885612,,0.9337466179132999
0x135331fde87c536a748042cdd2db7df13f4dd0ae2b004802b5cad4a6a5508c65,25469487,1783292663,0x4c2401b490cec2ac30f54c9c4f3c65c2677ae07f,0xc0de2807cad1b02b9e0bbf886592cdb79150bcd0,0x637a8f99acbd43f89b6afca840f629f125996903,1.026167,1.0261672652642382,1.0261672652642382,,0.8978687766514472
0xa6d2a3e19d02619404e4a3107e22680469adf6c170294e3c39b309350062e6e4,25477473,1783388783,0x4c2401b490cec2ac30f54c9c4f3c65c2677ae07f,0x950fd558f47e234a2fde23b7d61f7ccdbcb4a86f,0x00e2f2192a9facd203ebdfb841813f0911f4e069,1.026167,1.0261672652642382,1.0261672652642382,,0.8978687766514472
0x6a70c8e0ceda66d950ab133de760413472e0203e4461363e31ef05d048f4f508,25484568,1783474175,0x1095bfe95d4beee8752d3003d0049bf508885bc8,0x954c8ad0e8ed4bcec645baa6b8ffe77605ba583c,0xe1abbcb7776199fdda8c2c47d9cc3eb80917daf1,1.016777,1.0167768174885612,1.0167768174885612,,0.9337466179132999
0x331deb4c3ab7cf032f394a927a60c5ddd7a3cb6a612217f6f518270c221cee24,25484570,1783474199,0x1095bfe95d4beee8752d3003d0049bf508885bc8,0xa0f1c3ad83e07d97b5e7030e177718be175275ea,0xe1abbcb7776199fdda8c2c47d9cc3eb80917daf1,1.016777,1.0167768174885612,1.0167768174885612,,0.9337466179132999
0x6b7a5d964f73694643e304412fe329fbc0e96d7ed5ccdea142b79c3e2b73dc3e,25509209,1783770947,0x860ce7e3b7a8e96df54ef9b733494e0804ef0ce5,0x950fd558f47e234a2fde23b7d61f7ccdbcb4a86f,0x41dffef58b798242ef7bec93e95b1b41825cb210,1.026167,1.0261672652642382,1.0261672652642382,,0.8978687766514472
0x281d478aaa0b2318e8e73b43b725988c99334997799ee8c317423e9c2e6a50bf,25513940,1783827971,0x4c2401b490cec2ac30f54c9c4f3c65c2677ae07f,0xc0de2807cad1b02b9e0bbf886592cdb79150bcd0,0x637a8f99acbd43f89b6afca840f629f125996903,1.026167,1.0261672652642382,1.0261672652642382,,0.8978687766514472
0xf3a343a8827aefe0a04b069ed9a23ac4350b9c66797be83658b4b71344c4a9f2,25514698,1783837115,0x4c2401b490cec2ac30f54c9c4f3c65c2677ae07f,0xe08d97e151473a848c3d9ca3f323cb720472d015,0x0000006094141cd5d88b13aa8845dc34e9b1c3a0,1.026167,1.0261672652642382,1.0261672652642382,,0.8978687766514472
0x664c4dbae2505561153b62be5523e323784df6acdb99cf3735c0b97b87866076,25541097,1784155151,0x4c2401b490cec2ac30f54c9c4f3c65c2677ae07f,0x00000f91109c4d0007e90000d9facad5298a0cac,0x637a8f99acbd43f89b6afca840f629f125996903,1.026167,1.0261672652642382,1.0261672652642382,,0.8978687766514472
0xd42c3a3f859f9c491286aa6f01b1cce825664de13faf66fbeb6fc9f84f961748,25554135,1784312063,0x4c2401b490cec2ac30f54c9c4f3c65c2677ae07f,0x00000f91109c4d0007e90000d9facad5298a0cac,0x637a8f99acbd43f89b6afca840f629f125996903,1.026167,1.0261672652642382,1.0261672652642382,,0.8978687766514472
0x7e7ec8dddde951a1159f9bf3b9f3ee8411429333de8362ef35e29ff5fbb7bc61,25557077,1784347511,0x4c2401b490cec2ac30f54c9c4f3c65c2677ae07f,0x950fd558f47e234a2fde23b7d61f7ccdbcb4a86f,0x00e2f2192a9facd203ebdfb841813f0911f4e069,1.026167,1.0261672652642382,1.0261672652642382,,0.8978687766514472
0x23061aacee94ad87d56b7322241f04a16c9b4250f21d028fa5e12bd670ed9fc1,25562590,1784413883,0x4c2401b490cec2ac30f54c9c4f3c65c2677ae07f,0x950fd558f47e234a2fde23b7d61f7ccdbcb4a86f,0x0000006094141cd5d88b13aa8845dc34e9b1c3a0,1.026167,1.0261672652642382,1.0261672652642382,,0.8978687766514472
0xa922aeb541620edc7e2eeca78a2ca64289f99ace3bf2e59c6fa307f64c791ae0,25562746,1784415767,0x4c2401b490cec2ac30f54c9c4f3c65c2677ae07f,0x950fd558f47e234a2fde23b7d61f7ccdbcb4a86f,0x637a8f99acbd43f89b6afca840f629f125996903,1.026167,1.0261672652642382,1.0261672652642382,,0.8978687766514472
0x42cd30cfe72aac7a615249eff36c00533ad8fb523f27f0bdbf9cd5416b577a3d,25569117,1784492543,0x4c2401b490cec2ac30f54c9c4f3c65c2677ae07f,0x950fd558f47e234a2fde23b7d61f7ccdbcb4a86f,0x00e2f2192a9facd203ebdfb841813f0911f4e069,1.026167,1.0261672652642382,1.0261672652642382,,0.8978687766514472
0xdd03d8f6c2d877406c221640120b7ddc58d67d88b30741d9dd5ba978c9dca96c,25609614,1784980463,0x4c2401b490cec2ac30f54c9c4f3c65c2677ae07f,0x00000f91109c4d0007e90000d9facad5298a0cac,0x637a8f99acbd43f89b6afca840f629f125996903,1.026167,1.0261672652642382,1.0261672652642382,,0.8978687766514472
0xc2bba94368fb303534a167cad513602b8546c9c599c53ce3595492715470589e,25614146,1785034979,0x4c2401b490cec2ac30f54c9c4f3c65c2677ae07f,0x00000f91109c4d0007e90000d9facad5298a0cac,0x00e2f2192a9facd203ebdfb841813f0911f4e069,1.026167,1.0261672652642382,1.0261672652642382,,0.8978687766514472
0x4b222757556d06c80f6417a8f64816ce83e1274f6feadde2c702551abcb121b7,25634212,1785276575,0x4c2401b490cec2ac30f54c9c4f3c65c2677ae07f,0x00000f91109c4d0007e90000d9facad5298a0cac,0x637a8f99acbd43f89b6afca840f629f125996903,1.026167,1.0261672652642382,1.0261672652642382,,0.8978687766514472
0x097ad7cbcf5676a80a49955d02b59ad20ef21e8207b39ce489af6a43b5f1cea8,25656137,1785540539,0x1095bfe95d4beee8752d3003d0049bf508885bc8,0xe08d97e151473a848c3d9ca3f323cb720472d015,0xe1abbcb7776199fdda8c2c47d9cc3eb80917daf1,1.016777,1.0167768174885612,1.0167768174885612,,0.9337466179132999
0x594c9f08a06750df1320126bd4612dd789b09ce77cf07db4b6f063aacc0dd80f,25656137,1785540539,0x1095bfe95d4beee8752d3003d0049bf508885bc8,0xe08d97e151473a848c3d9ca3f323cb720472d015,0xe1abbcb7776199fdda8c2c47d9cc3eb80917daf1,1.016777,1.0167768174885612,1.0167768174885612,,0.9337466179132999
0x7d9f92376d16d82b2c1d49f72ebf9f36b8cb64f9eb630ba1508ea4edc5564019,25656138,1785540551,0x1095bfe95d4beee8752d3003d0049bf508885bc8,0x00000000000762339537bd0fd01e44f661bd8f67,0xe1abbcb7776199fdda8c2c47d9cc3eb80917daf1,1.016777,1.0167768174885612,1.0167768174885612,,0.9337466179132999
0x19818ec72e0fe10ff2538d6b80f726cedceccc0363abb3a1455174b26b715230,25657229,1785553679,0x1095bfe95d4beee8752d3003d0049bf508885bc8,0xe08d97e151473a848c3d9ca3f323cb720472d015,0xe1abbcb7776199fdda8c2c47d9cc3eb80917daf1,1.016777,1.0167768174885612,1.0167768174885612,,0.9337466179132999
0x38c511015b7dc7bf4acac011d819bf77b7b73f0f2303e091774c56502c9207d6,25657230,1785553691,0x1095bfe95d4beee8752d3003d0049bf508885bc8,0xa0f1c3ad83e07d97b5e7030e177718be175275ea,0xe1abbcb7776199fdda8c2c47d9cc3eb80917daf1,1.016777,1.0167768174885612,1.0167768174885612,,0.9337466179132999
0x508c1566c669221d91a0a6b6604cc7ee5fb727f4254e612585d06ddab1b2fe07,25657804,1785560615,0x1095bfe95d4beee8752d3003d0049bf508885bc8,0x00000f91109c4d0007e90000d9facad5298a0cac,0xe1abbcb7776199fdda8c2c47d9cc3eb80917daf1,1.016777,1.0167768174885612,1.0167768174885612,,0.9337466179132999
0xc4315a58ff0700a6ab2f5d0ae982fe03e7989fc8dcb5911438e3c448c6c0ef96,25658398,1785567767,0x1095bfe95d4beee8752d3003d0049bf508885bc8,0x00000f91109c4d0007e90000d9facad5298a0cac,0xe1abbcb7776199fdda8c2c47d9cc3eb80917daf1,1.016777,1.0167768174885612,1.0167768174885612,,0.9337466179132999
0x32fc76f842c55df024596dffbb134aa4a05e1b9f2881e84c7c7a1932547fe7c8,25659004,1785575051,0x1095bfe95d4beee8752d3003d0049bf508885bc8,0xbb13d96f722a2328420663ea845e0ef1eb3295a0,0xe1abbcb7776199fdda8c2c47d9cc3eb80917daf1,1.016777,1.0167768174885612,1.0167768174885612,,0.9337466179132999
0xe7f8be82d751b80026bcbfa6892830a806388fb5fe4301ef33dd961b539a7e11,25659277,1785578327,0x4c2401b490cec2ac30f54c9c4f3c65c2677ae07f,0x950fd558f47e234a2fde23b7d61f7ccdbcb4a86f,0x00e2f2192a9facd203ebdfb841813f0911f4e069,1.026167,1.0261672652642382,1.0261672652642382,,0.8978687766514472
0x42baad967d2cba619144e376a8df5f6ec6e9e84ce9f2e5056f845719da0b470f,25659622,1785582467,0x1095bfe95d4beee8752d3003d0049bf508885bc8,0x00000f91109c4d0007e90000d9facad5298a0cac,0xe1abbcb7776199fdda8c2c47d9cc3eb80917daf1,1.016777,1.0167768174885612,1.0167768174885612,,0.9337466179132999
0x5e44c69b148ab32f4d39a24d75629d08490e58ff2ec0ea74799d82806617caeb,25660245,1785589955,0x1095bfe95d4beee8752d3003d0049bf508885bc8,0x00000f91109c4d0007e90000d9facad5298a0cac,0xe1abbcb7776199fdda8c2c47d9cc3eb80917daf1,1.016777,1.0167768174885612,1.0167768174885612,,0.9337466179132999
0xbafe405d1de93220e75d9bb827bf29c25eeebbe76f897f45877547f447376479,25660880,1785597587,0x1095bfe95d4beee8752d3003d0049bf508885bc8,0x00000f91109c4d0007e90000d9facad5298a0cac,0xe1abbcb7776199fdda8c2c47d9cc3eb80917daf1,1.016777,1.0167768174885612,1.0167768174885612,,0.9337466179132999
0xb25cb66ed3453fbb40a850e41893d2ba14d5d58599d74a4972a83f694c4f5f96,25661505,1785605171,0x1095bfe95d4beee8752d3003d0049bf508885bc8,0x00000000000762339537bd0fd01e44f661bd8f67,0xe1abbcb7776199fdda8c2c47d9cc3eb80917daf1,1.016777,1.0167768174885612,1.0167768174885612,,0.9337466179132999
0xdea9bf384f1df8e06af62e62fb46c4f3ffe6059981f562e0f3184916774d8384,25662148,1785612923,0x1095bfe95d4beee8752d3003d0049bf508885bc8,0x00000f91109c4d0007e90000d9facad5298a0cac,0xe1abbcb7776199fdda8c2c47d9cc3eb80917daf1,1.016777,1.0167768174885612,1.0167768174885612,,0.9337466179132999
0xcc84eb05ac015c7b38f8c365bf11ea37c3cb0eedb55c5a0d56ef1dfa36a81c68,25662799,1785620747,0x1095bfe95d4beee8752d3003d0049bf508885bc8,0x00000f91109c4d0007e90000d9facad5298a0cac,0xe1abbcb7776199fdda8c2c47d9cc3eb80917daf1,1.016777,1.0167768174885612,1.0167768174885612,,0.9337466179132999
0x4fa7fa207b7f2ce8ba14b631049eacf04773044b90a9a4b6232d8f4c0e948cbc,25663463,1785628727,0x1095bfe95d4beee8752d3003d0049bf508885bc8,0x00000f91109c4d0007e90000d9facad5298a0cac,0xe1abbcb7776199fdda8c2c47d9cc3eb80917daf1,1.016777,1.0167768174885612,1.0167768174885612,,0.9337466179132999
0x797040d45eff2c7afdc967c38daa3ac02b94df49896bc1e7521e487a0a90d8b8,25664130,1785636755,0x1095bfe95d4beee8752d3003d0049bf508885bc8,0x00000f91109c4d0007e90000d9facad5298a0cac,0xe1abbcb7776199fdda8c2c47d9cc3eb80917daf1,1.016777,1.0167768174885612,1.0167768174885612,,0.9337466179132999
0xa22c611a013a00d4bff24c9e14bed59a0506239ecf96eae30487dd1666f46648,25664818,1785645011,0x1095bfe95d4beee8752d3003d0049bf508885bc8,0x00000f91109c4d0007e90000d9facad5298a0cac,0xe1abbcb7776199fdda8c2c47d9cc3eb80917daf1,1.016777,1.0167768174885612,1.0167768174885612,,0.9337466179132999
0x32472312d4f58a712846f0b10767cce8129193e249df470dc8291808723e61e5,25665517,1785653423,0x1095bfe95d4beee8752d3003d0049bf508885bc8,0x00000f91109c4d0007e90000d9facad5298a0cac,0xe1abbcb7776199fdda8c2c47d9cc3eb80917daf1,1.016777,1.0167768174885612,1.0167768174885612,,0.9337466179132999
0xc2c202a13aac84307d2728d05397d27c742e0bfbda4fd85ec0127260457543d1,25666231,1785662027,0x1095bfe95d4beee8752d3003d0049bf508885bc8,0x00000f91109c4d0007e90000d9facad5298a0cac,0xe1abbcb7776199fdda8c2c47d9cc3eb80917daf1,1.016777,1.0167768174885612,1.0167768174885612,,0.9337466179132999
0x7bf0a0ed540cf3368c1f695640b4fe0c3b12ad5b19d1dae631c7acfe3a451a90,25666947,1785670667,0x1095bfe95d4beee8752d3003d0049bf508885bc8,0x00000f91109c4d0007e90000d9facad5298a0cac,0xe1abbcb7776199fdda8c2c47d9cc3eb80917daf1,1.016777,1.0167768174885612,1.0167768174885612,,0.9337466179132999
0x01a4bab286466a571cc32ae82beebd57723694a78befcc3939f1e067bc2c37c5,25667682,1785679523,0x1095bfe95d4beee8752d3003d0049bf508885bc8,0x00000f91109c4d0007e90000d9facad5298a0cac,0xe1abbcb7776199fdda8c2c47d9cc3eb80917daf1,1.016777,1.0167768174885612,1.0167768174885612,,0.9337466179132999
0x325fdeea5d07ff4cb9ddb1e18376242c4d3e069609b3294e77391b9f52f68ef7,25668437,1785688631,0x1095bfe95d4beee8752d3003d0049bf508885bc8,0xbb13d96f722a2328420663ea845e0ef1eb3295a0,0xe1abbcb7776199fdda8c2c47d9cc3eb80917daf1,1.016777,1.0167768174885612,1.0167768174885612,,0.9337466179132999
0xa95af8a0194bcd365e9d7a0e2b5fc4cf7d440c57840de70a380e0aa02aee6a06,25669212,1785697931,0x1095bfe95d4beee8752d3003d0049bf508885bc8,0xbb13d96f722a2328420663ea845e0ef1eb3295a0,0xe1abbcb7776199fdda8c2c47d9cc3eb80917daf1,1.016777,1.0167768174885612,1.0167768174885612,,0.9337466179132999
0xce09e3865b3cab24b44ecedf021369cea0a1dca6d5ad6c2fde8f49f1467e889e,25670002,1785707471,0x1095bfe95d4beee8752d3003d0049bf508885bc8,0x00000f91109c4d0007e90000d9facad5298a0cac,0xe1abbcb7776199fdda8c2c47d9cc3eb80917daf1,1.016777,1.0167768174885612,1.0167768174885612,,0.9337466179132999
0xa655220ae35e01e6e93e3da108de34478e7197dad8496bcdf9a4afc546e86219,25670810,1785717263,0x1095bfe95d4beee8752d3003d0049bf508885bc8,0x00000f91109c4d0007e90000d9facad5298a0cac,0xe1abbcb7776199fdda8c2c47d9cc3eb80917daf1,1.016777,1.0167768174885612,1.0167768174885612,,0.9337466179132999
0xb1df28bf6e0d726b3b5808cd13800cf2ef24cb0aafeec569d402ee042b4bb0ad,25671654,1785727415,0x1095bfe95d4beee8752d3003d0049bf508885bc8,0x00000f91109c4d0007e90000d9facad5298a0cac,0xe1abbcb7776199fdda8c2c47d9cc3eb80917daf1,1.016777,1.0167768174885612,1.0167768174885612,,0.9337466179132999
0xb67fa5c9fa9f8cc6c0f638987f43049afb15753e491b132a62c28d60b4eaf52a,25672512,1785737747,0x1095bfe95d4beee8752d3003d0049bf508885bc8,0x00000f91109c4d0007e90000d9facad5298a0cac,0xe1abbcb7776199fdda8c2c47d9cc3eb80917daf1,1.016777,1.0167768174885612,1.0167768174885612,,0.9337466179132999
0x208ca3bd5bac4e942ceb2437800dec066d26c66cb1e5d2b3276ddf8a1ddfa029,25673387,1785748307,0x1095bfe95d4beee8752d3003d0049bf508885bc8,0x00000f91109c4d0007e90000d9facad5298a0cac,0xe1abbcb7776199fdda8c2c47d9cc3eb80917daf1,1.016777,1.0167768174885612,1.0167768174885612,,0.9337466179132999
0xb0c93e43031e5b8b68b7f1e5a4a5e89a30f03e29c48891e7085ec2ab8fe7ed3b,25677697,1785800135,0x1095bfe95d4beee8752d3003d0049bf508885bc8,0x00000f91109c4d0007e90000d9facad5298a0cac,0xe1abbcb7776199fdda8c2c47d9cc3eb80917daf1,1.016777,1.0167768174885612,1.0167768174885612,,0.9337466179132999
0xff75dbc9d967a90dd45906f42b0c8bd8e05c791dd0966bacc45abb0da3de4736,25677699,1785800159,0x1095bfe95d4beee8752d3003d0049bf508885bc8,0xa0f1c3ad83e07d97b5e7030e177718be175275ea,0xe1abbcb7776199fdda8c2c47d9cc3eb80917daf1,1.016777,1.0167768174885612,1.0167768174885612,,0.9337466179132999
0xd29da476a062003479b0b5fcaef66edbf995baca725ec7c0623848fb296dd52d,25678598,1785810995,0x1095bfe95d4beee8752d3003d0049bf508885bc8,0x00000f91109c4d0007e90000d9facad5298a0cac,0xe1abbcb7776199fdda8c2c47d9cc3eb80917daf1,1.016777,1.0167768174885612,1.0167768174885612,,0.9337466179132999
0x8e052b42246429649bb9c0240a674f0af19b5b61d4cf410a07677b3405145c7d,25679618,1785823271,0x1095bfe95d4beee8752d3003d0049bf508885bc8,0x00000f91109c4d0007e90000d9facad5298a0cac,0xe1abbcb7776199fdda8c2c47d9cc3eb80917daf1,1.016777,1.0167768174885612,1.0167768174885612,,0.9337466179132999
0xf98ac6ed6ded78d43cb89fcba2f73870d81c821010a3a0ab5aab82b6087e7815,25680675,1785835979,0x1095bfe95d4beee8752d3003d0049bf508885bc8,0xbb13d96f722a2328420663ea845e0ef1eb3295a0,0xe1abbcb7776199fdda8c2c47d9cc3eb80917daf1,1.016777,1.0167768174885612,1.0167768174885612,,0.9337466179132999
0x095bf9747f890a4bfa04a8c4dd119ddb635d8b93f361ec4eedbe9b910d17c4fc,25681773,1785849179,0x1095bfe95d4beee8752d3003d0049bf508885bc8,0x00000f91109c4d0007e90000d9facad5298a0cac,0xe1abbcb7776199fdda8c2c47d9cc3eb80917daf1,1.016777,1.0167768174885612,1.0167768174885612,,0.9337466179132999
0xaef54dd8d5ea17213566d38a710201b53a3eb00cf905ad1c5bf5aee2fba70727,25683032,1785864311,0x1095bfe95d4beee8752d3003d0049bf508885bc8,0x00000f91109c4d0007e90000d9facad5298a0cac,0xe1abbcb7776199fdda8c2c47d9cc3eb80917daf1,1.016777,1.0167768174885612,1.0167768174885612,,0.9337466179132999
0x2a63ca5ed0e88395c752c615bb7aa563bebfb1ae72201c27a22edfe2d086c3fa,25684090,1785877019,0x1095bfe95d4beee8752d3003d0049bf508885bc8,0x00000f91109c4d0007e90000d9facad5298a0cac,0xe1abbcb7776199fdda8c2c47d9cc3eb80917daf1,1.016777,1.0167768174885612,1.0167768174885612,,0.9337466179132999
0x5f31521c0c250198cb04c2036f2034c6d64c11443282b0ea921cf9a472af8984,25684489,1785881855,0x4c2401b490cec2ac30f54c9c4f3c65c2677ae07f,0x950fd558f47e234a2fde23b7d61f7ccdbcb4a86f,0x637a8f99acbd43f89b6afca840f629f125996903,1.026167,1.0261672652642382,1.0261672652642382,,0.8978687766514472
0xf9f5b3e3472a671582bc39067bc8c011be47540ed99dfe32aeea9176b8104024,25685291,1785891515,0x1095bfe95d4beee8752d3003d0049bf508885bc8,0x00000f91109c4d0007e90000d9facad5298a0cac,0xe1abbcb7776199fdda8c2c47d9cc3eb80917daf1,1.016777,1.0167768174885612,1.0167768174885612,,0.9337466179132999
0xe9a1a75606f9aad3d8c08283aa509d1191a028c87b1ede36de07f374e449c6b8,25686521,1785906311,0x1095bfe95d4beee8752d3003d0049bf508885bc8,0x00000f91109c4d0007e90000d9facad5298a0cac,0xe1abbcb7776199fdda8c2c47d9cc3eb80917daf1,1.016777,1.0167768174885612,1.0167768174885612,,0.9337466179132999
0x246fdaa24390275896bfd752dfafdd033497697b006f52e7d93c55fb70279df3,25687794,1785921671,0x1095bfe95d4beee8752d3003d0049bf508885bc8,0x00000f91109c4d0007e90000d9facad5298a0cac,0xe1abbcb7776199fdda8c2c47d9cc3eb80917daf1,1.016777,1.0167768174885612,1.0167768174885612,,0.9337466179132999
0x176fb9c8a1755bc977b52fd4c5e3fe2ea28fbd467b1139fbf0763dceba75b058,25689127,1785937727,0x1095bfe95d4beee8752d3003d0049bf508885bc8,0x00000f91109c4d0007e90000d9facad5298a0cac,0xe1abbcb7776199fdda8c2c47d9cc3eb80917daf1,1.016777,1.0167768174885612,1.0167768174885612,,0.9337466179132999
0x3a44256a5f0f3001a9915eb8b9a719a3fefc75ed153f09b89b30196506c7c3b7,25690511,1785954419,0x1095bfe95d4beee8752d3003d0049bf508885bc8,0x00000f91109c4d0007e90000d9facad5298a0cac,0xe1abbcb7776199fdda8c2c47d9cc3eb80917daf1,1.016777,1.0167768174885612,1.0167768174885612,,0.9337466179132999
0x863739ac42bff9c46ca2533fa91175a46f0aa94d932794a4ff2c94727588cf42,25691952,1785971747,0x1095bfe95d4beee8752d3003d0049bf508885bc8,0x00000f91109c4d0007e90000d9facad5298a0cac,0xe1abbcb7776199fdda8c2c47d9cc3eb80917daf1,1.016777,1.0167768174885612,1.0167768174885612,,0.9337466179132999
0x0cfc151af9a20e2355c6c2b8007e58efc681156ac5b4157dc8e6b5006b45cf43,25695437,1786013639,0x1095bfe95d4beee8752d3003d0049bf508885bc8,0xe08d97e151473a848c3d9ca3f323cb720472d015,0xe1abbcb7776199fdda8c2c47d9cc3eb80917daf1,1.016777,1.0167768174885612,1.0167768174885612,,0.9337466179132999
0x90f0d4be25d2f9769c6ba3b0aa0439adbb96308aff69169591ac1e5468f5bfbd,25695437,1786013639,0x1095bfe95d4beee8752d3003d0049bf508885bc8,0xe08d97e151473a848c3d9ca3f323cb720472d015,0xe1abbcb7776199fdda8c2c47d9cc3eb80917daf1,1.016777,1.0167768174885612,1.0167768174885612,,0.9337466179132999
0x5e3a80ff8660a549c15db1a54332dee7b922bdc69ca50d5143b34feb9dcf56c8,25695438,1786013651,0x1095bfe95d4beee8752d3003d0049bf508885bc8,0xa0f1c3ad83e07d97b5e7030e177718be175275ea,0xe1abbcb7776199fdda8c2c47d9cc3eb80917daf1,1.016777,1.0167768174885612,1.0167768174885612,,0.9337466179132999
0x2a2fb5f3fe6546a6fd2b2635b04fa7fa25f331c0defb6d5d4751f5f01193a482,25729077,1786418963,0x4c2401b490cec2ac30f54c9c4f3c65c2677ae07f,0x950fd558f47e234a2fde23b7d61f7ccdbcb4a86f,0x0000006094141cd5d88b13aa8845dc34e9b1c3a0,1.026167,1.0261672652642382,1.0261672652642382,,0.8978687766514472
0xce39b1148b5ac17b9a52d957c03f51857c6e3a38f4ab6e1bfd8fe3f5a6701764,25729159,1786419947,0x4c2401b490cec2ac30f54c9c4f3c65c2677ae07f,0x950fd558f47e234a2fde23b7d61f7ccdbcb4a86f,0x00e2f2192a9facd203ebdfb841813f0911f4e069,1.026167,1.0261672652642382,1.0261672652642382,,0.8978687766514472
0x05f0537f2fae725676e5bc507bc23feea938572e05ab69195c26c0f41635acd8,25750249,1786674059,0x4c2401b490cec2ac30f54c9c4f3c65c2677ae07f,0x950fd558f47e234a2fde23b7d61f7ccdbcb4a86f,0x637a8f99acbd43f89b6afca840f629f125996903,1.026167,1.0261672652642382,1.0261672652642382,,0.8978687766514472
0xa3e2a8fab9c5f2746dc4779fae2c0e8416b763f60311d1581a48a2bc2534c495,25763258,1786830815,0x4c2401b490cec2ac30f54c9c4f3c65c2677ae07f,0x950fd558f47e234a2fde23b7d61f7ccdbcb4a86f,0x00e2f2192a9facd203ebdfb841813f0911f4e069,1.026167,1.0261672652642382,1.0261672652642382,,0.8978687766514472
0xd8a98f61df2ef0b9c966531c500610d6b3cfc89ddc85565c53ead2d42d9e256a,25770896,1786922639,0x4c2401b490cec2ac30f54c9c4f3c65c2677ae07f,0x950fd558f47e234a2fde23b7d61f7ccdbcb4a86f,0x637a8f99acbd43f89b6afca840f629f125996903,1.026167,1.0261672652642382,1.0261672652642382,,0.8978687766514472
0x97603d7a03c4c0a8c7326ef2c6c7946c8e5810698f93affb14d1ed2259840e0d,25817156,1787479655,0x4c2401b490cec2ac30f54c9c4f3c65c2677ae07f,0x950fd558f47e234a2fde23b7d61f7ccdbcb4a86f,0x00e2f2192a9facd203ebdfb841813f0911f4e069,1.026167,1.0261672652642382,1.0261672652642382,,0.8978687766514472
0x7aa9396076f3a42213a5759515e44929aea27fb6007292e39bf80117c4e6d45a,25817343,1787481923,0x4c2401b490cec2ac30f54c9c4f3c65c2677ae07f,0x950fd558f47e234a2fde23b7d61f7ccdbcb4a86f,0x637a8f99acbd43f89b6afca840f629f125996903,1.026167,1.0261672652642382,1.0261672652642382,,0.8978687766514472
0x981aee22d35d7ca2c2fabc48ebfe3f666a46b1b855770b166bb89f7d14d7dad7,25837974,1787730287,0x1095bfe95d4beee8752d3003d0049bf508885bc8,0x950fd558f47e234a2fde23b7d61f7ccdbcb4a86f,0xe1abbcb7776199fdda8c2c47d9cc3eb80917daf1,1.016777,1.0167768174885612,1.0167768174885612,,0.9337466179132999
0x31525398490bae12123d8986517afe0b8d56dd2ba4bb4bb11409299d1cfc51f8,25838588,1787737691,0x1095bfe95d4beee8752d3003d0049bf508885bc8,0x950fd558f47e234a2fde23b7d61f7ccdbcb4a86f,0xe1abbcb7776199fdda8c2c47d9cc3eb80917daf1,1.016777,1.0167768174885612,1.0167768174885612,,0.9337466179132999
0xc012ff9467cfd990c0166fba8fd73553d53d109a8dc2849be49e3dcc10e4b997,25839225,1787745347,0x1095bfe95d4beee8752d3003d0049bf508885bc8,0x00000f91109c4d0007e90000d9facad5298a0cac,0xe1abbcb7776199fdda8c2c47d9cc3eb80917daf1,1.016777,1.0167768174885612,1.0167768174885612,,0.9337466179132999
0x0442a1a28bce502cc261f64c588f0f66117ea9146fb6fd9b38c7d7db056f2ddd,25839864,1787753027,0x1095bfe95d4beee8752d3003d0049bf508885bc8,0x00000f91109c4d0007e90000d9facad5298a0cac,0xe1abbcb7776199fdda8c2c47d9cc3eb80917daf1,1.016777,1.0167768174885612,1.0167768174885612,,0.9337466179132999
0x004c98cb7a5d728797bbda99d8727fcacc795584a4a1c7d5c865797a84b55ae0,25840537,1787761127,0x1095bfe95d4beee8752d3003d0049bf508885bc8,0x00000f91109c4d0007e90000d9facad5298a0cac,0xe1abbcb7776199fdda8c2c47d9cc3eb80917daf1,1.016777,1.0167768174885612,1.0167768174885612,,0.9337466179132999
0x62cf9a39d5da6033d87e1d7379259c566e2481d34a70acdee413991fdcca3d42,25841227,1787769467,0x1095bfe95d4beee8752d3003d0049bf508885bc8,0x00000f91109c4d0007e90000d9facad5298a0cac,0xe1abbcb7776199fdda8c2c47d9cc3eb80917daf1,1.016777,1.0167768174885612,1.0167768174885612,,0.9337466179132999
0x6068d91902515d6dec13d5bc03f811bb7a903b414501ca776b1696ff3a77feb0,25841937,1787778035,0x1095bfe95d4beee8752d3003d0049bf508885bc8,0x00000f91109c4d0007e90000d9facad5298a0cac,0xe1abbcb7776199fdda8c2c47d9cc3eb80917daf1,1.016777,1.0167768174885612,1.0167768174885612,,0.9337466179132999
0x2cafc526fd1e873f0c24017413308feb9d8b9efbf70b62c166081f080cdc9e63,25842725,1787787551,0x1095bfe95d4beee8752d3003d0049bf508885bc8,0x950fd558f47e234a2fde23b7d61f7ccdbcb4a86f,0xe1abbcb7776199fdda8c2c47d9cc3eb80917daf1,1.016777,1.0167768174885612,1.0167768174885612,,0.9337466179132999
0x992a6c4255e168953544b15d89c098bad6ca0a4e2342cb4f7d1913d47e43b85d,25843950,1787802275,0x1095bfe95d4beee8752d3003d0049bf508885bc8,0x950fd558f47e234a2fde23b7d61f7ccdbcb4a86f,0xe1abbcb7776199fdda8c2c47d9cc3eb80917daf1,1.016777,1.0167768174885612,1.0167768174885612,,0.9337466179132999
0xff032667a09cc57df97db901301fbb69c6fee30803b0bc26df7eb98863c1a600,25844792,1787812415,0x1095bfe95d4beee8752d3003d0049bf508885bc8,0x950fd558f47e234a2fde23b7d61f7ccdbcb4a86f,0xe1abbcb7776199fdda8c2c47d9cc3eb80917daf1,1.016777,1.0167768174885612,1.0167768174885612,,0.9337466179132999
0x720593d7549268eaf4a957fff9f323f7f2941019caa57b66185a9395f4d3261e,25845667,1787822975,0x1095bfe95d4beee8752d3003d0049bf508885bc8,0x00000f91109c4d0007e90000d9facad5298a0cac,0xe1abbcb7776199fdda8c2c47d9cc3eb80917daf1,1.016777,1.0167768174885612,1.0167768174885612,,0.9337466179132999
0x2e5ab0d2943442f0749c4c4e0f4f4511cddd4e468e820f0273bbbee650b1ebb7,25846583,1787833991,0x1095bfe95d4beee8752d3003d0049bf508885bc8,0x950fd558f47e234a2fde23b7d61f7ccdbcb4a86f,0xe1abbcb7776199fdda8c2c47d9cc3eb80917daf1,1.016777,1.0167768174885612,1.0167768174885612,,0.9337466179132999
0x7bcb2249c7421e617d30bb56062c6e061d4693fc1419ed349bf3a9a5d88777a5,25847529,1787845343,0x1095bfe95d4beee8752d3003d0049bf508885bc8,0x950fd558f47e234a2fde23b7d61f7ccdbcb4a86f,0xe1abbcb7776199fdda8c2c47d9cc3eb80917daf1,1.016777,1.0167768174885612,1.0167768174885612,,0.9337466179132999
0xc38c98fab223608d96fe967e0bb5ba7d90abe6f9e62955497631c6d12eeccbba,25848500,1787857031,0x1095bfe95d4beee8752d3003d0049bf508885bc8,0x00000f91109c4d0007e90000d9facad5298a0cac,0xe1abbcb7776199fdda8c2c47d9cc3eb80917daf1,1.016777,1.0167768174885612,1.0167768174885612,,0.9337466179132999
0xae7c3e0db43ff179ecaca6a0a228b25f93d3cd13beba63fe9f388d048561bc89,25849524,1787869355,0x1095bfe95d4beee8752d3003d0049bf508885bc8,0x950fd558f47e234a2fde23b7d61f7ccdbcb4a86f,0xe1abbcb7776199fdda8c2c47d9cc3eb80917daf1,1.016777,1.0167768174885612,1.0167768174885612,,0.9337466179132999
0x88dcc7f8bfde3fe34b69bd5a6f3cbf0e5484f6c96d967458a45980b3057fb3a4,25850558,1787881799,0x1095bfe95d4beee8752d3003d0049bf508885bc8,0x00000f91109c4d0007e90000d9facad5298a0cac,0xe1abbcb7776199fdda8c2c47d9cc3eb80917daf1,1.016777,1.0167768174885612,1.0167768174885612,,0.9337466179132999
0xbc592ea77686f41c95507f2c377c42ce4b87524d91ec6a0c6eb3d94f57e3a74c,25851595,1787894267,0x1095bfe95d4beee8752d3003d0049bf508885bc8,0x950fd558f47e234a2fde23b7d61f7ccdbcb4a86f,0xe1abbcb7776199fdda8c2c47d9cc3eb80917daf1,1.016777,1.0167768174885612,1.0167768174885612,,0.9337466179132999
0x6d1ccd7fb07fe223b6bb3e4c59366205bb33f4442a10d23f8f4ca2b48cd6584d,25852617,1787906603,0x1095bfe95d4beee8752d3003d0049bf508885bc8,0x00000f91109c4d0007e90000d9facad5298a0cac,0xe1abbcb7776199fdda8c2c47d9cc3eb80917daf1,1.016777,1.0167768174885612,1.0167768174885612,,0.9337466179132999
0xd74671c8b30f4699de16bc6ec5b4dcc806396307a8188aa11f1a218de345b344,25853653,1787919047,0x1095bfe95d4beee8752d3003d0049bf508885bc8,0x00000f91109c4d0007e90000d9facad5298a0cac,0xe1abbcb7776199fdda8c2c47d9cc3eb80917daf1,1.016777,1.0167768174885612,1.0167768174885612,,0.9337466179132999
0x06a2b3ef2838d953f01ab4cb95fec8c84075c26ec4e8b1ee150e63a9f446e534,25854680,1787931455,0x1095bfe95d4beee8752d3003d0049bf508885bc8,0x950fd558f47e234a2fde23b7d61f7ccdbcb4a86f,0xe1abbcb7776199fdda8c2c47d9cc3eb80917daf1,1.016777,1.0167768174885612,1.0167768174885612,,0.9337466179132999
0x621adcf9dc2adbc083c22dd740786749149b551c6cae40b11a0a92f54338dfee,25855709,1787943851,0x1095bfe95d4beee8752d3003d0049bf508885bc8,0x00000f91109c4d0007e90000d9facad5298a0cac,0xe1abbcb7776199fdda8c2c47d9cc3eb80917daf1,1.016777,1.0167768174885612,1.0167768174885612,,0.9337466179132999
0xaf2fc40fbd6a5df21985e001e620dc95fbec9096286c7a700e5ebc5c77aaaa89,25856751,1787956403,0x1095bfe95d4beee8752d3003d0049bf508885bc8,0x950fd558f47e234a2fde23b7d61f7ccdbcb4a86f,0xe1abbcb7776199fdda8c2c47d9cc3eb80917daf1,1.016777,1.0167768174885612,1.0167768174885612,,0.9337466179132999
0xc9720218d18b4254f0d39891bbc5507c038e8fca0c353c13eb3139aab0a06829,25857783,1787968871,0x1095bfe95d4beee8752d3003d0049bf508885bc8,0x00000f91109c4d0007e90000d9facad5298a0cac,0xe1abbcb7776199fdda8c2c47d9cc3eb80917daf1,1.016777,1.0167768174885612,1.0167768174885612,,0.9337466179132999
0xea5ce5e43c3eacc4080381013ef5301745412bb03238c3e0eae61317ea009ae3,25858826,1787981411,0x1095bfe95d4beee8752d3003d0049bf508885bc8,0x00000f91109c4d0007e90000d9facad5298a0cac,0xe1abbcb7776199fdda8c2c47d9cc3eb80917daf1,1.016777,1.0167768174885612,1.0167768174885612,,0.9337466179132999
0xca0ed81109a3c94c61cc58a4d4c671f44db461e639f267282c12a063f11e45f3,25859874,1787993999,0x1095bfe95d4beee8752d3003d0049bf508885bc8,0x00000f91109c4d0007e90000d9facad5298a0cac,0xe1abbcb7776199fdda8c2c47d9cc3eb80917daf1,1.016777,1.0167768174885612,1.0167768174885612,,0.9337466179132999
0x41f8e46142e9a0cb04aa9729f98a336bc14076b0bbe99bb549b6cc04f142969f,25860919,1788006599,0x1095bfe95d4beee8752d3003d0049bf508885bc8,0x00000f91109c4d0007e90000d9facad5298a0cac,0xe1abbcb7776199fdda8c2c47d9cc3eb80917daf1,1.016777,1.0167768174885612,1.0167768174885612,,0.9337466179132999
0xccfc205d0f316709fb15e96fe0db26ab70933b749bdfe40be65f2accb843900e,25861960,1788019175,0x1095bfe95d4beee8752d3003d0049bf508885bc8,0x00000f91109c4d0007e90000d9facad5298a0cac,0xe1abbcb7776199fdda8c2c47d9cc3eb80917daf1,1.016777,1.0167768174885612,1.0167768174885612,,0.9337466179132999
0xb9184ded9f30cabc017cebd5fe8f3afd3a3cd26ac8f6eded3e9d1b4a5103dded,25863012,1788031823,0x1095bfe95d4beee8752d3003d0049bf508885bc8,0x950fd558f47e234a2fde23b7d61f7ccdbcb4a86f,0xe1abbcb7776199fdda8c2c47d9cc3eb80917daf1,1.016777,1.0167768174885612,1.0167768174885612,,0.9337466179132999
0xe84f851d5b5a58ebd771e0330d5ad5c01678677e638122cf9ffde87c86f50581,25864059,1788044411,0x1095bfe95d4beee8752d3003d0049bf508885bc8,0x00000f91109c4d0007e90000d9facad5298a0cac,0xe1abbcb7776199fdda8c2c47d9cc3eb80917daf1,1.016777,1.0167768174885612,1.0167768174885612,,0.9337466179132999
0xc9904bb90b0aafec16c33cd4c21d826d4b646bd6ba9a65ffc6d816230436df88,25865111,1788057083,0x1095bfe95d4beee8752d3003d0049bf508885bc8,0x00000f91109c4d0007e90000d9facad5298a0cac,0xe1abbcb7776199fdda8c2c47d9cc3eb80917daf1,1.016777,1.0167768174885612,1.0167768174885612,,0.9337466179132999
0xed179261beccb461188535043123aff99536e40e15a6faefe657dd6c60691dfb,25866166,1788069779,0x1095bfe95d4beee8752d3003d0049bf508885bc8,0x00000f91109c4d0007e90000d9facad5298a0cac,0xe1abbcb7776199fdda8c2c47d9cc3eb80917daf1,1.016777,1.0167768174885612,1.0167768174885612,,0.9337466179132999
0xc77cc5c3bc7d5c259d3eb4ddc6762c0c2a28e26be7b92813525dfc5955c14e14,25867223,1788082511,0x1095bfe95d4beee8752d3003d0049bf508885bc8,0x00000f91109c4d0007e90000d9facad5298a0cac,0xe1abbcb7776199fdda8c2c47d9cc3eb80917daf1,1.016777,1.0167768174885612,1.0167768174885612,,0.9337466179132999
0x8b4cbd1e2928310758d535d11a4ba8e28807032ae9d87a4b156bed4c2cf3a2ca,25868288,1788095327,0x1095bfe95d4beee8752d3003d0049bf508885bc8,0x950fd558f47e234a2fde23b7d61f7ccdbcb4a86f,0xe1abbcb7776199fdda8c2c47d9cc3eb80917daf1,1.016777,1.0167768174885612,1.0167768174885612,,0.9337466179132999
0x71b4bbe49ac6ed3931c3e276b07ab04ac2c699a2688bd257bb643fc16a57da8f,25869348,1788108083,0x1095bfe95d4beee8752d3003d0049bf508885bc8,0x00000f91109c4d0007e90000d9facad5298a0cac,0xe1abbcb7776199fdda8c2c47d9cc3eb80917daf1,1.016777,1.0167768174885612,1.0167768174885612,,0.9337466179132999
0x79956f1fd5b934d4d02358db86adb905228c2cdabdc46490ab6478a4d509274b,25870419,1788120971,0x1095bfe95d4beee8752d3003d0049bf508885bc8,0x950fd558f47e234a2fde23b7d61f7ccdbcb4a86f,0xe1abbcb7776199fdda8c2c47d9cc3eb80917daf1,1.016777,1.0167768174885612,1.0167768174885612,,0.9337466179132999
0x56b56d7f302b77d63eccf0b7d4ae8a9494867e6790b5337c2ab0e8a0486a4ed5,25871490,1788133859,0x1095bfe95d4beee8752d3003d0049bf508885bc8,0x950fd558f47e234a2fde23b7d61f7ccdbcb4a86f,0xe1abbcb7776199fdda8c2c47d9cc3eb80917daf1,1.016777,1.0167768174885612,1.0167768174885612,,0.9337466179132999
0x4ad04b4ae8a1971b12517d1b9a521ac8324766e23ef7f5fd6499c2f62d0b2e19,25872787,1788149495,0x1095bfe95d4beee8752d3003d0049bf508885bc8,0x950fd558f47e234a2fde23b7d61f7ccdbcb4a86f,0xe1abbcb7776199fdda8c2c47d9cc3eb80917daf1,1.016777,1.0167768174885612,1.0167768174885612,,0.9337466179132999
0x069ff203ea7a2e3c299e5a31fd8b272e2fed430231817f4834ac34c6f4fe4752,25873856,1788162347,0x1095bfe95d4beee8752d3003d0049bf508885bc8,0x950fd558f47e234a2fde23b7d61f7ccdbcb4a86f,0xe1abbcb7776199fdda8c2c47d9cc3eb80917daf1,1.016777,1.0167768174885612,1.0167768174885612,,0.9337466179132999
0x7c4b4c849c3de184f959679acb0fb57487b475980b5255aca9337b276c3352c1,25874918,1788175163,0x1095bfe95d4beee8752d3003d0049bf508885bc8,0x00000f91109c4d0007e90000d9facad5298a0cac,0xe1abbcb7776199fdda8c2c47d9cc3eb80917daf1,1.016777,1.0167768174885612,1.0167768174885612,,0.9337466179132999
0x1df0a77d41e42310975d145237b065fefda877cde224d3044f0f8790eb7d456f,25876082,1788189191,0x1095bfe95d4beee8752d3003d0049bf508885bc8,0x950fd558f47e234a2fde23b7d61f7ccdbcb4a86f,0xe1abbcb7776199fdda8c2c47d9cc3eb80917daf1,1.016777,1.0167768174885612,1.0167768174885612,,0.9337466179132999
0xd96dfbe22ee786972aea83b4190baf3a6ae9271a14a68f41c2c6410864a504ea,25877156,1788202139,0x1095bfe95d4beee8752d3003d0049bf508885bc8,0x950fd558f47e234a2fde23b7d61f7ccdbcb4a86f,0xe1abbcb7776199fdda8c2c47d9cc3eb80917daf1,1.016777,1.0167768174885612,1.0167768174885612,,0.9337466179132999
0x7f168df05c0b3a2bdac579d6cd79b5ab73a533c2a2ca4092b9e9a425f7478e3e,25878233,1788215111,0x1095bfe95d4beee8752d3003d0049bf508885bc8,0x950fd558f47e234a2fde23b7d61f7ccdbcb4a86f,0xe1abbcb7776199fdda8c2c47d9cc3eb80917daf1,1.016777,1.0167768174885612,1.0167768174885612,,0.9337466179132999
0x16a4e2d5b1910156440720042730da2ea7bb49c9f0249f68924082fee3a29e64,25879291,1788227879,0x1095bfe95d4beee8752d3003d0049bf508885bc8,0x00000f91109c4d0007e90000d9facad5298a0cac,0xe1abbcb7776199fdda8c2c47d9cc3eb80917daf1,1.016777,1.0167768174885612,1.0167768174885612,,0.9337466179132999
0x43e65db4410bc5522692bbc7f87a82f57506327d8ed39d107785c0f385da2718,25880129,1788237959,0x4c2401b490cec2ac30f54c9c4f3c65c2677ae07f,0x950fd558f47e234a2fde23b7d61f7ccdbcb4a86f,0x0000006094141cd5d88b13aa8845dc34e9b1c3a0,1.026167,1.0261672652642382,1.0261672652642382,,0.8978687766514472
0x4b60c1eb5a601c97bdc58093a10697f5fb80081fe7f41ff0017e17f53718225a,25880364,1788240815,0x1095bfe95d4beee8752d3003d0049bf508885bc8,0x00000f91109c4d0007e90000d9facad5298a0cac,0xe1abbcb7776199fdda8c2c47d9cc3eb80917daf1,1.016777,1.0167768174885612,1.0167768174885612,,0.9337466179132999
0x59846976f80bc7de1f835b6d51efd66f010d6b833cad1f401e0d23649be6f475,25881441,1788253775,0x1095bfe95d4beee8752d3003d0049bf508885bc8,0x00000f91109c4d0007e90000d9facad5298a0cac,0xe1abbcb7776199fdda8c2c47d9cc3eb80917daf1,1.016777,1.0167768174885612,1.0167768174885612,,0.9337466179132999
0xacd005270727d9442931b1d073510b2ca5369e8dc85c659c725907b57d3bb7b1,25882521,1788266783,0x1095bfe95d4beee8752d3003d0049bf508885bc8,0x00000f91109c4d0007e90000d9facad5298a0cac,0xe1abbcb7776199fdda8c2c47d9cc3eb80917daf1,1.016777,1.0167768174885612,1.0167768174885612,,0.9337466179132999
0x8d832ccdd4777bcac9e8d338f954927f027d39427cc97f69d6d596582c02bf0f,25883599,1788279755,0x1095bfe95d4beee8752d3003d0049bf508885bc8,0x00000f91109c4d0007e90000d9facad5298a0cac,0xe1abbcb7776199fdda8c2c47d9cc3eb80917daf1,1.016777,1.0167768174885612,1.0167768174885612,,0.9337466179132999
0x76e3897ed252ae43709eba05aa8daa446a43f289f17379b7553761259ee62525,25884688,1788292847,0x1095bfe95d4beee8752d3003d0049bf508885bc8,0x00000f91109c4d0007e90000d9facad5298a0cac,0xe1abbcb7776199fdda8c2c47d9cc3eb80917daf1,1.016777,1.0167768174885612,1.0167768174885612,,0.9337466179132999
0xde0b112afe602ff162c1963c2e2fab9f12c89f3fe08996751f41e9cd4d9125cf,25885357,1788300911,0x4c2401b490cec2ac30f54c9c4f3c65c2677ae07f,0x950fd558f47e234a2fde23b7d61f7ccdbcb4a86f,0x00e2f2192a9facd203ebdfb841813f0911f4e069,1.026167,1.0261672652642382,1.0261672652642382,,0.8978687766514472
0x732a33839263c8622b8b313fc894cbc332ab3282f17d141427a828a0d3d73dfc,25885777,1788305975,0x1095bfe95d4beee8752d3003d0049bf508885bc8,0x00000f91109c4d0007e90000d9facad5298a0cac,0xe1abbcb7776199fdda8c2c47d9cc3eb80917daf1,1.016777,1.0167768174885612,1.0167768174885612,,0.9337466179132999
0x856043dc0d67e569c3130dda722efa4ec2c750b5044388fed21f0b5e1a98fca4,25886868,1788319127,0x1095bfe95d4beee8752d3003d0049bf508885bc8,0x950fd558f47e234a2fde23b7d61f7ccdbcb4a86f,0xe1abbcb7776199fdda8c2c47d9cc3eb80917daf1,1.016777,1.0167768174885612,1.0167768174885612,,0.9337466179132999
0xbf86678a1acb98b75eac57ad4d1bdda87cc1fa082cb6320dfdd45e8453ec9193,25887962,1788332255,0x1095bfe95d4beee8752d3003d0049bf508885bc8,0x00000f91109c4d0007e90000d9facad5298a0cac,0xe1abbcb7776199fdda8c2c47d9cc3eb80917daf1,1.016777,1.0167768174885612,1.0167768174885612,,0.9337466179132999
0x9f5450cdd01d947bcc71c122caa5f09893fcdbffd5e1da9902578ca18a00ff4d,25889055,1788345443,0x1095bfe95d4beee8752d3003d0049bf508885bc8,0x950fd558f47e234a2fde23b7d61f7ccdbcb4a86f,0xe1abbcb7776199fdda8c2c47d9cc3eb80917daf1,1.016777,1.0167768174885612,1.0167768174885612,,0.9337466179132999
0xb40e610c185d328add334aaa6c6074a2ba972230c9417e3f68ea6263206ed4ff,25890137,1788358487,0x1095bfe95d4beee8752d3003d0049bf508885bc8,0x00000f91109c4d0007e90000d9facad5298a0cac,0xe1abbcb7776199fdda8c2c47d9cc3eb80917daf1,1.016777,1.0167768174885612,1.0167768174885612,,0.9337466179132999
0x4b4da77b36662b7cbd5b8bea260656b495f7fe647a13f7069fc51f25e532901d,25891246,1788371831,0x1095bfe95d4beee8752d3003d0049bf508885bc8,0x950fd558f47e234a2fde23b7d61f7ccdbcb4a86f,0xe1abbcb7776199fdda8c2c47d9cc3eb80917daf1,1.016777,1.0167768174885612,1.0167768174885612,,0.9337466179132999
0x8d8ce473a85da6cd27d112edd7a07e980f2214b64fb6538ff7e5e1a98418b191,25892345,1788385031,0x1095bfe95d4beee8752d3003d0049bf508885bc8,0x00000f91109c4d0007e90000d9facad5298a0cac,0xe1abbcb7776199fdda8c2c47d9cc3eb80917daf1,1.016777,1.0167768174885612,1.0167768174885612,,0.9337466179132999
0xa8293067e34a8fbc45e33a4552cca627106612a1766b9fd06078ebaaa69a9ac0,25893431,1788398171,0x1095bfe95d4beee8752d3003d0049bf508885bc8,0x950fd558f47e234a2fde23b7d61f7ccdbcb4a86f,0xe1abbcb7776199fdda8c2c47d9cc3eb80917daf1,1.016777,1.0167768174885612,1.0167768174885612,,0.9337466179132999
0x18516657d83267d372610d0104957c8f07d482bd5c969c5982a1edee996264da,25894515,1788411203,0x1095bfe95d4beee8752d3003d0049bf508885bc8,0x00000f91109c4d0007e90000d9facad5298a0cac,0xe1abbcb7776199fdda8c2c47d9cc3eb80917daf1,1.016777,1.0167768174885612,1.0167768174885612,,0.9337466179132999
0xfbccdd624bded6f1ced98e4759d3d410aeb82c8c33927809c57a5f1d6153823c,25895606,1788424367,0x1095bfe95d4beee8752d3003d0049bf508885bc8,0x00000f91109c4d0007e90000d9facad5298a0cac,0xe1abbcb7776199fdda8c2c47d9cc3eb80917daf1,1.016777,1.0167768174885612,1.0167768174885612,,0.9337466179132999
0xe55405bec4bb53066b09893d2338188c1d87c29eb743873eb300cc793fc7c88b,25896700,1788437555,0x1095bfe95d4beee8752d3003d0049bf508885bc8,0x00000f91109c4d0007e90000d9facad5298a0cac,0xe1abbcb7776199fdda8c2c47d9cc3eb80917daf1,1.016777,1.0167768174885612,1.0167768174885612,,0.9337466179132999
0xba076290c46163b9a7bca0074e91b86532cef082a65d278a606aeacc1ea52084,25897793,1788450683,0x1095bfe95d4beee8752d3003d0049bf508885bc8,0x00000f91109c4d0007e90000d9facad5298a0cac,0xe1abbcb7776199fdda8c2c47d9cc3eb80917daf1,1.016777,1.0167768174885612,1.0167768174885612,,0.9337466179132999
0x8c003ac4e8bd46e25c9ada170fc21e69f662f0278e5b52ee25d4ab5e6448eae9,25898893,1788463955,0x1095bfe95d4beee8752d3003d0049bf508885bc8,0x00000f91109c4d0007e90000d9facad5298a0cac,0xe1abbcb7776199fdda8c2c47d9cc3eb80917daf1,1.016777,1.0167768174885612,1.0167768174885612,,0.9337466179132999
0x9653d312e9d03e6d2059057143cfad77226286ecdd25ad606654eaa4a069a968,25899997,1788477227,0x1095bfe95d4beee8752d3003d0049bf508885bc8,0x00000f91109c4d0007e90000d9facad5298a0cac,0xe1abbcb7776199fdda8c2c47d9cc3eb80917daf1,1.016777,1.0167768174885612,1.0167768174885612,,0.9337466179132999
0x5c7319044efc439bedc4688cccd1a132a2711fa08daa18dcf6fc95b99c80e429,25901124,1788490859,0x1095bfe95d4beee8752d3003d0049bf508885bc8,0x950fd558f47e234a2fde23b7d61f7ccdbcb4a86f,0xe1abbcb7776199fdda8c2c47d9cc3eb80917daf1,1.016777,1.0167768174885612,1.0167768174885612,,0.9337466179132999
0x4f75906a8a1a3dd989f7fc9dbafda0fcb812bd009079ee75fe8230e6f150a87c,25902243,1788504311,0x1095bfe95d4beee8752d3003d0049bf508885bc8,0x00000f91109c4d0007e90000d9facad5298a0cac,0xe1abbcb7776199fdda8c2c47d9cc3eb80917daf1,1.016777,1.0167768174885612,1.0167768174885612,,0.9337466179132999
0x191135a155f6efb60efc73af077d64b7de9ef04faa00b4447629f61c828d480f,25903376,1788517931,0x1095bfe95d4beee8752d3003d0049bf508885bc8,0x00000f91109c4d0007e90000d9facad5298a0cac,0xe1abbcb7776199fdda8c2c47d9cc3eb80917daf1,1.016777,1.0167768174885612,1.0167768174885612,,0.9337466179132999
0x8b1c0d623c01dc888725e71ebfade3f9263a0f574e21544fd33c0a886e8020d6,25904503,1788531503,0x1095bfe95d4beee8752d3003d0049bf508885bc8,0x950fd558f47e234a2fde23b7d61f7ccdbcb4a86f,0xe1abbcb7776199fdda8c2c47d9cc3eb80917daf1,1.016777,1.0167768174885612,1.0167768174885612,,0.9337466179132999
0x443c249088860cfd7aaa1eb36d68afe5eaa8d5b0639f6a4565045eb7197dd48a,25905638,1788545207,0x1095bfe95d4beee8752d3003d0049bf508885bc8,0x950fd558f47e234a2fde23b7d61f7ccdbcb4a86f,0xe1abbcb7776199fdda8c2c47d9cc3eb80917daf1,1.016777,1.0167768174885612,1.0167768174885612,,0.9337466179132999
0xc2c12f1a0bc72eb8eb99bde39ff73aed185de833a145fa481d89a61d2dff85d0,25906780,1788558935,0x1095bfe95d4beee8752d3003d0049bf508885bc8,0x00000f91109c4d0007e90000d9facad5298a0cac,0xe1abbcb7776199fdda8c2c47d9cc3eb80917daf1,1.016777,1.0167768174885612,1.0167768174885612,,0.9337466179132999
0xa7d3446dce8204b936da5ec9827ce2d3a5bd051eb613c1ce354f56dc94e476ab,25907927,1788572747,0x1095bfe95d4beee8752d3003d0049bf508885bc8,0x950fd558f47e234a2fde23b7d61f7ccdbcb4a86f,0xe1abbcb7776199fdda8c2c47d9cc3eb80917daf1,1.016777,1.0167768174885612,1.0167768174885612,,0.9337466179132999
0xf30ab236629248d936f89c1f9c5181c32cb6022151e396a9ba9deff753ca9e18,25909066,1788586427,0x1095bfe95d4beee8752d3003d0049bf508885bc8,0x00000f91109c4d0007e90000d9facad5298a0cac,0xe1abbcb7776199fdda8c2c47d9cc3eb80917daf1,1.016777,1.0167768174885612,1.0167768174885612,,0.9337466179132999
0xaa7f661875f33a0b66c639e268c2871205a4d57bbdfbf5fda9e093b02439572a,25910209,1788600251,0x1095bfe95d4beee8752d3003d0049bf508885bc8,0x00000f91109c4d0007e90000d9facad5298a0cac,0xe1abbcb7776199fdda8c2c47d9cc3eb80917daf1,1.016777,1.0167768174885612,1.0167768174885612,,0.9337466179132999
0x43a0dd1a3541e071f17f40b86beffe93073280a35137e48391646551bf81d2d7,25911362,1788614123,0x1095bfe95d4beee8752d3003d0049bf508885bc8,0x00000f91109c4d0007e90000d9facad5298a0cac,0xe1abbcb7776199fdda8c2c47d9cc3eb80917daf1,1.016777,1.0167768174885612,1.0167768174885612,,0.9337466179132999
0x66ec775c9ab909380dab1df0023ba90386e4e2454a1973f11c2340128e3bba17,25912510,1788627911,0x1095bfe95d4beee8752d3003d0049bf508885bc8,0x00000f91109c4d0007e90000d9facad5298a0cac,0xe1abbcb7776199fdda8c2c47d9cc3eb80917daf1,1.016777,1.0167768174885612,1.0167768174885612,,0.9337466179132999
0xf7c39bcf13961678ec2f292f26f97447cc06a4229908889138c7ca99a5d90300,25913671,1788641903,0x1095bfe95d4beee8752d3003d0049bf508885bc8,0x00000f91109c4d0007e90000d9facad5298a0cac,0xe1abbcb7776199fdda8c2c47d9cc3eb80917daf1,1.016777,1.0167768174885612,1.0167768174885612,,0.9337466179132999
0x47c070b35809100de90b98bd87f238d34814f900c799d64a7af4ff973e6369f8,25914834,1788655955,0x1095bfe95d4beee8752d3003d0049bf508885bc8,0x00000f91109c4d0007e90000d9facad5298a0cac,0xe1abbcb7776199fdda8c2c47d9cc3eb80917daf1,1.016777,1.0167768174885612,1.0167768174885612,,0.9337466179132999
0xd6dfc89738cb43d2172a12058d08fc18a49c22e62c5e95aff6e8c0e441696f08,25916009,1788670079,0x1095bfe95d4beee8752d3003d0049bf508885bc8,0x00000f91109c4d0007e90000d9facad5298a0cac,0xe1abbcb7776199fdda8c2c47d9cc3eb80917daf1,1.016777,1.0167768174885612,1.0167768174885612,,0.9337466179132999
0x4e51e2ce7b4419e03ccebb0e3c32c60056350d374851019a0d6b176b28b04976,25917139,1788683675,0x1095bfe95d4beee8752d3003d0049bf508885bc8,0xa0f1c3ad83e07d97b5e7030e177718be175275ea,0xe1abbcb7776199fdda8c2c47d9cc3eb80917daf1,1.016777,1.0167768174885612,1.0167768174885612,,0.9337466179132999
0xea50f7ff27e8d2c10bbfc24f225492031ce18b49bb0165309e1ad92222cc404a,25918207,1788696527,0x1095bfe95d4beee8752d3003d0049bf508885bc8,0x00000f91109c4d0007e90000d9facad5298a0cac,0xe1abbcb7776199fdda8c2c47d9cc3eb80917daf1,1.016777,1.0167768174885612,1.0167768174885612,,0.9337466179132999
0x3c265cda0b1e75f421b424ba99b5ab3dabc38dee349826f36cdd5c4ab71cf0ed,25919268,1788709283,0x1095bfe95d4beee8752d3003d0049bf508885bc8,0x00000f91109c4d0007e90000d9facad5298a0cac,0xe1abbcb7776199fdda8c2c47d9cc3eb80917daf1,1.016777,1.0167768174885612,1.0167768174885612,,0.9337466179132999
0x96f8f42177f53bb9e0939216d50428a7dffcf4c7862e1b1d4b7af47255b3b118,25920344,1788722231,0x1095bfe95d4beee8752d3003d0049bf508885bc8,0xa0f1c3ad83e07d97b5e7030e177718be175275ea,0xe1abbcb7776199fdda8c2c47d9cc3eb80917daf1,1.016777,1.0167768174885612,1.0167768174885612,,0.9337466179132999
0x059adb64d8512c7cd544d4b555200faea73e3bf85ee3ecf35466a2e7f83db626,25921396,1788734903,0x1095bfe95d4beee8752d3003d0049bf508885bc8,0x00000f91109c4d0007e90000d9facad5298a0cac,0xe1abbcb7776199fdda8c2c47d9cc3eb80917daf1,1.016777,1.0167768174885612,1.0167768174885612,,0.9337466179132999
0x1b67545d37ef91dc1a9170572be22551d8506e76d2d09d8e24808766e4f6c669,25922429,1788747323,0x1095bfe95d4beee8752d3003d0049bf508885bc8,0x00000f91109c4d0007e90000d9facad5298a0cac,0xe1abbcb7776199fdda8c2c47d9cc3eb80917daf1,1.016777,1.0167768174885612,1.0167768174885612,,0.9337466179132999
0x153579ee50168ff1f63a0a45855a245782a88283973d3f16e271bf3639315937,25923453,1788759671,0x1095bfe95d4beee8752d3003d0049bf508885bc8,0x00000f91109c4d0007e90000d9facad5298a0cac,0xe1abbcb7776199fdda8c2c47d9cc3eb80917daf1,1.016777,1.0167768174885612,1.0167768174885612,,0.9337466179132999
0x64f84b67511df750eed51c92d8f2ae48f08b227dff89e7c3d715020c067a16b3,25924471,1788771947,0x1095bfe95d4beee8752d3003d0049bf508885bc8,0x00000f91109c4d0007e90000d9facad5298a0cac,0xe1abbcb7776199fdda8c2c47d9cc3eb80917daf1,1.016777,1.0167768174885612,1.0167768174885612,,0.9337466179132999
0xf5352e2620303f6c689d11a3d7af03fa2288b50dfbe7ef2fcf71fd0dba963d5a,25925491,1788784271,0x1095bfe95d4beee8752d3003d0049bf508885bc8,0xa0f1c3ad83e07d97b5e7030e177718be175275ea,0xe1abbcb7776199fdda8c2c47d9cc3eb80917daf1,1.016777,1.0167768174885612,1.0167768174885612,,0.9337466179132999
0xec24bfb35b6e471b5383d953a754dea417805460fc892aaa91480e32a24fb86f,25926595,1788797591,0x1095bfe95d4beee8752d3003d0049bf508885bc8,0x00000f91109c4d0007e90000d9facad5298a0cac,0xe1abbcb7776199fdda8c2c47d9cc3eb80917daf1,1.016777,1.0167768174885612,1.0167768174885612,,0.9337466179132999
0x6e081869bc770653c1a8671e915c197f7143ef72435d3d10f065df834b48154a,25927725,1788811211,0x1095bfe95d4beee8752d3003d0049bf508885bc8,0xa0f1c3ad83e07d97b5e7030e177718be175275ea,0xe1abbcb7776199fdda8c2c47d9cc3eb80917daf1,1.016777,1.0167768174885612,1.0167768174885612,,0.9337466179132999
0x57c263151f9eddc18628678e6f017d0a37681f39eb7f8d242afe759aac02ffb3,25928832,1788824543,0x1095bfe95d4beee8752d3003d0049bf508885bc8,0x00000f91109c4d0007e90000d9facad5298a0cac,0xe1abbcb7776199fdda8c2c47d9cc3eb80917daf1,1.016777,1.0167768174885612,1.0167768174885612,,0.9337466179132999
0x7bea9988fe044850c7c6bee01a9c8e1a3a51f09b9b43210d0dea6c208774889a,25929966,1788838199,0x1095bfe95d4beee8752d3003d0049bf508885bc8,0x00000f91109c4d0007e90000d9facad5298a0cac,0xe1abbcb7776199fdda8c2c47d9cc3eb80917daf1,1.016777,1.0167768174885612,1.0167768174885612,,0.9337466179132999
0xbd55356b595a2518c7683e00826d147177fd5343d5d0986e5e9942d2361637d0,25931106,1788851915,0x1095bfe95d4beee8752d3003d0049bf508885bc8,0x00000f91109c4d0007e90000d9facad5298a0cac,0xe1abbcb7776199fdda8c2c47d9cc3eb80917daf1,1.016777,1.0167768174885612,1.0167768174885612,,0.9337466179132999
0x83cea1892b2b8901664caeb5c47833054b9a9d807e13d3043b25a18182ce99c0,25932233,1788865499,0x1095bfe95d4beee8752d3003d0049bf508885bc8,0x00000f91109c4d0007e90000d9facad5298a0cac,0xe1abbcb7776199fdda8c2c47d9cc3eb80917daf1,1.016777,1.0167768174885612,1.0167768174885612,,0.9337466179132999
0xd5e318ca4e3ec5d53141db0d446402f9d6683982660763147563bb256b1c0551,25933388,1788879455,0x1095bfe95d4beee8752d3003d0049bf508885bc8,0x09dcc5e6b1181c5f44ed5dc45a4291e6174c19f9,0xe1abbcb7776199fdda8c2c47d9cc3eb80917daf1,1.016777,1.0167768174885612,1.0167768174885612,,0.9337466179132999
0xe6650400dedbb4ee08137e3d5bb9a2954f58924dfcfd6348c49e84f555d7774f,25934548,1788893459,0x1095bfe95d4beee8752d3003d0049bf508885bc8,0x225f99aaaa914d0481ef3a0bedd8aabf1b9c4d1d,0xe1abbcb7776199fdda8c2c47d9cc3eb80917daf1,1.016777,1.0167768174885612,1.0167768174885612,,0.9337466179132999
0x2065f508b17d1d8857170329c17762b87f991ffb40073c41fa4ae47f5575595d,25935720,1788907559,0x1095bfe95d4beee8752d3003d0049bf508885bc8,0x00000f91109c4d0007e90000d9facad5298a0cac,0xe1abbcb7776199fdda8c2c47d9cc3eb80917daf1,1.016777,1.0167768174885612,1.0167768174885612,,0.9337466179132999
0x4552ddd155d50a00b4b2a503d26be8ee13384a753c403d490a567302db2b9e9d,25936901,1788921791,0x1095bfe95d4beee8752d3003d0049bf508885bc8,0xa0f1c3ad83e07d97b5e7030e177718be175275ea,0xe1abbcb7776199fdda8c2c47d9cc3eb80917daf1,1.016777,1.0167768174885612,1.0167768174885612,,0.9337466179132999
0x6fbf506eda0e8745f4301f52f51648ed67c6405fc3eec0a255668fa3b9186897,25938039,1788935507,0x1095bfe95d4beee8752d3003d0049bf508885bc8,0x00000f91109c4d0007e90000d9facad5298a0cac,0xe1abbcb7776199fdda8c2c47d9cc3eb80917daf1,1.016777,1.0167768174885612,1.0167768174885612,,0.9337466179132999
0xb60688c0d85a8df9973d02dbb5399f1cc628fa0a9c36c6e7198651de8712c34b,25939185,1788949295,0x1095bfe95d4beee8752d3003d0049bf508885bc8,0x00000f91109c4d0007e90000d9facad5298a0cac,0xe1abbcb7776199fdda8c2c47d9cc3eb80917daf1,1.016777,1.0167768174885612,1.0167768174885612,,0.9337466179132999
0xed9696f0f583006a48bc4895d880eabda6def8d180e3f8de97c6428c6003aa42,25940341,1788963263,0x1095bfe95d4beee8752d3003d0049bf508885bc8,0x09dcc5e6b1181c5f44ed5dc45a4291e6174c19f9,0xe1abbcb7776199fdda8c2c47d9cc3eb80917daf1,1.016777,1.0167768174885612,1.0167768174885612,,0.9337466179132999
0x4b85fffb0e648339add3108eb678df451974f83335219de33242e98caa177851,25941526,1788977531,0x1095bfe95d4beee8752d3003d0049bf508885bc8,0x00000f91109c4d0007e90000d9facad5298a0cac,0xe1abbcb7776199fdda8c2c47d9cc3eb80917daf1,1.016777,1.0167768174885612,1.0167768174885612,,0.9337466179132999
0xa57d8434b17e221d044f3f94be2b5898fed9412db056d38ca5da27c1296d5b75,25942714,1788991847,0x1095bfe95d4beee8752d3003d0049bf508885bc8,0x09dcc5e6b1181c5f44ed5dc45a4291e6174c19f9,0xe1abbcb7776199fdda8c2c47d9cc3eb80917daf1,1.016777,1.0167768174885612,1.0167768174885612,,0.9337466179132999
0x83e20b3f6c07715b1dbb8a6503641591bda22a70bfbf2834047a900ba053b65d,25943917,1789006295,0x1095bfe95d4beee8752d3003d0049bf508885bc8,0xa0f1c3ad83e07d97b5e7030e177718be175275ea,0xe1abbcb7776199fdda8c2c47d9cc3eb80917daf1,1.016777,1.0167768174885612,1.0167768174885612,,0.9337466179132999
0xc460943476403d29db4b99e78bd94d889b319323413d3a0960dfa565142afa1f,25945051,1789019939,0x1095bfe95d4beee8752d3003d0049bf508885bc8,0x00000f91109c4d0007e90000d9facad5298a0cac,0xe1abbcb7776199fdda8c2c47d9cc3eb80917daf1,1.016777,1.0167768174885612,1.0167768174885612,,0.9337466179132999
0x48bb744388ebd492cbdd88171246f90f4e6bf519d9f6315f0841a5b75ba5b843,25946188,1789033667,0x1095bfe95d4beee8752d3003d0049bf508885bc8,0x00000f91109c4d0007e90000d9facad5298a0cac,0xe1abbcb7776199fdda8c2c47d9cc3eb80917daf1,1.016777,1.0167768174885612,1.0167768174885612,,0.9337466179132999
0xe8159163f2eb5be9ef933b9d0a6a3609a2e7037ae11314a5b1c3099f454e6480,25947440,1789048739,0x1095bfe95d4beee8752d3003d0049bf508885bc8,0x950fd558f47e234a2fde23b7d61f7ccdbcb4a86f,0xe1abbcb7776199fdda8c2c47d9cc3eb80917daf1,1.016777,1.0167768174885612,1.0167768174885612,,0.9337466179132999
0x0e967fbc48cc7e4520310b0a34f1be920e1d8e2b5fc7ed5677e1227feb1c5ef7,25948668,1789063535,0x1095bfe95d4beee8752d3003d0049bf508885bc8,0x00000f91109c4d0007e90000d9facad5298a0cac,0xe1abbcb7776199fdda8c2c47d9cc3eb80917daf1,1.016777,1.0167768174885612,1.0167768174885612,,0.9337466179132999
0xfd162cd7310fa6f71af2b6fcb1bb3113978f3a7b0b2e5cc4cbc56e511f1209ce,25949808,1789077275,0x1095bfe95d4beee8752d3003d0049bf508885bc8,0x00000f91109c4d0007e90000d9facad5298a0cac,0xe1abbcb7776199fdda8c2c47d9cc3eb80917daf1,1.016777,1.0167768174885612,1.0167768174885612,,0.9337466179132999
0x80106aca3c0de22bccf5b274daa3769c4be6f7456c84a22115f22eb4a9a7d718,25950964,1789091231,0x1095bfe95d4beee8752d3003d0049bf508885bc8,0x00000f91109c4d0007e90000d9facad5298a0cac,0xe1abbcb7776199fdda8c2c47d9cc3eb80917daf1,1.016777,1.0167768174885612,1.0167768174885612,,0.9337466179132999
0x00980204a7a5635f76baec09baf0a5394e41310f653a2b6656c2b2fa1150e7a8,25952132,1789105295,0x1095bfe95d4beee8752d3003d0049bf508885bc8,0x00000f91109c4d0007e90000d9facad5298a0cac,0xe1abbcb7776199fdda8c2c47d9cc3eb80917daf1,1.016777,1.0167768174885612,1.0167768174885612,,0.9337466179132999
0x8ebb1718bb3d0adbcf3b80070937a90c88280255658289a9a7723fde2152b776,25953314,1789119503,0x1095bfe95d4beee8752d3003d0049bf508885bc8,0x00000f91109c4d0007e90000d9facad5298a0cac,0xe1abbcb7776199fdda8c2c47d9cc3eb80917daf1,1.016777,1.0167768174885612,1.0167768174885612,,0.9337466179132999
0x06b767ae40d2062778c286fdc23a11b037d6bf858ddf9da014e393de8a670793,25954521,1789134023,0x1095bfe95d4beee8752d3003d0049bf508885bc8,0x950fd558f47e234a2fde23b7d61f7ccdbcb4a86f,0xe1abbcb7776199fdda8c2c47d9cc3eb80917daf1,1.016777,1.0167768174885612,1.0167768174885612,,0.9337466179132999
0x3c9af38014df5fe86eff92d50db906e439829fe8ae66000141978d854d438a20,25955854,1789150091,0x1095bfe95d4beee8752d3003d0049bf508885bc8,0x00000f91109c4d0007e90000d9facad5298a0cac,0xe1abbcb7776199fdda8c2c47d9cc3eb80917daf1,1.016777,1.0167768174885612,1.0167768174885612,,0.9337466179132999
0x7237134c3fd28893abc1d348ddf9c329ea82bf6a697fcd17b300a5c8ccf12537,25957161,1789165835,0x1095bfe95d4beee8752d3003d0049bf508885bc8,0x950fd558f47e234a2fde23b7d61f7ccdbcb4a86f,0xe1abbcb7776199fdda8c2c47d9cc3eb80917daf1,1.016777,1.0167768174885612,1.0167768174885612,,0.9337466179132999
0xaa1e71809c0300d543cd586c9fab5f91fbb48a81d1fa78fecdc7cc926dd3600a,25958479,1789181747,0x1095bfe95d4beee8752d3003d0049bf508885bc8,0x00000f91109c4d0007e90000d9facad5298a0cac,0xe1abbcb7776199fdda8c2c47d9cc3eb80917daf1,1.016777,1.0167768174885612,1.0167768174885612,,0.9337466179132999
0x189a797cf13603f5f528dd24a3ea65b88f27cf64e3956044cbc44a51447c4299,25959812,1789197815,0x1095bfe95d4beee8752d3003d0049bf508885bc8,0x00000f91109c4d0007e90000d9facad5298a0cac,0xe1abbcb7776199fdda8c2c47d9cc3eb80917daf1,1.016777,1.0167768174885612,1.0167768174885612,,0.9337466179132999
0xf2333acf9007837ef97d7c915d6132b9db400642d2f6f1b4f86e14317ccf9890,25961154,1789213955,0x1095bfe95d4beee8752d3003d0049bf508885bc8,0x00000f91109c4d0007e90000d9facad5298a0cac,0xe1abbcb7776199fdda8c2c47d9cc3eb80917daf1,1.016777,1.0167768174885612,1.0167768174885612,,0.9337466179132999
0x6086965e1e0b904de43bd176854e708c09476834165dcfd99a6f04d8ff8ef718,25962499,1789230119,0x1095bfe95d4beee8752d3003d0049bf508885bc8,0x950fd558f47e234a2fde23b7d61f7ccdbcb4a86f,0xe1abbcb7776199fdda8c2c47d9cc3eb80917daf1,1.016777,1.0167768174885612,1.0167768174885612,,0.9337466179132999
0x542ba4ba4535bac97833fad38242df75c19314a586460086c5728d8538637602,25963854,1789246451,0x1095bfe95d4beee8752d3003d0049bf508885bc8,0x950fd558f47e234a2fde23b7d61f7ccdbcb4a86f,0xe1abbcb7776199fdda8c2c47d9cc3eb80917daf1,1.016777,1.0167768174885612,1.0167768174885612,,0.9337466179132999
0x491dafa1a58d23302783cd57a7498500f49fcee7b4a385d81fa9168239b1733e,25965200,1789262651,0x1095bfe95d4beee8752d3003d0049bf508885bc8,0x00000f91109c4d0007e90000d9facad5298a0cac,0xe1abbcb7776199fdda8c2c47d9cc3eb80917daf1,1.016777,1.0167768174885612,1.0167768174885612,,0.9337466179132999
0xad84646d8f58ef2276821f64a3b87e84583a74cc629807ef5f6d3674bd71d649,25966556,1789278983,0x860ce7e3b7a8e96df54ef9b733494e0804ef0ce5,0x950fd558f47e234a2fde23b7d61f7ccdbcb4a86f,0x41dffef58b798242ef7bec93e95b1b41825cb210,1.026167,1.0261672652642382,1.0261672652642382,,0.8978687766514472
0x8e78b3b735951faa36c22d52f753c5011d1840fa95b603c540a5f3c111577872,25966564,1789279079,0x1095bfe95d4beee8752d3003d0049bf508885bc8,0x00000f91109c4d0007e90000d9facad5298a0cac,0xe1abbcb7776199fdda8c2c47d9cc3eb80917daf1,1.016777,1.0167768174885612,1.0167768174885612,,0.9337466179132999
0xfd55d5930b1ef2f9635b1c20b5236f7f4c750ffde388d848f8707b74a05dd8dd,25967940,1789295615,0x1095bfe95d4beee8752d3003d0049bf508885bc8,0x00000f91109c4d0007e90000d9facad5298a0cac,0xe1abbcb7776199fdda8c2c47d9cc3eb80917daf1,1.016777,1.0167768174885612,1.0167768174885612,,0.9337466179132999
0x3f56f86e02f43b6bf8801e80808c0503deb9eaaddc8ae5fdaa0e08d45fba3820,25969299,1789311947,0x1095bfe95d4beee8752d3003d0049bf508885bc8,0x00000f91109c4d0007e90000d9facad5298a0cac,0xe1abbcb7776199fdda8c2c47d9cc3eb80917daf1,1.016777,1.0167768174885612,1.0167768174885612,,0.9337466179132999
0x0c388206c4ca2c4a4758d67b9d7941557b55c92b66da4baab535063e2615a485,25970696,1789328747,0x1095bfe95d4beee8752d3003d0049bf508885bc8,0x00000f91109c4d0007e90000d9facad5298a0cac,0xe1abbcb7776199fdda8c2c47d9cc3eb80917daf1,1.016777,1.0167768174885612,1.0167768174885612,,0.9337466179132999
0xf4930a2b88f016667aeafe0ab915a5fbc202c50c0b9711c4cd12f52791a9e5cd,25972096,1789345631,0x1095bfe95d4beee8752d3003d0049bf508885bc8,0x950fd558f47e234a2fde23b7d61f7ccdbcb4a86f,0xe1abbcb7776199fdda8c2c47d9cc3eb80917daf1,1.016777,1.0167768174885612,1.0167768174885612,,0.9337466179132999
0xb81d1e925b215479169dac8f03800931d5eb031f6bae7c815659c6343b39abf2,25972206,1789346963,0x4c2401b490cec2ac30f54c9c4f3c65c2677ae07f,0x950fd558f47e234a2fde23b7d61f7ccdbcb4a86f,0x00e2f2192a9facd203ebdfb841813f0911f4e069,1.026167,1.0261672652642382,1.0261672652642382,,0.8978687766514472
0x782cbcc674de8ff11377c663279e22d945848d5917cffd17077d4f6c94b9b1b3,25973457,1789362011,0x1095bfe95d4beee8752d3003d0049bf508885bc8,0xa0f1c3ad83e07d97b5e7030e177718be175275ea,0xe1abbcb7776199fdda8c2c47d9cc3eb80917daf1,1.016777,1.0167768174885612,1.0167768174885612,,0.9337466179132999
0x81cdfae0d9686a39d7549b1aa545a662f9d8ddea936171ae1047b57b85571350,25974796,1789378079,0x1095bfe95d4beee8752d3003d0049bf508885bc8,0x00000f91109c4d0007e90000d9facad5298a0cac,0xe1abbcb7776199fdda8c2c47d9cc3eb80917daf1,1.016777,1.0167768174885612,1.0167768174885612,,0.9337466179132999
0x14e83bbca618a7cc68728b49cea9c5f6baf6326bc49e56bfa254f56d2f485cb9,25976033,1789392923,0x1095bfe95d4beee8752d3003d0049bf508885bc8,0x950fd558f47e234a2fde23b7d61f7ccdbcb4a86f,0xe1abbcb7776199fdda8c2c47d9cc3eb80917daf1,1.016777,1.0167768174885612,1.0167768174885612,,0.9337466179132999
0xd1a18250b04b3520a50658aa5b053583ac8f61fddf73942c15b0a6d72c590e85,25977407,1789409507,0x1095bfe95d4beee8752d3003d0049bf508885bc8,0x00000f91109c4d0007e90000d9facad5298a0cac,0xe1abbcb7776199fdda8c2c47d9cc3eb80917daf1,1.016777,1.0167768174885612,1.0167768174885612,,0.9337466179132999
0xd5d8eec9a343b6fd8fd3ec624d052c64bd947be9e8dcea9ab3e6580e264676b6,25978788,1789426211,0x1095bfe95d4beee8752d3003d0049bf508885bc8,0x00000f91109c4d0007e90000d9facad5298a0cac,0xe1abbcb7776199fdda8c2c47d9cc3eb80917daf1,1.016777,1.0167768174885612,1.0167768174885612,,0.9337466179132999
0x2ac5c4582278f18b5a1523d3989fb17857aa33e8ba337b9c4727068aa94f10a2,25980184,1789443035,0x1095bfe95d4beee8752d3003d0049bf508885bc8,0x00000f91109c4d0007e90000d9facad5298a0cac,0xe1abbcb7776199fdda8c2c47d9cc3eb80917daf1,1.016777,1.0167768174885612,1.0167768174885612,,0.9337466179132999
0xa046087acb3e15a7bf2dbc1ed4f4a7e8ca93bd0ad57d8bd2ce427063717158d8,25981598,1789460027,0x1095bfe95d4beee8752d3003d0049bf508885bc8,0xa0f1c3ad83e07d97b5e7030e177718be175275ea,0xe1abbcb7776199fdda8c2c47d9cc3eb80917daf1,1.016777,1.0167768174885612,1.0167768174885612,,0.9337466179132999
0xafe78c944bf6ee59d37e55dda5e3567843607eb0ba0458213cac569b3e618d2e,25982927,1789476059,0x1095bfe95d4beee8752d3003d0049bf508885bc8,0xa0f1c3ad83e07d97b5e7030e177718be175275ea,0xe1abbcb7776199fdda8c2c47d9cc3eb80917daf1,1.016777,1.0167768174885612,1.0167768174885612,,0.9337466179132999
0xe7aa490422c5b67a64f4abc7f16c3763a98c0d2751f76879264e8f848c4a12ee,25984230,1789491779,0x1095bfe95d4beee8752d3003d0049bf508885bc8,0x950fd558f47e234a2fde23b7d61f7ccdbcb4a86f,0xe1abbcb7776199fdda8c2c47d9cc3eb80917daf1,1.016777,1.0167768174885612,1.0167768174885612,,0.9337466179132999
0x054e1981cd677c89390adca2a41c35292ab384f620b2f4151ae00f86baa9cbfc,25985681,1789509275,0x1095bfe95d4beee8752d3003d0049bf508885bc8,0x00000f91109c4d0007e90000d9facad5298a0cac,0xe1abbcb7776199fdda8c2c47d9cc3eb80917daf1,1.016777,1.0167768174885612,1.0167768174885612,,0.9337466179132999
0x3944609bb7a5c2ac42e3f82900d8465f06aec176d014d45d1f35ecf1b879b7fa,25987053,1789525775,0x1095bfe95d4beee8752d3003d0049bf508885bc8,0x00000f91109c4d0007e90000d9facad5298a0cac,0xe1abbcb7776199fdda8c2c47d9cc3eb80917daf1,1.016777,1.0167768174885612,1.0167768174885612,,0.9337466179132999
0x4aff74884a1be2448965f0c18497ad2f7e7872c62dc0c7150f3eb6ea796d5c5f,25988447,1789542527,0x1095bfe95d4beee8752d3003d0049bf508885bc8,0xa0f1c3ad83e07d97b5e7030e177718be175275ea,0xe1abbcb7776199fdda8c2c47d9cc3eb80917daf1,1.016777,1.0167768174885612,1.0167768174885612,,0.9337466179132999
0x9e4775d4c8441a428cd8cf6b4aaad82cf6e002f1090461a3306f4b1249a83729,25989867,1789559663,0x1095bfe95d4beee8752d3003d0049bf508885bc8,0xa0f1c3ad83e07d97b5e7030e177718be175275ea,0xe1abbcb7776199fdda8c2c47d9cc3eb80917daf1,1.016777,1.0167768174885612,1.0167768174885612,,0.9337466179132999
0x84b64378d2cb2fd3f5f2fa23105f77b652e09c84f7154910a6dd28b9f7ebda8c,25991310,1789577039,0x1095bfe95d4beee8752d3003d0049bf508885bc8,0x950fd558f47e234a2fde23b7d61f7ccdbcb4a86f,0xe1abbcb7776199fdda8c2c47d9cc3eb80917daf1,1.016777,1.0167768174885612,1.0167768174885612,,0.9337466179132999
0x6d80e2e9a598ad7b81e3cb542549acb832c9b0f6ffde49c28b9578d3b7b7b9fd,25992797,1789594967,0x1095bfe95d4beee8752d3003d0049bf508885bc8,0xa0f1c3ad83e07d97b5e7030e177718be175275ea,0xe1abbcb7776199fdda8c2c47d9cc3eb80917daf1,1.016777,1.0167768174885612,1.0167768174885612,,0.9337466179132999
0xe6ea2a9627121368beeafb5e02edae047c0d7b4165812b08ebfefceb8a0b5f59,25994197,1789611815,0x1095bfe95d4beee8752d3003d0049bf508885bc8,0xa0f1c3ad83e07d97b5e7030e177718be175275ea,0xe1abbcb7776199fdda8c2c47d9cc3eb80917daf1,1.016777,1.0167768174885612,1.0167768174885612,,0.9337466179132999
0x325a45de21754ae54254b9d2abba443ecd3aa8f5a641af2469102d1d45293812,25995658,1789629407,0x1095bfe95d4beee8752d3003d0049bf508885bc8,0xa0f1c3ad83e07d97b5e7030e177718be175275ea,0xe1abbcb7776199fdda8c2c47d9cc3eb80917daf1,1.016777,1.0167768174885612,1.0167768174885612,,0.9337466179132999
0x2faff9cb0065c3da544ac49c2d1efc66d15900933fe6de8d3fbaf490322b2e7d,25997117,1789646963,0x1095bfe95d4beee8752d3003d0049bf508885bc8,0xf24f10e1c35e233a78689750f75d539340daba96,0xe1abbcb7776199fdda8c2c47d9cc3eb80917daf1,1.016777,1.0167768174885612,1.0167768174885612,,0.9337466179132999
0x8747efa2c76bcd9404d04ba25b298aa7fbc0ec528179c5bfc625bb4ffe7eb4ee,25998666,1789665647,0x1095bfe95d4beee8752d3003d0049bf508885bc8,0x950fd558f47e234a2fde23b7d61f7ccdbcb4a86f,0xe1abbcb7776199fdda8c2c47d9cc3eb80917daf1,1.016777,1.0167768174885612,1.0167768174885612,,0.9337466179132999
0x813e1ba0e02b3a0adbb8a3e276e41d48085b8d4872bf23f45e1f010411587136,25998700,1789666055,0x474e4c83c0ef760493d4dde881bde07906e48c19,0x950fd558f47e234a2fde23b7d61f7ccdbcb4a86f,0x46d785c75bfb6d8bc27ae87c114437447e413b0f,1.016777,1.0167768174885612,1.0167768174885612,,0.9337466179132999
0x70da51856022f7ba1a0d6b828e518f230a7a960250bedaa5be2ede34bf298e1c,26000044,1789682291,0x474e4c83c0ef760493d4dde881bde07906e48c19,0x950fd558f47e234a2fde23b7d61f7ccdbcb4a86f,0x46d785c75bfb6d8bc27ae87c114437447e413b0f,1.016777,1.0167768174885612,1.0167768174885612,,0.9337466179132999
0x284816d3232d6103503205e8f4c2ae5f10f74cbd2c10b175ced768c99731ebaf,26000239,1789684631,0x1095bfe95d4beee8752d3003d0049bf508885bc8,0x00000f91109c4d0007e90000d9facad5298a0cac,0xe1abbcb7776199fdda8c2c47d9cc3eb80917daf1,1.016777,1.0167768174885612,1.0167768174885612,,0.9337466179132999
0x6b6e71c0bb77cb17617e9a1d31b97dde738456d5c43979277739cc8fe731f089,26001421,1789698851,0x474e4c83c0ef760493d4dde881bde07906e48c19,0x950fd558f47e234a2fde23b7d61f7ccdbcb4a86f,0x46d785c75bfb6d8bc27ae87c114437447e413b0f,1.016777,1.0167768174885612,1.0167768174885612,,0.9337466179132999
0x61f764ebd3256b932d846e7344022b79287b0638e0da44ff4effc68efd76389a,26001845,1789703939,0x1095bfe95d4beee8752d3003d0049bf508885bc8,0xe08d97e151473a848c3d9ca3f323cb720472d015,0xe1abbcb7776199fdda8c2c47d9cc3eb80917daf1,1.016777,1.0167768174885612,1.0167768174885612,,0.9337466179132999
0x32246adc60ffb1f068ccb4f2ca5afc63f321543f5af2a1a916562a31f9c352bb,26002803,1789715459,0x474e4c83c0ef760493d4dde881bde07906e48c19,0x950fd558f47e234a2fde23b7d61f7ccdbcb4a86f,0x46d785c75bfb6d8bc27ae87c114437447e413b0f,1.016777,1.0167768174885612,1.0167768174885612,,0.9337466179132999
0xdba22257c3e297fd4c3a57bed745970311ffc29264ccedbb4da969db358f8cc5,26003434,1789723031,0x1095bfe95d4beee8752d3003d0049bf508885bc8,0x950fd558f47e234a2fde23b7d61f7ccdbcb4a86f,0xe1abbcb7776199fdda8c2c47d9cc3eb80917daf1,1.016777,1.0167768174885612,1.0167768174885612,,0.9337466179132999
0x601c8debed4646d885cb42fb9caab9355afa373032295f252c9647de62ff8b91,26004188,1789732103,0x474e4c83c0ef760493d4dde881bde07906e48c19,0x950fd558f47e234a2fde23b7d61f7ccdbcb4a86f,0x46d785c75bfb6d8bc27ae87c114437447e413b0f,1.016777,1.0167768174885612,1.0167768174885612,,0.9337466179132999
0x04f4e050c9a71ff09ad1f66d8fb04bf7b11aff5af96a0968b638af8839a404b4,26005391,1789746599,0x1095bfe95d4beee8752d3003d0049bf508885bc8,0x950fd558f47e234a2fde23b7d61f7ccdbcb4a86f,0xe1abbcb7776199fdda8c2c47d9cc3eb80917daf1,1.016777,1.0167768174885612,1.0167768174885612,,0.9337466179132999
0xe44a131bd7a4571c54f12b791bd07047b28ed906bd49c25b00cb236347ac55e3,26006611,1789761275,0x474e4c83c0ef760493d4dde881bde07906e48c19,0x950fd558f47e234a2fde23b7d61f7ccdbcb4a86f,0x46d785c75bfb6d8bc27ae87c114437447e413b0f,1.016777,1.0167768174885612,1.0167768174885612,,0.9337466179132999
0x9d1e55dc8853b0966fc835d247fdef34d521b68db9e120b677f947e9be359e91,26007050,1789766543,0x1095bfe95d4beee8752d3003d0049bf508885bc8,0x950fd558f47e234a2fde23b7d61f7ccdbcb4a86f,0xe1abbcb7776199fdda8c2c47d9cc3eb80917daf1,1.016777,1.0167768174885612,1.0167768174885612,,0.9337466179132999
0xf286fb61435011b551663cad60a8b03619f1d820b1a4ef83008d1fbb28d9deb5,26007978,1789777715,0x474e4c83c0ef760493d4dde881bde07906e48c19,0x950fd558f47e234a2fde23b7d61f7ccdbcb4a86f,0x46d785c75bfb6d8bc27ae87c114437447e413b0f,1.016777,1.0167768174885612,1.0167768174885612,,0.9337466179132999
0x9cae2b457f2eb9ecb8d6a271be1783e7600adb11bb9466798f17269dd658755c,26008727,1789786739,0x1095bfe95d4beee8752d3003d0049bf508885bc8,0x00000f91109c4d0007e90000d9facad5298a0cac,0xe1abbcb7776199fdda8c2c47d9cc3eb80917daf1,1.016777,1.0167768174885612,1.0167768174885612,,0.9337466179132999
0x02e53aa4c57cb0868dfadee08ffbbefa6216099d44ef734410b52aa3fb01e005,26009365,1789794431,0x474e4c83c0ef760493d4dde881bde07906e48c19,0x950fd558f47e234a2fde23b7d61f7ccdbcb4a86f,0x46d785c75bfb6d8bc27ae87c114437447e413b0f,1.016777,1.0167768174885612,1.0167768174885612,,0.9337466179132999
0x43c467ed06f76fa0be0435521bfbff6087057756ad3442c959991b980b5b62a6,26010423,1789807175,0x1095bfe95d4beee8752d3003d0049bf508885bc8,0x950fd558f47e234a2fde23b7d61f7ccdbcb4a86f,0xe1abbcb7776199fdda8c2c47d9cc3eb80917daf1,1.016777,1.0167768174885612,1.0167768174885612,,0.9337466179132999
0x5d1206fd1ab118b745716c2d854716071b1a27e5320316c36a2a22bd5dc47699,26011116,1789815527,0x474e4c83c0ef760493d4dde881bde07906e48c19,0x950fd558f47e234a2fde23b7d61f7ccdbcb4a86f,0x46d785c75bfb6d8bc27ae87c114437447e413b0f,1.016777,1.0167768174885612,1.0167768174885612,,0.9337466179132999
0x452a4cf531177b6bb386f5853acf97291046fd558843ac7278bcd8f0988be88b,26012101,1789827407,0x1095bfe95d4beee8752d3003d0049bf508885bc8,0x950fd558f47e234a2fde23b7d61f7ccdbcb4a86f,0xe1abbcb7776199fdda8c2c47d9cc3eb80917daf1,1.016777,1.0167768174885612,1.0167768174885612,,0.9337466179132999
0x6f7f54883844723c949cdddf8b613ea31c3e872e30075abf677d0a5a3d737da7,26013129,1789839827,0x474e4c83c0ef760493d4dde881bde07906e48c19,0x950fd558f47e234a2fde23b7d61f7ccdbcb4a86f,0x46d785c75bfb6d8bc27ae87c114437447e413b0f,1.016777,1.0167768174885612,1.0167768174885612,,0.9337466179132999
0x5a122a5f38054bce17cf4688d6d63ac7e9db35fa6586bb3219d8a3e9a7c66cec,26013804,1789847999,0x1095bfe95d4beee8752d3003d0049bf508885bc8,0x950fd558f47e234a2fde23b7d61f7ccdbcb4a86f,0xe1abbcb7776199fdda8c2c47d9cc3eb80917daf1,1.016777,1.0167768174885612,1.0167768174885612,,0.9337466179132999
0xefa6d06025626a8dafc49d3033a7470afef4c896716ce00ea42a52ae49328988,26014509,1789856507,0x474e4c83c0ef760493d4dde881bde07906e48c19,0x950fd558f47e234a2fde23b7d61f7ccdbcb4a86f,0x46d785c75bfb6d8bc27ae87c114437447e413b0f,1.016777,1.0167768174885612,1.0167768174885612,,0.9337466179132999
0x3b7f4b2dc371257d8194dbb18b2d593c31c4047cace7cb278c3e4391fbb995a7,26015532,1789868867,0x1095bfe95d4beee8752d3003d0049bf508885bc8,0x950fd558f47e234a2fde23b7d61f7ccdbcb4a86f,0xe1abbcb7776199fdda8c2c47d9cc3eb80917daf1,1.016777,1.0167768174885612,1.0167768174885612,,0.9337466179132999
0x7589f4e2b8daba7bd665888d7e3dcc43a32008750100b6c44bba33d96b671512,26015927,1789873619,0x474e4c83c0ef760493d4dde881bde07906e48c19,0x950fd558f47e234a2fde23b7d61f7ccdbcb4a86f,0x46d785c75bfb6d8bc27ae87c114437447e413b0f,1.016777,1.0167768174885612,1.0167768174885612,,0.9337466179132999
0x6396507df790f5fcc5ad9a39e4e22af3eaa793b6112fdf04d858a0840af00701,26017271,1789889807,0x1095bfe95d4beee8752d3003d0049bf508885bc8,0x00000f91109c4d0007e90000d9facad5298a0cac,0xe1abbcb7776199fdda8c2c47d9cc3eb80917daf1,1.016777,1.0167768174885612,1.0167768174885612,,0.9337466179132999
0xd251621ce4118f6ff93d54be95c1e217d88b5fbe687d399c21d5e09ed98d1245,26017330,1789890515,0x474e4c83c0ef760493d4dde881bde07906e48c19,0x950fd558f47e234a2fde23b7d61f7ccdbcb4a86f,0x46d785c75bfb6d8bc27ae87c114437447e413b0f,1.016777,1.0167768174885612,1.0167768174885612,,0.9337466179132999
0x9f06495fcd198216c8318cd523cf9f8fd2f5127e1db70d4f42bbb78aa5e03634,26018738,1789907471,0x474e4c83c0ef760493d4dde881bde07906e48c19,0x950fd558f47e234a2fde23b7d61f7ccdbcb4a86f,0x46d785c75bfb6d8bc27ae87c114437447e413b0f,1.016777,1.0167768174885612,1.0167768174885612,,0.9337466179132999
0xd6a828ecb8e694c50b13563700080dd69314f8024179e42a3675490858ddad5e,26019038,1789911071,0x1095bfe95d4beee8752d3003d0049bf508885bc8,0x00000f91109c4d0007e90000d9facad5298a0cac,0xe1abbcb7776199fdda8c2c47d9cc3eb80917daf1,1.016777,1.0167768174885612,1.0167768174885612,,0.9337466179132999
0x111ed4a598da7adeb627615ee41b22ceb5c0fb5c1e28a770312af21f272b598a,26020148,1789924427,0x474e4c83c0ef760493d4dde881bde07906e48c19,0x950fd558f47e234a2fde23b7d61f7ccdbcb4a86f,0x46d785c75bfb6d8bc27ae87c114437447e413b0f,1.016777,1.0167768174885612,1.0167768174885612,,0.9337466179132999
0xa12e7bf399172b3211ca7e701aa87abd672a67b61b0d1a106afefb4047e32ee7,26020791,1789932179,0x1095bfe95d4beee8752d3003d0049bf508885bc8,0x950fd558f47e234a2fde23b7d61f7ccdbcb4a86f,0xe1abbcb7776199fdda8c2c47d9cc3eb80917daf1,1.016777,1.0167768174885612,1.0167768174885612,,0.9337466179132999
0xefd3ac1d911c7e3778f653e87e1abd27fb3d86a60ecdfd4c0ea8eb08a7453f06,26021556,1789941407,0x474e4c83c0ef760493d4dde881bde07906e48c19,0x950fd558f47e234a2fde23b7d61f7ccdbcb4a86f,0x46d785c75bfb6d8bc27ae87c114437447e413b0f,1.016777,1.0167768174885612,1.0167768174885612,,0.9337466179132999
0x39ff54920436b09e9a0f4b5c8efc4c093e681c5ad57a5bc2d0a9877959d79713,26022655,1789954655,0x1095bfe95d4beee8752d3003d0049bf508885bc8,0x950fd558f47e234a2fde23b7d61f7ccdbcb4a86f,0xe1abbcb7776199fdda8c2c47d9cc3eb80917daf1,1.016777,1.0167768174885612,1.0167768174885612,,0.9337466179132999
0x5377206326a5900539daf37043c37dec7ae5b96f209066381d98dd33ca3cae6d,26022966,1789958423,0x474e4c83c0ef760493d4dde881bde07906e48c19,0x950fd558f47e234a2fde23b7d61f7ccdbcb4a86f,0x46d785c75bfb6d8bc27ae87c114437447e413b0f,1.016777,1.0167768174885612,1.0167768174885612,,0.9337466179132999
0x08a32f470a4c303a60bec24f91ca43f15af7675ea2f497682cbf08bf5ec5d0d0,26024378,1789975475,0x474e4c83c0ef760493d4dde881bde07906e48c19,0x950fd558f47e234a2fde23b7d61f7ccdbcb4a86f,0x46d785c75bfb6d8bc27ae87c114437447e413b0f,1.016777,1.0167768174885612,1.0167768174885612,,0.9337466179132999
0xf2c1cc0cbf0076bee0271d455f4364723b167c1942f1992cba08a6e3fc8968cc,26024468,1789976555,0x1095bfe95d4beee8752d3003d0049bf508885bc8,0x950fd558f47e234a2fde23b7d61f7ccdbcb4a86f,0xe1abbcb7776199fdda8c2c47d9cc3eb80917daf1,1.016777,1.0167768174885612,1.0167768174885612,,0.9337466179132999
0x439e417891d9bb0e25cd9aee30cd2ee236959020ae3528f5892b3995c48f0927,26026300,1789998719,0x1095bfe95d4beee8752d3003d0049bf508885bc8,0x00000f91109c4d0007e90000d9facad5298a0cac,0xe1abbcb7776199fdda8c2c47d9cc3eb80917daf1,1.016777,1.0167768174885612,1.0167768174885612,,0.9337466179132999
0x8baad74eafb256cd8b635e1d4b4d94767d81f77c228ec3ca86f5d09fb8747652,26028098,1790020499,0x1095bfe95d4beee8752d3003d0049bf508885bc8,0x00000f91109c4d0007e90000d9facad5298a0cac,0xe1abbcb7776199fdda8c2c47d9cc3eb80917daf1,1.016777,1.0167768174885612,1.0167768174885612,,0.9337466179132999
0xf658fdb7d7ddcf060712d6194df1ac0766c29b753fd11797826c86a7ceae4ec1,26029976,1790043179,0x1095bfe95d4beee8752d3003d0049bf508885bc8,0x950fd558f47e234a2fde23b7d61f7ccdbcb4a86f,0xe1abbcb7776199fdda8c2c47d9cc3eb80917daf1,1.016777,1.0167768174885612,1.0167768174885612,,0.9337466179132999
0x3e6854f54cc6588c3df76854480684c1195276bae34b453c0e158a21df5bf626,26031879,1790066231,0x1095bfe95d4beee8752d3003d0049bf508885bc8,0x950fd558f47e234a2fde23b7d61f7ccdbcb4a86f,0xe1abbcb7776199fdda8c2c47d9cc3eb80917daf1,1.016777,1.0167768174885612,1.0167768174885612,,0.9337466179132999
0xb71b310a2343709960f7776b165a562f9de29eb3732c0038961bf2cc43b47434,26033792,1790089307,0x1095bfe95d4beee8752d3003d0049bf508885bc8,0x950fd558f47e234a2fde23b7d61f7ccdbcb4a86f,0xe1abbcb7776199fdda8c2c47d9cc3eb80917daf1,1.016777,1.0167768174885612,1.0167768174885612,,0.9337466179132999
0xc711f19377112829aefb971c54bfe883c82a2f5afa4744a5409e0fd0a7f63eb1,26035722,1790112635,0x1095bfe95d4beee8752d3003d0049bf508885bc8,0x00000f91109c4d0007e90000d9facad5298a0cac,0xe1abbcb7776199fdda8c2c47d9cc3eb80917daf1,1.016777,1.0167768174885612,1.0167768174885612,,0.9337466179132999
0x0816df4abcb5fa763f7aa46745d839d5169dbcab48501c17286f0054fbe288ad,26037901,1790138951,0x1095bfe95d4beee8752d3003d0049bf508885bc8,0x950fd558f47e234a2fde23b7d61f7ccdbcb4a86f,0xe1abbcb7776199fdda8c2c47d9cc3eb80917daf1,1.016777,1.0167768174885612,1.0167768174885612,,0.9337466179132999
0x8ecbbcd791014c7cc1126c76d7f238adbbbcf20bdfbc889f7d411342c82603cd,26039896,1790163059,0x1095bfe95d4beee8752d3003d0049bf508885bc8,0x950fd558f47e234a2fde23b7d61f7ccdbcb4a86f,0xe1abbcb7776199fdda8c2c47d9cc3eb80917daf1,1.016777,1.0167768174885612,1.0167768174885612,,0.9337466179132999
0x7d68550bdd586f271eed6447132878a968067d1064c545ee67cabaff2ceeadd3,26041707,1790185019,0x474e4c83c0ef760493d4dde881bde07906e48c19,0x950fd558f47e234a2fde23b7d61f7ccdbcb4a86f,0x46d785c75bfb6d8bc27ae87c114437447e413b0f,1.016777,1.0167768174885612,1.0167768174885612,,0.9337466179132999
0x3de582a77fd0c6a4f4d0a0b44ed49bd2ff24bdf80139078fb3b4f491a5e9847f,26041712,1790185079,0x1095bfe95d4beee8752d3003d0049bf508885bc8,0x950fd558f47e234a2fde23b7d61f7ccdbcb4a86f,0xe1abbcb7776199fdda8c2c47d9cc3eb80917daf1,1.016777,1.0167768174885612,1.0167768174885612,,0.9337466179132999
0x30852202686b75d3e7774a7aad9f206e956ee0e6ce92a2d6f02a75dc502bf97f,26043102,1790201867,0x474e4c83c0ef760493d4dde881bde07906e48c19,0x950fd558f47e234a2fde23b7d61f7ccdbcb4a86f,0x46d785c75bfb6d8bc27ae87c114437447e413b0f,1.016777,1.0167768174885612,1.0167768174885612,,0.9337466179132999
0xadbc95fd11641778b3a25b5f67fd5378440cf06bb5205c7aa7f391c639ae2d3a,26043818,1790210495,0x1095bfe95d4beee8752d3003d0049bf508885bc8,0x00000f91109c4d0007e90000d9facad5298a0cac,0xe1abbcb7776199fdda8c2c47d9cc3eb80917daf1,1.016777,1.0167768174885612,1.0167768174885612,,0.9337466179132999
0xe71c674a48663965c7d738641496a8b4e7d2e5baf626edb425aa54b561a2a2a5,26043831,1790210651,0x474e4c83c0ef760493d4dde881bde07906e48c19,0x0000000000be226afde21672a5e4adc45692e69d,0x46d785c75bfb6d8bc27ae87c114437447e413b0f,1.016777,1.0167768174885612,1.0167768174885612,,0.9337466179132999
0x270882c3e62e1f5d129142571451ea8fa78dc2355ffad9fc441257faca1f3de1,26044175,1790214827,0x474e4c83c0ef760493d4dde881bde07906e48c19,0x950fd558f47e234a2fde23b7d61f7ccdbcb4a86f,0x46d785c75bfb6d8bc27ae87c114437447e413b0f,1.016777,1.0167768174885612,1.0167768174885612,,0.9337466179132999
0xbd4dd106eaaf49ec24489147afcbff8149292bb960c926f7191f7184cdd62510,26044519,1790218991,0x474e4c83c0ef760493d4dde881bde07906e48c19,0x0000000000be226afde21672a5e4adc45692e69d,0x46d785c75bfb6d8bc27ae87c114437447e413b0f,1.016777,1.0167768174885612,1.0167768174885612,,0.9337466179132999
0xff86d793bffc338841e1e265f8d43105b6a8aa0b78222bd2607e9df177a41dee,26044873,1790223251,0x474e4c83c0ef760493d4dde881bde07906e48c19,0x0000000000be226afde21672a5e4adc45692e69d,0x46d785c75bfb6d8bc27ae87c114437447e413b0f,1.016777,1.0167768174885612,1.0167768174885612,,0.9337466179132999
0x4c7c9165bf17963441ba19f77a94b04e7baba9ef4d5431707f5a580d629c95fb,26045211,1790227331,0x474e4c83c0ef760493d4dde881bde07906e48c19,0x950fd558f47e234a2fde23b7d61f7ccdbcb4a86f,0x46d785c75bfb6d8bc27ae87c114437447e413b0f,1.016777,1.0167768174885612,1.0167768174885612,,0.9337466179132999
0x29ba4f829e6ab37e91af7aaebca0fc855b195cb119f13abba0781ee563b3a5f2,26045554,1790231483,0x474e4c83c0ef760493d4dde881bde07906e48c19,0x0000000000be226afde21672a5e4adc45692e69d,0x46d785c75bfb6d8bc27ae87c114437447e413b0f,1.016777,1.0167768174885612,1.0167768174885612,,0.9337466179132999
0x19e9d882f56ba1f406c3cfeb360e6a10f5d418eaaa9d51568fbb821fb0539dbf,26045896,1790235647,0x474e4c83c0ef760493d4dde881bde07906e48c19,0x0000000000be226afde21672a5e4adc45692e69d,0x46d785c75bfb6d8bc27ae87c114437447e413b0f,1.016777,1.0167768174885612,1.0167768174885612,,0.9337466179132999
0xd91fd4e9e11ced9c47f81344f9e6287fb49d051601c93e64734e9b67c803fcbc,26045952,1790236343,0x1095bfe95d4beee8752d3003d0049bf508885bc8,0x950fd558f47e234a2fde23b7d61f7ccdbcb4a86f,0xe1abbcb7776199fdda8c2c47d9cc3eb80917daf1,1.016777,1.0167768174885612,1.0167768174885612,,0.9337466179132999
0xfc29f7f9e75a8d827f4c6ef0cb70b4b3c5ccbef7b757161773c063c48bcc58dd,26046278,1790240291,0x474e4c83c0ef760493d4dde881bde07906e48c19,0x0000000000be226afde21672a5e4adc45692e69d,0x46d785c75bfb6d8bc27ae87c114437447e413b0f,1.016777,1.0167768174885612,1.0167768174885612,,0.9337466179132999
0xecbc8e3040f3d880a21b804d4502770c70f56682d56a1941661f69a12676f50f,26046991,1790248979,0x474e4c83c0ef760493d4dde881bde07906e48c19,0x950fd558f47e234a2fde23b7d61f7ccdbcb4a86f,0x46d785c75bfb6d8bc27ae87c114437447e413b0f,1.016777,1.0167768174885612,1.0167768174885612,,0.9337466179132999
0x8c5d35afedc04dbeb9ad482dadabf7c55b0b3057f8cb3adbd911b56f67cfe806,26049233,1790276087,0x474e4c83c0ef760493d4dde881bde07906e48c19,0x950fd558f47e234a2fde23b7d61f7ccdbcb4a86f,0x46d785c75bfb6d8bc27ae87c114437447e413b0f,1.016777,1.0167768174885612,1.0167768174885612,,0.9337466179132999
0x3036a56929dd41d44e2f0e2a2ab7290cac8fa390498d7e231cfffeec3c369dde,26049879,1790283887,0x474e4c83c0ef760493d4dde881bde07906e48c19,0x950fd558f47e234a2fde23b7d61f7ccdbcb4a86f,0x46d785c75bfb6d8bc27ae87c114437447e413b0f,1.016777,1.0167768174885612,1.0167768174885612,,0.9337466179132999
0xa090ddc44a3778b2f2f4316402bf97eb5fe1fb9e546adb8d46e15ba930e8c227,26050265,1790288567,0x474e4c83c0ef760493d4dde881bde07906e48c19,0x950fd558f47e234a2fde23b7d61f7ccdbcb4a86f,0x46d785c75bfb6d8bc27ae87c114437447e413b0f,1.016777,1.0167768174885612,1.0167768174885612,,0.9337466179132999
0x5b4a2d6876520365a5fbe9e3e62f183efda8e1d9d50928c9e30c1355c30c30bb,26050726,1790294135,0x474e4c83c0ef760493d4dde881bde07906e48c19,0x950fd558f47e234a2fde23b7d61f7ccdbcb4a86f,0x46d785c75bfb6d8bc27ae87c114437447e413b0f,1.016777,1.0167768174885612,1.0167768174885612,,0.9337466179132999
0xa3230045bfe2ebb86c803c184e39d8e3656997db4cd8e23d2d6e936721814b1d,26051141,1790299163,0x474e4c83c0ef760493d4dde881bde07906e48c19,0x0000000000be226afde21672a5e4adc45692e69d,0x46d785c75bfb6d8bc27ae87c114437447e413b0f,1.016777,1.0167768174885612,1.0167768174885612,,0.9337466179132999
0x2c9e07ca89b0fd7d7fa58923919dd1625f889629d0b15827c0c720b343e04d4d,26051244,1790300399,0x1095bfe95d4beee8752d3003d0049bf508885bc8,0xe08d97e151473a848c3d9ca3f323cb720472d015,0xe1abbcb7776199fdda8c2c47d9cc3eb80917daf1,1.016777,1.0167768174885612,1.0167768174885612,,0.9337466179132999
0xb6fc91f70717b8c3603e86c25827d555d622df13f5cec3059ade2a22dedc7766,26051244,1790300399,0x1095bfe95d4beee8752d3003d0049bf508885bc8,0xe08d97e151473a848c3d9ca3f323cb720472d015,0xe1abbcb7776199fdda8c2c47d9cc3eb80917daf1,1.016777,1.0167768174885612,1.0167768174885612,,0.9337466179132999
0x9cc3922f66ae52fef921b17f17e4e700a6765e75f74c23fdf58b398db128bfb7,26051244,1790300399,0x1095bfe95d4beee8752d3003d0049bf508885bc8,0xe08d97e151473a848c3d9ca3f323cb720472d015,0xe1abbcb7776199fdda8c2c47d9cc3eb80917daf1,1.016777,1.0167768174885612,1.0167768174885612,,0.9337466179132999
0x7f72ca859f4fbc069267b980f746b604d3cbcadf3b490ad12b0ea1296741795a,26051244,1790300399,0x1095bfe95d4beee8752d3003d0049bf508885bc8,0xe08d97e151473a848c3d9ca3f323cb720472d015,0xe1abbcb7776199fdda8c2c47d9cc3eb80917daf1,1.016777,1.0167768174885612,1.0167768174885612,,0.9337466179132999
0xd7fe54bb72245d6270001a16a00da73f78a1193b37cc972ed895c68971ccb33c,26051245,1790300411,0x1095bfe95d4beee8752d3003d0049bf508885bc8,0xa0f1c3ad83e07d97b5e7030e177718be175275ea,0xe1abbcb7776199fdda8c2c47d9cc3eb80917daf1,1.016777,1.0167768174885612,1.0167768174885612,,0.9337466179132999
0x961689efde4cb41799429659d4ebd4777e4be01b206474b232e033c831eb45aa,26051404,1790302331,0x1095bfe95d4beee8752d3003d0049bf508885bc8,0x950fd558f47e234a2fde23b7d61f7ccdbcb4a86f,0xe1abbcb7776199fdda8c2c47d9cc3eb80917daf1,1.016777,1.0167768174885612,1.0167768174885612,,0.9337466179132999
0x0857735da7ce5e5b1f471d4f8be65989baf930f2661cc4055d4b06dd2d7a8b17,26051459,1790303003,0x474e4c83c0ef760493d4dde881bde07906e48c19,0x950fd558f47e234a2fde23b7d61f7ccdbcb4a86f,0x46d785c75bfb6d8bc27ae87c114437447e413b0f,1.016777,1.0167768174885612,1.0167768174885612,,0.9337466179132999
0xc31c258b249765070866bae0fe48f88a36d3de42a37672c8de85ef4a57a52237,26051583,1790304503,0x1095bfe95d4beee8752d3003d0049bf508885bc8,0x950fd558f47e234a2fde23b7d61f7ccdbcb4a86f,0xe1abbcb7776199fdda8c2c47d9cc3eb80917daf1,1.016777,1.0167768174885612,1.0167768174885612,,0.9337466179132999
0x11448fc062aa802093828526fb5e0b204a96753f06631abf7d5b5b4dfa2664ee,26051765,1790306687,0x1095bfe95d4beee8752d3003d0049bf508885bc8,0x950fd558f47e234a2fde23b7d61f7ccdbcb4a86f,0xe1abbcb7776199fdda8c2c47d9cc3eb80917daf1,1.016777,1.0167768174885612,1.0167768174885612,,0.9337466179132999
0x25b7f15c61c84f0984877c4f57be2f829db6525f25e1958c0b54c31ff429de3b,26051804,1790307167,0x474e4c83c0ef760493d4dde881bde07906e48c19,0x0000000000be226afde21672a5e4adc45692e69d,0x46d785c75bfb6d8bc27ae87c114437447e413b0f,1.016777,1.0167768174885612,1.0167768174885612,,0.9337466179132999
0x166348960d841f223692bd63a2fed334a938fd3cfbb4ff133eb05853291eaff7,26051945,1790308871,0x1095bfe95d4beee8752d3003d0049bf508885bc8,0x950fd558f47e234a2fde23b7d61f7ccdbcb4a86f,0xe1abbcb7776199fdda8c2c47d9cc3eb80917daf1,1.016777,1.0167768174885612,1.0167768174885612,,0.9337466179132999
0x7834504461910414308ec90b96839392e3bd2d3706adf90818c0b0a6f7febf0f,26052127,1790311079,0x1095bfe95d4beee8752d3003d0049bf508885bc8,0x0000000000be226afde21672a5e4adc45692e69d,0xe1abbcb7776199fdda8c2c47d9cc3eb80917daf1,1.016777,1.0167768174885612,1.0167768174885612,,0.9337466179132999
0x974c895424ef05810f199d720bbdf9906c8a85a4bcf9cc8bf24f3f023b1ff541,26052144,1790311283,0x474e4c83c0ef760493d4dde881bde07906e48c19,0x950fd558f47e234a2fde23b7d61f7ccdbcb4a86f,0x46d785c75bfb6d8bc27ae87c114437447e413b0f,1.016777,1.0167768174885612,1.0167768174885612,,0.9337466179132999
0xc5e34a964a7ee2b792dad136e20511aff486bf1597bccc314884cc01a4a6d612,26052311,1790313299,0x1095bfe95d4beee8752d3003d0049bf508885bc8,0x950fd558f47e234a2fde23b7d61f7ccdbcb4a86f,0xe1abbcb7776199fdda8c2c47d9cc3eb80917daf1,1.016777,1.0167768174885612,1.0167768174885612,,0.9337466179132999
0x33b47c5c28acf893a71f6a8d15c3727bf7da5de65790ffab10e398a704719346,26052487,1790315423,0x474e4c83c0ef760493d4dde881bde07906e48c19,0x950fd558f47e234a2fde23b7d61f7ccdbcb4a86f,0x46d785c75bfb6d8bc27ae87c114437447e413b0f,1.016777,1.0167768174885612,1.0167768174885612,,0.9337466179132999
0x4071b2ea81829ed4d35c9e58ae9dfba2b9614e356e4e9c1f1865632423a9b76c,26052494,1790315507,0x1095bfe95d4beee8752d3003d0049bf508885bc8,0x950fd558f47e234a2fde23b7d61f7ccdbcb4a86f,0xe1abbcb7776199fdda8c2c47d9cc3eb80917daf1,1.016777,1.0167768174885612,1.0167768174885612,,0.9337466179132999
0x7541986957a14c23ca10bc338e71313fb6c6a8c73e53b8b27e18f373262ce9df,26052678,1790317739,0x1095bfe95d4beee8752d3003d0049bf508885bc8,0x0000000000be226afde21672a5e4adc45692e69d,0xe1abbcb7776199fdda8c2c47d9cc3eb80917daf1,1.016777,1.0167768174885612,1.0167768174885612,,0.9337466179132999
0x7f809f44ac8a9ba5b8bd2d3ee3fc44e650a37ce7f976143cbbd6e8a7db3dab6a,26052864,1790319983,0x1095bfe95d4beee8752d3003d0049bf508885bc8,0x950fd558f47e234a2fde23b7d61f7ccdbcb4a86f,0xe1abbcb7776199fdda8c2c47d9cc3eb80917daf1,1.016777,1.0167768174885612,1.0167768174885612,,0.9337466179132999
0x84e7745928fd1803ff4f2fd3291754031618edada7ae1dc87ddf1602bc8de0b5,26052935,1790320835,0x474e4c83c0ef760493d4dde881bde07906e48c19,0x950fd558f47e234a2fde23b7d61f7ccdbcb4a86f,0x46d785c75bfb6d8bc27ae87c114437447e413b0f,1.016777,1.0167768174885612,1.0167768174885612,,0.9337466179132999
0x4e8cd9019d7929d95577f3e9bd0c0a9180f94cde72ae491bf5e2bb00c00d76d4,26053051,1790322227,0x1095bfe95d4beee8752d3003d0049bf508885bc8,0x0000000000be226afde21672a5e4adc45692e69d,0xe1abbcb7776199fdda8c2c47d9cc3eb80917daf1,1.016777,1.0167768174885612,1.0167768174885612,,0.9337466179132999
0x67e7008e95b2aad0cdef812d8b51f634d5c7fbf02c925855b01844f45d191154,26053245,1790324579,0x1095bfe95d4beee8752d3003d0049bf508885bc8,0x0000000000be226afde21672a5e4adc45692e69d,0xe1abbcb7776199fdda8c2c47d9cc3eb80917daf1,1.016777,1.0167768174885612,1.0167768174885612,,0.9337466179132999
0xb832e8c588236a5cc4e260149cff08356aca758929ae846392b87770ebe9812c,26053377,1790326175,0x474e4c83c0ef760493d4dde881bde07906e48c19,0x0000000000be226afde21672a5e4adc45692e69d,0x46d785c75bfb6d8bc27ae87c114437447e413b0f,1.016777,1.0167768174885612,1.0167768174885612,,0.9337466179132999
0xa43120bf4b6ff2d996690dbc272f31ca80867c0585044f876c9148fabad1769f,26053428,1790326787,0x1095bfe95d4beee8752d3003d0049bf508885bc8,0x00000f91109c4d0007e90000d9facad5298a0cac,0xe1abbcb7776199fdda8c2c47d9cc3eb80917daf1,1.016777,1.0167768174885612,1.0167768174885612,,0.9337466179132999
0xa1cdf166e0457da31ed7c534b1774e0b347c0b48926a7e778c91915936a1bd96,26053625,1790329151,0x1095bfe95d4beee8752d3003d0049bf508885bc8,0x0000000000be226afde21672a5e4adc45692e69d,0xe1abbcb7776199fdda8c2c47d9cc3eb80917daf1,1.016777,1.0167768174885612,1.0167768174885612,,0.9337466179132999
0xc490258ad1480f373368e0cae54b144cc0eb463cfebabe2e4a8f32bf81f9fa46,26053729,1790330411,0x474e4c83c0ef760493d4dde881bde07906e48c19,0x950fd558f47e234a2fde23b7d61f7ccdbcb4a86f,0x46d785c75bfb6d8bc27ae87c114437447e413b0f,1.016777,1.0167768174885612,1.0167768174885612,,0.9337466179132999
0xdeef377195dcc40573bcf62bc901bbf36bde9c0f16558d652a4c0adc48daddf1,26053821,1790331527,0x1095bfe95d4beee8752d3003d0049bf508885bc8,0x0000000000be226afde21672a5e4adc45692e69d,0xe1abbcb7776199fdda8c2c47d9cc3eb80917daf1,1.016777,1.0167768174885612,1.0167768174885612,,0.9337466179132999
0x27bdaaf9e9379691e794a10708df50a5bd55facd4da781e081c937fe0bafbfa3,26054002,1790333699,0x1095bfe95d4beee8752d3003d0049bf508885bc8,0x0000000000be226afde21672a5e4adc45692e69d,0xe1abbcb7776199fdda8c2c47d9cc3eb80917daf1,1.016777,1.0167768174885612,1.0167768174885612,,0.9337466179132999
