tx,kind,v_out_usd,leak,index,block_size,pools,pre_same_pool,post_same_pool,sandwich,backrun_to,dfs_adjacent,error
0x333a8d788a1591005b76868ff0d25caa213c6e0dc291b75d2fe7359886e6ee6d,repay,149142.0478,0.003116,2,50,8,2,2,1,0x51c72848c68a965f66fa7a88855f9f7784502a7f,0,
0x956178bb970d90efb56e1844ecbd87f99b9a6343d8f355555f3fabd34f5c4822,boost,21638.8396,0.004656,10,172,0,0,0,0,,0,
0xd37f2a23cc5c6748659cc99972835b852d9870169f2198cdcc1be25fa451c9d0,repay,21686.482,0.006911,23,121,6,0,0,0,,0,
0xe2bbb389131614f82a39220c703134508caf55f10cb8f36b692f816f5f3f5ec9,repay,10862.4295,0.059451,4,33,9,0,0,0,,0,
0x964e5749ec95c6a4eb6494b8b8bcefd4ff2ec8cccb3ed3bd838a6bb7ed00735b,repay,44637.9479,0.004911,0,212,4,0,1,0,0x00000000009e50a7ddb7a7b0e2ee6604fd120e49,0,
0x72b230b49bb942be7a8878e358078ebf59d33c0caf4fa2650b74e0dc23f88b0d,repay,18326.9818,0.003599,5,514,3,1,1,0,0x42e213a3ad048e899b89ea8cb11d21bc97b84748,2,
0x2720807574a4ffcd53f1d9e48c25c7d353b9f668b98f74c3e0283b9eaf7161d2,repay,38517.9916,0.002772,6,514,4,1,1,0,0x42e213a3ad048e899b89ea8cb11d21bc97b84748,2,
0x08bf1db23b45935803d0010e430a0a9609dbbdd0edd8229b9f3585a95dd06cc0,repay,47640.5367,0.008677,17,218,4,0,1,0,0x42e213a3ad048e899b89ea8cb11d21bc97b84748,0,
0x6d61753a055caeb5e5a6c88c4829e3430e5c678282877c01961efe61bb82a28d,boost,20104.9569,-0.001436,2,238,0,0,0,0,,0,
0x72ef928f58be1b1f01855c77eda8fa67ea75a350c5b86eaf0fabb62cb2fb132c,boost,20347.5195,0.004932,120,211,3,0,1,0,0xa12ffb73efa3b5f2edb0c528cbff7aee34d60e37,0,
0x1909c62802c5d9a68ab8e4460e038876fb35ddfaa9e094683fcd6f0cc8b2fd2f,boost,20787.9292,0.005868,50,120,9,0,0,0,,0,
0x15539235a121c60826b0af417d309032ff88a9d389fbe44a5d5c1eeaca9fb484,boost,21090.5753,0.003784,97,211,0,0,0,0,,0,
0x126d939c3ae24046a0ff052bfc05e5bc0295c140b21b269e0c7abe26355120c3,boost,48292.6176,0.002035,6,208,0,0,0,0,,0,
0x49ebbc8e08e73c2cb62791739c5cd53b801cd6dc2fb1b2494d194450fe4bdd85,boost,28643.4583,0.010818,5,185,0,0,0,0,,0,
0x4f170a8dee515242fc4af1edc5b0898c0e955055a3173a6079cd659d22b9153e,boost,19159.4132,0.002957,10,326,2,0,0,0,,0,
0x8d802874fc97ffa9d6b738f8a701ccda2ab2578f81c623e106d7e31f0ca5f464,boost,14343.1952,0.004453,2,211,6,0,0,0,,0,
0xf9830c016e0aa4951387311c41719599d947a4b89f3c91b55096534351c3de36,boost,1936645.4488,0.002713,61,90,6,1,2,0,0xa69babef1ca67a37ffaf7a485dfff3382056e78c,0,
0x652a5f070882ebd20c087375f0bc2c46d018f9d95fe9537833147c3b78d254d0,boost,6607.5852,0.006644,1,257,4,0,1,0,0x00000000009e50a7ddb7a7b0e2ee6604fd120e49,0,
0xc889aa240ea94d0efe8aa7591e6acbd2c38a50c2b5efc921b322d65c0e0b8bb5,boost,23456.9159,0.004224,2,257,1,0,0,0,,0,
0xf815581ebf966e700596937229fb3c418099901974dad726c7ef062b4e4f0d65,boost,24873.1075,0.001702,32,253,1,0,0,0,,0,
0x590c818ae4a4bf53d1f1d3d9bf62d6a51c19cf844322e7a33c7c8305d3a6eddf,boost,4521.8777,0.003787,33,253,1,0,0,0,,0,
0xea8de92ccd550eede6914e1da33cb6296bf22217f18a4df99d94ffbb0f5e442f,boost,117603.3318,0.001079,16,158,0,0,0,0,,0,
0x23ec0d95f14f5abe1e3d36406aed75f369457b395ca296f26bf51862326672c8,boost,25579.4717,0.00169,26,254,3,0,0,0,,0,
0x64455ad778f4fb0db17d26d71c1dd78390f42e87335a8b68b2e931a81898c86b,boost,27440.2479,0.003809,1,142,9,0,1,0,0x42e213a3ad048e899b89ea8cb11d21bc97b84748,0,
0x24fb1b3ab62d4802670a8992b3dfe4c420a84870ad8531f63b90f4a91fcbe55a,boost,10702.7514,0.00279,73,180,1,0,1,0,0xa69babef1ca67a37ffaf7a485dfff3382056e78c,0,
0xe34aff1ac1a583031267f72dac807da27480efaedb4ef05ccde48d5144f66dcc,repay,8371.3809,0.009014,140,149,3,0,0,0,,0,
0x8f7b1423afad0efda5f6a5c953ca30aee34c37dd41e57b7c0bcb4ff05e012ad7,repay,19539.1248,0.018036,5,299,6,0,0,0,,1,
0xa99d8dbd0f9d3d5346307decb090243c9de2b6458068c68bb5e77269e62964f3,repay,11330.8488,0.01111,163,323,1,0,0,0,,0,
0x10d65a2fa1f90513972a93c45176a835bde41e640bfd9ea8070dbed2bdd2c228,repay,141270.8657,0.002027,4,286,4,0,2,0,0x00000000009e50a7ddb7a7b0e2ee6604fd120e49,0,
0xc5cc887a48a57d69c1da8fb12b3e5cddd881b6cbb9a056b5a945da9045d902e3,repay,5698.7132,0.016483,10,286,0,0,0,0,,0,
0x4bda749cd940cc3ba5a9bc2d3a5c4874ed2d743200b75115b06bfafe6ee23ab7,repay,40008.3527,0.006212,17,143,5,0,2,0,0x0d29d370bb40e9b25a1b14b05b52c568d138ed6f,0,
0xd418840edc338267e0711038176df9061b12f1b693c9c9f39531641fec328344,repay,46350.789,0.132506,8,344,2,0,0,0,,0,
0xe5f6f6ae4764d4abddef68ba2b3d0a149816875590c1cde8880ab5da992180e0,repay,70668.2154,0.040346,43,314,1,0,0,0,,0,
0xb69b9a374c92a950a6842f6adee3ce3c5fa1b8529ad3af7cec86466067a8272b,repay,38308.8966,0.058752,40,320,1,0,0,0,,0,
0x4b9b0fedb498f69cf11c6724ea2e1c60734316b312e878b93a59673533230dfb,repay,44232.4474,0.129757,3,49,2,0,0,0,,0,
0xf0d469d63b5e67a64fb3f576822531ca97ddae7582a50dab79230f79bc0748e5,repay,150701.9479,0.083816,42,172,0,0,0,0,,0,
0x645f727c6f1fbd04f44251f982a4cbd22df257814bd1694ee96ac708566c40d7,boost,2303.0357,0.061208,146,516,0,0,0,0,,0,
0x0fd68a748cb10e35bc02325d3b2d893d8f6179e6942919ee0a054ffbd18d7e0b,repay,6432.4542,0.004504,72,495,0,0,0,0,,0,
0xb468088feb5709dbb38de9408c6a3f05c9fc2a999f22e69025daa02c127796d6,boost,9987.841,0.006893,6,245,5,2,0,0,,0,
0xd5fe4d66951940531bc086fd86d0d29229ad912e3fc2f3eabbef104b81373dec,repay,7754.5162,0.006293,94,243,3,0,0,0,,0,
0x68ed54d366edf00f4e3565a64da4c594490a8eb778a3be67d1493f4f22b4c1bc,repay,4386.3556,0.00483,105,243,5,0,0,0,,0,
0x2f1a223cd6e65666f8cd9636bc26075be02f9542ff377a4843f226082bf9214c,boost,10110.3199,0.003909,3,136,6,0,0,0,,0,
0xc695d644d0a0448b67b47ed1766965c286af7a2f34d77fb64e1f69cd1fa93180,boost,211632.7992,0.004327,53,136,1,0,2,0,0xeff6cb8b614999d130e537751ee99724d01aa167,0,
0xa6d1e71678da9f707ab95153db504ed8b950e5e0ac101c76a4b0eef893dcac87,boost,83354.517,0.004785,35,244,7,0,0,0,,0,
0x5a65e0eb0963e20009b750e258e8b6677ffb9234cc32069b341c52ff9cfb4d03,boost,3563.2875,0.014039,13,102,3,0,0,0,,0,
0x0a7a1ee5e115f699d95ac62eb5d8f0c84de674f4f741841433e847c9fd3b26e0,boost,5785.4741,0.008806,2,55,8,0,0,0,,0,
0xf6d6ca45024758e4cb67edad1358b6cb1e50588562d6043e13f9996b8d226760,boost,24291.6311,0.005235,4,62,7,0,1,0,0x0d29d370bb40e9b25a1b14b05b52c568d138ed6f,1,
0x54b8bd3fb383d9c862edad65f4b32cc63e1b70cdce70e44ec7b52440e2b4ef86,boost,19283.2137,0.006607,6,9,7,2,1,0,0x50d3865a63d52c0a54e4679949647ea752107390,0,
0x64f29b8ae0c043128f06b98445d3c2d69d5d58f125acd626ca2a6e69a4f9e1e0,boost,11203.6297,0.007963,24,267,5,0,0,0,,0,
0x14b740b4912f18dc6febede6c51eeb563fd10f62eb92e3e22dc3f8cb4bfd3dc1,boost,7846.621,0.002041,95,181,0,0,0,0,,0,
0x4d20c7e0b357d9d3abdeb1e787839ee48e6dbbb0fa609a8ede407d0580f1149d,boost,243593.7227,0.000621,0,203,1,0,0,0,,0,
0x7ff180e38b11968e3a915d0e24263c86b6895dac0558c9d9d7b385fdb481d38e,repay,14458.7467,0.005609,44,328,2,0,0,0,,1,
0x380e36d01ed2284cd0859f46dd4949632d9d649e6098cc2fb989c500bcea1875,repay,25351.0016,0.002378,10,210,1,0,0,0,,0,
0x1f012d9784b23ea4c0f3aac50baf1f30869f050b429e1b4321d66dcd3bf878c1,repay,6600.1519,0.005484,281,285,1,0,0,0,,0,
0x8a0fcc8504b1ef0799b22fb94077f52ba65bb22ccdb988b6229f170693f7da9b,repay,7860.0204,0.005123,121,363,1,0,0,0,,0,
0xf45dfeef9243e4574cf4c9228de67e1a15f76db5c6127b044a4bb2244aae86cf,boost,16811.7794,0.003654,128,135,12,0,0,0,,0,
0x5fc62561e8dbde712e64b4a2433e88507e72b65e7b3faacddf640fb39a39e143,boost,3773.8559,0.002646,61,84,1,0,0,0,,0,
0x23e3526e36a226dda2aee489e0f671eb4bd18b2eb8c1e0c06f222f2f97b10aa7,boost,5370.2953,0.003796,2,226,11,0,1,0,0x0ddc6f9ce13b985dfd730b8048014b342d1b54f7,0,
0xeb78d1cb00aff35cbf26171d6fc5ecca52fe773d12b5194196c77b0e47362671,boost,10500.6187,0.003778,6,226,1,0,0,0,,0,
0x59fe2aa324f07ff519f9b9eee2bdcd68d2fdd639b46bb0579f592cfdd15bd2d8,boost,1971.1853,0.004296,110,213,0,0,0,0,,0,
0x7ad29120ac2a2cccc6ceb9e1e0e75081403fb323f77c6406a1c5f8c305d8e7d3,repay,668.02,0.01522,1,533,1,0,0,0,,0,
0xad41630b1189c9a507548a2caab7bf49d14795a6b20edae85fcfe542a8d6bfe2,repay,390.4035,0.028543,69,358,1,0,0,0,,0,
0xd64048c2757bb1c63898f957089e5fc6a7c5bbb9ccb2c894c51ee6a69f0cec7d,boost,442.0673,0.020546,7,257,0,0,0,0,,0,
0x4be59d73fcba1cdeb496fa6fdc253c1540362ef29fdf386966a06ca2e3a1b884,boost,3907.7281,0.009652,35,239,2,0,0,0,,0,
0x19e9d6708cf6c3eed505853b294012b5ca52bca0d5c9a0338008f3c4a582cd98,boost,18784.7147,0.004235,0,294,2,0,1,0,0x00000000009e50a7ddb7a7b0e2ee6604fd120e49,0,
0xc354b95246fcf4cbb45059fcd6569fe799a51650e19f6ebde8d80b1b65939435,repay,6751.4821,0.046096,0,543,5,0,0,0,,0,
0x434f15e1a6afb03c5e939e3b5162a0e3bd2a314fba8889772224d6aff7717cee,boost,3619.5657,0.008172,21,325,5,0,0,0,,0,
0x1ddd95a08e798f892a04993540da7a7cb154b73e35d408993a81f2ba1fcfb0d2,boost,5476.8305,0.00345,92,199,2,0,0,0,,0,
0x089e47df83545a1c1951123d847ec1804efbbb28be14711e57c6adbbe8bf7942,boost,4021.0199,0.00215,2,259,2,0,1,0,0x00000000009e50a7ddb7a7b0e2ee6604fd120e49,0,
0xb6b1ad2142bd924327e230410b5a85b58d5372586125c00b3e97cad8a4fada9b,boost,15386.1947,0.002798,3,184,7,0,1,0,0x881d40237659c251811cec9c364ef91dc08d300c,0,
0xb401c7deabecb5543dbbdb6dae959c6cd8d103d079b8683093e604db4eb99f97,boost,4513.6513,0.003592,120,398,2,0,0,0,,0,
0x0fae3cb83cc51cd3243c4e5e922f0692e4501613ad1bde017951ae0680136f20,boost,192832.7492,0.003265,116,317,0,0,0,0,,0,
0x24c51aeab95391a21fed1af381941ffd865135371c9215084720b7207b062cb8,repay,305665.3411,0.002826,12,97,2,0,0,0,,0,
0xdfa82dbeb0855aa772af73ff83d5d6398fa1c7898e64d1b8c1bca5cd06449e4a,repay,6221.793,0.002874,22,350,0,0,0,0,,0,
0x0ff70ff96ac16d70c02985cb66b6cbcede5217205377fc4b5247d0ede3caa35e,boost,3106.5463,0.003774,15,281,3,1,0,0,,0,
0x82db02e39dcc5273c5c6ea7f19b6fb5864f61109ec980c1cfe4de3959450c121,repay,4192.6028,0.004733,7,363,2,0,2,0,0x81463b0f960f247f704377661ec81c1fd65b5128,0,
0x0573cc482514c6df1b456909ec0842936443bb67eed1b8ee9b0e8b222d39c01d,repay,100795.7901,0.008083,1,311,1,0,1,0,0xa69babef1ca67a37ffaf7a485dfff3382056e78c,0,
0xb25270b16d3cb7068d0b9c9c43693021a9fcebb54b67a213e318f633e2cc4f2f,repay,107488.6956,0.006367,92,96,5,0,0,0,,0,
0x070b0e673f1a173fa83b2f13d1c022b442b1e4ce02256b7619ee0e1a5705eae0,boost,16943.7279,0.004109,18,224,2,0,0,0,,0,
0xbd7f7270cdcabc85fda3b12a3c1be93be045a360d5197c656688e5001e33e9ab,repay,48973.3209,0.002386,3,315,1,0,0,0,,0,
0xfb8646ed04e47e54e8837a11bda83a27a43e61bc26fa1ecacc5a737e1dce87e7,repay,554.4667,0.049824,12,216,1,0,0,0,,0,
0x203f746e6303913ec0ffbb8ccc3e9e60f9940bcf4f59cddb165d379264fb3f32,repay,11264.0519,0.012818,19,340,2,0,0,0,,0,
0x42ab7c01714ef883d9619fe9acd427f784bbb739ee2a7de7539078bb9148b29f,repay,5498.6876,0.009986,7,214,1,0,0,0,,0,
0xf4bbbca3b8f5a4bc86a5de6bfe598fdff7f616045f6317ea0b2945b7fe2cb9d3,repay,24984.304,0.004028,192,209,3,0,0,0,,0,
0x9a381833e740fc6faaf5f23584b43c89d9bdf4f8c784a151c460632aef324499,repay,6245.443,0.016135,11,175,1,0,0,0,,0,
0x5845ea9f1a753b1b405ae049d0739ba5ad216b31871f0e7a74f6a60123010db3,repay,3459.1466,0.020595,28,114,1,0,0,0,,1,
0xdf91a802d53bdc107d1ba09e843cefb5cd48c1cff1501db8aaf6bcfff2211561,repay,24011.8222,0.004794,2,190,6,1,0,0,,0,
0xd28592d4dde9db2f81b94db40f09f8bdd576d28a6c494a0abb030c40154970e9,repay,80263.0457,0.004215,3,190,2,0,0,0,,0,
0xefc8d620fba666f040ff88eebd80abcb9d4f5b0bdb79d6714d097782a24ed63e,repay,29830.5977,0.006032,10,58,2,0,0,0,,0,
0x6ec38374426b80642e25e272490b5311bb6a19d043f6b7e15ee1d799d5f780f8,repay,13475.2819,0.013746,256,315,6,0,0,0,,0,
0x02862dd1fa53ef30403bf400836552d64efccfe868f964f19d0e31456e59864b,repay,4812.9423,0.008232,67,100,1,0,1,0,0x881d40237659c251811cec9c364ef91dc08d300c,0,
0x02c3d3f5c14d5532936705f3d281bf688f7b30d207de2cbeae9e9fb0fc8e750d,boost,1594.1226,0.012123,3,179,1,0,0,0,,0,
0x7bb983cb532426aca9f2b038a205805d738d448f4231f3bf3bf9833295868fee,boost,3621.6545,0.007151,2,227,2,0,0,0,,0,
0x65cc4a9a8c60a7c4f56c7bb997631737614852f39a539908622f095fa9bc9445,boost,51113.285,0.004029,2,162,10,1,0,0,,0,
0x69eb06850c65e6e514a2ffa50285649e685a62dad0d9bb89ab9119b20d5c27ef,boost,1955.2051,0.00683,219,222,0,0,0,0,,0,
0x43de7e593026984882218b9f687f92764c59e41e2e9953394e083abeba60f46c,boost,10791.6448,0.00354,6,211,3,0,0,0,,0,
0x3ba240d8ec074c74b12356ebdf5616b7db313fdfec497d4c0bbacdc4ed525dd4,repay,2561.2795,0.005272,2,207,2,1,0,0,,0,
0x5462da50d2ba175a1eb82de8e6112a570cea837faa8b7837a9098c42fdbb45c7,repay,1993.9222,0.006135,6,210,1,0,0,0,,0,
0x48cee3a26e44a759785550e3a15bb3470a9922fb372e2c64e620a057fea783a5,repay,1940.5778,0.016598,64,286,2,0,0,0,,0,
0xafb715533fa7bce3fb791bacdc1d5c81404136b5d5de804d9b7c101820f189f3,boost,1766.0327,0.01316,44,204,1,0,0,0,,0,
0x6a28b9547f1d51986a26b222d3c1c8258e4e472ed5af23d19cde70972901126d,boost,59740.8814,0.0008,108,365,1,0,0,0,,0,
0x2f24ffae075e0b5d2de50439050620c9aebb7c5568be4c280bd68f816ae3ef32,boost,2209.3779,0.002852,72,237,1,0,0,0,,1,
0xd588c7961d8301af2f9df2149b8baa3b2ac455d4dca625e0e3d61b2d30d404d6,boost,60808.7677,0.001832,73,237,2,0,1,0,0xfbd4cdb413e45a52e2c8312f670e9ce67e794c37,1,
0x094003b5e1a4c8af06128c0aaa920364b8f69940aaff98b7c10295d0da293ccd,boost,135873.8985,0.001339,6,183,3,0,1,0,0x50d3865a63d52c0a54e4679949647ea752107390,1,
0xcaa438473ac7d6243a75e04888aaffd68499df4e0cb81ec9b2a1579704e8136d,boost,4279.7279,0.003253,3,217,3,1,0,0,,0,
0xf34f6c8256c876a55c3eb11b56a5b19eeec583962fe411959a7ffadbd7c2d719,boost,9852.8264,0.00255,74,188,0,0,0,0,,0,
0x74f88be62d2b4701484ab21743947a9661b716982ffd989399ab97b51ab5433c,boost,2681.3377,0.003402,81,188,1,0,0,0,,0,
0x99849cfa69658ee524149a8528ba3457d4703075c9a3921349fb28ac17d8a6c5,repay,5024.7422,0.004849,28,207,1,0,0,0,,0,
0xe32b3bb70fe9e2f3c53051e3677724117fd9ad8d4ae04ab257286ef2d9db6311,repay,3208.3574,0.011218,7,232,2,0,0,0,,0,
0x2caacff28aa01ad00ef1a3943031db2aa1e518365b4b38b5c4bf645837cf3745,repay,74092.2134,0.005265,13,226,2,0,0,0,,0,
0xab11f477954bbeb869eb49a1eed2bfd8e41fbf3197f397258bb15affe58c689c,repay,1966.2285,0.009095,8,374,1,0,0,0,,0,
0xc309eef09df74f9346c0155ffe90732d793785015faa5e80ddb497bebc939168,repay,42633.8064,0.00329,6,229,2,0,0,0,,0,
0xd9c55fc29a1428068aa3f915c19cb5d77ea84f24bc18a6e034e869409f65e54b,repay,1939.0007,0.015782,38,190,2,0,0,0,,0,
0xeb8dbbe9ed6604e6bb58194fa4ebd04cc43bdf459c0e8480bd46f76a2e0e91c0,boost,5109.0347,0.008346,7,248,1,0,1,0,0x48b282b1632bf56f3393d3de0d239f35ff11d2e5,0,
0xd89d32a8c7d97931baa82998f1f5a88e20d10e806690bf898634f65ecbc20a63,boost,1016643.0476,0.002866,0,285,6,0,2,0,0x51c72848c68a965f66fa7a88855f9f7784502a7f,0,
0xc429a644a21aa29eb100cc4df17dc2981d27d87ded437a4a546af08677e84417,repay,1195680.1453,0.005613,0,180,6,0,1,0,0xa69babef1ca67a37ffaf7a485dfff3382056e78c,0,
0x80187dd76ef6a4e2c0b368fb1fb707f712326a2970ffd58ff062d6e2c4ca8881,boost,905039.1285,0.00239,2,296,6,0,3,0,0xa69babef1ca67a37ffaf7a485dfff3382056e78c,0,
0x3948c6305678a4e285a7d216832affdddad2dc3b0eca2bee054bc2adfe5a8b59,boost,40398.9294,0.006905,72,319,9,0,1,0,0xf6801d319497789f934ec7f83e142a9536312b08,0,
0x3b957cd4e2f8b58aefbeba801b4fceb234436f938039ea0ab065355c89ee4e98,repay,12417.2833,0.004701,2,240,3,1,0,0,,0,
0xd0fd58bf7adc3e59dd7dcd009a154829112707215cfde8aaf1397025e49e7f6a,repay,8748.4207,0.004,2,444,4,1,0,0,,1,
0x6efd5e7bae6115d5a7347d91c29082b66c98575473fde458c79f28f2be1dbc35,repay,4329.9359,0.009644,37,274,6,1,0,0,,0,
0x9e7cab343118c6b3ebf9cc3a05a843fd5ec41053aa982d12bbac455310576b59,repay,4791.9688,0.000125,48,297,0,0,0,0,,0,
0x369412aa77787f2871ba9e8f34fad2833401a63f023148362257064327b9ae61,boost,16328.4125,0.004967,45,203,8,0,0,0,,0,
0x5b0a26b4194e5ad34c3c4905f344fdfd22834ad14ee22007f65ab4b380e517c1,boost,15742.9334,0.00337,5,176,7,0,1,0,0x00000000009e50a7ddb7a7b0e2ee6604fd120e49,0,
0x9b236da270103f5eed395b19ffd8c0e1a30d3139ce10cbd131f7786736ba9dd7,repay,37443.1354,0.0026,13,266,1,0,0,0,,0,
0xef6df890421b19d2a26bd9c3aaaecbe1eb6d1a4533c68b9ccec3b6e2757d6d16,repay,72738.1496,0.003218,225,380,1,0,0,0,,1,
0x5938d1423e26e2415934ae6c79419e534a99bfb1c2002d09e47cf3a14c8da834,repay,1684.3403,0.015311,12,72,3,0,0,0,,0,
0xc46e101fa7fafe0e4a5aa91555ac78dbacf6c33e7bcc2485fa10870231217185,repay,20129.5293,0.002922,2,240,4,0,1,0,0xc3cfcd054a965d1792e21ceffb13d8abb1bb8449,0,
0x91dc979295db65dd7b70855069571f07642f5fee49b2c409e66b94279dcba8ca,repay,2528.3232,0.009097,35,263,4,0,0,0,,0,
0xc0c9c26984ba37f3f288b7ca0c6bb125e1202de36286b3e41c0b8c857f82fb81,repay,25120.6133,0.004836,9,212,3,0,0,0,,0,
0x593c5d607880df3266494a4ae3b4e8199835ef718ebebd8c1d03766c866b7998,boost,1175.094,0.009755,16,242,1,0,0,0,,0,
0x127812df007b7788ad2bba645b681f6e9f897f3f0b4e8efe3e492bc18bc1d64c,repay,141071.0191,0.004893,12,187,8,1,0,0,,0,
0x7df632d2701420390bf9d9f3455b7f7518fa25c51759237fb75e3094f50efb1f,repay,18320.2693,0.005,56,212,1,0,0,0,,0,
0x0ac93070f044ea957d70e396ffc4a621e81298fb2c3eb5dcb8ef13f5934e6935,repay,23004.9802,0.006485,159,212,2,0,0,0,,0,
0xf3ad5fee23e85e8d9be31e102707c1953e964f0b172fe00c105535cb590ef962,repay,14402.9659,0.003109,15,274,1,0,0,0,,0,
0xb9888cce5b15ed7992fc696916776b490a487ddd89cac5365c303ecb415e4e9c,repay,59739.8963,0.008164,39,183,2,0,0,0,,1,
0x37b3e412519f71ee2d3bc7b857c0f660c2b14fafe984eaa40dd2de92662b27c0,repay,1730.4145,0.008731,68,162,0,0,0,0,,0,
0xedbd48f7e427ff122a54a3b811113ecb288b4b1ba8f58c923e2878013d5b22b0,repay,11774.4453,0.007888,67,162,2,0,0,0,,0,
0xe9fad08b2e0c18886dee7776c0003fdce689b9f5e0e2bf0b5264986ae435b868,repay,18728.9178,0.00352,4,237,2,0,0,0,,1,
0x70c7771ef82b2d1f6393a95ed2bed06dcaef6e9d0576c76deb482db55447dc82,boost,5469.3007,0.0063,142,506,0,0,0,0,,0,
0xf52fd37167fd5139c102d50e351b263ce649112904b3aa20b9ae3da00a2627f3,repay,35753.9054,0.00286,46,259,0,0,0,0,,0,
0x858bf35cce77eec5e911e63401d74c06eb5712257f29757c8e9859cc1ba9ee55,repay,3508.9755,0.006756,9,242,1,0,0,0,,0,
0x8b0eb6ca2a2687d32c6614f7a857ebf932a33306c8a8df68aaceeaadcb0cd469,repay,1492.2503,0.011744,76,167,0,0,0,0,,0,
0xb31308fa8ace2ba2bb9b5bbc84e4087d663096f76df60df4751a37630f39c802,repay,6863.0255,0.006591,45,238,2,0,0,0,,0,
0x533e630d2379d54f2636c4ca57f302556f5502b8fdff2d4f774c50d4a6dbd3bd,repay,3970.6081,0.014137,22,305,1,0,0,0,,0,
0x9aeea963d6f6c905a091abafda721d01bef1bc32bba6b29bdfd32e9e31a533a4,repay,1445.6191,0.018213,18,193,0,0,0,0,,0,
0x9d259d0ae337e1af078e11ddb392f9033803d3c73557956fc7f36f72c5752ac2,repay,93726.1239,0.009585,14,234,0,0,0,0,,0,
0xc9155ae2bd3308a233c47905348621986215931d36ebaf80d09778fc8870aa1b,repay,16422.2302,0.007952,36,178,1,0,0,0,,0,
0x35f88d05763ef9c4464463ef8217e4f85f752c3572686c04804696f1a9b6b254,repay,265721.6907,0.007209,5,310,5,1,1,0,0x48b282b1632bf56f3393d3de0d239f35ff11d2e5,0,
0x80ce6e9d49529b88e8656165d7142f8a83bbab2baf47fe26f0eb76385603b374,repay,2009.2778,0.00797,3,223,2,0,0,0,,0,
0xf8131c3dcf5fc70ed25ed2cd9e8e4cde28dcadcc21c961a0186e73941cd6c158,repay,60013.8205,0.009519,91,359,4,0,1,0,0xa69babef1ca67a37ffaf7a485dfff3382056e78c,0,
0x82eedd5b685d0bf5e52bb72265976e742ff53896b29d60db68134808660237b4,repay,17050.7875,0.00499,20,131,7,0,0,0,,0,
0xc743403248e8b6744f7b24ff04724954d931775cfda96f8b622e277a12a1c9c3,repay,14150.9373,0.005569,13,253,0,0,0,0,,0,
0xe2b95efa229094f2a0952a9e08c6c0623b292b502b688f4fc851d41fa5abfae7,repay,29993.3264,0.004899,19,398,4,0,0,0,,1,
0xee8f2b63eb788c04c9dd510eba02f57537079aca6d199e477278d012b681fed7,repay,1395.3967,0.024006,147,263,1,0,0,0,,0,
0xa6745f61a0819e504d3a86bf726e55f7bf54c562ba5ebd797a90812fdd848378,boost,15337.7614,0.003074,2,255,2,0,0,0,,0,
0x132d6780afaf9c185c59f7569f4f42b7929759cbf150e4459c89b3ae2e72e628,boost,12347.8199,-0.000692,46,238,1,0,0,0,,0,
0xe5c68ba7d330d6301037fff18b46b66020e63e837f9ad2019c4b47c256b35313,boost,1451511.7256,0.003802,65,239,0,0,0,0,,0,
0x122af42598dca27494724e8bc4e83c207144186ccb4e6bd105d7acbca0145a4b,boost,199107.8316,0.003651,6,260,1,0,1,0,0x00000000009e50a7ddb7a7b0e2ee6604fd120e49,0,
0x1e866303185742d8c8ec34f774297ae65035eddbc46c3a964880a47ad86da08f,boost,1002.1506,0.003234,51,173,1,0,0,0,,0,
0xd9595d614bf86b729bdcde308b2059bede21713ddfc2cdec05f6a5abf4ce46bc,boost,1483.8717,0.009622,129,331,1,0,0,0,,0,
0xe831dcc6074f512837d9fb97067b8c0fd5d492aa56a1e1c223603f32941b3006,boost,58721.2657,0.004361,140,331,6,1,0,0,,0,
0x90fad27e2d724b24362468f42bcbb9fc2116912be414f120cf123d6fb1a0b34d,boost,1604.2546,0.00744,6,217,3,0,0,0,,0,
0xcb1bc76842f2f8834bdd9697d17deb5a375ef3e4dc698cf4ea4cdc04a035a3ec,boost,1064.8815,0.005405,3,239,4,0,0,0,,0,
0xb26773f4c23ce93c3a988180fafe2b87b2eb393e0f1805e572a6f699bea827f9,boost,6526.78,0.005266,36,236,1,0,0,0,,3,
0xe72a13d28614c58e1624767cd8bc9f6fa643d22d15788c044ecf116091456af1,boost,5178.9351,0.005526,37,236,2,0,0,0,,3,
0xe94d7aa5bb49527df60302f8ef005e9f23f730901499db05cd3753aefc716e03,boost,2971.3034,0.006108,38,236,1,0,0,0,,3,
0xe1302934633239325aa196d490102328e898bbd69b09d63a3468e3292ba671a7,boost,33864.1153,0.005,39,236,5,0,1,0,0xe8997238f773f8f21c1baf7e4213491ab370ae0c,3,
0x9d2cce2c69db6b2c65b6d3a216f9909e27d855b4977d73ec25ef075f278ddb1e,boost,3643.614,0.001967,96,371,4,0,0,0,,0,
0x6d0d5bd2407b26a62c4bc900659f4cd6f12ac5db9531d44ea331fc72dc85ee93,repay,1204763.9447,0.004983,1,287,7,0,2,0,0x48b282b1632bf56f3393d3de0d239f35ff11d2e5,0,
0x6fb6db51741541e112cc5c5d4593f815e86454b485ea2d801fd1e0209b8cd7a4,boost,5359.0414,0.003564,5,309,3,1,0,0,,0,
0xf4bcbbbb50ed64602e8596b9b1a6417dc7701ac99ccf8fe94c927e94e263aad5,boost,18136.9085,-0.001306,178,242,5,1,0,0,,0,
0xdbed7eab1f15a1c9a7f3b399b26a1a68b22a27e118ff054802d0bc566895e53b,repay,20715.563,0.000352,64,279,4,0,1,0,0x5050e08626c499411b5d0e0b5af0e83d3fd82edf,0,
0x5eb36e4c8cd17cb4c240f88a3effdf4c9c05decc9243ca1f36d6de6eb6e90d64,repay,614915.6113,-0.002356,3,102,2,1,1,0,0xacec770620c0cf8671f4bc8b4a6b01bea9e3f7f2,0,
0x81cd08ce1b92dfb4a41f552a4b1a7596b9e29915283d795ee4ce554c8b9db737,repay,3481.1944,0.005677,8,285,0,0,0,0,,0,
0x11eff58633a455b08e6b9093e4a3f79b3d01cc2459c034938b645104e3ed6e0b,repay,3713.3435,0.00759,138,178,8,0,0,0,,0,
0x166af835d2697bf071162a8d816da893587a34015ea2cd507e1e017cb7fd1507,repay,6586.5927,0.004263,111,295,2,0,1,0,0xa69babef1ca67a37ffaf7a485dfff3382056e78c,3,
0xbe1875f54b033ca4ff3b20b9d403475c7f39e6c6b7471f9dd4d2585252905241,boost,1125.8093,0.003479,26,481,1,0,0,0,,0,
0xcbd92e024fa84c6838d3c03cc4283ef5393e768f90ca5ce5ae1e1083764766f3,boost,33549.1775,0.00316,6,405,2,1,0,0,,0,
0xf7cdce1eca9c294e278922ca9fb1378d1cc73c59d5c9089ab993d74833fc6c2f,boost,2985.3876,0.004317,5,264,6,0,0,0,,0,
0x5cf34c27776aba61bbd73d50e02acc094031fc7c4f31f520feac921c7592cda2,boost,593835.6837,0.002691,177,512,0,0,0,0,,0,
0x2d57c7f428ef23918d0708554c39f8eb510aca0971255329035bff1eeeb14156,boost,5042.5504,0.003351,133,320,1,0,0,0,,0,
0xe2de6067e03b7e875d785d465be1ec3719566f17e16b513ec9ba589c79c08109,boost,1084.1557,0.005706,5,122,2,0,0,0,,0,
0x76fafa404eacb2a4f751740f4f776a8cbc7f133e00ec9eb567a2dac2252de3ee,boost,17274.3219,0.002762,129,537,1,1,0,0,,0,
0x10e0124d2c9855747386283c2c72a987963128cf3cbf1fdde93e472a7042300f,boost,1632886.3054,0.002872,2,68,10,1,2,0,0xa69babef1ca67a37ffaf7a485dfff3382056e78c,0,
0x0623ddec9d8c34a73d03e6a2720752d427410e9e5a710da05514328765889edd,boost,3835.606,0.002219,10,180,3,0,0,0,,0,
0xacd8e6d32fcb08d3a132c49e8f42e2ebe5e76f0b1cf4c57e586634c7ae23dc8e,boost,41256.0073,0.000359,118,285,12,0,0,0,,3,
0x940065bf88ae16c9cbf1b7c4588c1225176c5af41b9560876ba721576df7a245,boost,6278.3227,0.001417,119,285,5,0,0,0,,4,
0x43c264baef7291a6954c001d4c9ef2ca7fb2583eceedcbf116d1883aaebdeb67,boost,7839.6088,0.002161,120,285,6,0,0,0,,4,
0xff8ac77db80b757a698d43e1fec3621e02c894accb1dc26b356177c1b5e5850f,boost,4765.4453,0.003001,121,285,6,0,0,0,,4,
0xd12ab7ee6b2b1634ffa929199deb15538ab2d8dc3600269606273589c70b132d,boost,46862.9021,0.000919,122,285,10,0,1,0,0x00000000009e50a7ddb7a7b0e2ee6604fd120e49,3,
0x50c84fccea3c96a646054b26b8878a465ea9fcf47bd4c67f1257041fdd8e361d,boost,1292.0947,0.004185,251,285,2,0,0,0,,0,
0x1be7eda9ea8fae656844fed01f758ec068ec255640d623e54539dd8469e39d8c,repay,315914.646,0.006042,18,506,5,0,0,0,,0,
0x75a0a085bc09ae540485a196dd8a40e3c6a669a519de85fd8a0ea22f61c53458,repay,9659.428,0.00702,10,177,6,0,0,0,,0,
0x6d9b9d3619b6710c05ac9c24015843bc06c52cf97e0bb64b89459801fee83806,boost,1035.4669,0.007356,40,145,6,0,0,0,,0,
0x3cfdb4f5a18d25c8dd7c88b2746736befa945437866423c8eaa8cbdc970eadd6,boost,322151.826,0.004031,67,394,2,0,0,0,,0,
0x97cf61d3f389308d9d3b009f39f00a294981ee376902cb03e99857872ba56782,boost,66191.2787,0.004006,1,79,4,0,1,0,0xa69babef1ca67a37ffaf7a485dfff3382056e78c,0,
0x32b9749d8f838191f65dc4fc553dd9b687df7575e9ddccfa9134e8e31bbf9cef,boost,40075.1232,0.001359,18,38,11,1,1,0,0x5050e08626c499411b5d0e0b5af0e83d3fd82edf,0,
0x42b6a19c98273597f2db96e90b05f5adc523101ba7c83f67e0f1ab9b53563ca0,boost,1965.1832,0.006437,31,299,2,0,0,0,,0,
0x0e1e721b62a43e7cc2e1079300d108829114708c96d06a77a676d5f31544f393,boost,1202.2077,0.004592,35,195,1,0,0,0,,0,
0xed05360e1586a9460f7b164698d1222cefe4c0038a5f519c793c7979ab33c386,boost,59003.5895,0.004819,223,263,1,0,2,0,0xaf682de1f2e6f710731121a05a44cb3c1b511f7d,0,
0xe37a1d6a93fff9a6eba6821df7bff05830b4725f7421a8f252fd18555072b69a,boost,1920.0414,0.006375,5,182,4,0,0,0,,2,
0xec0e261f6c8ddbba424beb1e69d9a9ba6e07c7c2996b48bd89870935a8892ae3,boost,3480.687,0.007187,7,182,4,1,0,0,,2,
0x336856a2f744cf4660d7cf3241c3ed00b9ce23ff58af08cfcb48734399b8d805,boost,339012.1457,0.003165,88,497,2,0,0,0,,0,
0xc230ee514e5035575c80f6ecb83134d4bf34b21d062c2ddf0608097d99b04900,boost,19884.096,0.003186,57,221,6,0,0,0,,0,
0xa7fd0121a5098b87798c0ae69573cfaaba60695769f724d38a3256bf3c2b86e6,boost,1257.9768,0.007904,1,210,1,0,1,0,0x173272739bd7aa6e4e214714048a9fe699453059,0,
0x270df6fd79af834ba315b0fad3af700fe95395c43ff30fea77c3762b7eec10b1,boost,7065.4043,0.00485,55,295,8,0,0,0,,0,
0xd77d4127c36a3dd71deb168cce377dfbf0591660d5b3e255cae56c5711446a35,boost,82399.5461,0.004551,32,63,15,0,1,0,0xa9d635ef85bc37eb9ff9d6165481ea230ed32392,0,
0x93c84c9e889d1be1430971c46ea75d3dea30840098cc34643a4f1a2e3141807d,boost,51230.3963,0.004121,43,274,3,1,0,0,,0,
0x9130e765a78a6ba547a52fa126d79857e6af7574e903ef1af411f9901b8eabbb,repay,24338.6982,-0.002829,22,262,2,2,1,0,0x97c8cccf75f6c4c184a99cef71a3a6f5262b7eb2,0,
0x9de0a347faf95288a58f65c4a78a27087e44f5e8345b10219ddc73160cdb67b7,repay,3829.1072,0.006718,8,217,0,0,0,0,,0,
0x47a02df1727712a0fe96547dfedca527739e1bc57d285c88a02beef0944f33fc,repay,21546.7541,0.003659,94,341,4,0,0,0,,0,
0xaa6c6a392e3c4f4f7635a64ddc2ef1082175129747d20393f9b63483e48356dc,repay,85634.7695,0.003686,3,156,1,0,0,0,,0,
0x30e56a349185e874bed8f01490013d55f497febb7ead3208666cb1695ca161d6,repay,2327.0245,0.003357,217,335,1,0,0,0,,0,
0xa05a657fca332ae056a685f5e59eed53e8d92ea1a1d31c144057db6ab740c9d8,repay,56968.77,-0.001805,337,348,2,1,2,1,0x3face0002c61054a67266aa0c8795e315e6d92f2,0,
0xcbd0ef0844640673caedd8f1439e943dc14c073817006f72f40b837775b1a100,boost,29416.7522,0.002137,193,247,6,0,0,0,,0,
0x92b86c618a8b4c8296fb4226a610beee9ccef588533d3aea6a3e903eaa968636,boost,26127.1402,0.005698,18,241,13,1,1,0,0x00c21ca82d94dade0d5d1ed420a4728f58427d21,0,
0xc33147db1ce8510e6f740c3134e70f9685f4bb0330525d20b0d30277b5957bbb,boost,3670.8059,0.00347,4,443,1,0,0,0,,0,
0x1b0ddfbf8dfbd3adeb0531db8e2a522b9bae664e3835f361a84aa0b153958ec4,boost,5018.9758,0.002686,101,331,1,0,0,0,,0,
0xd5e0f9343b2e814c59ab8d70f665be8f8cb7816141c5eea38e9bdcdb64c5dfa2,boost,43184.5584,0.003071,12,410,1,0,0,0,,0,
0x6de364ad4cbb8b7d456e5860c2c1bec824efd2f7a8cd5429127e2ffcd0e8cee2,boost,1464086.7698,0.000867,25,327,2,0,0,0,,0,
0x3242dd9bd344e1665f4bdd3fe43fc845d39701e4e1fb360293368c2ddad543df,boost,1040.5386,0.003429,87,351,2,0,0,0,,0,
0x2279aeb54f5c4d252f5a682136f567dfafdbe5d5bc9a7f9faab232c67bb72228,boost,42023.1021,0.000756,0,324,2,0,1,0,0x51c72848c68a965f66fa7a88855f9f7784502a7f,0,
0xbece2f58bf24b8a1eaaf780dcb71f0d9838f1b2ffcc41f74dc6cfbd2858b462b,boost,395705.2753,0.002529,13,343,2,0,0,0,,0,
0x49e4a373f7d7a430145b482c6667530d846e79f14aa3e7ed7ff987ac4d3ff6b8,boost,1943.1109,0.00215,6,291,1,0,1,0,0x1f2f10d1c40777ae1da742455c65828ff36df387,0,
0x1b57cf11b1bc545ce3d7229ba7696401891f73e234870de0ccb6eff1c2279be9,boost,5541.0369,0.003377,7,321,2,0,0,0,,1,
0xe49204e575220deeeac83e83215b9a03352e7675a3dd6aec820ba8bafaaf1f24,boost,3460.4418,0.003991,8,321,1,0,0,0,,1,
0x7d4c6461706e7d971f2a6867d1725fa3749bab4c01a57d18d754900f1b2c881b,boost,1046.4126,0.006907,10,777,1,0,0,0,,0,
0x10b896278eafeab4a1a6d49ff23c2deea59d2b786c4b5796aa5f83338d116678,boost,24039.1201,0.006991,29,542,8,0,1,0,0x00000000009e50a7ddb7a7b0e2ee6604fd120e49,0,
0x8bbbb89f925f140141d24aaf076a60d8eb17cdaba6c5b08957bc950f8df4aee8,boost,31068.1145,0.003093,0,371,3,0,0,0,,0,
0xd6820f49c32901f4eec455b47681ab1daea19e367140032396d568ce53f14143,boost,31387.4542,0.004802,8,218,12,1,0,0,,0,
0xf7c0b7c8a5ae959543f4210e8dc3081ad5119eaf0a7123b60f37633eff6f8d94,boost,1281.7197,0.007779,28,86,8,0,1,0,0x8eb9368c8a19a2c556b6c89aa3dccedea6d66559,0,
0xc68f75726d9e3b9383c171cc386b7873bf0fafee9b43b2817081753c0721c007,boost,3986.2747,0.008552,16,535,4,0,0,0,,0,
0x38e5ba8882d56d8c85e7560350c182c1503bba4628b085140be8301204087ebf,boost,18644.8151,0.003318,138,450,0,0,0,0,,0,
0x36525cd50fe101d3c9a0f2f62f8e78804738c96ae2574e16ea1107e2f29170d9,boost,36318.2999,0.003913,97,337,12,0,0,0,,0,
0xf0a95596751695210742862408d3e1d4c852c846bc79d9bb6ea6358266ffead9,boost,8175.6996,0.005742,32,120,10,0,0,0,,0,
0x4ded1f35381fd4b802fe5149e15c628b6cdf51cb96bb0cb5b61602b501cfba8a,boost,54230.3911,0.003238,25,447,0,0,0,0,,0,
0x2fa9592841d85407b37640eb1a35e2c5d7804e54853d95163177f90a5f30d292,repay,22022.2566,0.007945,42,57,3,0,0,0,,0,
0x9a477937a9ca6014149427e9a7fea18cc504bde0d39bf20cb62cbdb3fd6ba874,repay,11108.8128,0.002487,21,421,1,0,0,0,,0,
0x345b2567b4a7d5e86b61e12321977f4e7fa41a6d618ad0454a7305024f270cf9,repay,19922.3581,0.008299,33,172,9,1,2,0,0x95324830563c01f740eb2ac6f7cc11e4ec798dfd,0,
0xa573b345fd28dd6b41452a9f86b84e94a6c3e8f7d0bbe722e467ea70ca9cb1de,repay,10135.9381,0.009486,242,360,6,0,2,0,0x0000000000007a8d56014359bf3e98f18b7773f9,0,
0x97de272c7ba71c2443751116db20cc76333c5ba167db9d6a731c51341d35ed2d,repay,3977.3474,0.00433,21,400,1,0,0,0,,0,
0xace5afe7e0b2fe12c3e55ad7f51d1f2259fcaf6f0ede0d418cc174082c278bc6,repay,62780.2847,0.001974,172,213,9,1,0,0,,0,
0x7e986f6ba28be771359fc8fc4c25c892dc3e89bc58ce6755538360552399e13e,repay,1945.6952,0.005751,4,111,7,0,1,0,0xe6f5c83b9d2005bf14333d7e48d3002fff4c93a7,0,
0xea9514584f144c73f29b2023cf49e6c5a35606adfae4e649e25414cc1108ab06,repay,2332.8968,0.004395,19,262,3,0,0,0,,0,
0xc3ee3e9473b3b2c3c870dac5492220dba40812ca01c7f4000b3c2ba4f1d2a32c,repay,21441.7837,0.00643,21,514,0,0,0,0,,0,
0xff4bf44b63116f824d2b321eb22102bdc4b1e0c16c7184cde14d817776f9f0d6,repay,481816.6551,0.004395,1,108,5,1,2,0,0x51c72848c68a965f66fa7a88855f9f7784502a7f,0,
0xb5ecf0b3f897f5626e227bc4b8a4c73461a6fb709a00e6254579afdef6c57427,boost,19245.9659,0.000913,29,291,3,0,0,0,,0,
0x3e90529e2963a01489d2592c91516257ff7e1b9d9b30a7920953a67d2ccf4500,repay,66376.6835,0.001582,45,295,0,0,0,0,,0,
0xe87df246fb1a118783ddc3c0361b464c574f61587aa210f30ffa0a1a0d2cc827,repay,17739.7092,0.002266,22,163,2,0,1,0,0xfbd4cdb413e45a52e2c8312f670e9ce67e794c37,0,
0x836bae4041c9cc21ff58d428dc5591256c6012e195b214a8d9b937f9f86b4ba9,repay,51628.2594,0.000781,48,163,5,0,2,0,0xe6f5c83b9d2005bf14333d7e48d3002fff4c93a7,0,
0xe49d8538fee77b0320caf217e2446e7859d621444c2c48fe69990f33d6e9bbfe,repay,53668.8034,0.004655,23,192,0,0,0,0,,0,
0x98861b14cd32b89bec9b8a3fcf36d784d8dde40d879e8ab40812ee430c36e580,boost,14538.8386,0.006202,6,270,2,0,1,0,0xba47cbfdd61029833841fcaa2ec2591ddfa87e51,0,
0xdf819ec141e57df0b55262d3abb3684b213a996fdf0731e68cc01a51bb72d5ef,repay,3603.6061,0.013459,133,360,2,0,0,0,,0,
0x9f0315191d23d14a6c277fde7f0fd9f617049c127389738b83bca553909edd01,repay,7480.7697,0.001802,39,382,2,0,0,0,,0,
0xf449c2d64b55f3eef2ab5449a95b0ce869b25f900c9edfcbf04775968f34a369,repay,56153.9698,0.003109,44,272,9,0,1,0,0x0c370ea6bc17c7010ba44f004a39f83ef897e4bb,0,
0xed714be26e2dffb3768cdf5c9750fa6f7d13bc9411738ea01cbc23210731a8d8,repay,8404.1775,0.005583,29,605,3,0,0,0,,0,
0xd538a7f44c72ba7375478182bc2a6312f17aa592198c88dd3cfa4a974fb112fd,repay,3638.7921,0.002217,44,472,1,0,0,0,,0,
0x07d9429d06273351d36e113d2f977259549f40ed9cd2332bd0bc1b8a3ecc7fda,repay,9175.7772,0.003677,28,190,1,2,0,0,,0,
0x9b343de5425bedd70696aa9dc4281ad75460cc61b9f20f7d21c6fae35a1c76e1,repay,18137.6882,0.009745,7,207,4,0,0,0,,0,
0x2c69605ad7541277369e50bfcc4c54cec98a560052b2447bba7f39b4a71d0604,repay,1094224.8791,0.004318,4,375,8,0,0,0,,0,
0x65a83d6a6987f03f4077a426efc6eabf9a4441926a7bef5af89e14f653b880cb,repay,1646350.867,0.00514,1,193,0,0,0,0,,0,
0xbf96ad5ca87ee7b4d94fb6afa32311578f3c43126c75294d0fa9c87b02d7aaef,repay,1356552.2366,0.006303,183,291,0,0,0,0,,0,
0x90851e2a8b36858b669ab0344510b7f673f5fc6166a156cfe9d40bc82833ec41,repay,2124504.1381,0.007502,12,450,12,1,0,0,,0,
0xce99a9dd51909f2f9ccfe7ec10e5f1ca3cbea49c6eb6e66770aa95a4edd5975b,repay,131880.0717,0.004273,50,282,6,0,1,0,0x51c72848c68a965f66fa7a88855f9f7784502a7f,0,
0x3940f634e02142d96b40367d8ea2ab26addf0405d7c40a5eae54fa4637586e12,repay,1776.0202,0.005244,23,307,1,0,0,0,,0,
0x3f0b0ffb3a3256330e860806731635756c91e7f92120563a332d7a8ccc4d5473,repay,10737.9882,0.000232,7,542,5,0,1,0,0x00000000009e50a7ddb7a7b0e2ee6604fd120e49,0,
0x39c39eeb12ac15968822d0c6ca9ba35d5aed240c9dac34c766614f3db4a70aa7,repay,47218.2428,0.002871,190,422,1,0,0,0,,0,
0xff7153a7dfa129cc5ebadabaa2252cb36b8a734da3174022e0d68b174baf78ec,repay,5528830.7309,0.010561,1,96,11,1,0,0,,0,
0xd735843ea350ebeda9205bf454b750adb28301fd7901d46a958ac91da2dabb5d,repay,9003478.918,0.017266,0,184,20,0,2,0,0x000000002b0184b12e908bf97941f2f5385c9820,0,
0x074926f26909c8358a3bff66f97b9beffb4d33f416e6dd0eb93ca664f0984a3d,repay,4850505.9178,0.01393,8,219,24,0,1,0,0xe1eea1dfec7a0dfbe5836c78cc2707199b6ec50e,0,
0xd004ab8b0b90c88c0df8493624ba17b7c831729825bcabc3f145bcba376b9309,repay,17007400.9893,0.013536,14,433,20,1,0,0,,0,
0x3bf76452042fc983f97bdbea4296f5ba07e4de73ba6791e342d0ebfe8c831e4e,repay,556401.2978,0.006519,10,54,9,2,2,0,0xea9cb60bb1d059c67fdcfb7377334adf579b6a20,0,
0xe1c3482ebfe6203ab9cae83c5d80be00b5c38262f0ae83f734256b5b99e4c4dd,repay,87481.8105,-0.005092,15,52,0,0,0,0,,0,
0x87929321b342b13f2ee6973e6671cbf861156585b6b27764ffa4f37c1c5c531b,repay,887683.2421,0.006651,0,315,20,0,1,0,0x50d3865a63d52c0a54e4679949647ea752107390,0,
0x43978c037a8ac8488436f369d159e10e83a29e3d8d5a4ca62b5ae4009abe63b6,repay,364683.8937,0.00433,13,398,10,1,2,1,0x51c72848c68a965f66fa7a88855f9f7784502a7f,0,
0x266ed88d8cbb88a07afb6d7124bee88e73658e780af504a2bcafbd772925dc9e,repay,731262.5336,0.005834,26,398,0,0,0,0,,0,
0x1766fc6d9d1efe5935a75e74f6841d9736d590099460ada0ed472f7455edcfea,repay,2830.1507,-3.4e-05,5,121,1,2,1,0,0x9008d19f58aabd9ed0d60971565aa8510560ab41,0,
0xf5c0ca30e7f16924be2b38035e2860de0cd905ba5fb77083fa42b0d2563e20ec,repay,2914.5209,-0.001041,5,540,4,1,0,0,,0,
0xedd7867a0742e6a0af72163761a2e84cf653a910c943a01902bc54add6aa0f6d,repay,11318571.854,0.022387,9,284,20,0,1,0,0xe1eea1dfec7a0dfbe5836c78cc2707199b6ec50e,0,
0x06c02cf32f59f85913fa9d5e4a5a8d351ddd404cee9f394e102f96762fedb371,repay,7606104.2817,0.022397,14,59,21,0,1,0,0xf00001968c1d6196d3d0553030c7af8d1905dcbb,0,
0xebfa5fb87b84e0ac7b7c53f76edb3dd0b617b3ce05a09e886a4cbf22e861a3ad,repay,1009.9993,0.080067,148,534,2,0,0,0,,0,
0x714e8389f1c01a165056d0faf724c81a60e1289919154fd0483c7505a199195c,repay,1009.9993,0.081223,31,178,2,0,0,0,,0,
0x2fc89d7f7cc00dee09960a90fe0ae390ad7410b187628b33f669af2c52da7940,repay,8033.2523,0.019986,12,425,0,0,0,0,,0,
0x8e65b78fb4c04c4e3374b80844d33f966bdba255752eda6ee9595e0f3c83c92d,repay,3431.4355,0.023345,9,372,1,1,0,0,,0,
0xfd29341a79806ba45910d1507f2feb1e5d7d3ec9ab55e5c95d295067e9f60bb4,repay,4200164.0007,0.021859,0,265,24,0,2,0,0x911d4bd34fda6d1d7808a116337b0b8050b2842e,0,
0x01b66264b819347542fd8db90f1f23614446768da58e3d1e4bec50461ccc7dc0,repay,18319.7345,0.014575,20,588,2,0,0,0,,0,
0x12d9f90eae437adba7845ee143964c3aeabbf8e139234ac2d57c56060947d094,repay,8144518.6258,0.019616,0,351,20,0,1,0,0x00000000000ba9cd9f5175108141a82b6c24d727,0,
0xa7120f059d3107ffea70538d2e0f7ab1973c2fad6cad9a795916436ca5fd18d7,repay,1553371.7748,0.013024,32,64,24,0,2,0,0x5e1f62dac767b0491e3ce72469c217365d5b48cc,0,
0xc36c4a38c2530d4599d06543a438153041c1ca484cd28ad46f48387b88c24215,repay,6496229.6713,0.024957,28,134,24,1,3,0,0x06cff7088619c7178f5e14f0b119458d08d2f5ef,0,
0x169ec4eaab5580863ab41f121a20763f689d999c50f29d7ae59d29545ef21530,repay,9070353.0136,0.098243,1,53,1,0,2,0,0x96f281629174216ce52346ac4118dfbe71113ac2,0,
0x5c57d268a49cc54475671e093b1948fc47ac4e963c67c77d4cc44c630a6aa2b6,repay,641479.6332,0.003446,44,77,0,0,0,0,,0,
0x236651ca9df768cc9e8e5573962ce8307c238f879a8e4936c590f3466808813e,repay,477437.9196,0.001614,45,77,0,0,0,0,,0,
0x00871267a733500e80506b97aa2c4073921cb25e37d18eb1a0a16cef33c99d5c,repay,315447.391,0.007875,6,220,0,0,0,0,,0,
0x11cb6fcb2e6bbf3ffdd04c1f0c3a2d22334f79275b1bd2c342e0c68cbf532b3b,repay,824397.0315,0.000267,17,374,0,0,0,0,,0,
0x19e4e251011617abdb58c1eb74e93bbd5822d5b3799c994e784c4cf2578947a4,repay,43852.4506,0.003023,66,423,3,0,0,0,,0,
0xe47aafe8a8c524ab99f85ae46d54fbfc65a8907ae3c55754f7da248aa45bbd20,repay,6662381.56,0.018868,34,81,20,3,2,1,0xe592427a0aece92de3edee1f18e0157c05861564,0,
0x01e00a28402d055ac72a39d60903a10a8dcb343c124ebc8608dae9a497d785a1,repay,1455662.4246,0.012812,21,103,23,1,2,0,0x19d780210ce1a560fa6c3fd8d551ee947e1a1466,0,
0x91cf808e1d6f9301298b68bf7dc7a3566cee107ec5ebd5c42f2d6d09d14be003,repay,66119.9378,0.012421,20,56,4,0,0,0,,0,
0x26f6972c7543e03ffef68eb4d94dd82240b3c86d2909a91d66775b3f5678689e,repay,1434.921,0.010267,13,656,2,0,0,0,,0,
0x0faa277d5852bca118189906a378af2eea559a8ad9bf7d0338e50d32a9837d71,repay,11445293.4523,0.014948,83,294,18,0,3,0,0xacec770620c0cf8671f4bc8b4a6b01bea9e3f7f2,0,
0xa4e2c6bef9c095e733262f193c38ea1a6aca085d1c8f27b444d7b3740870ed06,repay,7938922.0988,0.010604,1,203,19,0,2,0,0x00000000009e50a7ddb7a7b0e2ee6604fd120e49,0,
0xc56f14dcb140795663b4c9347ffcd21f09330fcc93901ebf9b941fd83829517b,repay,5246.4037,0.005498,31,343,0,0,0,0,,0,
0x7579aa14a06c38cc509ed6964092e28e8172419b954ecbb3e0da989be5aa28e7,repay,7168.4157,0.008143,18,544,2,0,0,0,,0,
0x07912711fc3b64bfaf0a5ef39b37f909c69d7e7d0037383b582310b986924a32,repay,4503.4623,0.008793,81,324,2,0,0,0,,0,
0xc9a90b1cd9da4db2b438206ec1a7c9a9ba38ac7d737625a881fddb23d32cc6bf,repay,10443307.6117,0.06691,0,110,1,0,1,0,0x000000002b0184b12e908bf97941f2f5385c9820,0,
0xf1c97343bff2fb4cd96abe7ec062925ac7c120069d9d2f4c9752d4cc7ddb0d47,repay,251967.8604,0.005554,40,84,8,1,0,0,,0,
0xba3706308c0e5fe2f94ee0368030ef26ee4821311f7f85b9eb612be28b338dec,repay,493624.5286,0.005036,10,255,1,0,0,0,,0,
0xbe209498b5a746e96c7ec0147f6282263345b8e3653439f889bffdb4d3f2a763,repay,367809.2714,0.005107,238,255,7,0,2,0,0x19d780210ce1a560fa6c3fd8d551ee947e1a1466,0,
0x38e72e2704a2929e47e525326290e5b34a6f01f4df2da27abae1c80241476f11,repay,2312.5228,0.00461,28,47,2,0,0,0,,0,
0x7fdba95016ea85bf3bbe7549afc3610f78a2cf5330e89099e3396974fbc8c659,repay,51152.6341,0.009501,8,63,17,0,1,0,0xe6f5c83b9d2005bf14333d7e48d3002fff4c93a7,1,
0xc097e64a3a508849f016df7f11d9263e125c8b6550d1758f3b90df0e78a770a8,repay,674684.5975,0.012632,10,63,24,2,2,0,0xbeef02961503351625926ea9a11ae13b29f5c555,1,
0x13870ff5bfceab97295e09275478c14e2e661549d7c789efad8bdd4234ddd4f7,repay,667383.9644,0.000358,6,157,8,1,2,0,0x881d40237659c251811cec9c364ef91dc08d300c,1,
0xba311d7aa4b9babff8f3b361125595ea3402c82bd1dd12d782ff4afa8c01f757,repay,2291.2928,-0.004672,124,471,2,0,0,0,,0,
0xbc4f800b8696b3f01e0ae7e1689161752d480d315fd73f7e224f07d1e14504db,repay,7183.2288,-0.008642,6,55,6,2,0,0,,0,
0xe6c2b3f4278fe0f85e604967a626fa87d5e4a0693f2dba73d525ce1c7c541a99,repay,9621494.3086,0.015037,2,163,18,0,1,0,0x81463b0f960f247f704377661ec81c1fd65b5128,0,
0x614ab4e56affa4ade00243373386a03e7211f889204b07c85d3a3966d6fd734c,repay,28408.3145,0.00936,443,491,6,1,0,0,,1,
0x22453a7d3c1481f8e93e596057dee00e1e0e51fc5dd8503e15f20cfd12708943,repay,24841.3534,0.005021,31,103,4,0,0,0,,0,
0x9027f340a18532ce8221da84f5ddd3841dc4aea9464eb3046acd3ef7d3a4aecf,repay,8098899.4115,0.011052,2,51,14,2,2,0,0xbd32122bad41a09f2405bb374a83877d8245079c,0,
0x312f8648361101e7bf5cd64fc18324f7cc55512dfff4de1c460b874d688962eb,repay,204491.8004,0.01099,5,152,14,2,1,0,0xacec770620c0cf8671f4bc8b4a6b01bea9e3f7f2,0,
0x00fcbd07f827ce2ee3fe0f120f441536c850fb65631cd8c7b456e0ab7e88057e,boost,13057.1756,0.006722,7,152,9,1,1,0,0x5e1f62dac767b0491e3ce72469c217365d5b48cc,0,
0x0f028415ebbf0f2b979b8fa4e22135ca78ee5545540e20c3a6d0600bb8ae8b9d,repay,309969.6666,0.007135,7,320,15,2,0,0,,1,
0x709c04c3b163a2405427b20ecaa3f6ee1b72b78e5caf36863db3cb0c2364645b,repay,11454453.5754,0.019414,71,102,14,0,0,0,,0,
0xcf16ef01148ce96e13b6ff3534dc7df160094448e86e17fc25e98432363b571c,repay,462957.6849,0.004978,112,363,12,0,0,0,,1,
0x7423a0e9f8c697fe08f69cc555ae7772dfc73798bbd2d9e3138c1985e5d9c8f7,repay,16474415.9432,0.011693,1,45,15,0,2,0,0x49e55995ef73717895a638074de5af89fa1e301c,0,
0xa37fc6d382975edbe3579823cf4583e32611f4b97a4b5f2321d955327be46bd4,repay,43559.8967,0.000568,3,185,6,2,0,0,,0,
0xfa194676788183773a4954f2484e7051fd55def7f358d6ac55906cf389692efe,boost,7627.3838,0.002962,9,96,3,0,0,0,,0,
0x363ffc0a40acbcf6de3b0d7791a69150d4395bdcb6776ad205894e41ac763560,boost,8629.3342,0.006025,4,128,2,0,0,0,,0,
0x50589b988fbdf3048b6b34a4670efb4bac293a1944956d9d0385820c80269ba8,boost,12109.1976,0.00495,9,178,0,0,0,0,,0,
0x4d1da5d2decc1ccf5dfc7c83a381a342cf030757ca65145a910310f857c0012c,repay,500983.7765,0.002997,9,112,6,0,1,0,0xd226997439ecfbeff8e110c8c78c8a7eefd19f89,0,
0xf4bf9e9d39f63c2cf268cda91ed75459edd4aff6544e6334e27c74299e05a1de,repay,105192.9952,0.007068,57,74,2,0,0,0,,0,
0x7bd34e7ea864ad2c523856cfac5612ca0afa19f922e52272fe01a8f0d1fb99be,repay,1158.32,0.009182,18,293,2,0,0,0,,0,
0x32ec2b2aad5593edb31bbd9fff3415b972859615f673e2d96d9a10762d15eacb,repay,24274.2686,0.006478,12,316,7,0,1,0,0xde0e1b36f54940050d4b1b421f8e3e44e40f64e0,0,
0x2c5ed2c6b976e8f9c2d7ba401ef4215ff303101b50246376e091566438052196,boost,7661.749,0.020891,17,46,1,0,0,0,,0,
0xee8ad7f73634a7497cef5a4c6f6e5e19fae2cdc2ab728c714def0405bfeda93d,repay,38853.8588,0.005159,6,463,4,0,0,0,,0,
0xd9cefdad35c3f4e4345dc0bb8428aec967ba94487601d0b78920607a37e6a55c,repay,250840.2448,-0.002771,44,83,8,0,0,0,,0,
0xd6e08d683f2506fa32fa21dc0ce83f2a35fb58249f135c9278d14799f3b8584e,repay,5480973.1658,-0.002533,47,349,10,0,2,0,0x06cff7088619c7178f5e14f0b119458d08d2f5ef,0,
0x44745fb10f035e48cf1f385c9d4b459ea683dc36df6995a10e7a70f6e13927ed,repay,1946.5197,0.005136,209,888,2,0,0,0,,0,
0x683a22e552b4c189dc02a4a242886d5982a5ba164973ff4ab319cc74c2ae674c,repay,179307.7816,0.006833,22,62,17,0,1,0,0xac9f360ae85469b27aeddeafc579ef2d052ad405,0,
0x486dbd083732c5ef688c37826063ccfa5a1afbd49dae82c09892afe2d68f2430,repay,6251.4842,0.005301,77,87,2,0,0,0,,0,
0x05132100448a715e75869a6712b8bba1891b5f1c487d61c98e0ed9aad05a33f5,repay,6818.2102,0.004369,77,140,12,0,0,0,,0,
0x066f859764336c1b755378b7e65ad500e0969e56420cc100d4981f0b2dc577fa,repay,89972.5318,0.009252,30,137,20,1,1,0,0x95324830563c01f740eb2ac6f7cc11e4ec798dfd,0,
0x7d26e4d22f600a138ea2aac4666bfc0ba7a5583cedb20f7afed38395a156e510,repay,21727.7682,0.002192,50,273,5,0,0,0,,0,
0x6375183aa139ebb3493ab0b71d78d9addf497e109b753bd4228c864933af2411,repay,344139.3175,-0.001158,2,329,6,1,0,0,,0,
0x902b10a72af44178bb91afc1b2d1675216b3540efc04d4f323aa03b879cbbbbb,repay,13134271.4459,0.013045,2,38,16,0,2,0,0x06cff7088619c7178f5e14f0b119458d08d2f5ef,0,
0x6e97112365e2be0d81b66b18f33f16a7a3d1bef09ace48d61a84f38038fb174f,repay,35405.7925,0.008454,31,89,7,0,0,0,,0,
0xb7241b8a3333ddc0bdd52d6a308828ffc5dc87526371a353bdd90e6679b39238,repay,3963.6399,0.009407,35,175,5,0,0,0,,0,
0x2efa3a71384d058d6d4329f7237a50390b36c168cb3f596d7ef4521aa8c875b0,repay,407294.4839,0.007827,36,175,2,0,0,0,,0,
0x35d0144a8db990cd2250f452e9d94231bc9801bcb353a0cf27113bc81df330c9,repay,24253.0075,0.006021,50,218,0,0,0,0,,0,
0xa3e15d4cb0d4a9d503479dda0d1171677c1f726f356462acb0c8fe98f768e71b,repay,118398.9521,0.003242,268,555,2,0,0,0,,0,
0x07f955138b405f28aebd8212b747cf79d5c13c8f5a779d1b6fdc1b9f592f0f15,repay,21231.3149,0.003689,19,82,6,0,0,0,,0,
0x5cff5162597383427e217a2a0070a7a8305724f6ba873b577dfd1fa70b6ad6fc,repay,5425.9486,0.011643,18,106,2,0,0,0,,0,
0x2e5540cf8d31297d36504a60be8b87333cd08ebff1b08e189bfde048cca1aeb5,repay,4027314.2571,0.015375,2,29,17,1,2,0,0xbd32122bad41a09f2405bb374a83877d8245079c,0,
0x901eb1167ba8904b7ae18c0196a12f5d1af2b1aca113f2d8a8dcc010b0aa70ea,repay,152602.8989,0.013307,33,103,7,0,1,0,0xbbbfd134e9b44bfb5123898ba36b01de7ab93d98,0,
0x0eb310bb94afccddde4925a0a98ea4740a92d667de232b0aa84776493824de25,repay,242264.8137,0.016901,40,103,15,1,1,0,0x10ae4adc14e6806cf5c66fba8f86ceb2cc5a750a,0,
0xb962c14bc9896f102881ed2507be164c8a784a17451bd5e43ebef1cb708d7f05,repay,11933804.7198,0.013041,8,41,14,1,1,0,0x06cff7088619c7178f5e14f0b119458d08d2f5ef,0,
0x6a12c1deaf803800449337bf42cea0e959e174da3498d480a99da2711f1a174b,repay,378065.8523,0.012767,29,64,11,3,1,0,0x00000f91109c4d0007e90000d9facad5298a0cac,0,
0x5ac8ed8eac88a011ebb4665d458286e7d118505ef1be3d6d62025cd834ef3ec6,repay,353610.5808,0.019642,77,267,6,0,1,0,0x81463b0f960f247f704377661ec81c1fd65b5128,0,
0xb93aa076ed67fe2e10fe6b483efee3662d28f76de128acd5efd5f9326988e95f,repay,17483.0884,-0.002016,44,87,1,1,1,0,0x75804bc26c185b2df19bd100d91290176b31dd48,0,
0x5bdeeaf679439b988c74a0a32627f06c8fb6cbe049f40f0815f8294a8dbd042c,repay,37438.4735,0.004151,13,248,1,0,0,0,,0,
0x04e80845222262271d93f443ce8e7abebcfa310c01feca70d6ce6f0be4dffebf,repay,2341.9576,0.047219,19,304,0,0,0,0,,0,
0xa2ec935428679b00f4462f3dc262ae177ac29b0930e443c095df142bf4431f02,repay,6331.531,0.006209,35,95,9,0,0,0,,0,
0x8b92a475e69361e53802d9c829e2e3b40e3f10a78657ff987136d4805e103c4d,repay,31346.9897,0.005365,2,226,7,2,0,0,,0,
0x8ebded573172cd7d5ced47cfc9d4ae066ec45dbf9e709310f60eb67fab0e03ea,repay,1727.9615,0.007687,14,149,0,0,0,0,,0,
0xc7138265a76c3e2b61025ed3e6bd5af330112a86c2b5a8e934f652870f2f764d,repay,14602.3613,0.003194,58,215,1,0,0,0,,0,
0x7dbaccb78908d0f684c3de930fc999ad75df9fca91fd1d4a01db73642c914872,repay,4196.1697,0.00956,7,192,3,0,0,0,,0,
0xb5a61d227ddbbad22216389ab08883e858cc3f8ef3e4c6b9e0a0a8f70baa892d,repay,3338803.4349,0.01126,11,102,12,1,1,0,0xbd32122bad41a09f2405bb374a83877d8245079c,0,
0xe94a5b274b97f9d28bc3c2f55e760f6d49301f5c510a3fef3790092fed398ef8,repay,14154.3089,0.000584,13,94,1,0,0,0,,0,
0xef6681aa3169bd460e722a03ddc2727a8c62508e1715f8399f9c94b17de14f92,repay,20096.3299,0.008518,29,424,8,0,0,0,,1,
0x9fba90afbf9c7fe5cbb00ec189bf5a8a653d663d87ce2a074db579c12b0b99c0,repay,64280.4138,0.007696,341,424,8,0,0,0,,0,
0xe0bb067de660389ed56e102bfbeab773e329105e5b079101344d4b03e791ee20,repay,197944.1571,0.01321,12,219,12,1,0,0,,0,
0x25b7a01d786d51c6738d420a8865ac5b8532e959db88be92aea364e5ae5c619d,repay,152653.2919,0.00876,59,84,15,0,0,0,,0,
0x953070679564c250e84d92f908cb12650969ae996d634f2306fbd3e0cbd784a4,repay,6294.1366,0.010143,303,311,3,0,0,0,,0,
0x64dfc391820d86086070e468106ccb2b61adaa196ae0c77fd3a4fff3a78b76a0,repay,11866.9577,0.012901,28,311,1,0,1,0,0x3d90f66b534dd8482b181e24655a9e8265316be9,1,
0xc1332bd60b1ab899fe59a9edc824dfc35d700f51da9633ac3e0930b340a96862,repay,24009.003,0.003244,8,206,2,0,0,0,,1,
0x895481aa156076101664b3f2955a987fb7d3c729130b8e3f5c7ee3d33d0b7f19,repay,10836081.3368,0.024597,12,206,20,1,0,0,,0,
0x683f56c8037726c2f687ceceb429c909853488e2a2d98e3367bcab65ccd27443,repay,316222.1705,0.005035,8,356,10,0,2,0,0xbd32122bad41a09f2405bb374a83877d8245079c,0,
0xcbe0c1ace35f82257468007761aa8b6a12c55a802bd9700e244cbf2ec631d6dc,repay,36282.8783,0.009302,19,247,1,0,0,0,,0,
0x0bcf03d20db64c37da0a57697a4a1769fd4751220ce6e7a9a930f162d8945431,repay,232198.8473,0.00983,21,110,8,0,0,0,,0,
0x0fdaf5c33ee4fc4dc25f74d7cf0e5574736c82aa88d1030332a711fdd6779d08,repay,6913.0107,0.019204,6,126,1,0,0,0,,0,
0xac6916107d52f4a3bb17cbb3addb36aa13dd629386ce171962356c11500a36a9,repay,18859.5493,0.002412,86,674,1,0,1,0,0x66a9893cc07d91d95644aedd05d03f95e1dba8af,0,
0x19ebbc3ac21d3f5b1dc90268ee2006e44244abee619d193805d59f6e2f1c78f7,repay,32742.6979,0.007385,9,280,11,0,0,0,,2,
0xd3c017236094994ce94c535847eb5af59d297dbe15bdafda832b3412bf0dd56d,repay,85645.7458,0.008753,10,280,12,0,0,0,,3,
0x2eb8d340163308c0e0cf7b3e00fbcd20ea050e520e755dc754665e02eb135581,repay,3011.959,0.0205,32,160,0,0,0,0,,0,
0xd1b7736edf665e92bc62af419da934a6afe38ca7d3357d700b48c9115fbcc419,repay,2804523.9281,0.011466,1,51,20,0,2,0,0x00000000009e50a7ddb7a7b0e2ee6604fd120e49,0,
0xd67709baf65ca3eb61310c0fd869bcf32659069c26f4e2942d278dba2af74b0d,repay,78250.0744,0.01634,28,42,0,0,0,0,,0,
0x9f1cfbbc3a87b75b149f1b7527b811929c0fe92db68442e91064f67ece330d76,repay,16219.6557,0.020088,33,421,1,0,0,0,,0,
0xe02771577bd7169d59add3eca2bfcab8849b7f35312fa152fe86762bc66f8367,repay,206924.5708,0.014258,20,122,9,0,2,0,0xeff6cb8b614999d130e537751ee99724d01aa167,0,
0xbe3ff75a9761fc15f9833ee9786c614a4d15a32552178f3d0ba21327968409ad,repay,267721.0525,0.015753,36,122,9,0,0,0,,0,
0xc1f30de5476b51236f84b43fd9a9baa93c0768cb7e754053a0e36969d84e6067,repay,31915.5412,0.017739,4,419,0,0,0,0,,0,
0xedc121558699e082fa79da47a4037babbe91f6e28fb30b37f1a5a8d89de60b31,repay,16101.507,0.026684,7,74,2,1,0,0,,0,
0x5fdda1cad357373bb15d0bdac0881c65a77072b8c2d86c632f80607a036059a0,repay,103826.573,0.015267,11,74,3,0,1,0,0x68b3465833fb72a70ecdf485e0e4c7bd8665fc45,1,
0x33380787882712462a4543df5d158355b831cbdb68c9fcf7af932d172680d0c6,repay,67936.5923,0.014205,14,64,2,1,0,0,,0,
0x24347f6edc1be80dcd5157b7165c637c551bd0277185d49f4aee6b6280ca70f4,repay,438517.7914,0.006729,33,316,3,0,0,0,,0,
0x96c1552cb1d732c9fb79df4963fae6a65f62b4068ee0a5251df163e5a19541ba,repay,234056.7611,0.011773,24,297,10,0,0,0,,1,
0x4a436c3011f095057536dc277e678d611255122f901279d559696bba6d52aba6,repay,5537.8341,0.023347,23,598,0,0,0,0,,0,
0xd1f8256dc864c1d139ced04616eb423846dc33985e931682388efd930ab65493,boost,13577.8744,0.014926,25,598,1,0,0,0,,0,
0xe54c30fc7dce12f28480e82f38bbcce8888c3bf3a39af37f78295ac28a35f312,repay,7221.9057,0.019515,24,31,1,0,0,0,,0,
0xef9a22b87bb9265c6a81a3dc545fb3c447b429a14498d5bb506de7411ce25b3b,repay,41548.0198,0.009458,11,292,1,0,0,0,,0,
0xb17b828eb543d5998d7c63718cace97806e109fdbbcef1c6845bc751ba26e7a9,repay,5314.6832,0.028214,13,292,2,0,1,0,0xcf5540fffcdc3d510b18bfca6d2b9987b0772559,0,
0xbce7eb296094ffeb536c7016d783eb893454f7f0d7bad3954eba12809cede908,repay,8393.9595,0.006125,35,210,2,0,0,0,,0,
0xfcfa05c142b790706b3ae138ed0a8e23c357b2b4e3e2c1f92e2397932c884c7d,repay,5121.3274,0.031819,5,147,1,0,0,0,,0,
0x619a2bcb671213c256cc36b5805e695022f089e8ee1a71ab523cb8ffe099ac38,boost,2896.1402,0.021334,14,171,1,0,1,0,0x881d40237659c251811cec9c364ef91dc08d300c,0,
0x093aa33dcc8e5053686248924ef056e02579bda88ebd8703cb6e0810f1dd2bad,boost,1849.6973,0.008495,54,363,1,0,0,0,,0,
0x087f93707b568ee398edd652da2e35244ecc27f0da04bbec1de59ea45aad91f1,boost,3798.4724,0.003147,27,128,5,0,0,0,,0,
0x2ee2d1bdf093497a7334c71af420ed561921ae4c777b758db9827b067a10726f,boost,3415.8812,0.009382,19,428,6,0,0,0,,0,
0xf274164843023467b0f4a55980e74c321c169dc2e605dd19dd0384040ac1989d,boost,68139.8407,0.00998,34,545,1,0,0,0,,0,
0x474b4906b9d07c3098858fadbb08ccd085f53d9f09a8bca9de9e8e242d1f671e,boost,2386.1266,0.006779,29,310,2,0,0,0,,0,
0x18b3ff099c09100c72a634b3d0f7776e6cd93957afa8e6f11fde3928665bdc17,boost,2027.6712,0.007072,81,310,1,0,0,0,,0,
0x3b519c0e95acfebaec5c6a55049bbe48245c2e93485918569fce06c9c11bdd72,boost,6763.7996,0.00766,5,556,9,0,0,0,,0,
0x758bf090ef704aa2dd39d1509e8292644478520c2206704a5937af0b845fe751,boost,14580.5507,0.001097,4,342,3,1,1,0,0x49e55995ef73717895a638074de5af89fa1e301c,0,
0x27f996106fcb09330f5d6ac301206bcb2686a620825bfa9a0ada79c25b36fdc6,boost,4303.4742,0.004455,16,342,7,0,0,0,,0,
0xd1ac28cec27edc3244031e401ee4cd379e2452cbe07e804fb7450b9ff497fba7,boost,24464.6008,1.2e-05,338,342,6,0,1,0,0xfbd4cdb413e45a52e2c8312f670e9ce67e794c37,0,
0x99fc79d57c34389c6d91ff92f58f17ab09770d9f9c4ca08d3678a5335dc53aa3,boost,4117.1468,0.004294,19,440,3,0,0,0,,0,
0x2b6978f45414479a65c67071f9c02a787c6cf88a9cb8c2b38486c6216e649a85,boost,36955.3213,0.006939,369,582,11,1,0,0,,0,
0xa060b26b326cbe41c66a16b0e4d1f31b17db987fe37df4a0310bdf59f1bf8371,boost,1470.8107,0.004814,5,292,2,0,0,0,,0,
0x21d574980467cca24bf276c84b544284f0354938052667875653c2c99aebd139,boost,1398.9153,0.004291,8,212,2,0,0,0,,0,
0x3e8915c6097ca0dcb9aec25fda8c8e13091d8ba7414677037f04af6e95699b41,boost,1391402.9444,0.005238,2,189,1,0,2,0,0x49e55995ef73717895a638074de5af89fa1e301c,0,
0x9e18ab6d42500666c295b935f1c4fec97e8b3c80715169831103e198bbc87be9,repay,1659.9328,0.00597,170,610,3,0,0,0,,0,
0x3d11aa8e9d211ecc94f7ad5b5193d1434f8c8baa74fbc7a1f9a211dce5a013b0,repay,47422.9994,0.003398,184,610,1,0,0,0,,0,
0x9b855f9880574fde7b88cecdce0e210187cba7fa4b1b4ccdfc79f09dc3ce9e03,boost,40341.2014,0.005205,97,224,5,0,0,0,,0,
0x743218615d31a5906e9f71e345292acf6c607a116faec3a8b959eb69c7bfff20,boost,1441.5396,0.001285,16,415,1,0,0,0,,0,
0x1c2978bebe149b63486ed74e7d31bad69d3a2d0476e5cfa4244af71438700c18,boost,190085.0185,0.003773,5,400,6,0,0,0,,0,
0xbdce1a76e638934a1560f3fb7f392373df04a0e4086973d33af61e57c5c60f8b,boost,161237.9604,0.00376,211,300,6,0,0,0,,0,
0xd7e38bf347daf822e12e229c75be763c346ffbcb3a61f94870a50fc29a5738e8,repay,26904.818,0.00428,5,88,5,1,2,0,0x51c72848c68a965f66fa7a88855f9f7784502a7f,0,
0x43d097e646e2fec4f25ec361e6ff3032b6bb5a35e699419bf85520741757fd2e,repay,1589.6367,0.00203,23,68,1,0,1,0,0x00000047bb99ea4d791bb749d970de71ee0b1a34,0,
0x8841d88c49007b22ccf85cbb3a25f79d8d625f18bccad381894398da04ad50cb,boost,11209.3179,0.005674,10,87,1,0,0,0,,0,
0x8e3401a5b2e459c5e0f2f1ea4e020dfae8bddfba61052d0d13381a9f446e70aa,boost,26193.1862,0.006368,30,230,9,0,0,0,,0,
0x1040b1bb5587b7fc6cbfc9cbf5c0e0ab9c360d0a56e1ee4b2c94b85c452cd92a,repay,35209.1612,0.001468,31,91,11,0,1,0,0x0b3da2ae835d25127ad31ee9115b6bc84f7f3c83,1,
0xb526c7608bfeba671265a2ed7e70e7be871d593d860b301f129416452874cf38,repay,237435.8409,0.006397,36,101,8,1,3,1,0x9a6fae683549309386b633275a4f6933a022a092,0,
0xbf2ff87f5fae5e684df38058ff65a9e1ab9149b2864a967f6ae4d7d5ba68ef19,repay,39504.4998,0.006164,25,176,9,0,2,0,0x06cff7088619c7178f5e14f0b119458d08d2f5ef,0,
0x393d40a2f889b6a6b34cea78377812b6c90becd4ff0369de1027fecc21fae538,repay,12199.0634,0.002974,14,171,1,1,0,0,,0,
0xe8216af421774f7122739e6aa1a6f9372a9684947c1e9690cadd7a3feabc0507,boost,31460.8735,0.003532,19,195,3,0,0,0,,0,
0x16be11c6ff676944c98c3db4f33333d95a55c9a643eace58ce3820fd4f03005b,repay,36351.1282,0.003639,61,158,12,1,1,1,0x4c694ef2a0bde72152071d0641e86b9f8e8af839,0,
0xe0822e349089a3af46b67f06aa5f55b19cfbc06542fbb4ef504e8d63851aaa35,repay,19356.2144,0.002037,54,101,7,0,0,0,,0,
0x5bc9dc1ac74ada01ef39a1dc9ad6321882849db923ce10a0650c31149b316a5b,repay,43772.6335,-0.000965,45,147,1,0,0,0,,0,
0xa8c069aff2804486df514781ba2006fa8b314909dc8e73250c11eebf7dc58076,repay,5165.1085,0.004228,128,379,2,0,1,0,0x8a6df6c629cf940b0cc4a32101caa4a022e80234,0,
0x5d042c2112765ad94d23c5c3b2164ef5afa2eab1d92b717b537fcfb865d7563a,repay,17799.5219,0.002397,160,292,6,0,0,0,,0,
0x3fa2f9e41b5861f64318bca82d08f7378c39ab8d1cfeffd3ae2607e7adff84e5,boost,3964.7487,0.001679,20,209,3,0,0,0,,0,
0xbea5b2a0eac77c1c186e4ef0d5f1d381b25db2cd2aa59060433036cf57ca1b79,boost,6381.1527,0.000732,17,525,0,0,0,0,,0,
0x462d00517fdbfc7f561a6c69a67f4523ca39edfa5dacacb7357bd8c15330534b,boost,14005.2989,0.003051,1,342,2,0,1,0,0x00000000009e50a7ddb7a7b0e2ee6604fd120e49,0,
0xa76d7251b8ed406aa87adc7ff9d23d8980be5de6c73808f6b6c085bdfbb25db1,boost,8681.7481,0.002568,22,241,3,0,0,0,,0,
0x2af74299c0845ef03dec9c20dfe63c06ca1d408469433d2eca780cba89b4b5df,boost,4196.2547,0.003756,11,331,3,0,1,0,0xbbbfd134e9b44bfb5123898ba36b01de7ab93d98,0,
0x487efe03338e8d32255e2564b5419404c856f75d9d7e86a71e9ec53ce7ab0dd6,boost,453260.3558,0.004586,0,295,15,0,1,0,0x50d3865a63d52c0a54e4679949647ea752107390,0,
0xf78ab30a1146d22ab63c9e513fc5cfdd91143cf26d60e63c29dc7f68f530d11e,boost,151730.1557,0.004608,89,277,12,0,1,0,0x95324830563c01f740eb2ac6f7cc11e4ec798dfd,0,
0xe1cda6eba52a720bf474c029ec62e26e763c33ddd7efec97cd5b320cb81e3073,boost,1443.6635,0.004003,86,418,4,0,0,0,,0,
0x4dbd238ede5becb20f1bfa43d2892f5772fe0e3be80aa714554fed7e3293f878,boost,1245.4938,0.004351,4,469,2,0,1,0,0xbbbfd134e9b44bfb5123898ba36b01de7ab93d98,0,
0xebcb4e93bb9c0f5df2b7a7c5c2c3243ba5627bd595b217924db560a6f1dc4994,boost,3803.7296,0.00547,7,469,1,0,0,0,,0,
0x43f5b8ae455faeb1553702f6425fa4d6184ed714138e1a1aa3282a6741af0626,boost,1422879.7855,0.004911,8,100,9,2,2,0,0x49e55995ef73717895a638074de5af89fa1e301c,0,
0x7ab5a39b1af0670a1252537921e4c8e9ad27ee45c46220b544ccea693641b457,repay,1676.6356,-0.002354,16,309,3,0,0,0,,0,
0x3ec37b557ff9a08db38de9b01f60a902b64aa74c20b9faca64a2743969912be9,boost,4378.6014,0.004742,125,437,8,2,0,0,,0,
0x15cff35c55366306d14f9b470df78ebd272cd7cdda6121ffe1c87f6e6d1acf61,boost,1316.4503,0.005847,65,331,3,0,0,0,,0,
0xfe6f0329c60b728c24b65ca7ba3dbe60a5196a098002d7d00d0db8bf055d9db4,boost,137324.3975,0.00163,51,325,0,0,0,0,,0,
0xa8ff946831fad6b91dec0cbdd64077f6b0ca28e374349e54b7c72db99f93fd4b,boost,431778.4131,0.003646,52,325,4,0,0,0,,0,
0x7a591d8bdc6c53d05c488525fedda4a4fbded8b56a3d69e0fc9de52ec838c93d,boost,4200.6973,0.008125,7,549,3,0,0,0,,0,
0x724df8ee0c4de27abf1a685af85c75cef8f81d36c1b7e2a306c7785cb0f6e452,boost,4280.6759,0.00816,82,189,1,0,0,0,,0,
0xb17365da6457b38f86f64d62ac229fdb72fb54787319c5abdb0e873aed12583c,boost,162816.166,0.002944,80,94,9,0,0,0,,0,
0x8f860d0673ee91b2d95161c90069b8e2b3080461eda66d68642605ee43a8d186,boost,1331730.8427,0.00365,13,102,7,0,0,0,,0,
0x31d239b6c826ca95fc731f093c811753d5474aa9c465160a1d45982fd6780435,boost,5225.2816,0.003964,19,100,1,1,0,0,,0,
0x6c82cc2b5799d4d82a638b05938248d55e07b632fd97fb73a5c78d48a9da13b8,boost,8288.6115,0.004669,8,223,4,0,1,0,0xfbd4cdb413e45a52e2c8312f670e9ce67e794c37,0,
0x6fede15d8e6d29568d6e9aa940e0dcc5a1c7143f6a333ab23df716558a40ac12,boost,43045.0418,0.003366,23,356,12,0,0,0,,0,
0x3be7fa9e4e99213cb070897264376af52442c341d51e0e205ce20e7ba51133ae,boost,1485.5177,0.001769,115,328,0,0,0,0,,0,
0x060e1ff9baa91ccbca39b7377bc2c5750acad440432b295dc877922f63e0a2a4,repay,39711.9528,0.003158,10,103,11,2,1,1,0x51c72848c68a965f66fa7a88855f9f7784502a7f,0,
0x2775c879da678580415f9c52880d5a59aa755db027de9bd31efbc81a2a512b3e,repay,19735.8184,0.004788,89,389,6,1,1,1,0xd226997439ecfbeff8e110c8c78c8a7eefd19f89,0,
0x3f260c20f1c56583b7fa5de977e3b311901b9ac7420b6647dd92b3a79a1cf459,repay,17406.8039,0.007942,65,391,11,0,1,0,0x51c72848c68a965f66fa7a88855f9f7784502a7f,0,
0x2068dc09df20b1a6cbdc97c191738af9c94e1ff71c9a257a2256b55532e44c2e,boost,21527.093,0.004065,11,269,12,2,1,1,0x51c72848c68a965f66fa7a88855f9f7784502a7f,0,
0x4d4f77fbb343403781ce25634af54eae7bb95a377dfc2346dd636f9ffafa7b2f,boost,43542.9863,0.004927,14,133,5,0,1,0,0x49e55995ef73717895a638074de5af89fa1e301c,0,
0x68850ab45fd85092a36f4726a728bcf3857681b42ea2072d39245b839d0e1c29,repay,175778.9984,0.006328,38,87,7,2,1,0,0xaf682de1f2e6f710731121a05a44cb3c1b511f7d,0,
0x5909d2ee16901101c7bb4c69ae5edd617da5bfd632fc827c10cee7a76345f3e8,boost,52098.3817,0.010789,67,162,11,0,0,0,,0,
0x41ff3ef8a189e06af581986ec9ae0287f774c6c3af41b5a7f73b88077953bc8e,boost,3855.512,0.002408,110,620,0,0,0,0,,0,
0x66ba3023b89de1fdbadddae77df25f2dbf51328f25a5986abd15ea93e4eaff45,boost,3923.5145,0.005589,4,113,6,0,0,0,,1,
0xe8a032b6de3ea67e7ae58e468e4ad1d079abcc57b73ad543f2a38e99a2fa27f8,boost,144514.0874,0.004702,7,606,4,0,2,0,0x06cff7088619c7178f5e14f0b119458d08d2f5ef,0,
0x9b73bba032ba46f48f84759e2040c46de95a94df3f39f9addb13b1cc94988f54,boost,13830.1336,0.002794,34,556,0,0,0,0,,0,
0x940757d29fb1f6d2d580931f354121272afcb31fabb24d69980c6da8bf81ccac,boost,5047.545,0.006283,7,338,2,0,1,0,0x00000000009e50a7ddb7a7b0e2ee6604fd120e49,0,
0xf0e9c890286cfb477fc52a4c7d41aa195d996346cf620f6bf6b320278a96073c,boost,5035.4854,0.010418,21,432,1,0,0,0,,0,
0x5d9446158554a1525ebb704d55858fdd99678dbdf632a60c37c806ae398bd526,boost,5496.1434,0.003972,223,767,2,0,0,0,,0,
0x3f954a3de6a16c6c89fcea9929ed22b01e1243ed99bd6eb9712dec6c1ec23afb,repay,18950.9526,0.002558,0,453,6,0,1,0,0x06cff7088619c7178f5e14f0b119458d08d2f5ef,0,
0x2f71794c39c7f5b5c32fa06f437c9260594a1f40965fda9bf50ff29851c8e34f,boost,9126.4257,5.6e-05,17,394,1,0,0,0,,0,
0xcbc89a5e17a0a87ee8a85a5da7b52c11f7e6973857a93ba7c39e06ad94777226,boost,5059.2065,0.000807,55,394,0,0,0,0,,0,
0x1d830438f047893a21cf75edf9bf86491d10c15f2d56b9d3c053d99e84d6db70,boost,3997.8364,0.002978,52,180,2,0,0,0,,0,
0xcf6935ce196a768bfd9a13596e925c51f650e1c38564bc1743d4bbf902d2c614,boost,18855.5287,0.004475,70,395,9,1,2,0,0xe592427a0aece92de3edee1f18e0157c05861564,0,
0x635e0f3da6d44cec6d10f74377a42652afdf72bce9ba67712f10de9664563821,boost,1727.3933,0.006439,22,98,3,0,1,0,0x8a6df6c629cf940b0cc4a32101caa4a022e80234,0,
0x65da6e108200759fbf2601fc9c1218fdc7e716c51ac29991c0b1d758ef15fe2b,boost,1801.0082,0.0068,30,376,1,0,0,0,,0,
0x20ed306bb7bbbf3a26a435e45665841a6472a83417c797d3572ae056dca37017,boost,148186.7144,0.004374,128,176,3,0,0,0,,0,
0x520101302b44c780ad99735ab38713d08ce3a68e3a6c6f491d7e8c40d9f7e855,boost,5552.274,0.0023,22,230,5,0,2,0,0xe592427a0aece92de3edee1f18e0157c05861564,0,
0xa5338a586de4a15481b6d3f4dfc4aeeef87fef21b5aa752848bad3d3320e5e3f,boost,157960.9258,0.00113,146,210,8,0,1,0,0x06cff7088619c7178f5e14f0b119458d08d2f5ef,0,
0xfb03829bd6c08a809026e31b45220fecf29104e20ce8be2d40bfb60b11c11faa,boost,2973.1612,0.000467,8,391,1,1,0,0,,0,
0xe7aa6ee4dc73ac2e3aa23f943c78f2566a8488ddc2e21a951eac63f230f20310,boost,4259.8907,0.001196,93,391,2,0,0,0,,0,
0x3eb16d82718146602ee4b4011be2e97acdffe8221451bde27814865bfcc496e8,boost,57430.7183,0.0016,3,281,1,2,1,0,0x00000000009e50a7ddb7a7b0e2ee6604fd120e49,0,
0xb940aeff86f9273bc7c63e232cfb2e170ab2716740fad616b5ecf7071d63b303,boost,6065.9407,0.004499,202,406,9,0,0,0,,0,
0x5c395976ec27ba69f93a141c93583d0a120832880850f78695a9f6a501b56541,boost,2257.2611,0.002974,5,125,4,0,0,0,,0,
0x76ee9545a7af9d48918a3007f0b038d4e6c1e239525d71cbea0544b653c82fcd,boost,1588.4407,0.005003,135,248,2,0,0,0,,0,
0x5487b2690113ee94098add23d8541808ac266f5c496d0d420646a27928557a15,boost,4686.5045,0.000403,106,214,2,0,0,0,,0,
0x2177ec6fc172ab3c089a00cd854bc0e3a3a4d9f8fc76ef4d6b9cf64b1f3cb87e,boost,1647613.8795,0.000968,8,405,3,1,0,0,,0,
0x04611146a69bc4f67f73c83acef5015628c20c3366ef14b82b4bb58b2fd97baa,boost,9909.6183,0.000796,10,405,1,0,0,0,,0,
0xacb8149520c119e4899a2ad3066fa3685eec42823330fef96e8fca20eed5628d,boost,27130.5766,0.000818,11,460,5,1,0,0,,0,
0xa8388da00718782e82b78ea41adad1c8f570fadefeeedd04d337ec03a99ac417,boost,44613.9528,0.00153,112,643,2,0,0,0,,0,
0x2db06fb86cc72af39b23ec39231b2f137dea08299ee0448af75258fd9a674d85,repay,49625.9437,0.002806,16,61,22,0,1,0,0x68bcff624bd55194a78f0a9e686d6183d0957869,0,
0x50aa8e4ab8db5dd0c989a65d6f830fb14d09c9426fada1be2e8dc005ad72648c,repay,25623.5004,0.004341,284,514,1,0,0,0,,0,
0x2b3bb300d165978d3d2756ba902261bf1a329964714897760ec6b815331fa363,boost,5442.4677,0.002269,225,580,4,0,0,0,,0,
0x2163d33a34e56a70d7ea4a39513d2338eb8b58494e3359a62bcf554e6b04937d,repay,51894.1617,0.005183,211,295,19,0,1,0,0xaf682de1f2e6f710731121a05a44cb3c1b511f7d,2,
0x48aa5396e06972118a4b862558ab3a5f379a4d095ed0d529012a2b9505eb78bb,repay,1982.1885,-0.000826,171,233,0,0,0,0,,0,
0x664d6aafd92381cabe8cf355dd6144ab8eef58cd4e39b94a6b5e7d592e30f537,repay,32698.3139,0.003753,50,421,1,0,0,0,,0,
0xd6447ca3e363c893133a7ce732b0c1489958ea3cdc322bd8f6eb39314ed5bde7,repay,5704.7521,0.006478,4,550,1,0,1,0,0x42e213a3ad048e899b89ea8cb11d21bc97b84748,0,
0x324fdd0bca6512b0def1af5ea953c8220d02972c4a9b40908ff299a9b759ceb8,repay,3572.8464,0.002807,79,177,5,0,0,0,,0,
0xc356752bc4aa2fa9ed515e76dfd6f7a3ec0a4a2c02150f90d6ec09b8898ab9ce,repay,1660.376,0.005058,34,231,2,0,0,0,,0,
0x52f8c056fad6563f22cc2d4aa6920b53d28171930612231ed4239d66cc891e2e,repay,21067.4449,0.001432,199,340,0,0,0,0,,0,
0x22e084db6a35e948a7301c8081be79a7c0da5fec59ab662a878a92ddd4486681,repay,32487.6753,0.001754,90,417,2,0,0,0,,0,
0x6340066eca9da31be9c9f7793532890a56a70b1e1e313e4d49db54397cc4b2c9,boost,34084.245,0.002576,5,581,0,0,0,0,,0,
0x11c727b193dc48a436ee549ebe8683331dd09a73deba2f378e65b64d9eb2223e,repay,15948.1959,0.003189,79,140,1,0,0,0,,0,
0xf267f6f71de240652affb78f595a8a837a31668867a58c575169a8dccaa3bc64,boost,6987.6141,0.003305,40,82,1,0,0,0,,0,
0xafbc3378f453766ceb85cc46393fa1379344f39d667a00c01a3f892ca46e87c3,boost,7610.2017,0.002806,258,483,1,0,0,0,,0,
0x637792487dd2bfbb6384872792372727cb4faf1288ac13cc4ac69628776e2bf0,boost,17050.7494,0.004288,422,547,5,1,1,0,0x36331e299247e5d0d3261e1d9852f6e0cffee95c,0,
0x05e2bc1c3628fd7429ae7e999b465d6b2bbd3205c85f24111f4644df9dedec30,boost,134858.1842,0.003349,17,418,16,1,2,0,0xbdb3ba9ffe392549e1f8658dd2630c141fdf47b6,0,
0xef8b3e56b24f3745095ec50f012942411a9efb2c06a5552ac4bdea2690865f22,boost,1703.0555,0.007493,44,439,1,0,0,0,,0,
0x1f2a62256dfdd44184a5685da319294ee7c1b53f34d2baf5b13d46744d9139a4,boost,139650.195,0.000785,5,320,0,0,0,0,,0,
0xfeca4689a6cb11012012514cadd817907ea9e8b2e0fb28eabdcd1fab6b827437,boost,5434.1001,0.008613,11,474,2,0,0,0,,0,
0xc7562942b41d4eb4e8e1cfe78249d81bf9fe8a6420d833a75b1d1d6106aa96b2,boost,136734.296,0.007187,85,574,1,0,0,0,,0,
0xd484ea64c1889102269bd62ae29c28be02cbafcea2a061512662519838a78613,boost,11879.2024,0.000324,87,261,7,0,0,0,,3,
0x74efe31de75ecb2b3495a955a1a02fcee682a370aae9a7144919d29ab43d04bf,boost,1694.1536,0.00365,88,261,4,0,0,0,,0,
0xb5856331491e7bb00ac99a7c55584bd9cec69efa3c56eb0b74143494ba6b59a7,boost,15616.8873,0.000844,89,261,6,0,1,0,0xaf682de1f2e6f710731121a05a44cb3c1b511f7d,2,
0xbfced62aef394537c354f747d712edd475e8289a65354afb0f69bd0e6bc59733,boost,2949.2984,0.003841,90,261,1,0,1,0,0xaf682de1f2e6f710731121a05a44cb3c1b511f7d,2,
0x67777cffe7eda9ee28ede23c97db82f9c6f0cab20d6ff8de9f60cc8aea7bd34d,boost,1790.1043,0.004225,81,537,3,0,0,0,,0,
0x1fde871438ab0fd91eb815d6803a4f3e163deefe5dc7defeca2e1dfa58e523d6,boost,7407.2317,0.005229,45,217,3,0,0,0,,0,
0xb4f3b42fa50b8adb3ef830c95643a51ac2179e19fcda1480a9e8f32be08ff7b8,boost,5988.6448,0.006466,39,189,3,0,0,0,,0,
0x5c30b339caa9a0940cab02ed0422086c5b1092ea67782683bdcec37dbbd6a324,boost,4410.5481,0.003235,96,304,0,0,0,0,,0,
0xab9a7d6a4a564c5087cbb6e1311a17d8fc9165ee96474e58ae7217271de323ae,repay,6422.8512,0.001258,89,162,6,0,0,0,,0,
0xd69967a176edaef2158b342db8335d8ce33b7f8bd9c9998c426a2bd009e456e4,boost,47922.0704,0.001486,12,230,0,0,0,0,,0,
0x05dc8711e4058cd0da422d8f671f7155dc0cbd84bdffaca1365ad6c80ad502cf,repay,21473.4807,0.003196,17,842,1,0,0,0,,0,
0xf3bdc8a467a660e55f38f4e07e891bfe6396ed95223bd92f0124dd4acd3a30b3,boost,16952.4233,0.001308,14,444,3,1,0,0,,0,
0xcd53366b90ee4c8a807490167f8a0d1dfbfd6bba12617821fc9cb3a0cd04d71e,boost,12268.5625,0.00592,70,466,4,1,1,0,0x1103fc560de8b710983e7f3ec09d587f3f848566,1,
0x004a3ec6ae23cf6e8388495fbd023b73e1170180eee9d0ff92a2696de50eda22,boost,25335.0335,0.004927,68,466,6,0,1,0,0xba47cbfdd61029833841fcaa2ec2591ddfa87e51,1,
0x30250242a7add56b6963529ceb5b86e0b0caba1aebf6455d9e8bd71a2c4e80f5,boost,10252.2463,0.006391,11,429,4,0,0,0,,0,
0x01039fecf13224be070e39275d8ed5650f15c56bd156ef34398bd821abee0a3c,boost,1511389.1832,0.005259,6,100,10,0,1,0,0xba47cbfdd61029833841fcaa2ec2591ddfa87e51,0,
0x8860b5f1de6f5116e94a22bfda3a1862dd1e0907fcfa4369e27dee6fe6bace5c,boost,26269.9109,0.00207,22,36,1,0,0,0,,0,
0xf3682ae78413ba64beb834b66256f2ac501f06ea8bdd1f519604fbd005cdd540,boost,26951.3219,0.001984,19,80,6,0,2,0,0x7cda585e917fecb3a33c6d5a8f8a15dd956694dc,0,
0xc7a86e3614d7c28baff4a310a303052831dc2e4104a47a22c9aaf54568249072,boost,40544.9789,0.004756,45,607,1,0,0,0,,0,
0x563b0d48f82ff1e6a19cd11f1a7c83ca389d886e94609cd027b0a67c1e5deda4,boost,12943.019,0.002476,43,502,0,0,0,0,,0,
0xf78cceb4990fffc557fd3b5b1e2d03deed48d3bd4307411c07c4446d3c88bbaf,boost,15301.9872,0.001541,116,395,0,0,0,0,,0,
0x14b10ee16c6f059ae7d825e5c4202ddb8d00dab7c86d59845b2c73f94fa6822e,repay,25256.3149,0.00161,84,364,0,0,0,0,,0,
0x7aa332a05b54b4c8bdf8184df9338d8592a4f33ac9adbb6a2709f6f6b3e30a7c,boost,20518.8017,0.002175,131,342,1,0,0,0,,0,
0x7a9c44080809fa13bff58ddaad37c06e1fbf0ff35f3898eaadd6c313df726278,boost,165148.3842,0.00437,9,422,10,2,3,0,0x51c72848c68a965f66fa7a88855f9f7784502a7f,0,
0x2cdce3e25bc0d7d80d861786efed30d04afc4d09f6703936f8d7eeaba3ab6114,boost,14964.6998,0.005092,63,131,8,1,1,0,0x95324830563c01f740eb2ac6f7cc11e4ec798dfd,1,
0x90b4d678c5ca3c9bc7ad1ae6eb04f256550dd40d77b19550be5f4b826a21b651,boost,54444.4628,0.004782,77,131,11,0,3,0,0x0a8accba63f42e743a31f33c44b87be0c83fe230,0,
0xadd2751b710ad85e4576cd0acf68664fd04286997f40b5f66d2c40832b71bd2c,boost,9424.9013,0.004653,66,131,5,1,1,0,0x5e1f62dac767b0491e3ce72469c217365d5b48cc,1,
0xeeadd0e6082720b60a662893982548c11d6561e7ef0344d903f205adc2a06aab,repay,14279.3811,0.002572,25,44,0,0,0,0,,0,
0x3bbcffb91ee91bc3b75c244fa4825b7ae6770aaddb7f29bf3265b1ef98927e83,repay,13889.9562,0.000563,112,567,7,0,0,0,,0,
0x8bbc2be297f90c5302cb7c90b7a6d60c92261667ce231e4ebd19ecec8318963d,boost,17756.0853,0.006588,43,327,6,0,0,0,,0,
0xfe831fa040ff24a0920425ee26de4d0fc11f4b6c6934b322ff51f3a5b8756048,boost,1840.5209,0.019001,49,327,1,0,0,0,,0,
0x8f741d55f72a9225f29c1b744be1bd952f456f849da7aa236fb99cef5a7f4edf,boost,160027.2561,0.007209,75,484,3,0,0,0,,0,
0xb4c7b5d4a2d6d4abd09632870ee2a57f80e0794c04652a860a87cd5f3ee2c62d,boost,170185.5573,0.004844,0,333,1,0,1,0,0x49e55995ef73717895a638074de5af89fa1e301c,0,
0xabbd8ae7ae44e379bd39f2f8c270050cb7c845877da143b50dda3fafa1c24c6b,boost,1673.2881,0.011593,6,389,2,0,1,0,0x3d90f66b534dd8482b181e24655a9e8265316be9,0,
0xa2ef13a240bfaed7fb6b31c6283961f79646dbace1222abe7584c4c6e86cc0e5,boost,403963.1795,0.003697,18,297,2,0,1,0,0x81463b0f960f247f704377661ec81c1fd65b5128,0,
0x2817085d095db8d97d9ce0a236ca6afc56794ba7fac93e4f289880e33481ea66,boost,19761.775,0.004563,89,148,6,0,0,0,,1,
0x8393226cdaaccaef2fcab6a4a750a4568accd1ec1b1861c2adc8e528a97078b9,boost,20019.6931,0.005406,90,148,6,0,0,0,,1,
0xf898f5db958f0c1ecf2cd334721174e91f054ef1279d3a7b98fdacfdffeb3bba,boost,45831.2413,0.002731,18,379,1,0,0,0,,0,
0xe8cadfaa305aee80b71b8f04a8654d5d717a08e66bb92dba90a801624ecf7fee,boost,18544.2052,0.004823,32,322,7,0,0,0,,0,
0x968122d5ae993de1ee316c61501a48e20f4597844d136d996975a628ddf6f5ec,boost,4163.3192,0.009322,35,544,1,0,0,0,,0,
0x5718fd2f15910587dbc825368fc86617a614729a9d87ff2d6d140cf6a481eb13,boost,3030.3373,0.013043,70,407,1,0,0,0,,0,
0xcd205caa71bbc710b47a91a13bf2ba84b92ba1ac9de96e387828d77672912092,boost,195863.1398,0.002871,20,310,6,0,0,0,,0,
0xab733e3f96f2af8404a1b41dc391d912ff6ba08be9792b5a460c4ce1c7b10008,repay,91863.2094,0.004188,24,424,5,0,0,0,,0,
0x3f6b578ea5c60044a66b23acb9f4a5fbb565ae7ec98ad4961fb1005832a806f5,repay,13363.3389,0.003028,168,341,5,0,0,0,,0,
0x88db861684e2a2cf872553b4305d06e0c7b45004dc6bf859d845e63776e200ec,repay,50907.7662,0.002295,72,262,4,0,0,0,,0,
0x9be0dd83a0781954cdd01ab4930ecc089a26d6b3a02bd640a92717d5e270ce21,repay,4088.1229,0.003386,127,209,2,0,0,0,,0,
0x206a193702828b0b5fa1cbe33dbd6cb920880d62c003d3f80694c4729a3ca5bd,boost,892449.493,0.00605,6,45,17,0,3,0,0x06cff7088619c7178f5e14f0b119458d08d2f5ef,0,
0xfcba2c7a11a502dbd4749d3f1fa8f261afe393e4ec6b64eab986e264b9014eae,boost,192592.9753,0.003632,327,405,1,0,0,0,,0,
0x40b5da1697f4826ad11df9f05a4773d06d372b3c6205c9d5dfbdab22f01a45c6,boost,44546.4564,0.003813,11,450,7,1,3,0,0x3d90f66b534dd8482b181e24655a9e8265316be9,0,
0x75b1b64089ab93f67acf2172c6f1d30f6ba2f9ad68b416d25938aad8913f137a,boost,150830.5763,0.002756,131,275,15,0,1,0,0xbdb3ba9ffe392549e1f8658dd2630c141fdf47b6,0,
0xcc223378a47bc5c71ac6d658a29c5deef0f9478d0d2a5707e40be9b1c7daac07,repay,2575.6188,0.006542,57,139,1,0,0,0,,1,
0x54be64cf8709bf6a60c893dc8b91143a0cee2aab2e70902fe328416e6916f30c,repay,33369.2841,0.003848,59,139,2,0,0,0,,1,
0xe7afeb93e86f35636093106ae520fa563719bc244792bb790a01a54a81a5ae55,repay,27742.488,0.003372,36,533,0,0,0,0,,0,
0x67946be945051742adc1e02d517b8d6569ef6d3d46ea27467b12fc20f8a4025f,repay,1758.4829,0.008833,180,228,2,0,0,0,,0,
0xe9c8570b64eb3a63a77c34917be78c6702f2553bd8369378886374ebe2145a48,repay,1874951.137,0.002784,52,165,16,0,1,0,0x50d3865a63d52c0a54e4679949647ea752107390,0,
0x459692eac6ae211a1de8b8029a51aae33ed08a0ee3b4c6298c2d12b8a6e9017a,boost,34147.1147,0.003833,14,216,1,0,0,0,,0,
0xb6ef448eecc9dfad9dbfd4dd550fa5a50185b60de2d5e6a9eef3972c084947e6,boost,34993.6062,0.003458,1,83,5,0,2,0,0xccc88a9d1b4ed6b0eaba998850414b24f1c315be,0,
0xf41dc622549b8abf3f53d63d601d54774ab77188eb7e2a6ee80f71fe1c50cbfc,repay,35829.9017,0.002762,1,196,18,0,1,0,0x51c72848c68a965f66fa7a88855f9f7784502a7f,0,
0x75638d2b427e11d7627fe5f497e08ce89a17b2521e42cf7485634ec26041062f,repay,85886.3252,0.004409,43,142,10,0,0,0,,0,
0x516e0278c0c8bf95003bca50a678ffb4954bbdc7a6d5d63022f8d1cefbcdb094,repay,35560.0717,0.003252,1,387,7,0,0,0,,0,
0x838cb97b7c96461891a08b127e2f109bdec8aa100061a3097dbf6990775623ec,repay,104565.8965,0.00471,90,231,17,0,0,0,,0,
0x1a933ace41aec0971df27b6c8cff76d1142e04db3f81d7845fc5bb252d276fdb,repay,241107.0147,0.001906,56,117,6,2,1,0,0xa0f1c3ad83e07d97b5e7030e177718be175275ea,0,
0x115430537ffc2489cf4e82d7d77f7c8099d168dbdb0e1df253313f579ad37e95,repay,1852.7915,0.007462,16,347,3,0,0,0,,1,
0x69876dca612d7756ea811751c98c4fab9bbd1ada99295330f97c0c0adb6fa645,repay,35820.977,0.002711,13,347,10,0,1,0,0x6131b5fae19ea4f9d964eac0408e4408b66337b5,1,
0x8d3da9b0787655796ae87bd4c4c5655d1f86b56514788903204f5eeb8d1fcaf2,repay,3528.7811,0.034722,3,364,2,1,0,0,,1,
0x6cb4a7449f68fd6bc2e754cdd8fdb36fe9f8256fe38fd5e351520169633f2af7,repay,166617.8172,0.003571,4,364,8,0,0,0,,0,
0xfb28f34e1610e8a9d02e4d36fc448e0a9b6dbb4ae4648b44b9ffb9656281844c,repay,76850.4217,0.003909,2,185,11,1,1,0,0xba47cbfdd61029833841fcaa2ec2591ddfa87e51,2,
0x193bbf92c77dd566a2e71a0ea71d330d1461598fad0b218a05046dcb6022cf37,repay,281327.2284,0.003597,0,185,8,0,1,0,0x49e55995ef73717895a638074de5af89fa1e301c,1,
0x2379b5998d66b3e060d7b13724ed130af7bf71780daeb78dd32365a0f290fc85,repay,117248.6806,0.003839,15,185,2,2,0,0,,0,
0xaa81476c311c24dfcabbdec9769a7e75e84baf1ecfdd002a17824bebad499df9,repay,3149.8548,0.004528,207,306,3,0,0,0,,0,
0xdec51279d161572aa1f5551e5b20e60e315c84c4e71a366b77a874fd6f916dea,repay,68330.2434,0.004417,146,230,8,0,0,0,,0,
0xcf447b3d904cd590d9491395073c4e81f02dd8abdf08650339b577b85ba44499,repay,18577.0369,0.002842,195,428,1,0,0,0,,1,
0xfb5a1f3e6d541070e968161629d2ebcc610a0579825e5bf55cf7f945ca3f640c,repay,264756.6423,0.004788,225,382,13,0,0,0,,0,
0x6d47b10b7e314212e82efafd060db800337d9df9a7d222650bc3aa10b48cccb4,repay,5375.3245,0.004081,13,148,4,0,0,0,,0,
0xa2cda1f841bb55e2202834b8242f613610e0bb36bca472d010f62013268bbddb,repay,28041.694,0.005859,88,561,1,1,1,0,0x50d3865a63d52c0a54e4679949647ea752107390,1,
0xfd35069a4b4c4e2a8700c285db411804d034c03ca08883b4bb98c07b2242f838,repay,57555.5538,0.000686,2,34,2,1,0,0,,0,
0x3085b3676f4efbf59517e40256c2e0d7c48d646ac96cb3e2f92f85881c992ee9,repay,88620.4898,-0.001215,3,34,7,0,1,0,0x51c72848c68a965f66fa7a88855f9f7784502a7f,0,
0xca3add63f39434f1c9a3364299b793242354ee99f0e6c44affd5985d21a866a3,repay,18141.7675,0.003852,6,360,4,0,0,0,,0,
0xba6f5c65543d573ea287f95a4e5a176c1841ed56185c47aa3acb89dadbf3380d,repay,1287.4007,0.01229,109,386,1,0,0,0,,0,
0x0180f294807b8dd6318789ae8be92bb26886f41831f55189cd453658d4c8794a,repay,1386474.5451,0.006588,0,270,16,0,1,0,0x9640c8dd3b96fc35e08ddeba4d04637ba096c426,0,
0x89b1dd36eedc1c5b0445cec09454507650aecb47d22232f1961584e55042c365,repay,177965.5479,0.00217,152,222,11,1,0,0,,0,
0xacc7d4aee915660bea88836eb3e692ce48251b707a9c4fbdc986087a6f44a351,repay,92160.5233,0.002345,5,88,2,0,0,0,,2,
0x8cec6c7c1c7f47e78973f4c1523ede73ffcbf95a410720c2abe5a0cf96b34d53,repay,137754.3542,0.00248,6,88,5,0,0,0,,2,
0x012e3af74c802aa3c006f921cfb745bb986958e04eb4b8505f3d55e31cb18cb4,repay,225241.4163,0.003174,7,88,12,0,0,0,,2,
0xee849e0f28da20fb569c9114dff411588f1754760f188557a09679450912bd4f,repay,46752.0874,0.004403,372,448,12,0,0,0,,0,
0x44af2141fbb2129e65dd1d9e2f5325d15dba79f764e31a3afec0181fcf0fcda4,repay,20059.833,0.004652,294,582,8,0,0,0,,0,
0xbe1e206801fa46efda4140a974506bf84c5358df1d86cf7b135e2eb8c56aee39,repay,221635.2039,0.006087,24,393,8,0,1,0,0xc165c9a4db89aa72b23f66b96731a960084a1fe2,0,
0x0cb86248bbccb86a58ae7d51d948d58bd54eb98e096ebd8bea42fdac38e99ab6,repay,1395.9649,0.008445,56,140,1,0,0,0,,0,
0xb23bee1faac469516e70a110d802314da8fabb99daf9985ba5ddeea88d3aec1a,repay,156948.4764,0.006314,124,194,13,0,0,0,,0,
0x9895002c3ab1675d7eaf126eb3c82a376851ac9094ac82ce7f45a72a31c9d625,repay,2670.5737,0.005886,92,241,8,0,0,0,,0,
0x5ce106ce22779fd1ba3afc65ac8fdf553006e0a63552271d0a5f7cc82e3a9513,repay,49855.6288,0.004164,141,241,12,0,0,0,,0,
0xe82c416507a1fa8fe419d8e6ab8d3fc3715ecb6ade6d20c155f5d19510a75082,boost,11816.0608,0.005392,8,151,1,0,0,0,,0,
0x6da63e667aa2f6fe28f000e986dafd065d5d2766b53a800ae2f9a72e13777b0d,repay,2738.1021,0.011832,145,434,4,1,1,0,0x19dbee45bfc468b7bb78d77f669c9b60292e7668,0,
0xf4d9ecc1678870263dc0cf05717a141809fdf9e17191591c0b9e34333d26f679,repay,203961.795,0.004006,145,245,20,1,1,0,0x71d5dcd76fb9ca8fe92b4952f13eaad149a955e0,1,
0xb6e1a8a88d40d45a1ea2bb01132715136300d982d20173ff90d0399ae3d96f9b,repay,7353569.9292,0.017069,1,168,26,0,2,0,0xbd32122bad41a09f2405bb374a83877d8245079c,0,
0x48c69c94afe7bfdedb1b151ad5039cc432e50b4fc4665ab825faabdf109ecb3c,repay,83026.6241,0.004581,23,178,1,0,0,0,,1,
0x2616023e3a67c5692eaf0a45777c7b5572bd6dfcf5e43136f2387d67bdb4aa5f,repay,126941.8846,0.006064,24,178,2,0,0,0,,1,
0x313e698e9ca0f4c1b200ee0bb1cbb9db5a0828855f91817a611860d7ad5f3b68,repay,15633.6328,0.005108,347,469,1,0,1,0,0x856b40f70ae8a974e2ea1b00ece77e5f4d71b51a,0,
0x550fc2ef64e2738a16c1f294b7bd499d5feee45d3fd1a397ef0c97f049c3bd86,boost,6274.7852,0.001249,94,220,6,0,0,0,,0,
0x1afba87065ed3299a27dda276ac9d47ac067455cfdd290b3bc2d28c7c29389ee,repay,18031.3616,0.004517,2,368,8,1,1,0,0x06cff7088619c7178f5e14f0b119458d08d2f5ef,0,
0x92f38b09a92c3b36a350c496fbd8c9a3e51ccd6c0416bef464493290814e9c90,repay,18170.118,0.008739,23,157,13,0,1,0,0x36331e299247e5d0d3261e1d9852f6e0cffee95c,0,
0xa8a025db34a9bda48948c5f6442e11cb06a07db96ad54893a959d2ab94dc4451,repay,207477.3599,0.007162,211,213,15,1,0,0,,0,
0x793950129fcc565b56b0221ae9cdc61d68d9f03347fdb62ac896186ea5bbdcea,repay,14431.0891,0.006769,17,418,8,0,1,0,0x875d6d37ec55c8cf220b9e5080717549d8aa8eca,0,
0xb29c1e5eb09e2f87233a26ed6bccc5fe6f40b298c18f1410a1f12b417c963495,repay,193545.9524,0.00894,107,387,13,0,0,0,,0,
0x48f76a1c6af0373371f5de0c03b3f283a25e428d1f85661847bcc6c5004e3a52,repay,41374.4496,0.004463,81,247,2,0,0,0,,0,
0x5efa811219fbd13752d4998b8987619242b4db1cf6b35a036499cb067d52f4c7,repay,282912.0332,0.004888,7,247,15,3,2,0,0xba47cbfdd61029833841fcaa2ec2591ddfa87e51,0,
0x0dcfd81301ea61ea0c91d61876794f4864e7ede780ead663b5d766ff20ed9d17,repay,4393.7333,0.006416,3,151,2,0,1,0,0x0d9052e7c368364d2d7ab49c1579eb4bf97b2a6e,0,
0x0f2fcebb7eb19d0d777024118ea5c469805154ed641c82cfa7371d90ef31c5c7,repay,2867057.9105,0.009885,179,258,25,0,0,0,,0,
0xacf4d03be78a8a1328ca79c11b6792885e7e3091869e7e513ed889f6569433d8,repay,15650.2435,0.014471,94,102,11,0,0,0,,0,
0x506ed2cc0a4c31f2d3d448a09492cb538baf53d42bca96a8953917bb3e7b0997,boost,12264.2621,0.002617,11,151,2,0,0,0,,0,
0x3fa25794f9d3015676d963dbd248145842de04e105ba2dfc6eb1a74a3c188719,repay,14371.9742,0.005801,247,522,8,0,0,0,,0,
0x070577e360ba9cc266cde4c16005b7e00b062fcaabf493757171cb5cb3c47c18,repay,141145.799,0.004599,3,133,3,0,1,0,0x51c72848c68a965f66fa7a88855f9f7784502a7f,0,
0xf232c21f0aff686024d205aaec8caf6b10ffb11128f9781eacdcb98b67e8a7f9,repay,13296.8564,0.010098,71,339,7,0,0,0,,0,
0x64f370a9f5b3d5a6fe78b8b508aa97067866c6a5ed1ebbeba3103e730f5e33a0,repay,1113210.4222,0.004485,82,141,4,0,0,0,,0,
0xa38772041520d94bea6c4151c708ae739c81c51e4036852e0259aed221910bd2,repay,167347.725,0.005189,65,258,1,0,0,0,,0,
0x83aff884c979df3cf9c2b3e66159db84bf125027b935814082a4b1484745948d,repay,68197.2723,0.003896,119,258,1,0,0,0,,0,
0xbd001a663210dd7901c273e5138ac1ce923b03abf7f81959fae2a3cf39608d0c,repay,104213.1405,0.004023,120,258,0,0,0,0,,0,
0x9b31f092f893477341564dc8423225877164e1c08c76ff850814e144f654f587,repay,3888.6898,0.007973,126,241,3,0,0,0,,0,
0xdc640a1e34aca0210f46ff19f0e82fc06c152dc06018d727c9f35443310d8721,repay,46668.6969,0.008261,11,250,11,1,1,0,0x50d3865a63d52c0a54e4679949647ea752107390,1,
0xbe19e6d2d071e5adeb61ea74398d3de6d61287cb15bb9132554ff19dea016e1c,repay,165391.0433,0.006721,8,23,7,1,0,0,,0,
0x884d047d70e28d3f3e9745828849d82d5c7dd4ce383e5f26ca428b3603a67bd3,repay,2221535.1936,0.039879,185,315,3,0,0,0,,1,
0xff7d1b89e3883324fa32e09e879d8b74c9b7d89e02a4dd16c5a2b2bd93de7bc2,repay,70748.0454,0.003761,65,177,13,0,1,0,0xa7a2097ce4bebe471008adf0241b64f50f930405,0,
0xdf02c779f9b0f249ecc48fa16799b2061d8991bab8eddb4040c48e3262bd9674,repay,4046074.3094,0.013676,0,116,28,0,3,0,0x55d03bb57f44d74fe6afdc0fe33d925916486f06,0,
0xfe00ef4eba8493ba21221b94f63cf19b56ad37b392186e6fc653805e457b34d7,repay,3247.6147,0.011385,16,395,2,0,0,0,,0,
0x927ff2d340578e248d3b792f907a0f4a6684e4f7f95387fc836d300dca16122d,repay,1245.3038,0.013238,6,242,3,0,0,0,,0,
0xf76fda1861e6198bd9de9be028947d59770aa61a3534fd4b049b251d4b99ede9,repay,1025480.927,0.006782,13,153,3,0,0,0,,1,
0x01a75d9f3663c01d503d39a44430315529ed8c2b14788a69d64be5d955f4f136,repay,19551.0647,0.000562,39,506,2,0,1,0,0x98580645ab56c78f1dc5c35a684eb999e836dd8d,0,
0x64b3732156aa8527bc871f36c950a00b6591c6a4e355dd25be74087519846052,repay,14184.9619,4.2e-05,12,472,3,0,0,0,,0,
0x6e3c0f277ab3143e4fb4bacdf033193839c0c1e6ce21c64c3365aa4d0e954a2e,repay,2793529.2495,0.012596,0,61,26,0,1,0,0x50d3865a63d52c0a54e4679949647ea752107390,0,
0x02cf677f4be9ab4a1ea542d2eb127251ffe6fca841c19b18808fe0e3625172d8,repay,107004.6298,0.002589,12,692,5,0,0,0,,0,
0xd479540415054de84565eec643e49524cb208fa30eee2ff09ce896102dcae5d0,repay,10220.0309,0.005953,11,82,3,0,0,0,,0,
0xaebdec3c939c431e2d756ba35285a8b838d4ccbb7feeee959a45e9a6f9dc8208,repay,472094.4862,0.003955,1,382,14,0,3,0,0x51c72848c68a965f66fa7a88855f9f7784502a7f,0,
0xabe378792525a235974fc35f23fde121da60a8912249fa6a67a74345a9a3e2f4,boost,24828.3663,0.002657,11,229,0,0,0,0,,0,
0x9f9880e93dccecfb7902b5ae7e3a27e16bcab1888aa609ca86f3d6e45bc72f63,repay,13375.7079,0.008633,0,386,2,0,2,0,0x322ef8f983b7e6d906cf7ff7057dd8a4d1cdc657,0,
0x8f51f0f6864a6dd8ef1df64f39e7e452e5909235cb012273dfe7523548981a26,repay,41859.535,0.006211,15,585,7,1,2,0,0xbdb3ba9ffe392549e1f8658dd2630c141fdf47b6,1,
0x9f137d6f641c8318c63df4bced4671b2ea5d1e387bb77af94181805231084659,repay,290104.6762,0.008627,37,320,0,0,0,0,,0,
0x66ece6943b40606cb3be877a98d96fba6be88a75756d5daebcf13683ac7b36ee,repay,133833.153,0.00735,13,320,2,0,0,0,,0,
0x46f041a1418d99358e0cbf06ff64d5a556f65f400402daa56ff643189b150c85,repay,83454.8053,0.007808,230,355,13,0,1,0,0xbdb3ba9ffe392549e1f8658dd2630c141fdf47b6,0,
0xc240c55a27c4a3360f2de89f33e7d62aebee94b9af9d5cbaf9c6554fdd577501,repay,62855.503,0.007709,7,353,22,0,1,0,0x19dbee45bfc468b7bb78d77f669c9b60292e7668,1,
0x1a902904e6d6fed16eed7843ba25cd6151a0c44df071ec30edc2dafa9d038216,repay,9798.4091,0.007274,18,507,3,1,0,0,,0,
0x7a7410273bc9dbcc5b5098662f787e6f9d011bd2999afa8d700eeab4fffa2795,repay,5622.9861,0.007838,145,250,2,0,0,0,,0,
0x898c58b3ca9a4d38b393e4597dc8bfd4af50f7e2853494d988cf445601c82d80,repay,992948.684,0.008648,1,252,5,0,2,0,0x81463b0f960f247f704377661ec81c1fd65b5128,0,
0x23fea0727ba6483413a2522505200e2a7d3b800fa792d11957d40b59fccd9922,repay,1832672.0413,0.010448,38,505,24,0,2,0,0x51c72848c68a965f66fa7a88855f9f7784502a7f,0,
0x8b0164e3bf20e3b2d558237f4b1f52a2ccb47e48011ad3cff904da24ceff3f7d,repay,987581.7473,0.007678,15,88,21,0,0,0,,1,
0xad7e4c54f0be9e54dddf07dcc75d057664e78db033e69ea6e3bb8e718bd93fc0,repay,136385.2185,0.005106,13,110,1,0,0,0,,0,
0xa37efa384eb967cd93e2fb9051acf40c77b8c7ace622a6c693c6efb96b140db5,repay,5161.9509,0.0067,45,693,0,0,0,0,,0,
0x834e874a192092a02cd877c9bf784a040b78861e5376529d9998d0b97aba5113,repay,35967.1291,0.004182,6,120,10,1,2,0,0x111111125421ca6dc452d289314280a0f8842a65,0,
0xca7559af906bc6d26061fff454d7d94a531d7f204d3b3434dc589bb74b331bc8,repay,1963180.0923,0.008064,3,37,23,2,2,0,0x51c72848c68a965f66fa7a88855f9f7784502a7f,0,
0xe3b134aca01242ddac0b54e5dc9b55e80074797c7bea20abaafb35180015f693,repay,11714.9196,0.00313,56,555,3,0,0,0,,1,
0x80241862dac72f2d1c57cc20e9c3199f3f28dec1f0d65647327dedbc2a2652f1,repay,11330.4101,0.002409,32,205,4,0,1,0,0x81463b0f960f247f704377661ec81c1fd65b5128,0,
0x9625cc856f7f483f0f52736565b82b72735fdef8cd2c44a3580827a2f8da477a,boost,35890.5789,0.004727,67,319,4,0,0,0,,0,
0xf94450da561708af23d06a3ce9a8a0bde986b2919d9fbb2745d432b4b02f464f,repay,3226.3041,0.008801,3,277,3,0,1,0,0x322ef8f983b7e6d906cf7ff7057dd8a4d1cdc657,0,
0xa54392bfa62991bfc5e0a8af53e303010b965ce4f5743d5b65dda65c4cff59ef,repay,41141.3415,0.005236,39,373,15,0,1,0,0xba47cbfdd61029833841fcaa2ec2591ddfa87e51,0,
0xe23c881940c63d2bb75872958c191fa8d4d2a0d43fbdbce5d27a26b8762b9efc,repay,97491.8169,0.006724,122,753,14,0,1,0,0x51c72848c68a965f66fa7a88855f9f7784502a7f,0,
0x72ac6f4f4d51a539a9bfdf3b5f226920177d306a623513d6106b76163b82e9e1,repay,1927595.5216,0.004563,541,753,8,0,0,0,,0,
0x3bad18db884154ea6a994c22d3ccc47feb1c495f3463acf22af2e5212c3bb8c0,repay,2012.6929,0.013263,38,162,1,0,1,0,0xcc061fde06834e71e168a9c47d070736ba93f7d7,0,
0x6860a53c7509423c7ab31fe3dbe8a2fc5bcf7c1895ffb122636ee6f0a794cfdf,repay,172726.8065,0.005074,11,162,7,1,1,0,0x856b40f70ae8a974e2ea1b00ece77e5f4d71b51a,0,
0x8d45aa73490bff9b800128f7192bf536816d17ce3f0ef29745bd2d19cd2191c6,repay,8235.6694,0.007879,22,210,6,1,0,0,,0,
0xb4a7afba70914b275b952aa1b5b1c18dbc232effcad04eacb5ba3196c545c9c4,repay,266208.4315,0.006615,45,406,9,0,0,0,,0,
0x14bf510a32d8b03c3b92bed2efb561d6a200d7ee3f8d9d5f7167141a2bfac279,repay,48422.4611,0.005655,38,108,1,0,0,0,,0,
0x4cfb279ea6bd0276c474ab0219ec57e5866693985794166f987f034f062f47b1,repay,16689.4897,0.007664,19,357,5,0,0,0,,0,
0x5dab35be3c258815f4a4e24699f09b089e098072019050bb901ef382534d992b,boost,13199.7418,0.00686,16,358,2,0,2,0,0xd9b86cadbdf1fd260b9d4e70f5f4067729cdcd77,0,
0x3af2c8f6b2843fef7c386c857df868968a1b76831bf03986db2bc31e807a59d1,repay,61272.1456,0.005283,4,408,5,1,1,0,0x3a3afa84e98dc97fdc1e4894475a66bd7f3cea79,0,
0x9c3686506f8fc74ce37f7fbe25ee5dc2feb6ddce48884ed9bdc022e4e292ee4d,repay,5008.1401,0.003266,11,157,0,0,0,0,,0,
0x981d7a0efd8418058522c03e4d10d8510b4f1382c8ca10fbba29754dc63bf028,repay,8339.6998,0.005802,12,157,3,0,0,0,,0,
0x06379107e49deb8ecfd804cb1d2d6d33b15a14f69925c7101162f60b6d681eb2,repay,113329.4077,0.003962,0,75,5,0,1,0,0xbdb3ba9ffe392549e1f8658dd2630c141fdf47b6,0,
0xe36aa383aa360ef8ae1db68566f3a24d99aa3c108ed25b13d90ac7c9546ea8e1,repay,69790.2651,0.003006,17,75,1,0,0,0,,0,
0xca9ffffa48ca78f562eb752c236e8086c6c4075d8db8c5ada5932c8049d53681,boost,4179.1652,0.004544,11,126,3,0,0,0,,0,
0xb5f5c16ccb2f68ae8c09e288a65f73d16d9b9cfc83abbe4a0590fe6e280768ec,repay,7052.4731,0.007397,90,253,9,0,1,0,0x322ef8f983b7e6d906cf7ff7057dd8a4d1cdc657,0,
0xbe06c6678a431c822fc6e1ccc863b8de3a273c4e13ef3f64c35e76a0a0566835,repay,5265.8847,0.037445,3,181,12,0,0,0,,0,
0xe1c4bc210b29cf4bcdd0a9adc482b89037b7db917c8de1eb5a0ad0ac626fb872,repay,44200.2727,0.004542,109,181,8,1,0,0,,0,
0x70b848dc0347344e0c71d2f6397188a7e68e2d2ab51267363ae555e63270a62c,repay,1884286.2872,0.013347,0,106,23,0,2,0,0xeff6cb8b614999d130e537751ee99724d01aa167,0,
0x03c2cb612bedbd35ef0104b3b5c717d1654c7ead2dd198ca4aa60e23001b0ebc,repay,8089.5632,0.000318,46,69,1,0,0,0,,0,
0x9efa1e1461bbb1eddb3abe8c48f9c0ae102c9c7bcc39db87c8b0903822c71caf,repay,1598994.0862,0.013073,0,84,19,0,1,0,0xeff6cb8b614999d130e537751ee99724d01aa167,0,
0x47e709eee87c08c010d02b8c5aec3e7a47ac3322cab0662cd91b91b24755c5c7,repay,797006.9513,0.008036,2,285,3,0,1,0,0x50d3865a63d52c0a54e4679949647ea752107390,0,
0x06c5f927a9ca27f315431f96d4736504e7ca414cb98e2049e2e6aeee7a90dc02,repay,137037.8615,0.004592,19,392,11,0,1,0,0x51c72848c68a965f66fa7a88855f9f7784502a7f,1,
0x6c166a9717174aa67c3069614d805ce879656cd496715852efb57b54f520a23d,repay,1107.9896,0.007239,37,544,2,0,0,0,,0,
0x9704c8c74d33a40cef073d519d9b15b9924d22713b2bc3ec635514738b0fa395,boost,6711.8482,0.005099,31,226,2,0,0,0,,0,
0x026aeb80e194b30ccd6cc95fce055186c5075bc88321612626c149e60cce0d73,boost,4299.9252,0.006705,63,208,7,0,1,0,0x322ef8f983b7e6d906cf7ff7057dd8a4d1cdc657,0,
0x3f8f3bfec82416c8c0f6490d13ad96e7f3629eaba4a32e7b9889e7b58c20404c,boost,1626050.8326,-0.002942,1,55,16,1,3,1,0xbdb3ba9ffe392549e1f8658dd2630c141fdf47b6,0,
0xc3bf70a0bcac9d325cf51fdeeb3f8244cd201670c971363df2293b780a847eea,boost,13307.4278,0.008107,28,163,11,0,1,0,0x0a8accba63f42e743a31f33c44b87be0c83fe230,0,
0xfd50d5acfe2bb4b85cda2662832f78142f5dea5fde720ae432addd700db6f941,boost,1149.6946,0.010391,164,205,2,0,0,0,,0,
0x32920c711e4271754ff669873836e1a62ba87ad682ee608e6a325623838402ed,boost,7683.9935,0.002579,10,198,1,0,0,0,,0,
0x5858eb50080c78d0d2834c586079307862e11f4b52777d7b6711e1aec2df754f,boost,588267.4538,0.004907,56,119,3,0,0,0,,0,
0xdc6070e4f0247cfe179e1fdaf16677769d7c9c04dc1ff19f55c1a517f753c72b,boost,4653.6705,0.000931,9,123,1,0,0,0,,0,
0xe3d029aea157eea6b1ad43706f01a8b32a433e967b195b43a9f678a1bdc08c82,boost,73938.7002,0.003787,4,70,8,0,0,0,,0,
0xe31871cf3cad152f22344249d536a41470efe96d89c5510f06128e7a4237c4aa,repay,5411.5214,0.002764,47,49,3,0,0,0,,0,
0xbaa43d87a3b5563c49b24c1ca1e28750a7ee0d69c87f80c8170f49d09ab08fff,repay,10718.6154,0.005797,197,313,5,0,0,0,,0,
0x554fc767923f208a35efb4f16a6e488fb8b4c4997721a9649a53a5f1ad41b5bb,repay,38121.3621,0.002886,27,458,1,0,0,0,,0,
0xf2b3db49fb5b4bc93a1a109f9f4ce967ea3f9050e6811f711ab3b22b25620efe,repay,5233.3684,0.003509,210,499,2,0,0,0,,0,
0x51d60c5cd618e79b10246be3d8e034badd0d1c8a57463388e9a58d4fc61b4017,boost,8590.2301,0.004305,60,210,5,0,1,0,0x3d90f66b534dd8482b181e24655a9e8265316be9,0,
0xb9b43139c13e706866096cd6f25a397140404b9d2d8bbf0807d2030231cec64d,repay,21360.5155,0.003394,48,441,1,0,0,0,,0,
0x5776df25ab2d1fc11e9c978b67d62fcb12a1e40a4e93b3965f8a50198d966f71,boost,4480.0668,0.008317,27,326,1,0,0,0,,0,
0x8b5a726faca994e19e8e2ec8bb81997a15a07ce396c36c6406543eef26e4f556,boost,8719.2033,0.007749,24,323,4,0,1,0,0xba47cbfdd61029833841fcaa2ec2591ddfa87e51,0,
0x8f47ee140814cf9fb17e4a5bd1a812aee23596a5379260831d3e85082829ed67,boost,270982.8686,0.002259,285,323,14,0,1,0,0x51c72848c68a965f66fa7a88855f9f7784502a7f,0,
0x4ada8bb5bf05fe21dd9cff482c398bbe6d420850441112c7082c742ac2a5b5f7,boost,83831.7971,0.004174,1,191,1,0,1,0,0x51c72848c68a965f66fa7a88855f9f7784502a7f,0,
0x94006c89055f3e0944465158746374428c1d52d9841aea9d2b671671a00ac1f9,boost,1703.9143,0.004504,3,190,6,1,1,0,0x00000000009e50a7ddb7a7b0e2ee6604fd120e49,0,
0xe185448e759b38aed757bd8c9b3b8d0c43c3087940d10484512e365c6117beea,boost,4917.8782,0.003602,8,253,4,1,3,0,0x81463b0f960f247f704377661ec81c1fd65b5128,0,
0x814185a3dcf8117755f023ad4400beaf960df8319206226c1afc4bebd4aef0e7,boost,5621.8342,0.002841,15,253,1,0,1,0,0x06cff7088619c7178f5e14f0b119458d08d2f5ef,0,
0x76386eb7baae74570bd9d4cd7a2ea77c5d6c485f5e3798aa754277976933deb6,boost,4121.5236,0.005928,113,213,8,0,0,0,,0,
0x56baa0961118acbf6ede9b9f25aa7bdc46aed7dd8dbb8b66c9ef616b1c25b3b7,boost,10086.5346,0.00386,112,213,9,0,0,0,,0,
0xeee4b42ac767c4b190ae232d09f13f91afc634f81d3fe81505fb42a0686c3140,boost,5344.5457,0.004252,55,324,1,0,0,0,,0,
0xcc45c92c74130445f88a5859323dd57e6c354b4f3e5f8a373253565b99d44602,boost,1050.6644,0.012321,525,534,1,0,0,0,,0,
0x7580d6d40200297f8766534feba749eee4035d3ae008b141b98bef8105d2b28c,boost,5291.6861,0.00699,10,189,5,0,0,0,,0,
0x577d0f3d98b0809f44b27a610fd9ca9fcb3db87bbdac632e21c06feb48933c61,repay,12034.5293,0.003145,4,57,1,2,2,1,0xa6c840a62fc019d210a4253da6972dcf50f51592,0,
0xfc0ca02038dacfa1e23b60287503cc8c5c99018ab54a4fbe2ab9fb6bd2024376,repay,39085.0313,0.004319,11,290,15,0,3,0,0xa9b8363895060cf2b200aaeebcac1153a16d933e,0,
0x68698ca193a07f8b64a5f4878d72365e8f919eb0492e0affbf7e870d380aa085,repay,6378.6418,0.004387,124,413,8,0,2,0,0xc93764a49b5a1101e01393f3d91623e15ff7b8b8,0,
0x34cc4878f94b730ad82df937b4c287fc0c49b64cff25578fe73a0801bb0db657,repay,20508.7008,0.005979,67,252,2,0,0,0,,0,
0xfe21ce9013905ce3b4bf8fd3920b7a955d2f88eb7cd76c36540685326fd59adf,repay,11280.1424,0.004573,35,413,1,0,0,0,,0,
0x357810681e53497100dce7ff6058143f2e702033c58ad5ad74be031d4ce531b1,repay,44489.152,0.005095,3,435,1,0,0,0,,0,
0x02fd30d2b0c29e39d77b22eda023e66125e6307b08e81f35d76ceba03aa3f1df,repay,1199.6766,0.01199,4,435,2,0,0,0,,0,
0x23d653e757f517258535fd74174542b00fe7dfb0588a8c8dfe0ee14e9a8794b9,repay,5789.9455,0.005583,10,404,1,0,0,0,,0,
0x5d35d061ef12cb08f3bfe9edab38e86e3dab4e5cb3e2415bfaa9fabba6bf7dec,repay,181991.5851,0.004503,7,218,15,1,1,0,0x51c72848c68a965f66fa7a88855f9f7784502a7f,0,
0xcc9c4e0c151769b08e9b304d2099416c1b57d6fe05d85ec7057c7c0ef2fa01ca,repay,9473.6732,0.002841,12,329,0,0,0,0,,0,
0x254d53f90e5a7ca698a9c762fb0c480e51ef64c3c63e8cdcb72312101b133913,boost,5228.5599,0.002309,87,108,1,0,0,0,,0,
0xd99b87ffd5a8980307548530b54a8d2900faded8e627cd90cdac6d58e1b45884,boost,7892.0331,0.006562,13,679,1,0,0,0,,0,
0xbdb00ef3cc34d33a29f53187f015d4525fc1b27b10a7c03721f8d73b4a5f6d39,repay,5332.6842,0.007412,59,507,2,0,1,0,0x06cff7088619c7178f5e14f0b119458d08d2f5ef,0,
0xb992c392158537fb413b5192137b0fc9e8e536188e90f16600fe6261456f65af,repay,9157.44,0.003301,111,507,1,0,0,0,,0,
0xdbbad184a62345f41ac9424d73ef53b7ffd9b42f615cba2e8c99cc438f957f3a,repay,37035.1214,0.004521,14,332,10,0,1,0,0x81463b0f960f247f704377661ec81c1fd65b5128,0,
0xe8a5217c98822f758a47c629a8cdc1c34becf74df5bada6f257881a0fee85010,repay,39188.723,0.004002,45,539,1,0,0,0,,0,
0x5bd78c735446356c1107d91bfb71bb4dfa244292ab4c32db82fdc8bee4839b18,repay,7935.5691,0.006762,38,154,5,0,1,0,0x8a6df6c629cf940b0cc4a32101caa4a022e80234,0,
0x23d6d33c4669540c396c2aa6f4d2131c66401d920fd69dfc5401cfd00a88ee46,repay,48689.5105,0.005198,57,636,8,0,1,0,0xba47cbfdd61029833841fcaa2ec2591ddfa87e51,0,
0x3c86639bb449f47f49a9205210efe9f19cfeb37fc88718c27b12f616002b042c,repay,32090.7094,0.002378,44,567,1,0,0,0,,0,
0x6f4fc9e3ecdb3e07573e6d3fe75f96cf6891d47079900532cbfbf7e5d945fad2,repay,2061.0326,0.01298,28,178,3,0,0,0,,0,
0xdde85e510434a82dabec1f546f95cb9f5a886f94ef1c7c2f00e0009db9993053,repay,154495.6989,0.004583,26,178,13,0,1,0,0x51c72848c68a965f66fa7a88855f9f7784502a7f,0,
0x8d3e3c51e1bf4f079e0ddc9a3aef6ea26c30fe025209c014c22dd1a3480eabed,repay,1277988.0855,0.002526,11,369,1,0,0,0,,0,
0xad14302186aaee17b8ead8ca2c33b2a1dda81f62bb82970c5681448096ee832f,repay,4193.3172,0.000743,14,369,1,0,0,0,,0,
0x000ac96c75efb9d2b91be82927652a4564913623c1a8151610bad2db94015cf2,boost,24799.6919,0.000665,4,255,1,0,0,0,,0,
0x6f3d74ceaae7ede2856e01363698f0019f7691b55c3347082c6170cae8a5ddcd,repay,28343.6036,0.008113,21,166,2,0,0,0,,0,
0xc405c54d84fcd84967ed94434e07c422c03d8abd45c294e110eabad2d3fe90ef,repay,17941.2195,0.00722,53,186,6,0,0,0,,0,
0x2f88943d145c93943a662506f4cbabf4a8c4eff2c9277cef046980321beceb4e,repay,1158228.358,0.007945,54,186,11,0,1,0,0xf5e1ff97b8ed24032a861eaef122643452268a39,0,
0xf75de494bd4ca3299266d59336082e9e8f6cd584c11bb555d97fc3525be37ab1,repay,33368.3342,0.005864,5,123,6,2,2,0,0x0000000000001ff3684f28c67538d4d072c22734,1,
0x964c5bca5d711396b1648b1a30ff5872aabcfad67c1e9236ce10ba8c0194aeb1,repay,241469.7343,0.005504,47,392,9,0,1,0,0x364e94a1bf09fc6498e979e7715bb13fa6e9f807,0,
0x4f9ff92391494cfe8c0120fa47f064779b7527ee99696fdbc1e708f0faaf1e98,repay,1070.5659,0.022014,15,345,0,0,0,0,,0,
0xe59ccace8465039f1bd99d6b69ff58b64bc1747ef4eaec42f31601bf0d2b60f4,repay,3602.9698,0.015361,92,287,2,0,0,0,,0,
0x8e79f8aa18a45b9f63dc8db799272bf7d473d65cc95450fd1f7f471bd6a27cf3,repay,6328.7188,0.001704,33,324,5,0,0,0,,0,
0x003d9071274f4260a66d45867117a8b5ed9dbe0a4784e01405f23fae9d586e3d,boost,35270.6133,0.005075,33,381,11,1,1,0,0x81463b0f960f247f704377661ec81c1fd65b5128,0,
0xe67b5d0fdcd7dda01bc09f74e28f041face2eb14b789682ecfb92a8d2efff4d0,repay,42142.0912,0.003039,2,345,11,1,1,0,0x881d40237659c251811cec9c364ef91dc08d300c,0,
0x466496db12646e0c3b774130888c34779790711163325e57a67fcf7fad087a38,repay,4005.0846,-0.001076,56,159,4,0,0,0,,0,
0x94a948f76a2f779f8e7874da4c47d02067bbbd9697552e89d38332b48600d0e2,boost,4901.9331,0.004958,4,169,10,1,1,0,0x5ffd71ada755cb2e0635adda04fde47a56fc4dc1,0,
0x63cbf5145761c5b8d865ede05ac636f9a6aafd9b104f7b2b55054287232fe7b3,repay,4978.5527,0.003803,24,302,3,1,0,0,,0,
0x46798f31ed00997a9d9b9af51db4e1751f145795fe47301ee878a4244cd3a702,boost,24762.2724,0.003395,11,217,5,1,0,0,,0,
0xb5583806798d647debf5b915d42070fa90766e918a19fd99614edf6b70c59592,repay,21304.2531,0.002418,59,144,2,0,0,0,,0,
0x8cd45da2902689117fdb041ef2e81729790e39e2e6d6fe1090040f37963838ad,boost,1.7518,0.202535,116,314,0,0,0,0,,0,
0xda0c1a85b5281879acc6dac696144a66193abe3b4063eef096c67542653cea04,boost,6022.2985,0.002722,87,312,1,0,0,0,,0,
0x312d7a4ea655368d62668d2ae0269bea89d8403d3321b9ddebed6f409abfa696,boost,1054.7631,0.007215,11,276,1,0,0,0,,0,
0x95a5fc8ac828200cd635710e2dfbef70c6de7734d6ad4dce14a4225a1776bbf1,boost,26722.7173,0.004062,83,290,6,0,1,0,0x322ef8f983b7e6d906cf7ff7057dd8a4d1cdc657,0,
0xf9319467f8dbf36235752f0862891d34ce02a8638235423cd03ccf4bbd7a1cbc,boost,2647.0643,0.008359,116,290,3,0,0,0,,0,
0xed0322406586285c173fc974ca3e11af848ea06ce972044c65e055e4dc5c249f,repay,34413.4091,0.001756,89,289,7,0,0,0,,0,
0x08d8894bb57e6dcb124c2810c5e5621e9f3f1936047a094f1f1207e911413e68,boost,6854.6472,0.002069,1,445,1,0,1,0,0x51c72848c68a965f66fa7a88855f9f7784502a7f,0,
0xbb7a86f2576e4915d5cc28a5b053dc8cfc6742ec6035d0ee93a7604201e03a24,boost,3944.0147,0.002151,13,199,1,0,0,0,,0,
0xbc440033973a174729e7deb4e8619b5cc680d5859823c3417341f19d30406789,boost,4625.9946,0.002117,134,362,1,0,2,0,0x1399bb39c241f3b0755a8584205a2f99bdb15bf7,1,
0x4c7f6a3cb943016a1d64ec0146583e950f5de02654a113b9bf1cd17efc08ddfc,boost,30298.1146,0.002685,136,362,11,1,1,0,0x51c72848c68a965f66fa7a88855f9f7784502a7f,1,
0x2077a015cef2adbfa53154cf11a6260aff1e9274ccaa7e96cc450e9be677ac8a,boost,73676.4144,0.006583,5,181,11,1,3,0,0xe45572dff1865af5f12208b09ce7506847f628bd,0,
0x94d05cef8f9d7611ecabbfb322d6582a86e874a57bf14c73d3739d3fdc88a068,boost,30724.0928,0.004527,108,153,5,0,1,0,0x8a6df6c629cf940b0cc4a32101caa4a022e80234,0,
0x915e56ac24c31e90f3529d431fc6957edc9b7b9b8094e45463ce9002a5c7d423,boost,1780.9528,0.00326,20,146,1,0,0,0,,0,
0xf6b607536b94a7b6709b06ff2248a3840049ab6f742e8c68b7922abac6c78678,repay,34233.4299,0.002634,251,256,0,0,0,0,,0,
0xa1939980897de65f80b029a332ab46ee316ad7046dd1991730238528e979c9b4,repay,22891.3255,0.006842,21,353,2,0,0,0,,0,
0xa5c4dc22207ab10bed365f4c12cf895ba756dad165a57d07ebd47d2e4f28ebbe,boost,30371.9867,0.003763,3,129,3,0,0,0,,0,
0x035fa40f35e265e11b98a914997b146c5e35416f9025ad63a487117308f55493,boost,8622.3505,0.006165,26,43,20,0,0,0,,0,
0xc8297e4204a721308c15dd82d8eec2e029f7ef27fbe4cc81456bbd1b5d3bc058,repay,9565.9642,0.003979,2,687,1,0,2,0,0x51c72848c68a965f66fa7a88855f9f7784502a7f,0,
0xfa692676e568ad54f22845f094dfa6ed2f1e26cae4e3b56d71295c21a02b2218,boost,8170.9506,0.009287,20,144,10,0,1,0,0x06cff7088619c7178f5e14f0b119458d08d2f5ef,0,
0x2a410a1d49f32565cbe0f8394a8c451873a364f54cb3062820b9a8d231a68cd4,boost,1025.559,0.001696,136,188,0,0,0,0,,0,
0x3c18c047cec1007087db0e57d585ca4c03f1130dac5738ee7993ee15f43a530b,boost,4204.3607,0.000645,79,341,0,0,0,0,,0,
0x5d2946a910017e634721eb2cda16141fbcbe9f6302d3b9018fb0e9dea87f9ace,boost,18421.657,0.005139,329,549,12,0,0,0,,0,
0xa60deaa0468653804bdd3ef73925b2fa5a22b4c81d2000f9174fd734dce60530,boost,34830.1843,0.003503,10,405,2,0,0,0,,0,
0x23ee4442ef259545d9f53398965ed91c4118bc4101bd55c709d9fc2dad346b90,repay,13271.0685,0.004462,4,291,4,0,0,0,,0,
0x98d6066c75d9e1aba500c70c51b8ba93660d75ff073047d5b788a3777052b341,boost,3926.5585,0.007066,172,206,1,0,0,0,,0,
0x898cbcdf03018eca6025af2557abb755357842026981b93af5f508327bf7e6d9,boost,5249.7515,0.004609,25,291,7,0,1,0,0x81463b0f960f247f704377661ec81c1fd65b5128,0,
0x7e70c8bd88ff254f236e8b8dcdbd03945257d65967b24ac9ea08fbe25ccfe5e4,boost,252254.1264,0.003919,3,337,17,0,1,0,0x06cff7088619c7178f5e14f0b119458d08d2f5ef,0,
0x3c22684873ddabb6c0fc569bbbccb8a1359d83a6e3a970e3418a40b76b5284f5,boost,4263.0566,0.005887,217,326,3,0,0,0,,0,
0xcfe5636d0ebccd250435be0f5110635b27038ed80b33b9d95cb7289306821e6d,repay,19730.5318,0.006947,10,126,10,0,1,0,0x51c72848c68a965f66fa7a88855f9f7784502a7f,0,
0xbe8cdeffac653bf71f7d6d49a804f6603e1d1ac7133340404f14ced4be9aed07,boost,24661.7628,0.004984,15,230,1,0,0,0,,0,
0x3a303e1a50a39ca96f6b09fd7c80174257704a99b2eb7b6df2adcd6ae82f3302,boost,798980.5232,0.002792,16,230,3,0,0,0,,1,
0x296a73b33d49839c87d0ef856b0131cf134bfe33f9cb7ab185d859c2cb08e347,boost,2585.7365,0.003547,78,142,6,0,0,0,,0,
0xfc0744c968344ad2dd30eca30f5ace2a572fc2b8cc7133d4a4dfe94acb295871,boost,82647.743,0.004199,0,787,11,0,3,0,0x51c72848c68a965f66fa7a88855f9f7784502a7f,0,
0x44293020ac0eb5a9d637498dc6370ee962a2a91ce0744ad8cb963faee0478f1b,repay,425.3233,0.009732,17,944,0,0,0,0,,0,
0x5cd87dcbe0d50675d1b436cdbbf3bc8e98ba6ded4281979b89364dd1ca950de2,repay,133.0774,0.01754,24,944,0,0,0,0,,0,
0xeb15e83adf316da9c520e5c08c4e6341c17921afaa3eb8a635911ff0d01bfd9f,repay,383.8973,0.006626,3,416,1,0,0,0,,0,
0xc23c32f8ec7de14d445b5636a15ed0b87365167e478f17c8ce6224a0a69ef3f0,repay,8863.0307,0.00466,3,925,4,1,2,0,0x51c72848c68a965f66fa7a88855f9f7784502a7f,0,
0x2b28f52d745a16316dd3deb7fd24052509d10a0bbe9e3e95f296e9fc7854adaa,repay,74.5183,0.03869,349,393,0,0,0,0,,0,
0x448bd43a3b07e6e730b60a1e3b5b5d9ce2ea2f13f06eb716e6ffe6796e9996a6,boost,38603.3205,0.00557,56,221,9,0,0,0,,0,
0x92c57607d25fa3f4070bb2d18ccdeb29a44b8f496de0fd84b7c9bc1ab2100fad,repay,43531.1106,0.00652,0,149,13,0,3,0,0x51c72848c68a965f66fa7a88855f9f7784502a7f,0,
0x1855b668ac6b334883fb42de3cdcb066a6ecb44765774be8fcfeebb12d18a1ee,repay,50867.1144,0.004232,58,317,17,0,0,0,,0,
0x64a1f9594ceff5fc8dacf81aa0ca2d3861288e90e09ddbc5b499d0b16592d7ce,repay,141.7942,0.046919,1,79,2,0,0,0,,0,
0xf0938b76197e874490bb593d1cd54b5c66028bc45a78c924d1a11d0edaf1cebb,repay,37.3475,0.075297,0,378,2,0,0,0,,0,
0x543e0285e2734375324c45ef5764d109b1dd3cbcc76851c1ba74ec6376e49838,boost,25.3668,0.138507,70,323,1,0,0,0,,0,
0xab01f6725598a7e152bc85da913087669507a5ed4cfdd1cb57921d813b0a1f2c,boost,81.6589,0.033291,101,304,2,0,0,0,,0,
0xe2e2ba225a550bfc8151e393acb4c84ec8248cf59273d551ca8773bd6dec9851,repay,90.1016,0.035956,104,220,1,0,0,0,,0,
0x2d41e1b0b57c9ca72a27ed5288923263d61f4d54601354adfef2763253c8e421,repay,255.7983,0.014487,190,336,1,1,0,0,,0,
0xe72cdb49a70706eda5abe5ee0c55f83545776a8a5b2b4f567bf853ddac4b9a40,repay,40.2864,0.030786,54,438,2,0,0,0,,0,
0x22e8434e49aea4e8410b15636e3013ac8c32caf2a13f00165159f7442cc3e35b,boost,39513.5285,0.003178,42,256,8,0,1,0,0x84cc5f0bc0aa4bf47f3f60628c51cb1ab2745572,0,
0xf394ab96edda779d79db417bb73820cbbe02eac1ab24133643ff50f80a88a423,boost,4839.5405,0.014239,12,99,9,0,0,0,,0,
0x4b3a5ca70019f57367644344671562371acba3a3851ec36466c3fd3524735b7c,boost,8399.9121,0.007713,10,597,3,2,1,0,0x1f2f10d1c40777ae1da742455c65828ff36df387,0,
0x161c27222028c38e1748189a26451eb3d4b69c34b4560142fd70914f6174b499,boost,8526.6954,0.007776,6,597,3,1,2,0,0x4c82d1fbfe28c977cbb58d8c7ff8fcf9f70a2cca,0,
0x312e5da5180a3e280fa88e5fa0861f4882a97c4c4e65a9c0d6829a82092c8512,repay,18148.1178,0.00655,33,441,0,0,0,0,,0,
0x8fd3fdc1337d052242d57767467e3e856037bd4c0b39ac6317bc5183d88ca37c,boost,1192.9724,0.013826,266,410,1,0,0,0,,0,
0xea2bd89cc258f3e3825306382a08bb267031b9061b8c52dcb03e69146bc20d90,boost,6246.1121,0.004146,109,546,3,0,0,0,,0,
0x4c83242d788128473efc72bb2274bdd3824f03d20f78339602a6c7cfd762627b,boost,4230.5121,0.011585,132,546,2,0,0,0,,0,
0x9bbb7e25ad87b4a04728cb92b17f0100ffc0355914c1e57b6d0259cf8f49d779,boost,51332.5344,0.004205,227,439,1,0,0,0,,0,
0xb1c76d9fb1cfb3703142f976d85e9aa99a839e9fd8f9dbc0a9c95fa175075253,boost,1978.6176,0.017627,67,587,0,0,0,0,,0,
0x7291aa10702f211b6aee16fdfc4dc75ccafb90a04c91dc3bf2de7dea8ae7df52,boost,8427.8549,0.004656,23,147,2,1,2,0,0x4c82d1fbfe28c977cbb58d8c7ff8fcf9f70a2cca,0,
0x9fe8a0d58749766410c13ac58eaf359dcda18be7c5f5630a19accc7c45a1f213,boost,7828.8742,0.004039,19,491,1,0,0,0,,0,
0x8c84005298a6dc06a6c5b871a5701f6579d088fd7b56045fd178248974e9b9a2,boost,10616.6006,0.016565,63,315,1,0,0,0,,0,
0x3ada6609daa5b0362ec5c9049debe0656106a4c031947f20a180f89b4be6b270,boost,1185837.0889,-0.001357,26,104,12,2,1,0,0x51c72848c68a965f66fa7a88855f9f7784502a7f,0,
0xb9b5be09b2848b4533a9fc9ecd01a7be362a63bf72c815750cf0e17fa32086d6,repay,25229.8734,0.004888,33,68,6,1,2,0,0x147a429fbd403794587ff971207e684f5e141e7f,0,
0x9a5d0cd245b898236d8292bb726881cfcab0388ed9c42f24b2f4035efd31810c,boost,27390.6023,0.004573,21,68,6,0,1,0,0x1399bb39c241f3b0755a8584205a2f99bdb15bf7,0,
0x1e1d0f97f7d786c45f9ab57bd60293efb44af8a496cc4d6eb5e5173f59f8590e,boost,7936.777,0.004243,86,287,2,0,0,0,,0,
0xe18e9e7231d1f17e85bb1554ba14ec900b45a36d6c6275f058969d20471bc754,boost,66769.0943,0.003479,44,161,5,1,2,0,0x06cff7088619c7178f5e14f0b119458d08d2f5ef,0,
0xd78926b93d5c403364716eadf445ddd4cf6ee423477abdac79bf2aab45db0eb9,boost,1480.7288,0.011845,22,151,5,0,1,0,0x00000000009e50a7ddb7a7b0e2ee6604fd120e49,0,
0x4bab34b0cd884c47da915c50e44e143f33aa6f4d922bf7e9b33e38827c91d0fb,boost,77297.6784,0.009686,175,285,18,0,0,0,,0,
0x8801aa0d3cba2af96bbc2c097adaf6e84fe7643b80b28d47d2b315ac617810a9,boost,38694.2529,-0.002649,48,216,0,0,0,0,,0,
0xb76be6729341f75f08ea7ac148446840e982f709879b72dd3ed7e879690fd17b,boost,15994.8171,0.007365,58,216,3,0,0,0,,0,
0x9eda52b9f26d635a60a4523b07cb65693ee0a6f1d56b928f6f503c51ff5ce073,boost,9290.9622,0.009098,81,288,6,0,0,0,,0,
0x6d9332963662f7b614b2e2f73dd6edbf1631ecdcfa81daf05948f4a1fe647d7a,repay,69494.261,0.007705,93,171,4,0,0,0,,0,
0x36ed2cb059060c4931163142a010b987c4968b3632802038283020b3265293dd,repay,20442.7404,0.015842,1,47,2,0,2,0,0x9640c8dd3b96fc35e08ddeba4d04637ba096c426,0,
0x5371782e7422111c93635cb5b293c65f4f64055b73cbd72d8000ef556e2a1ec5,boost,325931.3651,0.003604,68,82,6,0,0,0,,0,
0x30d2f3a380e7d1c8431b77710c6e46d16e193980722e7724acba4972ab857717,boost,100475.1324,0.000929,278,694,0,0,0,0,,0,
0x5bc0d90c7d211b2c3f43cfe31556b753692ed33c712eb96b931fab45d8c77a9b,repay,17616.7848,0.003619,112,551,0,0,0,0,,0,
0x205e922f33a9795a6468e6c5e9efb9507b3241595efc9d0667a74e3dda06d426,boost,62435.7794,0.000624,4,551,1,0,1,0,0x00000000009e50a7ddb7a7b0e2ee6604fd120e49,0,
0xa6b131f7a3672e6d1a2dac453ac8af880e23b5f36d8cf9e4f2291d58d1c78cf9,boost,11998.7003,0.003842,113,551,3,0,0,0,,0,
0x56ffff6cae28ab6e6bbb7b23a9662e36747459b07fab7b40b3d3840cab0b84d4,boost,48550.8734,0.002091,66,324,0,0,0,0,,0,
0x2eac7993fc8e18907ad0b9d534aca677e19665f3b4ec9d5172a4f94f6acf1216,boost,5103.2143,0.003589,120,212,1,0,0,0,,0,
0xcc8e0cae59eaad4a3169c9ff0d3a4f97547ebf862e31665f2b69decad5be0d32,boost,412858.0277,0.01481,194,291,28,1,0,0,,0,
0xd2bc52080ad36ce04615750830e1bdd281bece6143271c0be5beef397e3d6631,boost,25143.6673,0.021564,0,42,8,0,3,0,0x49e55995ef73717895a638074de5af89fa1e301c,0,
0xed066d4b7297ac5d7194a1a73dcda77190951dd612bd7fbea0960d1ac62bfb78,boost,4261.7752,0.068873,183,204,5,0,0,0,,1,
0xdaa5ac1d173d28ea7a14ed3239ee68ca7db41b6eeabd0236b96ac79f5be2db94,boost,35662.1108,0.01211,184,204,6,0,0,0,,1,
0x6927ee881872d31c35fedaed26358a3aee8ef2570ffbfb69de827c183740fef7,boost,2400.5826,0.004404,159,195,2,1,0,0,,0,
0xfc44d6d29d40cd9ebd02e1867e80df4a9f2c033a66384f043eec5e7ce4c6a4a8,boost,1549.4382,0.003773,93,354,1,0,1,0,0x81463b0f960f247f704377661ec81c1fd65b5128,0,
0x6e747112b2cf222a565527a81ad6acfb8a3b1da504ee27ad36fc731f681497c5,boost,128564.5111,0.008244,76,414,13,0,0,0,,0,
0x3868d87aa489bfaa92caa174323d72ebd9ac74cd0f7cb789fd7b041cce550503,boost,6451.3855,0.004131,58,246,3,0,1,0,0x4937758e82c4a2780a43847aaa98c4eaac5da671,0,
0x3b1b0dfd42dd88a0c74e0b61973828b7b8ceced4b8b98ce2bbaaf6d1af4d22e3,boost,578214.8304,0.004521,19,163,2,0,0,0,,0,
0x2eba569791ba4fe6cbf3885a8689eaa0f35e1f37ab799c707d36cc7020923522,boost,435269.7171,0.003194,18,163,4,0,0,0,,0,
0xe91940f443689441b3ac960a6adff40cd53d4920eb0e2c215342201bfc09650a,boost,35083.4371,0.004785,7,399,1,0,0,0,,0,
0x1767fd980c6240804f959416372ec3c9e554fc00d8e524c126b1d1e933ccb542,boost,67982.644,0.000857,0,136,1,0,0,0,,0,
0x974ba896e3c60893254ebbfc027b59d9406bf8a6f061bab87489bd3302d8d504,boost,7825.7308,0.003396,2,136,1,0,1,0,0x36331e299247e5d0d3261e1d9852f6e0cffee95c,0,
0xde1741e6d356fe52da2c1718e2c762301b523b721a70fa80ccd0ceb99ce624bf,boost,10412.6017,0.003032,5,485,10,1,1,0,0xbdb3ba9ffe392549e1f8658dd2630c141fdf47b6,0,
0x0708ff6e9ae6d333e06907808a7a16108f715ee449273a5d3f6ebdf6dd94e996,boost,14452.917,0.002769,0,233,4,0,3,0,0x51c72848c68a965f66fa7a88855f9f7784502a7f,0,
0xa6c713a38f6b50af07301eac39e4d19df0ac31ad80d6f453964792f273737c88,boost,1257343.5745,0.009865,13,432,20,0,1,0,0x51c72848c68a965f66fa7a88855f9f7784502a7f,0,
0xe698dbdf23e302b174eea9200af6977314ff8d2bcb4407ca419e22b24041cf55,boost,6965.2199,0.00074,127,555,0,0,0,0,,0,
0x84ff3f98d32fc56d647742c29c86747cdbc8902f5a0e85f2ec37658e66cea0fd,boost,2282.2588,0.01233,136,345,11,0,0,0,,0,
0x3395332ae981365dfe248d275874f170625005973298795a059e9f3900ea5995,boost,42018.164,0.000389,210,552,1,0,0,0,,0,
0x8559a6ac1ceeea464b7edae074ebc6e6fadedf6c0674908e91b1b9fa40370b08,boost,29748.2055,0.004348,19,67,2,1,0,0,,0,
0x7eeedad745e2c94877652d11a9eb5a6cb56960a0f85315795f956fce2a57bf02,boost,6509.8895,0.004069,74,150,3,0,0,0,,0,
0x40ff9e83565eedc2052637060a67a4d00ba4f723b04b17c74a6ec2e06100cb94,repay,47155.1032,-0.000376,149,409,2,0,0,0,,0,
0xbda8da436165503a4d607ceaa779753e2006bf3f5f97940367968662540983bb,boost,11739.2881,0.002333,84,405,0,0,0,0,,0,
0xa13837b8c42f492e7191b58057f26aef15333ba837f3636c726081c89ccf4cc6,boost,133973.7262,0.003649,235,481,0,0,0,0,,0,
0x82ef8019d33a52dac649e7e43cfeb2de5392093f523cef45777bcb4a530e463a,boost,6331.5421,0.002948,33,207,0,0,0,0,,0,
0xd88e1e209c2f8149341a3b50f7c60eaf91b04eee81280cb41b44ec28bdbe8aa0,boost,43.6728,0.064505,184,258,0,0,0,0,,0,
0xf39e71a5b10fb3e8904bc20612edf807485610a00a6f41c71cee9d250a8189bf,repay,3694.7906,0.002898,104,412,0,0,0,0,,0,
0xc3989a290c3c9aa43785407d8c250cacdfc6cdb8c64896ae21057d8c942ec866,repay,67114.9485,0.003195,155,300,1,0,0,0,,0,
0x9412dfe42789d4a5bd01de9e144a70f598a7411cda30d7da118c1334bc0c6a4a,boost,2398.5831,0.02117,66,393,4,0,0,0,,1,
0xb27c4503207a1ab6301fc019837ba9bfb77feac5482986908c22124e64b0e8fc,boost,12392.5351,0.008016,68,393,8,0,0,0,,1,
0x41756ac90d6c4588d06abcccbcbbeedca20f69f8b84153b8fd3140fc3a56397b,boost,12352.1718,0.007478,37,83,3,0,0,0,,0,
0x4e1ba9525a162e9062a0f4fce53eb21f28303c1f0535ecf5a88d1afc3d5ef8b4,boost,1906.6785,0.015681,79,415,11,0,0,0,,0,
0x2af3f1bcc57d6a7f2c8dcaea96b984a27c03c9c13878a3e27dbde0ca8ddb36f3,boost,7232.3707,0.011704,116,394,12,0,0,0,,0,
0xb407cddce982c99f9ffc6d49d20a5b040b3b71e772ea53af341f05a04a84098f,repay,110807.1068,0.005576,105,361,6,1,2,0,0x51c72848c68a965f66fa7a88855f9f7784502a7f,0,
0x54d241cf5db760f77adcf87a586d93aabcdb9ecb18b6f54b6fc5e9673c60e674,repay,19111.2834,0.003666,56,203,1,0,0,0,,0,
0x4e31b23c5b83506c9307f08187046219f1895d740c961eee31bfe99d50b0e62c,repay,10089.834,0.002754,81,239,0,0,0,0,,0,
0xedd811c41efbbf46decffc4bbcba0198b5960584a1daf6bacd6faed47671ebaf,repay,6101.6617,0.004139,28,230,2,0,0,0,,0,
0xc8d86b777ce7fc97e2b25887df4967282ae5a4022310bbdc4791542b91a07b8d,repay,14091.5258,0.011181,184,358,18,0,0,0,,0,
0xee02bbe36cd3b1e9d6d29ce483d07918d3e037fab7700a3a0e31f5fae44af5a7,repay,28332.5614,0.001632,250,278,0,0,0,0,,0,
0xcb1b421a9d1932cd24ce8b754463886c76883f6b7c36d488a318039bdbad13e5,repay,2184.4806,0.006271,277,522,1,0,0,0,,0,
0xa693790ea2d558548d15d599a78821d53b3fe1cbcaffa884bf6ca69e3e17d79e,boost,18247.8943,0.002499,8,270,0,0,0,0,,0,
0xd138b35125987f02c825efff1d430149c2bb0fc6e31d5558b06f810f4582635b,repay,1986341.5137,0.0039,54,190,15,0,1,0,0x51c72848c68a965f66fa7a88855f9f7784502a7f,0,
0xd523399c346d05f1e8f1ca5783465b12b1f9b7808619122bd7f44eb8d9aed2d7,boost,22801.5744,0.004318,14,149,9,1,0,0,,0,
0xe79ff9ee56c7c096c12f3f07e7cc8420039c6f5b9d057f00ac629cb6297d705e,boost,1729.0705,0.011504,14,613,2,0,0,0,,0,
0xd5806455afbdde56bf83a7bf8a88a8dc66f9f2b74c972642e9ada4ff1810a639,boost,11746.9227,0.003919,15,288,7,0,1,0,0x51c72848c68a965f66fa7a88855f9f7784502a7f,0,
0xd540ceb8a3f1f0d167bc6e63a65d41de3b02aa3e81d6351eba589149dba6bfca,boost,2135.7206,0.0056,145,151,1,0,0,0,,0,
0x5ef480f1bb47747003e96faf5b93678175f119e66e3d9eb020185a34e519a34e,boost,38014.6619,0.002201,19,133,1,0,0,0,,0,
0xd2f040b60756fd8b8ffe3bf77227acbe310997dea7cbe7e33a6145c72609b381,boost,2274.9,0.002286,137,419,1,0,1,0,0xbeef02961503351625926ea9a11ae13b29f5c555,0,
0xe598574e001ff8bd9e86f4b1aad163bafd9f6d773d53471b82deebecf9975310,boost,1588.7967,0.00322,145,419,0,0,0,0,,0,
0x34822260472ae6d78c88645664ea2a3956550c5eb593a1be0d87370209285fe7,boost,5117.2871,0.008395,18,192,2,0,0,0,,0,
0xefda03a725d880b14d02d445ab9c7560956d955493276e8f65a944d50eaf0580,boost,7876.842,0.004314,151,446,9,1,0,0,,0,
0x7e8cb11d41c9b4ea719ee0b4325d0d087df1350d8e2d4b4a4d67570e61096b0e,boost,146941.598,0.004698,167,364,11,0,0,0,,0,
0x894879855825cfd1c7701cf60929a160dcbeb1d0769c345d99cc50f76479a7c4,boost,31103.1719,0.001939,46,108,4,0,0,0,,0,
0xe278041088ebcd90a97393daddb038310e57cb5d929008d5d0a3a5fa0fb3913d,boost,13864.7711,0.000685,249,357,0,0,0,0,,0,
0x562f9559b2d5cbe76cf337d7e12284834eea33f3997ddeed8478c8a881611a45,boost,7969.791,0.001796,46,142,1,0,0,0,,0,
0x2895647f29f85988f706a0abf42457473d8cd04b92b933403b6641e4d9ddae0f,boost,1903.7251,0.006317,34,482,5,0,0,0,,0,
0xa50c419e72df8b82731685027420835543a5757b60cf9c8840cf7169370faf8f,boost,13696.5277,0.003269,30,482,12,0,0,0,,0,
0xeb8f5fcdd232cab6a562ed7d941df9968a37b1b6da849ee5166e6a8a7599602c,repay,12028.6717,0.003391,200,371,1,0,0,0,,0,
0x72ccc6d7540bde9094d68a9fe1da4a450bd179cb3276be403262462b51de1f55,boost,1327201.1699,0.00323,196,371,1,0,0,0,,0,
0x4ee8bbb125c0d52a5ba5b23d30e3b27162a76116a27683f8562cf41a040ac084,boost,33840.7183,0.00295,206,371,0,0,0,0,,0,
0x93283de60faefee3f956b4352079d1bef5ab624fde6b5415927403becb1f4515,boost,45177.5603,0.002269,25,459,10,0,2,0,0x6338afee3ff32599bff2ce3d8b7604bd6d6a41a7,0,
0x10286e0bf671955442ebffec461ec29c057507cbe7c810145380fb974703a56c,boost,54611.9337,0.001099,105,464,1,0,0,0,,0,
0xc820785be071d583190f48142164f7e84c0d9a55a63098ff7b659cefbd4b9e9f,boost,7797.0973,0.007321,282,344,0,0,0,0,,0,
0xc55f1b97a0ea35881fe00e5461a59427116b4de25d2cf007bdb9a6fd710a7954,boost,536678.1994,0.005892,213,478,19,0,1,0,0xd3e83bb17e3001c7fcd1470c78ed838a5c27caf4,0,
0x91d6b6e76300d6bdc81cab165d068dddab92c8686ee05487fab0b8888c52fe92,boost,8883.7938,0.006203,176,404,13,0,1,0,0x6745024462abf2c049f54b381c4ad4a8c8d999c4,0,
0x51067128fa98e840a85b43f22ed751375c97f8180f2a0010ce681be99a416d86,boost,79124.9685,0.001268,21,475,1,0,0,0,,0,
0x1c4837c96ae09bea9a2be653a9b10b283bad78166088950cbe0127f2788b61be,boost,162826.0154,0.003631,21,414,12,0,1,0,0x8af22a0ca15caaa60093269c565b492c852f0d28,0,
0xd27d62569a5249c6f64e4f68046497e9a23e193fb9c44fc0b93eb6b7fd956e5c,boost,7128.0393,0.005121,209,376,8,0,1,0,0x555ce236c0220695b68341bc48c68d52210cc35b,0,
0xde01c7f32f9bd3af64451d89abe1d38e3e207dbc6edcd27278c94b557835ae82,boost,44582.2576,0.003043,47,151,2,0,0,0,,0,
0xecb06e5927bd30282354cabae1ede211509a21480fdbab2ebee73867e3a6fdbc,boost,2266.3836,0.0045,32,487,1,0,0,0,,0,
0xa5e4814b081f542a8363b4f23cc675c30c15e7849398ae3c25cceaa057e63921,boost,2129.2381,0.004489,128,294,0,0,0,0,,0,
0xc66a0de87eff12a7cccd2cc386431e08e3ad1205c00211287eef22b6d3c23f32,boost,1179.6058,0.007602,26,431,4,0,0,0,,0,
0x4d1c0f6f3fae9d1fa393dae46371cabbb2532d67b8cafa1cef7429fd68a67651,boost,27109.524,0.004238,7,388,2,0,0,0,,0,
0x41750f6fad72b7fa9248d2b928a180fbe0ebf4b7f502fdebb0a4716fb439cf87,boost,8511.0949,0.00194,106,230,1,0,0,0,,0,
0x74163c112b2155d69dbadab9f11c6ce0d3b49da87758555ef56b460fa36b7637,repay,22792.3075,0.002719,274,429,0,0,0,0,,0,
0x3f84a75726947d8ddfc553d747cbe8c243dd4fee9958257a99d558588800768a,repay,30239.3785,0.004596,213,358,8,0,1,0,0x0000000000367715a1c746bd336b65e5954c7660,0,
0x15376e4d05cace3987cf212db1826df12905b28e74884c9f8e51025bbb5be1ad,repay,12907.648,0.004387,50,210,0,0,0,0,,0,
0x00d03bd95afc69aa6c30bee9db76f8a507de03eef402d871edd45dbc1c18977c,boost,40.2242,0.07645,43,209,0,0,0,0,,0,
