tx,kind,ts,ratio,state,delay_blocks,error,sub_id,armed_block
0x590c818ae4a4bf53d1f1d3d9bf62d6a51c19cf844322e7a33c7c8305d3a6eddf,boost,1759460939,1.65,0,2,,2217,23199827
0xc5cc887a48a57d69c1da8fb12b3e5cddd881b6cbb9a056b5a945da9045d902e3,repay,1760110955,1.35,1,3,,2216,23199827
0xf0d469d63b5e67a64fb3f576822531ca97ddae7582a50dab79230f79bc0748e5,repay,1760131895,1.35,1,63,,1945,22270578
0x68ed54d366edf00f4e3565a64da4c594490a8eb778a3be67d1493f4f22b4c1bc,repay,1760216135,1.35,1,2,,2216,23199827
0xe72a13d28614c58e1624767cd8bc9f6fa643d22d15788c044ecf116091456af1,boost,1764179243,1.35,0,3,,1893,23598063
0xe94d7aa5bb49527df60302f8ef005e9f23f730901499db05cd3753aefc716e03,boost,1764179243,2.0,0,3,,2166,23126259
0xe1302934633239325aa196d490102328e898bbd69b09d63a3468e3292ba671a7,boost,1764179243,1.35,0,3,,2091,23549466
0x9d2cce2c69db6b2c65b6d3a216f9909e27d855b4977d73ec25ef075f278ddb1e,boost,1764210755,1.7,0,3,,2176,23137024
0xd77d4127c36a3dd71deb168cce377dfbf0591660d5b3e255cae56c5711446a35,boost,1765397795,1.55,0,4,,2057,22676237
0x5cff5162597383427e217a2a0070a7a8305724f6ba873b577dfd1fa70b6ad6fc,repay,1770304499,1.35,1,14,,2680,24350628
0x0eb310bb94afccddde4925a0a98ea4740a92d667de232b0aa84776493824de25,repay,1770304991,1.05,1,8,,2689,24354661
0xb93aa076ed67fe2e10fe6b483efee3662d28f76de128acd5efd5f9326988e95f,repay,1770305447,1.05,1,36,,2736,24388760
0x20ed306bb7bbbf3a26a435e45665841a6472a83417c797d3572ae056dca37017,boost,1773632519,1.35,0,52,,2761,24583168
0x1fde871438ab0fd91eb815d6803a4f3e163deefe5dc7defeca2e1dfa58e523d6,boost,1775934455,1.35,0,2,,2359,23730421
0xd69967a176edaef2158b342db8335d8ce33b7f8bd9c9998c426a2bd009e456e4,boost,1775992391,1.65,0,2,,2669,24310221
0x01039fecf13224be070e39275d8ed5650f15c56bd156ef34398bd821abee0a3c,boost,1776121067,1.55,0,4,,1911,23797982
0xf3682ae78413ba64beb834b66256f2ac501f06ea8bdd1f519604fbd005cdd540,boost,1776122927,1.65,0,3,,2666,24570831
0xe9c8570b64eb3a63a77c34917be78c6702f2553bd8369378886374ebe2145a48,repay,1779063083,1.25,1,2,,1910,23797982
0xf41dc622549b8abf3f53d63d601d54774ab77188eb7e2a6ee80f71fe1c50cbfc,repay,1779478199,1.05,1,2,,2786,24404286
0x9625cc856f7f483f0f52736565b82b72735fdef8cd2c44a3580827a2f8da477a,boost,1780672427,1.6,0,3,,2655,25096137
0xe36aa383aa360ef8ae1db68566f3a24d99aa3c108ed25b13d90ac7c9546ea8e1,repay,1780687139,1.05,1,3,,2689,24354661
0xc3bf70a0bcac9d325cf51fdeeb3f8244cd201670c971363df2293b780a847eea,boost,1780870727,1.15,0,12,,2787,25239667
0x32920c711e4271754ff669873836e1a62ba87ad682ee608e6a325623838402ed,boost,1780870823,1.45,0,20,,2822,25249467
0xdc6070e4f0247cfe179e1fdaf16677769d7c9c04dc1ff19f55c1a517f753c72b,boost,1780870979,1.35,0,33,,2359,23730421
0xe3d029aea157eea6b1ad43706f01a8b32a433e967b195b43a9f678a1bdc08c82,boost,1780926887,1.15,0,2,,2789,24404337
0xe31871cf3cad152f22344249d536a41470efe96d89c5510f06128e7a4237c4aa,repay,1780963883,1.35,1,7,,2821,25249467
0xbaa43d87a3b5563c49b24c1ca1e28750a7ee0d69c87f80c8170f49d09ab08fff,repay,1781021459,1.05,1,23,,2786,24404286
0x554fc767923f208a35efb4f16a6e488fb8b4c4997721a9649a53a5f1ad41b5bb,repay,1781022083,1.05,1,3,,2788,24404337
0x51d60c5cd618e79b10246be3d8e034badd0d1c8a57463388e9a58d4fc61b4017,boost,1781038595,1.35,0,3,,2359,23730421
0x8b5a726faca994e19e8e2ec8bb81997a15a07ce396c36c6406543eef26e4f556,boost,1781473319,1.15,0,10,,2787,25239667
0x7580d6d40200297f8766534feba749eee4035d3ae008b141b98bef8105d2b28c,boost,1781538479,1.3,0,2,,2813,24778113
0x577d0f3d98b0809f44b27a610fd9ca9fcb3db87bbdac632e21c06feb48933c61,repay,1781562803,1.05,1,3,,2786,24404286
0xfc0ca02038dacfa1e23b60287503cc8c5c99018ab54a4fbe2ab9fb6bd2024376,repay,1781699183,1.1,1,2,,3144,25268731
0x68698ca193a07f8b64a5f4878d72365e8f919eb0492e0affbf7e870d380aa085,repay,1781699195,1.35,1,3,,2821,25249467
0x34cc4878f94b730ad82df937b4c287fc0c49b64cff25578fe73a0801bb0db657,repay,1781741687,1.45,1,2,,2654,25258592
0xfe21ce9013905ce3b4bf8fd3920b7a955d2f88eb7cd76c36540685326fd59adf,repay,1781797523,1.05,1,4,,2786,24404286
0x357810681e53497100dce7ff6058143f2e702033c58ad5ad74be031d4ce531b1,repay,1781798027,1.05,1,2,,2788,24404337
0x02fd30d2b0c29e39d77b22eda023e66125e6307b08e81f35d76ceba03aa3f1df,repay,1781798027,1.7,1,1,,2165,23126259
0x23d653e757f517258535fd74174542b00fe7dfb0588a8c8dfe0ee14e9a8794b9,repay,1781803511,1.35,1,3,,2821,25249467
0x5d35d061ef12cb08f3bfe9edab38e86e3dab4e5cb3e2415bfaa9fabba6bf7dec,repay,1781803655,1.05,1,7,,2777,25228173
0x254d53f90e5a7ca698a9c762fb0c480e51ef64c3c63e8cdcb72312101b133913,boost,1781968883,1.45,0,8,,2822,25249467
0xbdb00ef3cc34d33a29f53187f015d4525fc1b27b10a7c03721f8d73b4a5f6d39,repay,1782202043,1.35,1,3,,2821,25249467
0xb992c392158537fb413b5192137b0fc9e8e536188e90f16600fe6261456f65af,repay,1782202043,1.05,1,3,,2786,24404286
0xdbbad184a62345f41ac9424d73ef53b7ffd9b42f615cba2e8c99cc438f957f3a,repay,1782202799,1.1,1,9,,3144,25371129
0x2f88943d145c93943a662506f4cbabf4a8c4eff2c9277cef046980321beceb4e,repay,1782395699,1.05,1,4,,3149,25390707
0xf75de494bd4ca3299266d59336082e9e8f6cd584c11bb555d97fc3525be37ab1,repay,1782395807,1.05,1,3,,2788,24404337
0x964c5bca5d711396b1648b1a30ff5872aabcfad67c1e9236ce10ba8c0194aeb1,repay,1782395819,1.05,1,4,,3122,25124259
0x4f9ff92391494cfe8c0120fa47f064779b7527ee99696fdbc1e708f0faaf1e98,repay,1782395843,1.7,1,3,,2165,23126259
0xe59ccace8465039f1bd99d6b69ff58b64bc1747ef4eaec42f31601bf0d2b60f4,repay,1782395867,1.12,1,8,,1551,22215306
0x8e79f8aa18a45b9f63dc8db799272bf7d473d65cc95450fd1f7f471bd6a27cf3,repay,1782440135,1.05,1,8,,2786,24404286
0x003d9071274f4260a66d45867117a8b5ed9dbe0a4784e01405f23fae9d586e3d,boost,1782440591,1.6,0,2,,2655,25258592
0xe67b5d0fdcd7dda01bc09f74e28f041face2eb14b789682ecfb92a8d2efff4d0,repay,1782440603,1.15,1,3,,1613,21311795
0xb5583806798d647debf5b915d42070fa90766e918a19fd99614edf6b70c59592,repay,1782989027,1.45,1,2,,2654,25258592
0x2077a015cef2adbfa53154cf11a6260aff1e9274ccaa7e96cc450e9be677ac8a,boost,1783187483,1.15,0,2,,2789,24404337
0x915e56ac24c31e90f3529d431fc6957edc9b7b9b8094e45463ce9002a5c7d423,boost,1783372307,1.65,0,6,,1975,22467645
0xf6b607536b94a7b6709b06ff2248a3840049ab6f742e8c68b7922abac6c78678,repay,1783523879,1.1,1,2,,3144,25371129
0xa1939980897de65f80b029a332ab46ee316ad7046dd1991730238528e979c9b4,repay,1783648247,1.45,1,2,,2654,25258592
0xa5c4dc22207ab10bed365f4c12cf895ba756dad165a57d07ebd47d2e4f28ebbe,boost,1783678799,1.2,0,2,,3145,25371129
0x035fa40f35e265e11b98a914997b146c5e35416f9025ad63a487117308f55493,boost,1783901507,1.15,0,2,,2787,25239667
0xc8297e4204a721308c15dd82d8eec2e029f7ef27fbe4cc81456bbd1b5d3bc058,repay,1783965635,1.05,1,3,,2786,24404286
0xfa692676e568ad54f22845f094dfa6ed2f1e26cae4e3b56d71295c21a02b2218,boost,1784033327,1.15,0,7,,2787,25239667
0x2a410a1d49f32565cbe0f8394a8c451873a364f54cb3062820b9a8d231a68cd4,boost,1784033399,2.0,0,2,,2166,23126259
0x5d2946a910017e634721eb2cda16141fbcbe9f6302d3b9018fb0e9dea87f9ace,boost,1784035331,1.3,0,3,,2815,24441746
0xe72cdb49a70706eda5abe5ee0c55f83545776a8a5b2b4f567bf853ddac4b9a40,repay,1785496175,1.05,1,9,,3310,25652439
0xf394ab96edda779d79db417bb73820cbbe02eac1ab24133643ff50f80a88a423,boost,1787152043,2.27,0,5,,3227,25451262
0x161c27222028c38e1748189a26451eb3d4b69c34b4560142fd70914f6174b499,boost,1787152067,1.15,0,7,,2787,25239667
0x9fe8a0d58749766410c13ac58eaf359dcda18be7c5f5630a19accc7c45a1f213,boost,1787171291,1.3,0,2,,2813,24778113
0x9eda52b9f26d635a60a4523b07cb65693ee0a6f1d56b928f6f503c51ff5ce073,boost,1787173775,2.27,0,14,,3227,25451262
0x205e922f33a9795a6468e6c5e9efb9507b3241595efc9d0667a74e3dda06d426,boost,1787241287,1.2,0,2,,3145,25371129
0xdaa5ac1d173d28ea7a14ed3239ee68ca7db41b6eeabd0236b96ac79f5be2db94,boost,1787275175,1.35,0,10,,2722,24367469
0x9412dfe42789d4a5bd01de9e144a70f598a7411cda30d7da118c1334bc0c6a4a,boost,1789134659,1.25,0,1,,2366,25804801
0xe598574e001ff8bd9e86f4b1aad163bafd9f6d773d53471b82deebecf9975310,boost,1789806179,1.5,0,3,,3758,25971934
0x562f9559b2d5cbe76cf337d7e12284834eea33f3997ddeed8478c8a881611a45,boost,1789980059,3.0,0,6,,3482,25817188
0x1c4837c96ae09bea9a2be653a9b10b283bad78166088950cbe0127f2788b61be,boost,1790018519,1.15,0,3,,2789,24404337
0xde01c7f32f9bd3af64451d89abe1d38e3e207dbc6edcd27278c94b557835ae82,boost,1790022035,1.6,0,4,,1713,21561515
0xecb06e5927bd30282354cabae1ede211509a21480fdbab2ebee73867e3a6fdbc,boost,1790022143,1.25,0,13,,2366,25804801
0xa5e4814b081f542a8363b4f23cc675c30c15e7849398ae3c25cceaa057e63921,boost,1790022167,2.0,0,15,,2166,23126259
0x3f84a75726947d8ddfc553d747cbe8c243dd4fee9958257a99d558588800768a,repay,1790179355,1.15,1,2,,3822,25983599
0x333a8d788a1591005b76868ff0d25caa213c6e0dc291b75d2fe7359886e6ee6d,repay,1758597155,1.35,1,3,,1945,22270578
0x956178bb970d90efb56e1844ecbd87f99b9a6343d8f355555f3fabd34f5c4822,boost,1758725567,1.15,0,3,,1142,23416849
0xd37f2a23cc5c6748659cc99972835b852d9870169f2198cdcc1be25fa451c9d0,repay,1758763667,1.35,1,2,,611,18617090
0xe2bbb389131614f82a39220c703134508caf55f10cb8f36b692f816f5f3f5ec9,repay,1758776123,1.35,1,4,,2175,23137024
0x964e5749ec95c6a4eb6494b8b8bcefd4ff2ec8cccb3ed3bd838a6bb7ed00735b,repay,1758807743,1.35,1,2,,2099,23244546
0x72b230b49bb942be7a8878e358078ebf59d33c0caf4fa2650b74e0dc23f88b0d,repay,1758818903,1.35,1,1,,1974,22467645
0x2720807574a4ffcd53f1d9e48c25c7d353b9f668b98f74c3e0283b9eaf7161d2,repay,1758818903,1.35,1,1,,2097,23099838
0x08bf1db23b45935803d0010e430a0a9609dbbdd0edd8229b9f3585a95dd06cc0,repay,1758820655,1.3,1,3,,2090,23295640
0x6d61753a055caeb5e5a6c88c4829e3430e5c678282877c01961efe61bb82a28d,boost,1758889343,1.4,0,2,,1893,22969054
0x72ef928f58be1b1f01855c77eda8fa67ea75a350c5b86eaf0fabb62cb2fb132c,boost,1759178171,1.6,0,1,,2098,23099838
0x1909c62802c5d9a68ab8e4460e038876fb35ddfaa9e094683fcd6f0cc8b2fd2f,boost,1759178183,1.4,0,2,,1893,22969054
0x15539235a121c60826b0af417d309032ff88a9d389fbe44a5d5c1eeaca9fb484,boost,1759179047,1.15,0,2,,1142,23416849
0x126d939c3ae24046a0ff052bfc05e5bc0295c140b21b269e0c7abe26355120c3,boost,1759200623,1.4,0,2,,2091,23446388
0x49ebbc8e08e73c2cb62791739c5cd53b801cd6dc2fb1b2494d194450fe4bdd85,boost,1759311743,1.15,0,2,,1142,23416849
0x4f170a8dee515242fc4af1edc5b0898c0e955055a3173a6079cd659d22b9153e,boost,1759363451,1.4,0,5,,2085,22891978
0x8d802874fc97ffa9d6b738f8a701ccda2ab2578f81c623e106d7e31f0ca5f464,boost,1759369799,1.65,0,2,,1975,22467645
0xf9830c016e0aa4951387311c41719599d947a4b89f3c91b55096534351c3de36,boost,1759386743,1.29,0,2,,1800,23344967
0x652a5f070882ebd20c087375f0bc2c46d018f9d95fe9537833147c3b78d254d0,boost,1759432175,2.0,0,2,,2166,23126259
0xc889aa240ea94d0efe8aa7591e6acbd2c38a50c2b5efc921b322d65c0e0b8bb5,boost,1759432175,1.6,0,2,,2098,23099838
0xf815581ebf966e700596937229fb3c418099901974dad726c7ef062b4e4f0d65,boost,1759460939,1.4,0,2,,1893,22969054
0xea8de92ccd550eede6914e1da33cb6296bf22217f18a4df99d94ffbb0f5e442f,boost,1759460951,1.65,0,3,,1946,22270578
0x23ec0d95f14f5abe1e3d36406aed75f369457b395ca296f26bf51862326672c8,boost,1759509695,1.15,0,3,,1142,23416849
0x64455ad778f4fb0db17d26d71c1dd78390f42e87335a8b68b2e931a81898c86b,boost,1759639691,1.65,0,4,,1813,21936194
0x24fb1b3ab62d4802670a8992b3dfe4c420a84870ad8531f63b90f4a91fcbe55a,boost,1759651055,1.7,0,4,,2176,23137024
0xe34aff1ac1a583031267f72dac807da27480efaedb4ef05ccde48d5144f66dcc,repay,1760110475,1.7,1,8,,2165,23126259
0x8f7b1423afad0efda5f6a5c953ca30aee34c37dd41e57b7c0bcb4ff05e012ad7,repay,1760110547,1.35,1,11,,611,18617090
0xa99d8dbd0f9d3d5346307decb090243c9de2b6458068c68bb5e77269e62964f3,repay,1760110559,1.35,1,23,,2175,23137024
0x10d65a2fa1f90513972a93c45176a835bde41e640bfd9ea8070dbed2bdd2c228,repay,1760110955,1.35,1,3,,1945,22270578
0x4bda749cd940cc3ba5a9bc2d3a5c4874ed2d743200b75115b06bfafe6ee23ab7,repay,1760123195,1.35,1,3,,2097,23509823
0xd418840edc338267e0711038176df9061b12f1b693c9c9f39531641fec328344,repay,1760131595,1.35,1,62,,1812,21936194
0xe5f6f6ae4764d4abddef68ba2b3d0a149816875590c1cde8880ab5da992180e0,repay,1760131655,1.55,1,67,,1611,23046494
0xb69b9a374c92a950a6842f6adee3ce3c5fa1b8529ad3af7cec86466067a8272b,repay,1760131775,1.35,1,53,,2097,23509823
0x4b9b0fedb498f69cf11c6724ea2e1c60734316b312e878b93a59673533230dfb,repay,1760131835,1.35,1,46,,2099,23244546
0x645f727c6f1fbd04f44251f982a4cbd22df257814bd1694ee96ac708566c40d7,boost,1760139563,1.25,0,4,,1142,23510511
0x0fd68a748cb10e35bc02325d3b2d893d8f6179e6942919ee0a054ffbd18d7e0b,repay,1760145695,1.7,1,6,,2165,23126259
0xb468088feb5709dbb38de9408c6a3f05c9fc2a999f22e69025daa02c127796d6,boost,1760170895,1.4,0,3,,2065,23552712
0xd5fe4d66951940531bc086fd86d0d29229ad912e3fc2f3eabbef104b81373dec,repay,1760216135,1.35,1,2,,2175,23137024
0x2f1a223cd6e65666f8cd9636bc26075be02f9542ff377a4843f226082bf9214c,boost,1760280839,1.4,0,2,,2085,22891978
0xc695d644d0a0448b67b47ed1766965c286af7a2f34d77fb64e1f69cd1fa93180,boost,1760280839,1.35,0,2,,2359,23555230
0xa6d1e71678da9f707ab95153db504ed8b950e5e0ac101c76a4b0eef893dcac87,boost,1760282075,1.65,0,2,,1946,22270578
0x5a65e0eb0963e20009b750e258e8b6677ffb9234cc32069b341c52ff9cfb4d03,boost,1760282459,1.65,0,3,,2217,23199827
0x0a7a1ee5e115f699d95ac62eb5d8f0c84de674f4f741841433e847c9fd3b26e0,boost,1760285255,2.0,0,2,,2166,23126259
0xf6d6ca45024758e4cb67edad1358b6cb1e50588562d6043e13f9996b8d226760,boost,1760287655,1.35,0,2,,1891,23554165
0x54b8bd3fb383d9c862edad65f4b32cc63e1b70cdce70e44ec7b52440e2b4ef86,boost,1760287679,1.4,0,4,,1893,22969054
0x64f29b8ae0c043128f06b98445d3c2d69d5d58f125acd626ca2a6e69a4f9e1e0,boost,1760301275,1.65,0,3,,1975,22467645
0x14b740b4912f18dc6febede6c51eeb563fd10f62eb92e3e22dc3f8cb4bfd3dc1,boost,1760302355,1.7,0,3,,2176,23137024
0x4d20c7e0b357d9d3abdeb1e787839ee48e6dbbb0fa609a8ede407d0580f1149d,boost,1760456339,1.35,0,3,,2359,23555230
0x7ff180e38b11968e3a915d0e24263c86b6895dac0558c9d9d7b385fdb481d38e,repay,1760632007,1.35,1,4,,1974,22467645
0x380e36d01ed2284cd0859f46dd4949632d9d649e6098cc2fb989c500bcea1875,repay,1760683115,1.65,1,3,,2259,23314392
0x1f012d9784b23ea4c0f3aac50baf1f30869f050b429e1b4321d66dcd3bf878c1,repay,1760687843,1.7,1,1,,2165,23126259
0x8a0fcc8504b1ef0799b22fb94077f52ba65bb22ccdb988b6229f170693f7da9b,repay,1760687867,1.35,1,3,,2175,23137024
0xf45dfeef9243e4574cf4c9228de67e1a15f76db5c6127b044a4bb2244aae86cf,boost,1760734499,1.32,0,5,,1891,23598109
0x5fc62561e8dbde712e64b4a2433e88507e72b65e7b3faacddf640fb39a39e143,boost,1760932571,1.2,0,4,,2162,23569362
0x23e3526e36a226dda2aee489e0f671eb4bd18b2eb8c1e0c06f222f2f97b10aa7,boost,1760939603,2.0,0,2,,2166,23126259
0xeb78d1cb00aff35cbf26171d6fc5ecca52fe773d12b5194196c77b0e47362671,boost,1760939603,1.65,0,2,,1596,23555860
0x59fe2aa324f07ff519f9b9eee2bdcd68d2fdd639b46bb0579f592cfdd15bd2d8,boost,1761054743,1.4,0,75,,2332,23626279
0x7ad29120ac2a2cccc6ceb9e1e0e75081403fb323f77c6406a1c5f8c305d8e7d3,repay,1761055223,1.05,1,2,,2333,23626279
0xad41630b1189c9a507548a2caab7bf49d14795a6b20edae85fcfe542a8d6bfe2,repay,1761057347,1.35,1,11,,2333,23626558
0xd64048c2757bb1c63898f957089e5fc6a7c5bbb9ccb2c894c51ee6a69f0cec7d,boost,1761057539,1.45,0,6,,2332,23626579
0x4be59d73fcba1cdeb496fa6fdc253c1540362ef29fdf386966a06ca2e3a1b884,boost,1761059459,1.2,0,5,,2162,23569362
0x19e9d6708cf6c3eed505853b294012b5ca52bca0d5c9a0338008f3c4a582cd98,boost,1761061679,1.32,0,2,,1891,23598109
0xc354b95246fcf4cbb45059fcd6569fe799a51650e19f6ebde8d80b1b65939435,repay,1761167567,1.7,1,2,,2165,23126259
0x434f15e1a6afb03c5e939e3b5162a0e3bd2a314fba8889772224d6aff7717cee,boost,1761479123,1.2,0,3,,2162,23569362
0x1ddd95a08e798f892a04993540da7a7cb154b73e35d408993a81f2ba1fcfb0d2,boost,1761480203,2.0,0,1,,2166,23126259
0x089e47df83545a1c1951123d847ec1804efbbb28be14711e57c6adbbe8bf7942,boost,1761528263,1.65,0,3,,2366,23561695
0xb6b1ad2142bd924327e230410b5a85b58d5372586125c00b3e97cad8a4fada9b,boost,1761529019,2.15,0,2,,2440,23664081
0xb401c7deabecb5543dbbdb6dae959c6cd8d103d079b8683093e604db4eb99f97,boost,1761542159,1.2,0,2,,2162,23569362
0x0fae3cb83cc51cd3243c4e5e922f0692e4501613ad1bde017951ae0680136f20,boost,1761557483,2.15,0,3,,2440,23664081
0x24c51aeab95391a21fed1af381941ffd865135371c9215084720b7207b062cb8,repay,1761844895,1.2,1,2,,2444,23687609
0xdfa82dbeb0855aa772af73ff83d5d6398fa1c7898e64d1b8c1bca5cd06449e4a,repay,1761850979,1.7,1,1,,2165,23126259
0x0ff70ff96ac16d70c02985cb66b6cbcede5217205377fc4b5247d0ede3caa35e,boost,1761873467,1.2,0,5,,2162,23569362
0x82db02e39dcc5273c5c6ea7f19b6fb5864f61109ec980c1cfe4de3959450c121,repay,1762167647,1.35,1,4,,2216,23199827
0x0573cc482514c6df1b456909ec0842936443bb67eed1b8ee9b0e8b222d39c01d,repay,1762184039,1.35,1,20,,1945,22270578
0xb25270b16d3cb7068d0b9c9c43693021a9fcebb54b67a213e318f633e2cc4f2f,repay,1762201487,1.05,1,9,,2459,23721157
0x070b0e673f1a173fa83b2f13d1c022b442b1e4ce02256b7619ee0e1a5705eae0,boost,1762233095,1.4,0,3,,2451,23703302
0xbd7f7270cdcabc85fda3b12a3c1be93be045a360d5197c656688e5001e33e9ab,repay,1762236131,1.55,1,3,,1611,23046494
0xfb8646ed04e47e54e8837a11bda83a27a43e61bc26fa1ecacc5a737e1dce87e7,repay,1762273499,1.15,1,3,,2333,23626579
0x203f746e6303913ec0ffbb8ccc3e9e60f9940bcf4f59cddb165d379264fb3f32,repay,1762275779,1.35,1,7,,1974,22467645
0x42ab7c01714ef883d9619fe9acd427f784bbb739ee2a7de7539078bb9148b29f,repay,1762276199,1.7,1,3,,2165,23126259
0xf4bbbca3b8f5a4bc86a5de6bfe598fdff7f616045f6317ea0b2945b7fe2cb9d3,repay,1762276223,1.35,1,3,,1812,21936194
0x9a381833e740fc6faaf5f23584b43c89d9bdf4f8c784a151c460632aef324499,repay,1762276679,1.35,1,5,,2175,23137024
0x5845ea9f1a753b1b405ae049d0739ba5ad216b31871f0e7a74f6a60123010db3,repay,1762281179,1.35,1,3,,2216,23199827
0xdf91a802d53bdc107d1ba09e843cefb5cd48c1cff1501db8aaf6bcfff2211561,repay,1762285835,1.35,1,3,,2097,23509823
0xd28592d4dde9db2f81b94db40f09f8bdd576d28a6c494a0abb030c40154970e9,repay,1762285835,1.35,1,3,,1945,22270578
0xefc8d620fba666f040ff88eebd80abcb9d4f5b0bdb79d6714d097782a24ed63e,repay,1762286759,1.35,1,2,,2072,22780461
0x6ec38374426b80642e25e272490b5311bb6a19d043f6b7e15ee1d799d5f780f8,repay,1762287515,1.35,1,12,,611,18617090
0x02862dd1fa53ef30403bf400836552d64efccfe868f964f19d0e31456e59864b,repay,1762292363,1.7,1,22,,2165,23126259
0x02c3d3f5c14d5532936705f3d281bf688f7b30d207de2cbeae9e9fb0fc8e750d,boost,1762295699,1.2,0,1,,2162,23569362
0x7bb983cb532426aca9f2b038a205805d738d448f4231f3bf3bf9833295868fee,boost,1762345631,2.0,0,5,,2166,23126259
0x65cc4a9a8c60a7c4f56c7bb997631737614852f39a539908622f095fa9bc9445,boost,1762361495,1.35,0,3,,2091,23549466
0x69eb06850c65e6e514a2ffa50285649e685a62dad0d9bb89ab9119b20d5c27ef,boost,1762362023,1.2,0,2,,2162,23569362
0x43de7e593026984882218b9f687f92764c59e41e2e9953394e083abeba60f46c,boost,1762367555,1.32,0,4,,1891,23598109
0x3ba240d8ec074c74b12356ebdf5616b7db313fdfec497d4c0bbacdc4ed525dd4,repay,1762369499,3.18,1,17,,1514,23735048
0x5462da50d2ba175a1eb82de8e6112a570cea837faa8b7837a9098c42fdbb45c7,repay,1762391255,3.25,1,1754,,1514,23735106
0x48cee3a26e44a759785550e3a15bb3470a9922fb372e2c64e620a057fea783a5,repay,1762444295,3.25,1,6143,,1514,23735106
0xafb715533fa7bce3fb791bacdc1d5c81404136b5d5de804d9b7c101820f189f3,boost,1762540403,1.2,0,3,,2162,23569362
0x6a28b9547f1d51986a26b222d3c1c8258e4e472ed5af23d19cde70972901126d,boost,1762714259,1.65,0,5,,2047,22647104
0x2f24ffae075e0b5d2de50439050620c9aebb7c5568be4c280bd68f816ae3ef32,boost,1762718603,1.2,0,2,,2162,23569362
0xd588c7961d8301af2f9df2149b8baa3b2ac455d4dca625e0e3d61b2d30d404d6,boost,1762718603,1.65,0,2,,1946,22270578
0x094003b5e1a4c8af06128c0aaa920364b8f69940aaff98b7c10295d0da293ccd,boost,1762718627,1.35,0,4,,2359,23730421
0xcaa438473ac7d6243a75e04888aaffd68499df4e0cb81ec9b2a1579704e8136d,boost,1762735535,2.0,0,3,,2166,23126259
0xf34f6c8256c876a55c3eb11b56a5b19eeec583962fe411959a7ffadbd7c2d719,boost,1762736075,1.35,0,3,,1893,23598063
0x74f88be62d2b4701484ab21743947a9661b716982ffd989399ab97b51ab5433c,boost,1762736075,1.65,0,3,,2217,23199827
0x99849cfa69658ee524149a8528ba3457d4703075c9a3921349fb28ac17d8a6c5,repay,1763053199,1.7,1,6,,2165,23126259
0xe32b3bb70fe9e2f3c53051e3677724117fd9ad8d4ae04ab257286ef2d9db6311,repay,1763055731,1.35,1,5,,2216,23199827
0x2caacff28aa01ad00ef1a3943031db2aa1e518365b4b38b5c4bf645837cf3745,repay,1763057531,1.35,1,2,,1945,22270578
0xab11f477954bbeb869eb49a1eed2bfd8e41fbf3197f397258bb15affe58c689c,repay,1763059955,3.25,1,3,,1514,23735106
0xc309eef09df74f9346c0155ffe90732d793785015faa5e80ddb497bebc939168,repay,1763065211,1.55,1,2,,1611,23046494
0xd9c55fc29a1428068aa3f915c19cb5d77ea84f24bc18a6e034e869409f65e54b,repay,1763124179,3.25,1,5,,1514,23735106
0xeb8dbbe9ed6604e6bb58194fa4ebd04cc43bdf459c0e8480bd46f76a2e0e91c0,boost,1763124191,1.8,0,8,,2487,23755749
0xd89d32a8c7d97931baa82998f1f5a88e20d10e806690bf898634f65ecbc20a63,boost,1763130095,1.55,0,9,,1911,23797982
0xc429a644a21aa29eb100cc4df17dc2981d27d87ded437a4a546af08677e84417,repay,1763136695,1.35,1,9,,2499,23798531
0x80187dd76ef6a4e2c0b368fb1fb707f712326a2970ffd58ff062d6e2c4ca8881,boost,1763138771,1.65,0,4,,2500,23798558
0x3948c6305678a4e285a7d216832affdddad2dc3b0eca2bee054bc2adfe5a8b59,boost,1763305115,1.65,0,11,,2507,23812484
0x3b957cd4e2f8b58aefbeba801b4fceb234436f938039ea0ab065355c89ee4e98,repay,1763309459,1.2,1,1,,2502,23805760
0xd0fd58bf7adc3e59dd7dcd009a154829112707215cfde8aaf1397025e49e7f6a,repay,1763312411,1.35,1,4,,1974,22467645
0x6efd5e7bae6115d5a7347d91c29082b66c98575473fde458c79f28f2be1dbc35,repay,1763315831,1.7,1,6,,2165,23126259
0x9e7cab343118c6b3ebf9cc3a05a843fd5ec41053aa982d12bbac455310576b59,repay,1763315939,1.35,1,15,,2175,23137024
0x369412aa77787f2871ba9e8f34fad2833401a63f023148362257064327b9ae61,boost,1763316131,1.65,0,2,,2507,23812484
0x5b0a26b4194e5ad34c3c4905f344fdfd22834ad14ee22007f65ab4b380e517c1,boost,1763341127,1.85,0,2,,2507,23814068
0x9b236da270103f5eed395b19ffd8c0e1a30d3139ce10cbd131f7786736ba9dd7,repay,1763407031,1.55,1,4,,1611,23046494
0xef6df890421b19d2a26bd9c3aaaecbe1eb6d1a4533c68b9ccec3b6e2757d6d16,repay,1763407079,1.15,1,8,,2474,23761551
0x5938d1423e26e2415934ae6c79419e534a99bfb1c2002d09e47cf3a14c8da834,repay,1763408795,3.25,1,3,,1514,23735106
0xc46e101fa7fafe0e4a5aa91555ac78dbacf6c33e7bcc2485fa10870231217185,repay,1763412311,1.35,1,4,,1812,21936194
0x91dc979295db65dd7b70855069571f07642f5fee49b2c409e66b94279dcba8ca,repay,1763435015,1.35,1,5,,2216,23199827
0xc0c9c26984ba37f3f288b7ca0c6bb125e1202de36286b3e41c0b8c857f82fb81,repay,1763435351,1.65,1,3,,2259,23314392
0x593c5d607880df3266494a4ae3b4e8199835ef718ebebd8c1d03766c866b7998,boost,1763482703,1.2,0,5,,2162,23569362
0x127812df007b7788ad2bba645b681f6e9f897f3f0b4e8efe3e492bc18bc1d64c,repay,1763569199,1.05,1,2,,2513,23824012
0x7df632d2701420390bf9d9f3455b7f7518fa25c51759237fb75e3094f50efb1f,repay,1763571899,1.35,1,2,,2097,23509823
0x0ac93070f044ea957d70e396ffc4a621e81298fb2c3eb5dcb8ef13f5934e6935,repay,1763571899,1.35,1,2,,2072,22780461
0xf3ad5fee23e85e8d9be31e102707c1953e964f0b172fe00c105535cb590ef962,repay,1763572907,2.2,1,3,,2363,23559043
0xb9888cce5b15ed7992fc696916776b490a487ddd89cac5365c303ecb415e4e9c,repay,1763576435,1.35,1,4,,1945,22270578
0x37b3e412519f71ee2d3bc7b857c0f660c2b14fafe984eaa40dd2de92662b27c0,repay,1763576843,3.25,1,2,,1514,23735106
0xedbd48f7e427ff122a54a3b811113ecb288b4b1ba8f58c923e2878013d5b22b0,repay,1763576843,1.1,1,2,,2443,23727566
0xe9fad08b2e0c18886dee7776c0003fdce689b9f5e0e2bf0b5264986ae435b868,repay,1763657819,1.55,1,2,,2506,23814068
0x70c7771ef82b2d1f6393a95ed2bed06dcaef6e9d0576c76deb482db55447dc82,boost,1763658887,1.8,0,4,,2487,23755749
0xf52fd37167fd5139c102d50e351b263ce649112904b3aa20b9ae3da00a2627f3,repay,1763664887,1.55,1,2,,1611,23046494
0x858bf35cce77eec5e911e63401d74c06eb5712257f29757c8e9859cc1ba9ee55,repay,1763665451,1.7,1,4,,2165,23126259
0x8b0eb6ca2a2687d32c6614f7a857ebf932a33306c8a8df68aaceeaadcb0cd469,repay,1763665463,3.25,1,5,,1514,23735106
0xb31308fa8ace2ba2bb9b5bbc84e4087d663096f76df60df4751a37630f39c802,repay,1763710319,1.35,1,3,,1974,22467645
0x533e630d2379d54f2636c4ca57f302556f5502b8fdff2d4f774c50d4a6dbd3bd,repay,1763710739,1.35,1,23,,2175,23137024
0x9aeea963d6f6c905a091abafda721d01bef1bc32bba6b29bdfd32e9e31a533a4,repay,1763711807,3.25,1,10,,1514,23735106
0x9d259d0ae337e1af078e11ddb392f9033803d3c73557956fc7f36f72c5752ac2,repay,1763717507,1.818,1,5,,2429,23646359
0xc9155ae2bd3308a233c47905348621986215931d36ebaf80d09778fc8870aa1b,repay,1763718899,1.35,1,5,,1812,21936194
0x35f88d05763ef9c4464463ef8217e4f85f752c3572686c04804696f1a9b6b254,repay,1763719463,1.06,1,2,,2444,23841668
0x80ce6e9d49529b88e8656165d7142f8a83bbab2baf47fe26f0eb76385603b374,repay,1763719535,1.35,1,9,,2216,23199827
0xf8131c3dcf5fc70ed25ed2cd9e8e4cde28dcadcc21c961a0186e73941cd6c158,repay,1763727803,1.35,1,6,,1954,22572322
0x82eedd5b685d0bf5e52bb72265976e742ff53896b29d60db68134808660237b4,repay,1763727911,1.35,1,3,,2072,22780461
0xc743403248e8b6744f7b24ff04724954d931775cfda96f8b622e277a12a1c9c3,repay,1763727935,1.35,1,7,,2097,23509823
0xe2b95efa229094f2a0952a9e08c6c0623b292b502b688f4fc851d41fa5abfae7,repay,1763727947,1.55,1,6,,1611,23046494
0xee8f2b63eb788c04c9dd510eba02f57537079aca6d199e477278d012b681fed7,repay,1763728127,3.25,1,1,,1514,23735106
0xa6745f61a0819e504d3a86bf726e55f7bf54c562ba5ebd797a90812fdd848378,boost,1763865911,1.85,0,5,,2507,23814068
0x132d6780afaf9c185c59f7569f4f42b7929759cbf150e4459c89b3ae2e72e628,boost,1763871059,1.65,0,3,,1813,21936194
0xe5c68ba7d330d6301037fff18b46b66020e63e837f9ad2019c4b47c256b35313,boost,1763919779,2.65,0,7,,2531,23863142
0x122af42598dca27494724e8bc4e83c207144186ccb4e6bd105d7acbca0145a4b,boost,1763924579,2.35,0,10,,2531,23863538
0x1e866303185742d8c8ec34f774297ae65035eddbc46c3a964880a47ad86da08f,boost,1763950787,1.2,0,4172,,2162,23569362
0xd9595d614bf86b729bdcde308b2059bede21713ddfc2cdec05f6a5abf4ce46bc,boost,1764005663,1.65,0,2,,2366,23561695
0xe831dcc6074f512837d9fb97067b8c0fd5d492aa56a1e1c223603f32941b3006,boost,1764005663,1.35,0,2,,2359,23730421
0x90fad27e2d724b24362468f42bcbb9fc2116912be414f120cf123d6fb1a0b34d,boost,1764007187,1.65,0,1,,2217,23199827
0xcb1bc76842f2f8834bdd9697d17deb5a375ef3e4dc698cf4ea4cdc04a035a3ec,boost,1764178595,1.2,0,11,,2162,23569362
0xb26773f4c23ce93c3a988180fafe2b87b2eb393e0f1805e572a6f699bea827f9,boost,1764179243,1.32,0,3,,1891,23598109
0x6d0d5bd2407b26a62c4bc900659f4cd6f12ac5db9531d44ea331fc72dc85ee93,repay,1764234119,1.3,1,7,,2530,23889021
0x6fb6db51741541e112cc5c5d4593f815e86454b485ea2d801fd1e0209b8cd7a4,boost,1764337787,1.65,0,3,,1975,22467645
0xf4bcbbbb50ed64602e8596b9b1a6417dc7701ac99ccf8fe94c927e94e263aad5,boost,1764340271,1.85,0,1,,2507,23814068
0xdbed7eab1f15a1c9a7f3b399b26a1a68b22a27e118ff054802d0bc566895e53b,repay,1764562271,1.55,1,3,,2506,23814068
0x5eb36e4c8cd17cb4c240f88a3effdf4c9c05decc9243ca1f36d6de6eb6e90d64,repay,1764593471,1.35,1,2,,2530,23894758
0x81cd08ce1b92dfb4a41f552a4b1a7596b9e29915283d795ee4ce554c8b9db737,repay,1764602903,1.7,1,2,,2165,23126259
0x11eff58633a455b08e6b9093e4a3f79b3d01cc2459c034938b645104e3ed6e0b,repay,1764603323,1.35,1,3,,2175,23137024
0x166af835d2697bf071162a8d816da893587a34015ea2cd507e1e017cb7fd1507,repay,1764603731,1.35,1,2,,1974,22467645
0xbe1875f54b033ca4ff3b20b9d403475c7f39e6c6b7471f9dd4d2585252905241,boost,1764686819,1.2,0,188,,2162,23569362
0xcbd92e024fa84c6838d3c03cc4283ef5393e768f90ca5ce5ae1e1083764766f3,boost,1764688595,1.35,0,4,,2091,23549466
0xf7cdce1eca9c294e278922ca9fb1378d1cc73c59d5c9089ab993d74833fc6c2f,boost,1764690275,2.0,0,3,,2166,23126259
0x5cf34c27776aba61bbd73d50e02acc094031fc7c4f31f520feac921c7592cda2,boost,1764697931,1.5,0,13,,2531,23927371
0x2d57c7f428ef23918d0708554c39f8eb510aca0971255329035bff1eeeb14156,boost,1764727595,1.65,0,3,,1975,22467645
0xe2de6067e03b7e875d785d465be1ec3719566f17e16b513ec9ba589c79c08109,boost,1764736199,1.2,0,665,,2162,23569362
0x76fafa404eacb2a4f751740f4f776a8cbc7f133e00ec9eb567a2dac2252de3ee,boost,1764742031,1.85,0,3,,2507,23814068
0x10e0124d2c9855747386283c2c72a987963128cf3cbf1fdde93e472a7042300f,boost,1764773099,1.55,0,3,,1911,23797982
0x0623ddec9d8c34a73d03e6a2720752d427410e9e5a710da05514328765889edd,boost,1764773123,1.7,0,5,,2176,23137024
0xacd8e6d32fcb08d3a132c49e8f42e2ebe5e76f0b1cf4c57e586634c7ae23dc8e,boost,1764803027,1.35,0,3,,2091,23549466
0x940065bf88ae16c9cbf1b7c4588c1225176c5af41b9560876ba721576df7a245,boost,1764803027,1.35,0,3,,1893,23598063
0x43c264baef7291a6954c001d4c9ef2ca7fb2583eceedcbf116d1883aaebdeb67,boost,1764803027,1.32,0,3,,1891,23598109
0xff8ac77db80b757a698d43e1fec3621e02c894accb1dc26b356177c1b5e5850f,boost,1764803027,1.4,0,3,,2085,22891978
0xd12ab7ee6b2b1634ffa929199deb15538ab2d8dc3600269606273589c70b132d,boost,1764803027,1.65,0,3,,1946,22270578
0x50c84fccea3c96a646054b26b8878a465ea9fcf47bd4c67f1257041fdd8e361d,boost,1764803027,1.2,0,3,,2162,23569362
0x1be7eda9ea8fae656844fed01f758ec068ec255640d623e54539dd8469e39d8c,repay,1764950807,1.4,1,3,,2530,23927371
0x75a0a085bc09ae540485a196dd8a40e3c6a669a519de85fd8a0ea22f61c53458,repay,1764952955,1.35,1,3,,611,18617090
0x6d9b9d3619b6710c05ac9c24015843bc06c52cf97e0bb64b89459801fee83806,boost,1765128287,1.2,0,1,,2162,23569362
0x3cfdb4f5a18d25c8dd7c88b2746736befa945437866423c8eaa8cbdc970eadd6,boost,1765128347,1.45,0,4,,2531,23961621
0x97cf61d3f389308d9d3b009f39f00a294981ee376902cb03e99857872ba56782,boost,1765166687,1.23,0,3,,2514,23937490
0x32b9749d8f838191f65dc4fc553dd9b687df7575e9ddccfa9134e8e31bbf9cef,boost,1765295171,1.35,0,3,,2091,23549466
0x42b6a19c98273597f2db96e90b05f5adc523101ba7c83f67e0f1ab9b53563ca0,boost,1765295567,1.65,0,2,,2217,23199827
0x0e1e721b62a43e7cc2e1079300d108829114708c96d06a77a676d5f31544f393,boost,1765295603,1.2,0,6,,2162,23569362
0xed05360e1586a9460f7b164698d1222cefe4c0038a5f519c793c7979ab33c386,boost,1765296155,1.35,0,2,,2359,23730421
0xe37a1d6a93fff9a6eba6821df7bff05830b4725f7421a8f252fd18555072b69a,boost,1765296167,1.65,0,3,,2366,23561695
0xec0e261f6c8ddbba424beb1e69d9a9ba6e07c7c2996b48bd89870935a8892ae3,boost,1765296167,2.0,0,3,,2166,23126259
0x336856a2f744cf4660d7cf3241c3ed00b9ce23ff58af08cfcb48734399b8d805,boost,1765298483,1.45,0,2,,2531,23961621
0xc230ee514e5035575c80f6ecb83134d4bf34b21d062c2ddf0608097d99b04900,boost,1765298903,1.85,0,3,,2507,23814068
0xa7fd0121a5098b87798c0ae69573cfaaba60695769f724d38a3256bf3c2b86e6,boost,1765300019,1.2,0,4,,2162,23569362
0x270df6fd79af834ba315b0fad3af700fe95395c43ff30fea77c3762b7eec10b1,boost,1765391999,1.35,0,4,,1893,23598063
0x93c84c9e889d1be1430971c46ea75d3dea30840098cc34643a4f1a2e3141807d,boost,1765668083,1.75,0,8,,2572,24006918
0x9130e765a78a6ba547a52fa126d79857e6af7574e903ef1af411f9901b8eabbb,repay,1765755287,1.55,1,2,,2506,23814068
0x9de0a347faf95288a58f65c4a78a27087e44f5e8345b10219ddc73160cdb67b7,repay,1765812203,1.7,1,8,,2165,23126259
0x47a02df1727712a0fe96547dfedca527739e1bc57d285c88a02beef0944f33fc,repay,1765812251,1.65,1,12,,2259,23314392
0xaa6c6a392e3c4f4f7635a64ddc2ef1082175129747d20393f9b63483e48356dc,repay,1765820147,1.05,1,3,,2513,23965685
0x30e56a349185e874bed8f01490013d55f497febb7ead3208666cb1695ca161d6,repay,1765823303,1.35,1,4,,2216,23199827
0xa05a657fca332ae056a685f5e59eed53e8d92ea1a1d31c144057db6ab740c9d8,repay,1765860635,1.35,1,1,,1945,22270578
0xcbd0ef0844640673caedd8f1439e943dc14c073817006f72f40b837775b1a100,boost,1766065883,1.2,0,4,,2568,23998532
0x92b86c618a8b4c8296fb4226a610beee9ccef588533d3aea6a3e903eaa968636,boost,1766127419,1.2,0,4,,2568,23998532
0xc33147db1ce8510e6f740c3134e70f9685f4bb0330525d20b0d30277b5957bbb,boost,1766404175,1.4,0,4,,2085,22891978
0x1b0ddfbf8dfbd3adeb0531db8e2a522b9bae664e3835f361a84aa0b153958ec4,boost,1767365567,1.35,0,4,,1893,23598063
0xd5e0f9343b2e814c59ab8d70f665be8f8cb7816141c5eea38e9bdcdb64c5dfa2,boost,1767370715,1.35,0,5,,2359,23730421
0x6de364ad4cbb8b7d456e5860c2c1bec824efd2f7a8cd5429127e2ffcd0e8cee2,boost,1767370811,1.55,0,13,,1911,23797982
0x3242dd9bd344e1665f4bdd3fe43fc845d39701e4e1fb360293368c2ddad543df,boost,1767371723,1.2,0,16,,2162,23569362
0x2279aeb54f5c4d252f5a682136f567dfafdbe5d5bc9a7f9faab232c67bb72228,boost,1767574379,1.65,0,13,,1946,22270578
0xbece2f58bf24b8a1eaaf780dcb71f0d9838f1b2ffcc41f74dc6cfbd2858b462b,boost,1767639467,1.4,0,4,,2531,24019877
0x49e4a373f7d7a430145b482c6667530d846e79f14aa3e7ed7ff987ac4d3ff6b8,boost,1767643607,1.65,0,2,,2217,23199827
0x1b57cf11b1bc545ce3d7229ba7696401891f73e234870de0ccb6eff1c2279be9,boost,1767708815,1.35,0,4,,1893,23598063
0xe49204e575220deeeac83e83215b9a03352e7675a3dd6aec820ba8bafaaf1f24,boost,1767708815,2.0,0,4,,2166,23126259
0x7d4c6461706e7d971f2a6867d1725fa3749bab4c01a57d18d754900f1b2c881b,boost,1767709307,1.2,0,2,,2162,23569362
0x10b896278eafeab4a1a6d49ff23c2deea59d2b786c4b5796aa5f83338d116678,boost,1768294295,1.85,0,2,,2507,23814068
0x8bbbb89f925f140141d24aaf076a60d8eb17cdaba6c5b08957bc950f8df4aee8,boost,1768318679,1.7,0,1998,,2507,24224733
0xd6820f49c32901f4eec455b47681ab1daea19e367140032396d568ce53f14143,boost,1768330175,1.5,0,2,,2047,24211142
0xf7c0b7c8a5ae959543f4210e8dc3081ad5119eaf0a7123b60f37633eff6f8d94,boost,1768342475,1.2,0,14,,2162,23569362
0xc68f75726d9e3b9383c171cc386b7873bf0fafee9b43b2817081753c0721c007,boost,1768402115,1.6,0,5,,2511,23820317
0x38e5ba8882d56d8c85e7560350c182c1503bba4628b085140be8301204087ebf,boost,1768407791,1.95,0,4,,2260,23314392
0x36525cd50fe101d3c9a0f2f62f8e78804738c96ae2574e16ea1107e2f29170d9,boost,1768408427,1.35,0,3,,2359,23730421
0xf0a95596751695210742862408d3e1d4c852c846bc79d9bb6ea6358266ffead9,boost,1768408439,1.65,0,4,,1721,24177687
0x4ded1f35381fd4b802fe5149e15c628b6cdf51cb96bb0cb5b61602b501cfba8a,boost,1768676435,2.1,0,10,,2071,24256408
0x2fa9592841d85407b37640eb1a35e2c5d7804e54853d95163177f90a5f30d292,repay,1768781315,1.6,1,30,,2506,24262770
0x9a477937a9ca6014149427e9a7fea18cc504bde0d39bf20cb62cbdb3fd6ba874,repay,1768781771,1.36,1,1674,,2595,24263498
0x345b2567b4a7d5e86b61e12321977f4e7fa41a6d618ad0454a7305024f270cf9,repay,1768920539,1.6,1,1,,2506,24262770
0xa573b345fd28dd6b41452a9f86b84e94a6c3e8f7d0bbe722e467ea70ca9cb1de,repay,1768920587,1.35,1,5,,1720,24177687
0x97de272c7ba71c2443751116db20cc76333c5ba167db9d6a731c51341d35ed2d,repay,1768921847,1.7,1,4,,2165,23126259
0xace5afe7e0b2fe12c3e55ad7f51d1f2259fcaf6f0ede0d418cc174082c278bc6,repay,1768948571,1.35,1,6,,2099,23648029
0x7e986f6ba28be771359fc8fc4c25c892dc3e89bc58ce6755538360552399e13e,repay,1768948667,2.4,1,18,,2654,24263404
0xea9514584f144c73f29b2023cf49e6c5a35606adfae4e649e25414cc1108ab06,repay,1768997915,1.35,1,2,,2216,23199827
0xc3ee3e9473b3b2c3c870dac5492220dba40812ca01c7f4000b3c2ba4f1d2a32c,repay,1769014691,1.65,1,8,,2259,23314392
0xff4bf44b63116f824d2b321eb22102bdc4b1e0c16c7184cde14d817776f9f0d6,repay,1769015771,1.25,1,3,,2530,24233844
0xb5ecf0b3f897f5626e227bc4b8a4c73461a6fb709a00e6254579afdef6c57427,boost,1769025911,1.2,0,88,,2596,24269592
0x3e90529e2963a01489d2592c91516257ff7e1b9d9b30a7920953a67d2ccf4500,repay,1769325035,1.35,1,21,,2668,24310221
0xe87df246fb1a118783ddc3c0361b464c574f61587aa210f30ffa0a1a0d2cc827,repay,1769364887,1.6,1,5,,2506,24262770
0x836bae4041c9cc21ff58d428dc5591256c6012e195b214a8d9b937f9f86b4ba9,repay,1769364887,1.35,1,5,,1945,22270578
0xe49d8538fee77b0320caf217e2446e7859d621444c2c48fe69990f33d6e9bbfe,repay,1769372519,1.15,1,31,,2474,23761551
0x98861b14cd32b89bec9b8a3fcf36d784d8dde40d879e8ab40812ee430c36e580,boost,1769557307,1.8,0,3,,2507,24262770
0xdf819ec141e57df0b55262d3abb3684b213a996fdf0731e68cc01a51bb72d5ef,repay,1769713871,1.35,1,90,,2175,23137024
0x9f0315191d23d14a6c277fde7f0fd9f617049c127389738b83bca553909edd01,repay,1769737559,1.35,1,25,,1974,22467645
0xf449c2d64b55f3eef2ab5449a95b0ce869b25f900c9edfcbf04775968f34a369,repay,1769737667,1.35,1,21,,2099,23648029
0xed714be26e2dffb3768cdf5c9750fa6f7d13bc9411738ea01cbc23210731a8d8,repay,1769737679,1.35,1,27,,1720,24177687
0xd538a7f44c72ba7375478182bc2a6312f17aa592198c88dd3cfa4a974fb112fd,repay,1769737895,1.7,1,45,,2165,23126259
0x07d9429d06273351d36e113d2f977259549f40ed9cd2332bd0bc1b8a3ecc7fda,repay,1769737991,1.3,1,44,,2510,23820317
0x9b343de5425bedd70696aa9dc4281ad75460cc61b9f20f7d21c6fae35a1c76e1,repay,1769795375,1.35,1,8,,2678,24349277
0x2c69605ad7541277369e50bfcc4c54cec98a560052b2447bba7f39b4a71d0604,repay,1769859395,1.05,1,6,,2687,24354592
0x65a83d6a6987f03f4077a426efc6eabf9a4441926a7bef5af89e14f653b880cb,repay,1769859695,1.05,1,7,,2688,24354616
0xbf96ad5ca87ee7b4d94fb6afa32311578f3c43126c75294d0fa9c87b02d7aaef,repay,1769860235,1.05,1,7,,2689,24354661
0x90851e2a8b36858b669ab0344510b7f673f5fc6166a156cfe9d40bc82833ec41,repay,1769860415,1.05,1,6,,2690,24354677
0xce99a9dd51909f2f9ccfe7ec10e5f1ca3cbea49c6eb6e66770aa95a4edd5975b,repay,1769863175,1.05,1,18,,2691,24354894
0x3940f634e02142d96b40367d8ea2ab26addf0405d7c40a5eae54fa4637586e12,repay,1769866427,1.35,1,3,,2216,23199827
0x3f0b0ffb3a3256330e860806731635756c91e7f92120563a332d7a8ccc4d5473,repay,1769869043,1.1,1,11,,2443,23727566
0x39c39eeb12ac15968822d0c6ca9ba35d5aed240c9dac34c766614f3db4a70aa7,repay,1769869787,1.35,1,16,,1945,22270578
0xff7153a7dfa129cc5ebadabaa2252cb36b8a734da3174022e0d68b174baf78ec,repay,1769869931,1.05,1,28,,2693,24355073
0xd735843ea350ebeda9205bf454b750adb28301fd7901d46a958ac91da2dabb5d,repay,1769870039,1.05,1,37,,2692,24355056
0x074926f26909c8358a3bff66f97b9beffb4d33f416e6dd0eb93ca664f0984a3d,repay,1769870099,1.05,1,42,,2693,24355073
0xd004ab8b0b90c88c0df8493624ba17b7c831729825bcabc3f145bcba376b9309,repay,1769870267,1.05,1,56,,2693,24355073
0x3bf76452042fc983f97bdbea4296f5ba07e4de73ba6791e342d0ebfe8c831e4e,repay,1769876279,1.05,1,1339,,2689,24354661
0xe1c3482ebfe6203ab9cae83c5d80be00b5c38262f0ae83f734256b5b99e4c4dd,repay,1769876315,1.05,1,1109,,2691,24354894
0x87929321b342b13f2ee6973e6671cbf861156585b6b27764ffa4f37c1c5c531b,repay,1769877395,1.05,1,1415,,2690,24354677
0x43978c037a8ac8488436f369d159e10e83a29e3d8d5a4ca62b5ae4009abe63b6,repay,1769877455,1.05,1,1505,,2687,24354592
0x266ed88d8cbb88a07afb6d7124bee88e73658e780af504a2bcafbd772925dc9e,repay,1769877455,1.05,1,1481,,2688,24354616
0x1766fc6d9d1efe5935a75e74f6841d9736d590099460ada0ed472f7455edcfea,repay,1769878211,1.35,1,7,,2175,23137024
0xf5c0ca30e7f16924be2b38035e2860de0cd905ba5fb77083fa42b0d2563e20ec,repay,1769878223,1.7,1,8,,2165,23126259
0xedd7867a0742e6a0af72163761a2e84cf653a910c943a01902bc54add6aa0f6d,repay,1769878307,1.05,1,15,,2692,24355056
0x06c02cf32f59f85913fa9d5e4a5a8d351ddd404cee9f394e102f96762fedb371,repay,1769879351,1.05,1,14,,2693,24355073
0xebfa5fb87b84e0ac7b7c53f76edb3dd0b617b3ce05a09e886a4cbf22e861a3ad,repay,1769879879,1.65,1,39,,2259,23314392
0x714e8389f1c01a165056d0faf724c81a60e1289919154fd0483c7505a199195c,repay,1769879891,1.65,1,40,,2259,23314392
0x2fc89d7f7cc00dee09960a90fe0ae390ad7410b187628b33f669af2c52da7940,repay,1769879963,1.35,1,7028,,2678,24349277
0x8e65b78fb4c04c4e3374b80844d33f966bdba255752eda6ee9595e0f3c83c92d,repay,1769879999,1.35,1,41,,1720,24177687
0xfd29341a79806ba45910d1507f2feb1e5d7d3ec9ab55e5c95d295067e9f60bb4,repay,1769880047,1.05,1,53,,2693,24355073
0x01b66264b819347542fd8db90f1f23614446768da58e3d1e4bec50461ccc7dc0,repay,1769880095,1.65,1,57,,2259,23314392
0x12d9f90eae437adba7845ee143964c3aeabbf8e139234ac2d57c56060947d094,repay,1769880143,1.05,1,121,,2693,24355073
0xa7120f059d3107ffea70538d2e0f7ab1973c2fad6cad9a795916436ca5fd18d7,repay,1769880191,1.05,1,125,,2693,24355073
0xc36c4a38c2530d4599d06543a438153041c1ca484cd28ad46f48387b88c24215,repay,1769880863,1.05,1,933,,2693,24355073
0x169ec4eaab5580863ab41f121a20763f689d999c50f29d7ae59d29545ef21530,repay,1769880887,1.05,1,935,,2692,24355056
0x5c57d268a49cc54475671e093b1948fc47ac4e963c67c77d4cc44c630a6aa2b6,repay,1769880971,1.05,1,1772,,2688,24354616
0x236651ca9df768cc9e8e5573962ce8307c238f879a8e4936c590f3466808813e,repay,1769880971,1.05,1,1727,,2689,24354661
0x00871267a733500e80506b97aa2c4073921cb25e37d18eb1a0a16cef33c99d5c,repay,1769880983,1.05,1,1797,,2687,24354592
0x11cb6fcb2e6bbf3ffdd04c1f0c3a2d22334f79275b1bd2c342e0c68cbf532b3b,repay,1769881043,1.05,1,1717,,2690,24354677
0x19e4e251011617abdb58c1eb74e93bbd5822d5b3799c994e784c4cf2578947a4,repay,1769883875,1.07,1,17,,2485,23842720
0xe47aafe8a8c524ab99f85ae46d54fbfc65a8907ae3c55754f7da248aa45bbd20,repay,1769884799,1.05,1,9,,2693,24355073
0x01e00a28402d055ac72a39d60903a10a8dcb343c124ebc8608dae9a497d785a1,repay,1769884919,1.05,1,516,,2693,24355073
0x91cf808e1d6f9301298b68bf7dc7a3566cee107ec5ebd5c42f2d6d09d14be003,repay,1769885387,1.05,1,1859,,2691,24354894
0x26f6972c7543e03ffef68eb4d94dd82240b3c86d2909a91d66775b3f5678689e,repay,1769956571,1.35,1,3,,2216,23199827
0x0faa277d5852bca118189906a378af2eea559a8ad9bf7d0338e50d32a9837d71,repay,1769956595,1.05,1,>7200,,2693,24355073
0xa4e2c6bef9c095e733262f193c38ea1a6aca085d1c8f27b444d7b3740870ed06,repay,1769959067,1.05,1,2,,2692,24355056
0xc56f14dcb140795663b4c9347ffcd21f09330fcc93901ebf9b941fd83829517b,repay,1769959439,1.35,1,11,,1720,24177687
0x7579aa14a06c38cc509ed6964092e28e8172419b954ecbb3e0da989be5aa28e7,repay,1769959631,1.1,1,2,,2443,23727566
0x07912711fc3b64bfaf0a5ef39b37f909c69d7e7d0037383b582310b986924a32,repay,1769959955,1.35,1,4,,1974,22467645
0xc9a90b1cd9da4db2b438206ec1a7c9a9ba38ac7d737625a881fddb23d32cc6bf,repay,1769960147,1.05,1,20,,2693,24355073
0xf1c97343bff2fb4cd96abe7ec062925ac7c120069d9d2f4c9752d4cc7ddb0d47,repay,1769960255,1.05,1,2,,2687,24354592
0xba3706308c0e5fe2f94ee0368030ef26ee4821311f7f85b9eb612be28b338dec,repay,1769960291,1.05,1,5,,2688,24354616
0xbe209498b5a746e96c7ec0147f6282263345b8e3653439f889bffdb4d3f2a763,repay,1769960291,1.05,1,5,,2689,24354661
0x38e72e2704a2929e47e525326290e5b34a6f01f4df2da27abae1c80241476f11,repay,1769983055,1.7,1,3,,2165,23126259
0x7fdba95016ea85bf3bbe7549afc3610f78a2cf5330e89099e3396974fbc8c659,repay,1769987267,1.05,1,5,,2691,24354894
0xc097e64a3a508849f016df7f11d9263e125c8b6550d1758f3b90df0e78a770a8,repay,1769987267,1.05,1,5,,2690,24354677
0x13870ff5bfceab97295e09275478c14e2e661549d7c789efad8bdd4234ddd4f7,repay,1769987555,1.45,1,6,,1838,21976393
0xba311d7aa4b9babff8f3b361125595ea3402c82bd1dd12d782ff4afa8c01f757,repay,1769987591,1.35,1,9,,2175,23137024
0xbc4f800b8696b3f01e0ae7e1689161752d480d315fd73f7e224f07d1e14504db,repay,1769987675,1.35,1,28,,2680,24350628
0xe6c2b3f4278fe0f85e604967a626fa87d5e4a0693f2dba73d525ce1c7c541a99,repay,1769987711,1.05,1,42,,2693,24355073
0x614ab4e56affa4ade00243373386a03e7211f889204b07c85d3a3966d6fd734c,repay,1769987759,1.35,1,46,,1945,22270578
0x22453a7d3c1481f8e93e596057dee00e1e0e51fc5dd8503e15f20cfd12708943,repay,1770002255,1.1,1,3,,2474,24318322
0x9027f340a18532ce8221da84f5ddd3841dc4aea9464eb3046acd3ef7d3a4aecf,repay,1770002795,1.05,1,26,,2692,24355056
0x312f8648361101e7bf5cd64fc18324f7cc55512dfff4de1c460b874d688962eb,repay,1770002819,1.05,1,17,,2687,24354592
0x00fcbd07f827ce2ee3fe0f120f441536c850fb65631cd8c7b456e0ab7e88057e,boost,1770002819,1.65,0,3042,,2655,24363440
0x0f028415ebbf0f2b979b8fa4e22135ca78ee5545540e20c3a6d0600bb8ae8b9d,repay,1770002843,1.05,1,19,,2689,24354661
0x709c04c3b163a2405427b20ecaa3f6ee1b72b78e5caf36863db3cb0c2364645b,repay,1770002867,1.05,1,32,,2693,24355073
0xcf16ef01148ce96e13b6ff3534dc7df160094448e86e17fc25e98432363b571c,repay,1770002975,1.05,1,30,,2688,24354616
0x7423a0e9f8c697fe08f69cc555ae7772dfc73798bbd2d9e3138c1985e5d9c8f7,repay,1770014327,1.05,1,3,,2693,24355073
0xa37fc6d382975edbe3579823cf4583e32611f4b97a4b5f2321d955327be46bd4,repay,1770014447,1.05,1,13,,2691,24354894
0xfa194676788183773a4954f2484e7051fd55def7f358d6ac55906cf389692efe,boost,1770024911,1.2,0,20,,2596,24269592
0x363ffc0a40acbcf6de3b0d7791a69150d4395bdcb6776ad205894e41ac763560,boost,1770046859,1.2,0,1,,2596,24269592
0x50589b988fbdf3048b6b34a4670efb4bac293a1944956d9d0385820c80269ba8,boost,1770046883,1.35,0,3,,2359,23730421
0x4d1da5d2decc1ccf5dfc7c83a381a342cf030757ca65145a910310f857c0012c,repay,1770142955,1.05,1,7,,2690,24354677
0xf4bf9e9d39f63c2cf268cda91ed75459edd4aff6544e6334e27c74299e05a1de,repay,1770143195,1.05,1,4,,2711,24364259
0x7bd34e7ea864ad2c523856cfac5612ca0afa19f922e52272fe01a8f0d1fb99be,repay,1770144455,1.35,1,2,,2216,23199827
0x32ec2b2aad5593edb31bbd9fff3415b972859615f673e2d96d9a10762d15eacb,repay,1770144659,1.55,1,7,,1611,23046494
0x2c5ed2c6b976e8f9c2d7ba401ef4215ff303101b50246376e091566438052196,boost,1770150827,1.2,0,1,,2596,24269592
0xee8ad7f73634a7497cef5a4c6f6e5e19fae2cdc2ab728c714def0405bfeda93d,repay,1770225851,1.35,1,4,,2484,23742432
0xd9cefdad35c3f4e4345dc0bb8428aec967ba94487601d0b78920607a37e6a55c,repay,1770228671,1.05,1,5,,2689,24354661
0xd6e08d683f2506fa32fa21dc0ce83f2a35fb58249f135c9278d14799f3b8584e,repay,1770228695,1.05,1,7,,2692,24355056
0x44745fb10f035e48cf1f385c9d4b459ea683dc36df6995a10e7a70f6e13927ed,repay,1770228731,1.7,1,10,,2165,23126259
0x683a22e552b4c189dc02a4a242886d5982a5ba164973ff4ab319cc74c2ae674c,repay,1770229043,1.05,1,35,,2687,24354592
0x486dbd083732c5ef688c37826063ccfa5a1afbd49dae82c09892afe2d68f2430,repay,1770261503,1.1,1,3,,2443,23727566
0x05132100448a715e75869a6712b8bba1891b5f1c487d61c98e0ed9aad05a33f5,repay,1770264467,1.3,1,4,,2510,23820317
0x066f859764336c1b755378b7e65ad500e0969e56420cc100d4981f0b2dc577fa,repay,1770269027,1.05,1,5,,2711,24364259
0x7d26e4d22f600a138ea2aac4666bfc0ba7a5583cedb20f7afed38395a156e510,repay,1770272015,1.05,1,11,,2736,24388760
0x6375183aa139ebb3493ab0b71d78d9addf497e109b753bd4228c864933af2411,repay,1770274175,1.05,1,7,,2688,24354616
0x902b10a72af44178bb91afc1b2d1675216b3540efc04d4f323aa03b879cbbbbb,repay,1770293855,1.05,1,2,,2693,24355073
0x6e97112365e2be0d81b66b18f33f16a7a3d1bef09ace48d61a84f38038fb174f,repay,1770293879,1.05,1,4,,2691,24354894
0xb7241b8a3333ddc0bdd52d6a308828ffc5dc87526371a353bdd90e6679b39238,repay,1770293891,1.35,1,5,,1974,22467645
0x2efa3a71384d058d6d4329f7237a50390b36c168cb3f596d7ef4521aa8c875b0,repay,1770293891,1.05,1,5,,2690,24354677
0x35d0144a8db990cd2250f452e9d94231bc9801bcb353a0cf27113bc81df330c9,repay,1770293927,1.35,1,7,,1945,22270578
0xa3e15d4cb0d4a9d503479dda0d1171677c1f726f356462acb0c8fe98f768e71b,repay,1770294215,1.05,1,32,,2444,24385130
0x07f955138b405f28aebd8212b747cf79d5c13c8f5a779d1b6fdc1b9f592f0f15,repay,1770303887,1.55,1,2,,1611,23046494
0x2e5540cf8d31297d36504a60be8b87333cd08ebff1b08e189bfde048cca1aeb5,repay,1770304943,1.05,1,4,,2692,24355056
0x901eb1167ba8904b7ae18c0196a12f5d1af2b1aca113f2d8a8dcc010b0aa70ea,repay,1770304991,1.05,1,8,,2687,24354592
0xb962c14bc9896f102881ed2507be164c8a784a17451bd5e43ebef1cb708d7f05,repay,1770305135,1.05,1,10,,2693,24355073
0x6a12c1deaf803800449337bf42cea0e959e174da3498d480a99da2711f1a174b,repay,1770305351,1.05,1,25,,2690,24354677
0x5ac8ed8eac88a011ebb4665d458286e7d118505ef1be3d6d62025cd834ef3ec6,repay,1770305375,1.05,1,30,,2688,24354616
0x5bdeeaf679439b988c74a0a32627f06c8fb6cbe049f40f0815f8294a8dbd042c,repay,1770305483,1.05,1,39,,2691,24354894
0x04e80845222262271d93f443ce8e7abebcfa310c01feca70d6ce6f0be4dffebf,repay,1770305519,1.35,1,57,,2175,23137024
0xa2ec935428679b00f4462f3dc262ae177ac29b0930e443c095df142bf4431f02,repay,1770315731,1.35,1,2,,2745,24391637
0x8b92a475e69361e53802d9c829e2e3b40e3f10a78657ff987136d4805e103c4d,repay,1770315755,1.35,1,3,,2484,23742432
0x8ebded573172cd7d5ced47cfc9d4ae066ec45dbf9e709310f60eb67fab0e03ea,repay,1770316451,1.7,1,3,,2165,23126259
0xc7138265a76c3e2b61025ed3e6bd5af330112a86c2b5a8e934f652870f2f764d,repay,1770316475,1.35,1,5,,2668,24310221
0x7dbaccb78908d0f684c3de930fc999ad75df9fca91fd1d4a01db73642c914872,repay,1770321191,1.1,1,5,,2443,23727566
0xb5a61d227ddbbad22216389ab08883e858cc3f8ef3e4c6b9e0a0a8f70baa892d,repay,1770322703,1.05,1,5,,2692,24355056
0xe94a5b274b97f9d28bc3c2f55e760f6d49301f5c510a3fef3790092fed398ef8,repay,1770322763,1.05,1,10,,2474,24389159
0xef6681aa3169bd460e722a03ddc2727a8c62508e1715f8399f9c94b17de14f92,repay,1770322883,1.55,1,25,,1611,23046494
0x9fba90afbf9c7fe5cbb00ec189bf5a8a653d663d87ce2a074db579c12b0b99c0,repay,1770322883,1.05,1,19,,2711,24364259
0xe0bb067de660389ed56e102bfbeab773e329105e5b079101344d4b03e791ee20,repay,1770322955,1.05,1,11,,2689,24354661
0x25b7a01d786d51c6738d420a8865ac5b8532e959db88be92aea364e5ae5c619d,repay,1770323051,1.05,1,19,,2687,24354592
0x953070679564c250e84d92f908cb12650969ae996d634f2306fbd3e0cbd784a4,repay,1770323567,1.35,1,79,,611,18617090
0x64dfc391820d86086070e468106ccb2b61adaa196ae0c77fd3a4fff3a78b76a0,repay,1770323567,1.05,1,31,,2736,24388760
0xc1332bd60b1ab899fe59a9edc824dfc35d700f51da9633ac3e0930b340a96862,repay,1770323579,1.05,1,3,,2691,24354894
0x895481aa156076101664b3f2955a987fb7d3c729130b8e3f5c7ee3d33d0b7f19,repay,1770323579,1.05,1,48,,2693,24355073
0x683f56c8037726c2f687ceceb429c909853488e2a2d98e3367bcab65ccd27443,repay,1770323627,1.05,1,52,,2690,24354677
0xcbe0c1ace35f82257468007761aa8b6a12c55a802bd9700e244cbf2ec631d6dc,repay,1770323675,1.05,1,8,,2755,24393039
0x0bcf03d20db64c37da0a57697a4a1769fd4751220ce6e7a9a930f162d8945431,repay,1770323699,1.05,1,58,,2688,24354616
0x0fdaf5c33ee4fc4dc25f74d7cf0e5574736c82aa88d1030332a711fdd6779d08,repay,1770323723,1.1,1,75,,2715,24366750
0xac6916107d52f4a3bb17cbb3addb36aa13dd629386ce171962356c11500a36a9,repay,1770323975,1.35,1,3,,1945,22270578
0x19ebbc3ac21d3f5b1dc90268ee2006e44244abee619d193805d59f6e2f1c78f7,repay,1770324719,1.4,1,2,,777,21263366
0xd3c017236094994ce94c535847eb5af59d297dbe15bdafda832b3412bf0dd56d,repay,1770324719,1.05,1,2,,2444,24385130
0x2eb8d340163308c0e0cf7b3e00fbcd20ea050e520e755dc754665e02eb135581,repay,1770324995,1.35,1,23,,1974,22467645
0xd1b7736edf665e92bc62af419da934a6afe38ca7d3357d700b48c9115fbcc419,repay,1770329939,1.05,1,3,,2692,24355056
0xd67709baf65ca3eb61310c0fd869bcf32659069c26f4e2942d278dba2af74b0d,repay,1770337343,1.05,1,62,,2711,24364259
0x9f1cfbbc3a87b75b149f1b7527b811929c0fe92db68442e91064f67ece330d76,repay,1770337391,1.05,1,40,,2736,24388760
0xe02771577bd7169d59add3eca2bfcab8849b7f35312fa152fe86762bc66f8367,repay,1770337415,1.05,1,59,,2689,24354661
0xbe3ff75a9761fc15f9833ee9786c614a4d15a32552178f3d0ba21327968409ad,repay,1770337415,1.05,1,48,,2688,24354616
0xc1f30de5476b51236f84b43fd9a9baa93c0768cb7e754053a0e36969d84e6067,repay,1770337427,1.65,1,60,,2259,24381530
0xedc121558699e082fa79da47a4037babbe91f6e28fb30b37f1a5a8d89de60b31,repay,1770337451,1.05,1,88,,2474,24389159
0x5fdda1cad357373bb15d0bdac0881c65a77072b8c2d86c632f80607a036059a0,repay,1770337451,1.05,1,45,,2687,24354592
0x33380787882712462a4543df5d158355b831cbdb68c9fcf7af932d172680d0c6,repay,1770337475,1.2,1,73,,2571,24215401
0x24347f6edc1be80dcd5157b7165c637c551bd0277185d49f4aee6b6280ca70f4,repay,1770337487,1.45,1,28,,1838,21976393
0x96c1552cb1d732c9fb79df4963fae6a65f62b4068ee0a5251df163e5a19541ba,repay,1770337511,1.05,1,50,,2690,24354677
0x4a436c3011f095057536dc277e678d611255122f901279d559696bba6d52aba6,repay,1770337535,1.3,1,78,,2510,23820317
0xd1f8256dc864c1d139ced04616eb423846dc33985e931682388efd930ab65493,boost,1770337535,1.65,0,52,,2655,24363440
0xe54c30fc7dce12f28480e82f38bbcce8888c3bf3a39af37f78295ac28a35f312,repay,1770337547,1.35,1,70,,2745,24391637
0xef9a22b87bb9265c6a81a3dc545fb3c447b429a14498d5bb506de7411ce25b3b,repay,1770337583,1.4,1,56,,2740,24391548
0xb17b828eb543d5998d7c63718cace97806e109fdbbcef1c6845bc751ba26e7a9,repay,1770337583,1.35,1,73,,2680,24350628
0xbce7eb296094ffeb536c7016d783eb893454f7f0d7bad3954eba12809cede908,repay,1770337715,1.15,1,64,,2678,24393031
0xfcfa05c142b790706b3ae138ed0a8e23c357b2b4e3e2c1f92e2397932c884c7d,repay,1770337763,1.1,1,77,,2715,24366750
0x619a2bcb671213c256cc36b5805e695022f089e8ee1a71ab523cb8ffe099ac38,boost,1770338375,1.2,0,2,,2596,24269592
0x093aa33dcc8e5053686248924ef056e02579bda88ebd8703cb6e0810f1dd2bad,boost,1770342503,1.6,0,3,,2511,23820317
0x087f93707b568ee398edd652da2e35244ecc27f0da04bbec1de59ea45aad91f1,boost,1770343379,1.2,0,2,,2596,24269592
0x2ee2d1bdf093497a7334c71af420ed561921ae4c777b758db9827b067a10726f,boost,1770357323,1.65,0,13,,2681,24350628
0xf274164843023467b0f4a55980e74c321c169dc2e605dd19dd0384040ac1989d,boost,1770388739,1.65,0,22,,2761,24393326
0x474b4906b9d07c3098858fadbb08ccd085f53d9f09a8bca9de9e8e242d1f671e,boost,1770394775,1.65,0,4,,1975,22467645
0x18b3ff099c09100c72a634b3d0f7776e6cd93957afa8e6f11fde3928665bdc17,boost,1770394775,1.6,0,4,,2511,23820317
0x3b519c0e95acfebaec5c6a55049bbe48245c2e93485918569fce06c9c11bdd72,boost,1770394943,1.35,0,5,,2359,23730421
0x758bf090ef704aa2dd39d1509e8292644478520c2206704a5937af0b845fe751,boost,1770395375,1.65,0,2,,1946,22270578
0x27f996106fcb09330f5d6ac301206bcb2686a620825bfa9a0ada79c25b36fdc6,boost,1770395375,1.2,0,2,,2596,24269592
0xd1ac28cec27edc3244031e401ee4cd379e2452cbe07e804fb7450b9ff497fba7,boost,1770395375,1.95,0,10,,2260,24381530
0x99fc79d57c34389c6d91ff92f58f17ab09770d9f9c4ca08d3678a5335dc53aa3,boost,1770398447,1.65,0,2,,2765,24393402
0x2b6978f45414479a65c67071f9c02a787c6cf88a9cb8c2b38486c6216e649a85,boost,1770399131,1.7,0,5,,2741,24391548
0xa060b26b326cbe41c66a16b0e4d1f31b17db987fe37df4a0310bdf59f1bf8371,boost,1770399815,2.0,0,3,,2166,23126259
0x21d574980467cca24bf276c84b544284f0354938052667875653c2c99aebd139,boost,1770437615,1.35,0,3,,1893,23598063
0x3e8915c6097ca0dcb9aec25fda8c8e13091d8ba7414677037f04af6e95699b41,boost,1770550571,1.55,0,3,,1911,23797982
0x9e18ab6d42500666c295b935f1c4fec97e8b3c80715169831103e198bbc87be9,repay,1770822635,1.7,1,3,,2165,23126259
0x3d11aa8e9d211ecc94f7ad5b5193d1434f8c8baa74fbc7a1f9a211dce5a013b0,repay,1770822635,1.05,1,3,,2786,24404286
0x9b855f9880574fde7b88cecdce0e210187cba7fa4b1b4ccdfc79f09dc3ce9e03,boost,1771033331,1.65,0,10,,2822,24451800
0x743218615d31a5906e9f71e345292acf6c607a116faec3a8b959eb69c7bfff20,boost,1771056947,2.0,0,35,,2166,23126259
0x1c2978bebe149b63486ed74e7d31bad69d3a2d0476e5cfa4244af71438700c18,boost,1771061903,1.65,0,2,,2780,24399051
0xbdce1a76e638934a1560f3fb7f392373df04a0e4086973d33af61e57c5c60f8b,boost,1771143683,1.15,0,4,,2789,24404337
0xd7e38bf347daf822e12e229c75be763c346ffbcb3a61f94870a50fc29a5738e8,repay,1771156283,1.55,1,11,,2821,24462009
0x43d097e646e2fec4f25ec361e6ff3032b6bb5a35e699419bf85520741757fd2e,repay,1771517291,1.7,1,2,,2165,23126259
0x8841d88c49007b22ccf85cbb3a25f79d8d625f18bccad381894398da04ad50cb,boost,1771801535,1.95,0,9,,2822,24515580
0x8e3401a5b2e459c5e0f2f1ea4e020dfae8bddfba61052d0d13381a9f446e70aa,boost,1771801631,1.95,0,17,,2822,24515580
0x1040b1bb5587b7fc6cbfc9cbf5c0e0ab9c360d0a56e1ee4b2c94b85c452cd92a,repay,1771809083,1.05,1,5,,2786,24404286
0xb526c7608bfeba671265a2ed7e70e7be871d593d860b301f129416452874cf38,repay,1771809107,1.35,1,5,,2779,24399051
0xbf2ff87f5fae5e684df38058ff65a9e1ab9149b2864a967f6ae4d7d5ba68ef19,repay,1771813235,1.61,1,8,,2821,24516550
0x393d40a2f889b6a6b34cea78377812b6c90becd4ff0369de1027fecc21fae538,repay,1771868351,1.35,1,13,,2668,24310221
0xe8216af421774f7122739e6aa1a6f9372a9684947c1e9690cadd7a3feabc0507,boost,1771885043,1.9,0,8,,2822,24522511
0x16be11c6ff676944c98c3db4f33333d95a55c9a643eace58ce3820fd4f03005b,repay,1771890251,1.05,1,4,,2786,24404286
0xe0822e349089a3af46b67f06aa5f55b19cfbc06542fbb4ef504e8d63851aaa35,repay,1771895951,1.35,1,7,,1945,22270578
0x5bc9dc1ac74ada01ef39a1dc9ad6321882849db923ce10a0650c31149b316a5b,repay,1771895975,1.45,1,9,,2740,24411908
0xa8c069aff2804486df514781ba2006fa8b314909dc8e73250c11eebf7dc58076,repay,1771895999,1.35,1,11,,2764,24393402
0x5d042c2112765ad94d23c5c3b2164ef5afa2eab1d92b717b537fcfb865d7563a,repay,1771937987,1.55,1,3,,1611,23046494
0x3fa2f9e41b5861f64318bca82d08f7378c39ab8d1cfeffd3ae2607e7adff84e5,boost,1772024663,1.2,0,13,,2596,24269592
0xbea5b2a0eac77c1c186e4ef0d5f1d381b25db2cd2aa59060433036cf57ca1b79,boost,1772031227,1.35,0,3,,2359,23730421
0x462d00517fdbfc7f561a6c69a67f4523ca39edfa5dacacb7357bd8c15330534b,boost,1772031839,1.65,0,1,,1946,22270578
0xa76d7251b8ed406aa87adc7ff9d23d8980be5de6c73808f6b6c085bdfbb25db1,boost,1772032643,1.8,0,10,,2822,24534760
0x2af74299c0845ef03dec9c20dfe63c06ca1d408469433d2eca780cba89b4b5df,boost,1772038679,1.2,0,2,,2596,24269592
0x487efe03338e8d32255e2564b5419404c856f75d9d7e86a71e9ec53ce7ab0dd6,boost,1772038739,1.24,0,3,,2001,24412757
0xf78ab30a1146d22ab63c9e513fc5cfdd91143cf26d60e63c29dc7f68f530d11e,boost,1772039543,1.15,0,2,,2789,24404337
0xe1cda6eba52a720bf474c029ec62e26e763c33ddd7efec97cd5b320cb81e3073,boost,1772041355,2.0,0,1,,2166,23126259
0x4dbd238ede5becb20f1bfa43d2892f5772fe0e3be80aa714554fed7e3293f878,boost,1772041379,1.35,0,3,,1893,23598063
0xebcb4e93bb9c0f5df2b7a7c5c2c3243ba5627bd595b217924db560a6f1dc4994,boost,1772041379,1.65,0,3,,2765,24393402
0x43f5b8ae455faeb1553702f6425fa4d6184ed714138e1a1aa3282a6741af0626,boost,1772055563,1.55,0,6,,1911,23797982
0x7ab5a39b1af0670a1252537921e4c8e9ad27ee45c46220b544ccea693641b457,repay,1772231891,1.7,1,12,,2165,23126259
0x3ec37b557ff9a08db38de9b01f60a902b64aa74c20b9faca64a2743969912be9,boost,1772330879,1.2,0,1,,2596,24269592
0x15cff35c55366306d14f9b470df78ebd272cd7cdda6121ffe1c87f6e6d1acf61,boost,1772330891,2.0,0,2,,2166,23126259
0xfe6f0329c60b728c24b65ca7ba3dbe60a5196a098002d7d00d0db8bf055d9db4,boost,1772464583,1.15,0,2,,2789,24404337
0xa8ff946831fad6b91dec0cbdd64077f6b0ca28e374349e54b7c72db99f93fd4b,boost,1772464583,1.24,0,2,,2001,24412757
0x7a591d8bdc6c53d05c488525fedda4a4fbded8b56a3d69e0fc9de52ec838c93d,boost,1772464895,1.2,0,2,,2596,24269592
0x724df8ee0c4de27abf1a685af85c75cef8f81d36c1b7e2a306c7785cb0f6e452,boost,1772614187,1.2,0,14,,2596,24269592
0xb17365da6457b38f86f64d62ac229fdb72fb54787319c5abdb0e873aed12583c,boost,1772633747,1.15,0,2,,2789,24404337
0x8f860d0673ee91b2d95161c90069b8e2b3080461eda66d68642605ee43a8d186,boost,1772638283,1.55,0,3,,1911,23797982
0x31d239b6c826ca95fc731f093c811753d5474aa9c465160a1d45982fd6780435,boost,1772638331,1.2,0,7,,2596,24269592
0x6c82cc2b5799d4d82a638b05938248d55e07b632fd97fb73a5c78d48a9da13b8,boost,1772651183,1.35,0,13,,2359,23730421
0x6fede15d8e6d29568d6e9aa940e0dcc5a1c7143f6a333ab23df716558a40ac12,boost,1772651639,1.3,0,3,,2815,24441746
0x3be7fa9e4e99213cb070897264376af52442c341d51e0e205ce20e7ba51133ae,boost,1772651867,1.35,0,22,,1893,23598063
0x060e1ff9baa91ccbca39b7377bc2c5750acad440432b295dc877922f63e0a2a4,repay,1772812415,1.05,1,3,,2786,24404286
0x2775c879da678580415f9c52880d5a59aa755db027de9bd31efbc81a2a512b3e,repay,1772818751,1.5,1,3,,2821,24570664
0x3f260c20f1c56583b7fa5de977e3b311901b9ac7420b6647dd92b3a79a1cf459,repay,1772873951,1.35,1,2,,2668,24310221
0x2068dc09df20b1a6cbdc97c191738af9c94e1ff71c9a257a2256b55532e44c2e,boost,1772958791,1.7,0,10,,2487,24611564
0x4d4f77fbb343403781ce25634af54eae7bb95a377dfc2346dd636f9ffafa7b2f,boost,1773007631,1.45,0,27,,2888,24615601
0x68850ab45fd85092a36f4726a728bcf3857681b42ea2072d39245b839d0e1c29,repay,1773007667,1.35,1,4,,2779,24399051
0x5909d2ee16901101c7bb4c69ae5edd617da5bfd632fc827c10cee7a76345f3e8,boost,1773008111,1.45,0,10,,2047,24615658
0x41ff3ef8a189e06af581986ec9ae0287f774c6c3af41b5a7f73b88077953bc8e,boost,1773049055,1.75,0,4,,2822,24570638
0x66ba3023b89de1fdbadddae77df25f2dbf51328f25a5986abd15ea93e4eaff45,boost,1773063887,1.2,0,2,,2596,24269592
0xe8a032b6de3ea67e7ae58e468e4ad1d079abcc57b73ad543f2a38e99a2fa27f8,boost,1773130223,1.15,0,4,,2789,24404337
0x9b73bba032ba46f48f84759e2040c46de95a94df3f39f9addb13b1cc94988f54,boost,1773155795,1.75,0,3,,2822,24570638
0x940757d29fb1f6d2d580931f354121272afcb31fabb24d69980c6da8bf81ccac,boost,1773326423,1.2,0,3,,2596,24269592
0xf0e9c890286cfb477fc52a4c7d41aa195d996346cf620f6bf6b320278a96073c,boost,1773361463,1.75,0,6,,2822,24570638
0x5d9446158554a1525ebb704d55858fdd99678dbdf632a60c37c806ae398bd526,boost,1773361931,1.2,0,4,,2596,24269592
0x3f954a3de6a16c6c89fcea9929ed22b01e1243ed99bd6eb9712dec6c1ec23afb,repay,1773397055,1.35,1,3,,2654,24363440
0x2f71794c39c7f5b5c32fa06f437c9260594a1f40965fda9bf50ff29851c8e34f,boost,1773408083,1.35,0,11,,2359,23730421
0xcbc89a5e17a0a87ee8a85a5da7b52c11f7e6973857a93ba7c39e06ad94777226,boost,1773408083,1.75,0,5,,2822,24570638
0x1d830438f047893a21cf75edf9bf86491d10c15f2d56b9d3c053d99e84d6db70,boost,1773615119,1.2,0,2,,2596,24269592
0xcf6935ce196a768bfd9a13596e925c51f650e1c38564bc1743d4bbf902d2c614,boost,1773632219,1.65,0,27,,1946,22270578
0x635e0f3da6d44cec6d10f74377a42652afdf72bce9ba67712f10de9664563821,boost,1773632279,2.0,0,32,,2166,23126259
0x65da6e108200759fbf2601fc9c1218fdc7e716c51ac29991c0b1d758ef15fe2b,boost,1773632339,1.7,0,37,,2176,23137024
0x520101302b44c780ad99735ab38713d08ce3a68e3a6c6f491d7e8c40d9f7e855,boost,1773635891,1.75,0,4,,2822,24570638
0xa5338a586de4a15481b6d3f4dfc4aeeef87fef21b5aa752848bad3d3320e5e3f,boost,1773636995,1.15,0,3,,2789,24404337
0xfb03829bd6c08a809026e31b45220fecf29104e20ce8be2d40bfb60b11c11faa,boost,1773640571,1.65,0,1,,1975,22467645
0xe7aa6ee4dc73ac2e3aa23f943c78f2566a8488ddc2e21a951eac63f230f20310,boost,1773640571,1.2,0,1,,2596,24269592
0x3eb16d82718146602ee4b4011be2e97acdffe8221451bde27814865bfcc496e8,boost,1773664091,1.25,0,4,,2787,24404286
0xb940aeff86f9273bc7c63e232cfb2e170ab2716740fad616b5ecf7071d63b303,boost,1773684611,1.75,0,2,,2822,24570638
0x5c395976ec27ba69f93a141c93583d0a120832880850f78695a9f6a501b56541,boost,1773688271,1.6,0,2,,2511,23820317
0x76ee9545a7af9d48918a3007f0b038d4e6c1e239525d71cbea0544b653c82fcd,boost,1773688511,1.35,0,2,,1893,23598063
0x5487b2690113ee94098add23d8541808ac266f5c496d0d420646a27928557a15,boost,1773695159,1.65,0,2,,2765,24393402
0x2177ec6fc172ab3c089a00cd854bc0e3a3a4d9f8fc76ef4d6b9cf64b1f3cb87e,boost,1773699059,1.55,0,3,,1911,23797982
0x04611146a69bc4f67f73c83acef5015628c20c3366ef14b82b4bb58b2fd97baa,boost,1773699059,1.35,0,3,,2359,23730421
0xacb8149520c119e4899a2ad3066fa3685eec42823330fef96e8fca20eed5628d,boost,1773699095,1.95,0,6,,2260,24381530
0xa8388da00718782e82b78ea41adad1c8f570fadefeeedd04d337ec03a99ac417,boost,1773709931,1.35,0,4,,2722,24367469
0x2db06fb86cc72af39b23ec39231b2f137dea08299ee0448af75258fd9a674d85,repay,1773924755,1.05,1,10,,2786,24404286
0x50aa8e4ab8db5dd0c989a65d6f830fb14d09c9426fada1be2e8dc005ad72648c,repay,1773935159,1.5,1,3,,2821,24570664
0x2b3bb300d165978d3d2756ba902261bf1a329964714897760ec6b815331fa363,boost,1773994403,1.75,0,3,,2822,24570638
0x2163d33a34e56a70d7ea4a39513d2338eb8b58494e3359a62bcf554e6b04937d,repay,1774137839,1.05,1,43,,2786,24404286
0x48aa5396e06972118a4b862558ab3a5f379a4d095ed0d529012a2b9505eb78bb,repay,1774213643,1.7,1,2,,2165,23126259
0x664d6aafd92381cabe8cf355dd6144ab8eef58cd4e39b94a6b5e7d592e30f537,repay,1774213715,1.65,1,9,,2259,24381530
0xd6447ca3e363c893133a7ce732b0c1489958ea3cdc322bd8f6eb39314ed5bde7,repay,1774214027,1.35,1,35,,2764,24393402
0x324fdd0bca6512b0def1af5ea953c8220d02972c4a9b40908ff299a9b759ceb8,repay,1774214519,1.35,1,6,,1974,22467645
0xc356752bc4aa2fa9ed515e76dfd6f7a3ec0a4a2c02150f90d6ec09b8898ab9ce,repay,1774608083,1.35,1,4,,2175,23137024
0x52f8c056fad6563f22cc2d4aa6920b53d28171930612231ed4239d66cc891e2e,repay,1774608275,1.35,1,20,,1945,22270578
0x22e084db6a35e948a7301c8081be79a7c0da5fec59ab662a878a92ddd4486681,repay,1774824215,1.05,1,2,,2786,24404286
0x6340066eca9da31be9c9f7793532890a56a70b1e1e313e4d49db54397cc4b2c9,boost,1775208059,1.65,0,12,,2980,24798158
0x11c727b193dc48a436ee549ebe8683331dd09a73deba2f378e65b64d9eb2223e,repay,1775429927,1.35,1,3,,2654,24363440
0xf267f6f71de240652affb78f595a8a837a31668867a58c575169a8dccaa3bc64,boost,1775441615,1.2,0,5,,2596,24790056
0xafbc3378f453766ceb85cc46393fa1379344f39d667a00c01a3f892ca46e87c3,boost,1775602451,1.2,0,3,,2596,24827234
0x637792487dd2bfbb6384872792372727cb4faf1288ac13cc4ac69628776e2bf0,boost,1775602931,1.65,0,13,,1946,22270578
0x05e2bc1c3628fd7429ae7e999b465d6b2bbd3205c85f24111f4644df9dedec30,boost,1775602943,1.15,0,8,,2789,24404337
0xef8b3e56b24f3745095ec50f012942411a9efb2c06a5552ac4bdea2690865f22,boost,1775603075,2.0,0,25,,2166,23126259
0x1f2a62256dfdd44184a5685da319294ee7c1b53f34d2baf5b13d46744d9139a4,boost,1775604203,1.2,0,1609,,2980,24829465
0xfeca4689a6cb11012012514cadd817907ea9e8b2e0fb28eabdcd1fab6b827437,boost,1775604287,1.75,0,7,,2822,24570638
0xc7562942b41d4eb4e8e1cfe78249d81bf9fe8a6420d833a75b1d1d6106aa96b2,boost,1775604371,1.35,0,20,,2761,24583168
0xd484ea64c1889102269bd62ae29c28be02cbafcea2a061512662519838a78613,boost,1775932703,1.2,0,3,,2596,24841069
0x74efe31de75ecb2b3495a955a1a02fcee682a370aae9a7144919d29ab43d04bf,boost,1775932703,1.35,0,3,,1893,23598063
0xb5856331491e7bb00ac99a7c55584bd9cec69efa3c56eb0b74143494ba6b59a7,boost,1775932703,1.3,0,3,,2813,24778113
0xbfced62aef394537c354f747d712edd475e8289a65354afb0f69bd0e6bc59733,boost,1775932703,1.65,0,3,,1975,22467645
0x67777cffe7eda9ee28ede23c97db82f9c6f0cab20d6ff8de9f60cc8aea7bd34d,boost,1775932727,1.7,0,5,,2176,23137024
0xb4f3b42fa50b8adb3ef830c95643a51ac2179e19fcda1480a9e8f32be08ff7b8,boost,1775934467,1.75,0,3,,2822,24570638
0x5c30b339caa9a0940cab02ed0422086c5b1092ea67782683bdcec37dbbd6a324,boost,1775936327,1.65,0,4,,2765,24393402
0xab9a7d6a4a564c5087cbb6e1311a17d8fc9165ee96474e58ae7217271de323ae,repay,1775958023,1.65,1,4,,2821,24859566
0x05dc8711e4058cd0da422d8f671f7155dc0cbd84bdffaca1365ad6c80ad502cf,repay,1776005675,1.35,1,1,,2668,24310221
0xf3bdc8a467a660e55f38f4e07e891bfe6396ed95223bd92f0124dd4acd3a30b3,boost,1776102671,1.55,0,10,,2822,24872450
0xcd53366b90ee4c8a807490167f8a0d1dfbfd6bba12617821fc9cb3a0cd04d71e,boost,1776118979,1.2,0,25,,2596,24861620
0x004a3ec6ae23cf6e8388495fbd023b73e1170180eee9d0ff92a2696de50eda22,boost,1776118979,1.2,0,6,,2787,24816634
0x30250242a7add56b6963529ceb5b86e0b0caba1aebf6455d9e8bd71a2c4e80f5,boost,1776119075,1.55,0,1374,,2822,24872450
0x8860b5f1de6f5116e94a22bfda3a1862dd1e0907fcfa4369e27dee6fe6bace5c,boost,1776121895,1.95,0,3,,2260,24381530
0xc7a86e3614d7c28baff4a310a303052831dc2e4104a47a22c9aaf54568249072,boost,1776150635,1.35,0,1,,2722,24367469
0x563b0d48f82ff1e6a19cd11f1a7c83ca389d886e94609cd027b0a67c1e5deda4,boost,1776155855,1.65,0,1,,1944,22933755
0xf78cceb4990fffc557fd3b5b1e2d03deed48d3bd4307411c07c4446d3c88bbaf,boost,1776160043,1.65,0,3,,2669,24310221
0x14b10ee16c6f059ae7d825e5c4202ddb8d00dab7c86d59845b2c73f94fa6822e,repay,1776160103,1.35,1,3,,2668,24310221
0x7aa332a05b54b4c8bdf8184df9338d8592a4f33ac9adbb6a2709f6f6b3e30a7c,boost,1776160247,1.65,0,4,,2669,24310221
0x7a9c44080809fa13bff58ddaad37c06e1fbf0ff35f3898eaadd6c313df726278,boost,1776174251,1.15,0,6,,2789,24404337
0x2cdce3e25bc0d7d80d861786efed30d04afc4d09f6703936f8d7eeaba3ab6114,boost,1776177131,1.65,0,2,,1959,22933768
0x90b4d678c5ca3c9bc7ad1ae6eb04f256550dd40d77b19550be5f4b826a21b651,boost,1776177131,1.3,0,2,,2815,24441746
0xadd2751b710ad85e4576cd0acf68664fd04286997f40b5f66d2c40832b71bd2c,boost,1776177131,1.55,0,6199,,2822,24872450
0xeeadd0e6082720b60a662893982548c11d6561e7ef0344d903f205adc2a06aab,repay,1776177227,1.15,1,4,,1828,21958862
0x3bbcffb91ee91bc3b75c244fa4825b7ae6770aaddb7f29bf3265b1ef98927e83,repay,1776177239,1.35,1,5,,2654,24363440
0x8bbc2be297f90c5302cb7c90b7a6d60c92261667ce231e4ebd19ecec8318963d,boost,1776432131,1.3,0,2,,2813,24778113
0xfe831fa040ff24a0920425ee26de4d0fc11f4b6c6934b322ff51f3a5b8756048,boost,1776432131,2.0,0,2,,2166,23126259
0x8f741d55f72a9225f29c1b744be1bd952f456f849da7aa236fb99cef5a7f4edf,boost,1776433931,1.2,0,3,,2980,24882773
0xb4c7b5d4a2d6d4abd09632870ee2a57f80e0794c04652a860a87cd5f3ee2c62d,boost,1776434075,1.35,0,1,,2761,24583168
0xabbd8ae7ae44e379bd39f2f8c270050cb7c845877da143b50dda3fafa1c24c6b,boost,1776434099,1.35,0,3,,1893,23598063
0xa2ef13a240bfaed7fb6b31c6283961f79646dbace1222abe7584c4c6e86cc0e5,boost,1776436655,1.4,0,2,,2778,24398903
0x2817085d095db8d97d9ce0a236ca6afc56794ba7fac93e4f289880e33481ea66,boost,1776436907,1.65,0,4,,1946,22270578
0x8393226cdaaccaef2fcab6a4a750a4568accd1ec1b1861c2adc8e528a97078b9,boost,1776436907,1.65,0,4,,2055,22676094
0xf898f5db958f0c1ecf2cd334721174e91f054ef1279d3a7b98fdacfdffeb3bba,boost,1776443087,1.45,0,2,,2047,24615658
0xe8cadfaa305aee80b71b8f04a8654d5d717a08e66bb92dba90a801624ecf7fee,boost,1776443867,1.65,0,3,,1957,22933730
0x968122d5ae993de1ee316c61501a48e20f4597844d136d996975a628ddf6f5ec,boost,1776866915,1.15,0,31,,2789,24404337
0x5718fd2f15910587dbc825368fc86617a614729a9d87ff2d6d140cf6a481eb13,boost,1776867047,1.15,0,42,,2789,24404337
0xcd205caa71bbc710b47a91a13bf2ba84b92ba1ac9de96e387828d77672912092,boost,1776873251,1.15,0,3,,2789,24404337
0xab733e3f96f2af8404a1b41dc391d912ff6ba08be9792b5a460c4ce1c7b10008,repay,1777481147,1.05,1,1,,2788,24404337
0x3f6b578ea5c60044a66b23acb9f4a5fbb565ae7ec98ad4961fb1005832a806f5,repay,1777861031,1.15,1,79,,1828,21958862
0x88db861684e2a2cf872553b4305d06e0c7b45004dc6bf859d845e63776e200ec,repay,1777864871,1.1,1,123,,1653,21757015
0x9be0dd83a0781954cdd01ab4930ecc089a26d6b3a02bd640a92717d5e270ce21,repay,1777919471,1.4,1,11,,3033,24928352
0x206a193702828b0b5fa1cbe33dbd6cb920880d62c003d3f80694c4729a3ca5bd,boost,1777951643,1.32,0,2,,2001,24628176
0xfcba2c7a11a502dbd4749d3f1fa8f261afe393e4ec6b64eab986e264b9014eae,boost,1777986719,1.15,0,3,,2789,24404337
0x40b5da1697f4826ad11df9f05a4773d06d372b3c6205c9d5dfbdab22f01a45c6,boost,1778200043,2.65,0,4,,2655,25009533
0x75b1b64089ab93f67acf2172c6f1d30f6ba2f9ad68b416d25938aad8913f137a,boost,1778795099,1.6,0,11,,2655,25096137
0xcc223378a47bc5c71ac6d658a29c5deef0f9478d0d2a5707e40be9b1c7daac07,repay,1778954267,1.7,1,>7200,,2165,23126259
0x54be64cf8709bf6a60c893dc8b91143a0cee2aab2e70902fe328416e6916f30c,repay,1778954267,1.05,1,>7200,,2786,24404286
0xe7afeb93e86f35636093106ae520fa563719bc244792bb790a01a54a81a5ae55,repay,1778954279,1.35,1,>7200,,1945,22270578
0x67946be945051742adc1e02d517b8d6569ef6d3d46ea27467b12fc20f8a4025f,repay,1779061511,1.35,1,16,,2175,23137024
0x459692eac6ae211a1de8b8029a51aae33ed08a0ee3b4c6298c2d12b8a6e9017a,boost,1779114911,1.6,0,2,,2655,25096137
0xb6ef448eecc9dfad9dbfd4dd550fa5a50185b60de2d5e6a9eef3972c084947e6,boost,1779253955,1.17,0,3,,2787,25124212
0x75638d2b427e11d7627fe5f497e08ce89a17b2521e42cf7485634ec26041062f,repay,1779478343,1.05,1,2,,2788,24404337
0x516e0278c0c8bf95003bca50a678ffb4954bbdc7a6d5d63022f8d1cefbcdb094,repay,1779522479,1.05,1,5,,2786,24404286
0x838cb97b7c96461891a08b127e2f109bdec8aa100061a3097dbf6990775623ec,repay,1779931631,1.35,1,2,,2779,24627976
0x1a933ace41aec0971df27b6c8cff76d1142e04db3f81d7845fc5bb252d276fdb,repay,1779938423,1.05,1,6,,2688,24354616
0x115430537ffc2489cf4e82d7d77f7c8099d168dbdb0e1df253313f579ad37e95,repay,1779938447,1.7,1,11,,2165,23126259
0x69876dca612d7756ea811751c98c4fab9bbd1ada99295330f97c0c0adb6fa645,repay,1779938447,1.05,1,11,,2786,24404286
0x8d3da9b0787655796ae87bd4c4c5655d1f86b56514788903204f5eeb8d1fcaf2,repay,1779941027,1.35,1,2,,1974,22467645
0x6cb4a7449f68fd6bc2e754cdd8fdb36fe9f8256fe38fd5e351520169633f2af7,repay,1779941027,1.05,1,2,,2689,24354661
0xfb28f34e1610e8a9d02e4d36fc448e0a9b6dbb4ae4648b44b9ffb9656281844c,repay,1779941039,1.05,1,3,,2788,24404337
0x193bbf92c77dd566a2e71a0ea71d330d1461598fad0b218a05046dcb6022cf37,repay,1779941039,1.05,1,3,,2690,24354677
0x2379b5998d66b3e060d7b13724ed130af7bf71780daeb78dd32365a0f290fc85,repay,1779941039,1.05,1,3,,2687,24354592
0xaa81476c311c24dfcabbdec9769a7e75e84baf1ecfdd002a17824bebad499df9,repay,1780064771,1.4,1,2,,3033,24928352
0xdec51279d161572aa1f5551e5b20e60e315c84c4e71a366b77a874fd6f916dea,repay,1780318967,1.05,1,3,,2788,24404337
0xcf447b3d904cd590d9491395073c4e81f02dd8abdf08650339b577b85ba44499,repay,1780322183,1.35,1,3,,1945,22270578
0xfb5a1f3e6d541070e968161629d2ebcc610a0579825e5bf55cf7f945ca3f640c,repay,1780392383,1.05,1,619,,2777,25228173
0x6d47b10b7e314212e82efafd060db800337d9df9a7d222650bc3aa10b48cccb4,repay,1780405079,1.35,1,3,,2764,24393402
0xa2cda1f841bb55e2202834b8242f613610e0bb36bca472d010f62013268bbddb,repay,1780410191,1.05,1,3,,2786,24404286
0xfd35069a4b4c4e2a8700c285db411804d034c03ca08883b4bb98c07b2242f838,repay,1780410527,1.05,1,2,,2788,24404337
0x3085b3676f4efbf59517e40256c2e0d7c48d646ac96cb3e2f92f85881c992ee9,repay,1780410527,1.35,1,2,,2779,24627976
0xca3add63f39434f1c9a3364299b793242354ee99f0e6c44affd5985d21a866a3,repay,1780413743,1.3,1,8,,2821,25192173
0xba6f5c65543d573ea287f95a4e5a176c1841ed56185c47aa3acb89dadbf3380d,repay,1780414067,1.35,1,3,,2175,23137024
0x0180f294807b8dd6318789ae8be92bb26886f41831f55189cd453658d4c8794a,repay,1780428743,1.25,1,4,,1910,23797982
0x89b1dd36eedc1c5b0445cec09454507650aecb47d22232f1961584e55042c365,repay,1780428911,1.05,1,5,,2688,24354616
0xacc7d4aee915660bea88836eb3e692ce48251b707a9c4fbdc986087a6f44a351,repay,1780438763,1.05,1,3,,2687,24354592
0x8cec6c7c1c7f47e78973f4c1523ede73ffcbf95a410720c2abe5a0cf96b34d53,repay,1780438763,1.05,1,3,,2689,24354661
0x012e3af74c802aa3c006f921cfb745bb986958e04eb4b8505f3d55e31cb18cb4,repay,1780438763,1.05,1,3,,2690,24354677
0xee849e0f28da20fb569c9114dff411588f1754760f188557a09679450912bd4f,repay,1780441295,1.05,1,4,,2788,24404337
0x44af2141fbb2129e65dd1d9e2f5325d15dba79f764e31a3afec0181fcf0fcda4,repay,1780442687,1.05,1,2,,2786,24404286
0xbe1e206801fa46efda4140a974506bf84c5358df1d86cf7b135e2eb8c56aee39,repay,1780442867,1.05,1,8,,2777,25228173
0x0cb86248bbccb86a58ae7d51d948d58bd54eb98e096ebd8bea42fdac38e99ab6,repay,1780458671,1.7,1,6,,2165,23126259
0xb23bee1faac469516e70a110d802314da8fabb99daf9985ba5ddeea88d3aec1a,repay,1780516379,1.05,1,3,,2688,24354616
0x9895002c3ab1675d7eaf126eb3c82a376851ac9094ac82ce7f45a72a31c9d625,repay,1780516547,1.4,1,2,,3033,24928352
0x5ce106ce22779fd1ba3afc65ac8fdf553006e0a63552271d0a5f7cc82e3a9513,repay,1780516547,1.35,1,2,,2484,24582512
0xe82c416507a1fa8fe419d8e6ab8d3fc3715ecb6ade6d20c155f5d19510a75082,boost,1780516559,1.75,0,3,,2098,25235083
0x6da63e667aa2f6fe28f000e986dafd065d5d2766b53a800ae2f9a72e13777b0d,repay,1780516571,1.35,1,4,,1974,22467645
0xf4d9ecc1678870263dc0cf05717a141809fdf9e17191591c0b9e34333d26f679,repay,1780519643,1.05,1,2,,2690,24354677
0xb6e1a8a88d40d45a1ea2bb01132715136300d982d20173ff90d0399ae3d96f9b,repay,1780519655,1.05,1,3,,2693,24355073
0x48c69c94afe7bfdedb1b151ad5039cc432e50b4fc4665ab825faabdf109ecb3c,repay,1780519703,1.05,1,7,,2687,24354592
0x2616023e3a67c5692eaf0a45777c7b5572bd6dfcf5e43136f2387d67bdb4aa5f,repay,1780519703,1.05,1,7,,2689,24354661
0x313e698e9ca0f4c1b200ee0bb1cbb9db5a0828855f91817a611860d7ad5f3b68,repay,1780520183,1.3,1,2,,2821,25192173
0x550fc2ef64e2738a16c1f294b7bd499d5feee45d3fd1a397ef0c97f049c3bd86,boost,1780523351,1.45,0,1,,2822,25192173
0x1afba87065ed3299a27dda276ac9d47ac067455cfdd290b3bc2d28c7c29389ee,repay,1780530887,1.05,1,4,,2786,24404286
0x92f38b09a92c3b36a350c496fbd8c9a3e51ccd6c0416bef464493290814e9c90,repay,1780533503,1.55,1,2,,1611,23046494
0xa8a025db34a9bda48948c5f6442e11cb06a07db96ad54893a959d2ab94dc4451,repay,1780535843,1.05,1,4,,2777,25228173
0x793950129fcc565b56b0221ae9cdc61d68d9f03347fdb62ac896186ea5bbdcea,repay,1780537955,1.35,1,3,,1945,22270578
0xb29c1e5eb09e2f87233a26ed6bccc5fe6f40b298c18f1410a1f12b417c963495,repay,1780537991,1.05,1,6,,2691,24354894
0x48f76a1c6af0373371f5de0c03b3f283a25e428d1f85661847bcc6c5004e3a52,repay,1780538063,1.05,1,2,,2788,24404337
0x5efa811219fbd13752d4998b8987619242b4db1cf6b35a036499cb067d52f4c7,repay,1780538063,1.05,1,2,,3122,25124259
0x0dcfd81301ea61ea0c91d61876794f4864e7ede780ead663b5d766ff20ed9d17,repay,1780538207,1.35,1,14,,2764,24393402
0x0f2fcebb7eb19d0d777024118ea5c469805154ed641c82cfa7371d90ef31c5c7,repay,1780538507,1.05,1,1,,2692,24355056
0xacf4d03be78a8a1328ca79c11b6792885e7e3091869e7e513ed889f6569433d8,repay,1780538723,1.05,1,9,,2786,24404286
0x506ed2cc0a4c31f2d3d448a09492cb538baf53d42bca96a8953917bb3e7b0997,boost,1780546403,1.15,0,4,,2787,25239667
0x3fa25794f9d3015676d963dbd248145842de04e105ba2dfc6eb1a74a3c188719,repay,1780570559,1.05,1,4,,2786,24404286
0x070577e360ba9cc266cde4c16005b7e00b062fcaabf493757171cb5cb3c47c18,repay,1780637819,1.05,1,461,,2688,24354616
0xf232c21f0aff686024d205aaec8caf6b10ffb11128f9781eacdcb98b67e8a7f9,repay,1780638191,1.3,1,23,,2821,25192173
0x64f370a9f5b3d5a6fe78b8b508aa97067866c6a5ed1ebbeba3103e730f5e33a0,repay,1780638251,1.25,1,3,,1910,23797982
0xa38772041520d94bea6c4151c708ae739c81c51e4036852e0259aed221910bd2,repay,1780638659,1.05,1,37,,2690,24354677
0x83aff884c979df3cf9c2b3e66159db84bf125027b935814082a4b1484745948d,repay,1780638659,1.05,1,37,,2687,24354592
0xbd001a663210dd7901c273e5138ac1ce923b03abf7f81959fae2a3cf39608d0c,repay,1780638659,1.05,1,37,,2689,24354661
0x9b31f092f893477341564dc8423225877164e1c08c76ff850814e144f654f587,repay,1780639127,1.15,1,2,,1620,21326388
0xdc640a1e34aca0210f46ff19f0e82fc06c152dc06018d727c9f35443310d8721,repay,1780639235,1.15,1,5,,1613,21311795
0xbe19e6d2d071e5adeb61ea74398d3de6d61287cb15bb9132554ff19dea016e1c,repay,1780639271,1.05,1,8,,2691,24354894
0x884d047d70e28d3f3e9745828849d82d5c7dd4ce383e5f26ca428b3603a67bd3,repay,1780639511,1.05,1,7,,2692,24355056
0xff7d1b89e3883324fa32e09e879d8b74c9b7d89e02a4dd16c5a2b2bd93de7bc2,repay,1780639835,1.35,1,27,,2779,24627976
0xdf02c779f9b0f249ecc48fa16799b2061d8991bab8eddb4040c48e3262bd9674,repay,1780639895,1.05,1,138,,2693,24355073
0xfe00ef4eba8493ba21221b94f63cf19b56ad37b392186e6fc653805e457b34d7,repay,1780639967,1.1,1,45,,2443,23727566
0x927ff2d340578e248d3b792f907a0f4a6684e4f7f95387fc836d300dca16122d,repay,1780640231,1.7,1,67,,2165,23126259
0xf76fda1861e6198bd9de9be028947d59770aa61a3534fd4b049b251d4b99ede9,repay,1780640411,1.05,1,181,,2693,24355073
0x01a75d9f3663c01d503d39a44430315529ed8c2b14788a69d64be5d955f4f136,repay,1780640783,1.08,1,8,,2803,25232156
0x64b3732156aa8527bc871f36c950a00b6591c6a4e355dd25be74087519846052,repay,1780640891,1.05,1,23,,2786,24404286
0x6e3c0f277ab3143e4fb4bacdf033193839c0c1e6ce21c64c3365aa4d0e954a2e,repay,1780640987,1.05,1,229,,2693,24355073
0x02cf677f4be9ab4a1ea542d2eb127251ffe6fca841c19b18808fe0e3625172d8,repay,1780641011,1.05,1,25,,2688,24354616
0xd479540415054de84565eec643e49524cb208fa30eee2ff09ce896102dcae5d0,repay,1780641023,1.05,1,34,,2474,24389159
0xaebdec3c939c431e2d756ba35285a8b838d4ccbb7feeee959a45e9a6f9dc8208,repay,1780641047,1.35,1,36,,2733,24384720
0xabe378792525a235974fc35f23fde121da60a8912249fa6a67a74345a9a3e2f4,boost,1780641947,1.45,0,12,,2822,25249467
0x9f9880e93dccecfb7902b5ae7e3a27e16bcab1888aa609ca86f3d6e45bc72f63,repay,1780668023,1.05,1,31,,2786,24404286
0x8f51f0f6864a6dd8ef1df64f39e7e452e5909235cb012273dfe7523548981a26,repay,1780668179,1.05,1,28,,2788,24404337
0x9f137d6f641c8318c63df4bced4671b2ea5d1e387bb77af94181805231084659,repay,1780668215,1.05,1,31,,2817,24444128
0x66ece6943b40606cb3be877a98d96fba6be88a75756d5daebcf13683ac7b36ee,repay,1780668215,1.05,1,27,,2690,24354677
0x46f041a1418d99358e0cbf06ff64d5a556f65f400402daa56ff643189b150c85,repay,1780668227,1.05,1,28,,2689,24354661
0xc240c55a27c4a3360f2de89f33e7d62aebee94b9af9d5cbaf9c6554fdd577501,repay,1780668323,1.05,1,36,,2687,24354592
0x1a902904e6d6fed16eed7843ba25cd6151a0c44df071ec30edc2dafa9d038216,repay,1780668335,1.05,1,5,,2736,24388760
0x7a7410273bc9dbcc5b5098662f787e6f9d011bd2999afa8d700eeab4fffa2795,repay,1780668371,1.2,1,6,,2696,24428975
0x898c58b3ca9a4d38b393e4597dc8bfd4af50f7e2853494d988cf445601c82d80,repay,1780668383,1.05,1,9,,2693,24355073
0x23fea0727ba6483413a2522505200e2a7d3b800fa792d11957d40b59fccd9922,repay,1780668467,1.05,1,3,,2692,24355056
0x8b0164e3bf20e3b2d558237f4b1f52a2ccb47e48011ad3cff904da24ceff3f7d,repay,1780668479,1.05,1,17,,2693,24355073
0xad7e4c54f0be9e54dddf07dcc75d057664e78db033e69ea6e3bb8e718bd93fc0,repay,1780668767,1.05,1,3,,2691,24354894
0xa37efa384eb967cd93e2fb9051acf40c77b8c7ace622a6c693c6efb96b140db5,repay,1780668791,1.35,1,2231,,2821,25249467
0x834e874a192092a02cd877c9bf784a040b78861e5376529d9998d0b97aba5113,repay,1780671743,1.4,1,4,,2740,25244836
0xca7559af906bc6d26061fff454d7d94a531d7f204d3b3434dc589bb74b331bc8,repay,1780671755,1.05,1,5,,2693,24355073
0xe3b134aca01242ddac0b54e5dc9b55e80074797c7bea20abaafb35180015f693,repay,1780671779,1.05,1,7,,2786,24404286
0x80241862dac72f2d1c57cc20e9c3199f3f28dec1f0d65647327dedbc2a2652f1,repay,1780672223,1.35,1,4,,1945,22270578
0xf94450da561708af23d06a3ce9a8a0bde986b2919d9fbb2745d432b4b02f464f,repay,1780673927,1.15,1,3,,1620,21326388
0xa54392bfa62991bfc5e0a8af53e303010b965ce4f5743d5b65dda65c4cff59ef,repay,1780675391,1.35,1,7,,2799,24412526
0xe23c881940c63d2bb75872958c191fa8d4d2a0d43fbdbce5d27a26b8762b9efc,repay,1780675835,1.05,1,3607,,2688,24354616
0x72ac6f4f4d51a539a9bfdf3b5f226920177d306a623513d6106b76163b82e9e1,repay,1780675835,1.05,1,4,,2693,24355073
0x3bad18db884154ea6a994c22d3ccc47feb1c495f3463acf22af2e5212c3bb8c0,repay,1780675967,1.35,1,15,,1974,22467645
0x6860a53c7509423c7ab31fe3dbe8a2fc5bcf7c1895ffb122636ee6f0a794cfdf,repay,1780675967,1.05,1,4,,2777,25228173
0x8d45aa73490bff9b800128f7192bf536816d17ce3f0ef29745bd2d19cd2191c6,repay,1780685303,1.1,1,3,,2806,24434357
0xb4a7afba70914b275b952aa1b5b1c18dbc232effcad04eacb5ba3196c545c9c4,repay,1780685375,1.05,1,9,,2817,24444128
0x14bf510a32d8b03c3b92bed2efb561d6a200d7ee3f8d9d5f7167141a2bfac279,repay,1780685771,1.05,1,14,,2711,24364259
0x4cfb279ea6bd0276c474ab0219ec57e5866693985794166f987f034f062f47b1,repay,1780685783,1.55,1,15,,1611,23046494
0x5dab35be3c258815f4a4e24699f09b089e098072019050bb901ef382534d992b,boost,1780685795,1.75,0,16,,2098,25235083
0x3af2c8f6b2843fef7c386c857df868968a1b76831bf03986db2bc31e807a59d1,repay,1780686479,1.35,1,4,,2779,24627976
0x9c3686506f8fc74ce37f7fbe25ee5dc2feb6ddce48884ed9bdc022e4e292ee4d,repay,1780687127,1.35,1,3752,,2821,25249467
0x981d7a0efd8418058522c03e4d10d8510b4f1382c8ca10fbba29754dc63bf028,repay,1780687127,1.05,1,2,,2474,24389159
0x06379107e49deb8ecfd804cb1d2d6d33b15a14f69925c7101162f60b6d681eb2,repay,1780687139,1.05,1,3,,2690,24354677
0xca9ffffa48ca78f562eb752c236e8086c6c4075d8db8c5ada5932c8049d53681,boost,1780690847,1.45,0,1,,2822,25249467
0xb5f5c16ccb2f68ae8c09e288a65f73d16d9b9cfc83abbe4a0590fe6e280768ec,repay,1780716803,1.05,1,7,,3153,25253648
0xbe06c6678a431c822fc6e1ccc863b8de3a273c4e13ef3f64c35e76a0a0566835,repay,1780720223,1.35,1,6496,,2821,25249467
0xe1c4bc210b29cf4bcdd0a9adc482b89037b7db917c8de1eb5a0ad0ac626fb872,repay,1780720223,1.05,1,5,,2687,24354592
0x70b848dc0347344e0c71d2f6397188a7e68e2d2ab51267363ae555e63270a62c,repay,1780720439,1.05,1,3,,2693,24355073
0x03c2cb612bedbd35ef0104b3b5c717d1654c7ead2dd198ca4aa60e23001b0ebc,repay,1780720607,1.05,1,9,,2786,24404286
0x9efa1e1461bbb1eddb3abe8c48f9c0ae102c9c7bcc39db87c8b0903822c71caf,repay,1780720643,1.05,1,20,,2692,24355056
0x47e709eee87c08c010d02b8c5aec3e7a47ac3322cab0662cd91b91b24755c5c7,repay,1780720811,1.25,1,7,,1910,23797982
0x06c5f927a9ca27f315431f96d4736504e7ca414cb98e2049e2e6aeee7a90dc02,repay,1780720835,1.05,1,36,,2691,24354894
0x6c166a9717174aa67c3069614d805ce879656cd496715852efb57b54f520a23d,repay,1780721027,1.7,1,72,,2165,23126259
0x9704c8c74d33a40cef073d519d9b15b9924d22713b2bc3ec635514738b0fa395,boost,1780734575,1.15,0,1,,2787,25239667
0x026aeb80e194b30ccd6cc95fce055186c5075bc88321612626c149e60cce0d73,boost,1780802771,1.45,0,38,,2822,25249467
0x3f8f3bfec82416c8c0f6490d13ad96e7f3629eaba4a32e7b9889e7b58c20404c,boost,1780870703,1.18,0,10,,3152,25263853
0xfd50d5acfe2bb4b85cda2662832f78142f5dea5fde720ae432addd700db6f941,boost,1780870763,2.0,0,15,,2166,23126259
0x5858eb50080c78d0d2834c586079307862e11f4b52777d7b6711e1aec2df754f,boost,1780870943,1.55,0,30,,1911,23797982
0xf2b3db49fb5b4bc93a1a109f9f4ce967ea3f9050e6811f711ab3b22b25620efe,repay,1781023379,1.35,1,21,,2821,25249467
0xb9b43139c13e706866096cd6f25a397140404b9d2d8bbf0807d2030231cec64d,repay,1781178995,1.45,1,22,,2654,25258592
0x5776df25ab2d1fc11e9c978b67d62fcb12a1e40a4e93b3965f8a50198d966f71,boost,1781200235,1.45,0,9,,2822,25249467
0x8f47ee140814cf9fb17e4a5bd1a812aee23596a5379260831d3e85082829ed67,boost,1781473319,1.2,0,2,,2778,25228173
0x4ada8bb5bf05fe21dd9cff482c398bbe6d420850441112c7082c742ac2a5b5f7,boost,1781480303,1.15,0,1,,2789,24404337
0x94006c89055f3e0944465158746374428c1d52d9841aea9d2b671671a00ac1f9,boost,1781522495,1.65,0,12,,1975,22467645
0xe185448e759b38aed757bd8c9b3b8d0c43c3087940d10484512e365c6117beea,boost,1781522519,1.3,0,3,,2813,24778113
0x814185a3dcf8117755f023ad4400beaf960df8319206226c1afc4bebd4aef0e7,boost,1781522519,1.45,0,3,,2822,25249467
0x76386eb7baae74570bd9d4cd7a2ea77c5d6c485f5e3798aa754277976933deb6,boost,1781529179,1.35,0,1,,2359,23730421
0x56baa0961118acbf6ede9b9f25aa7bdc46aed7dd8dbb8b66c9ef616b1c25b3b7,boost,1781529179,1.15,0,1,,2787,25239667
0xeee4b42ac767c4b190ae232d09f13f91afc634f81d3fe81505fb42a0686c3140,boost,1781529695,1.45,0,1,,2822,25249467
0xcc45c92c74130445f88a5859323dd57e6c354b4f3e5f8a373253565b99d44602,boost,1781538467,2.0,0,1,,2166,23126259
0xcc9c4e0c151769b08e9b304d2099416c1b57d6fe05d85ec7057c7c0ef2fa01ca,repay,1781873339,1.05,1,4,,2786,24404286
0xd99b87ffd5a8980307548530b54a8d2900faded8e627cd90cdac6d58e1b45884,boost,1782128063,1.15,0,2,,2787,25239667
0xe8a5217c98822f758a47c629a8cdc1c34becf74df5bada6f257881a0fee85010,repay,1782308807,1.05,1,1,,2788,24404337
0x5bd78c735446356c1107d91bfb71bb4dfa244292ab4c32db82fdc8bee4839b18,repay,1782319967,1.05,1,4,,2786,24404286
0x23d6d33c4669540c396c2aa6f4d2131c66401d920fd69dfc5401cfd00a88ee46,repay,1782319979,1.05,1,3,,2788,24404337
0x3c86639bb449f47f49a9205210efe9f19cfeb37fc88718c27b12f616002b042c,repay,1782321719,1.1,1,8,,3144,25371129
0x6f4fc9e3ecdb3e07573e6d3fe75f96cf6891d47079900532cbfbf7e5d945fad2,repay,1782321755,1.35,1,5,,1974,22467645
0xdde85e510434a82dabec1f546f95cb9f5a886f94ef1c7c2f00e0009db9993053,repay,1782321755,1.05,1,5,,2777,25228173
0x8d3e3c51e1bf4f079e0ddc9a3aef6ea26c30fe025209c014c22dd1a3480eabed,repay,1782323423,1.05,1,10,,3149,25269675
0xad14302186aaee17b8ead8ca2c33b2a1dda81f62bb82970c5681448096ee832f,repay,1782323423,1.1,1,>7200,,1364,20473418
0x000ac96c75efb9d2b91be82927652a4564913623c1a8151610bad2db94015cf2,boost,1782363839,1.2,0,4,,3145,25371129
0x6f3d74ceaae7ede2856e01363698f0019f7691b55c3347082c6170cae8a5ddcd,repay,1782395603,1.1,1,5,,3144,25371129
0xc405c54d84fcd84967ed94434e07c422c03d8abd45c294e110eabad2d3fe90ef,repay,1782395699,1.1,1,3,,3028,24901292
0x466496db12646e0c3b774130888c34779790711163325e57a67fcf7fad087a38,repay,1782443471,1.05,1,>7200,,2755,24393039
0x94a948f76a2f779f8e7874da4c47d02067bbbd9697552e89d38332b48600d0e2,boost,1782569663,1.15,0,3,,2787,25239667
0x63cbf5145761c5b8d865ede05ac636f9a6aafd9b104f7b2b55054287232fe7b3,repay,1782826535,1.2,1,2,,2696,24428975
0x46798f31ed00997a9d9b9af51db4e1751f145795fe47301ee878a4244cd3a702,boost,1782985067,1.2,0,1,,3145,25371129
0x8cd45da2902689117fdb041ef2e81729790e39e2e6d6fe1090040f37963838ad,boost,1782994511,2.65,0,1,,2332,25431122
0xda0c1a85b5281879acc6dac696144a66193abe3b4063eef096c67542653cea04,boost,1782998051,1.15,0,3,,2787,25239667
0x312d7a4ea655368d62668d2ae0269bea89d8403d3321b9ddebed6f409abfa696,boost,1782999683,2.0,0,91,,2166,23126259
0x95a5fc8ac828200cd635710e2dfbef70c6de7734d6ad4dce14a4225a1776bbf1,boost,1783000967,1.2,0,3,,3145,25371129
0xf9319467f8dbf36235752f0862891d34ce02a8638235423cd03ccf4bbd7a1cbc,boost,1783000967,1.35,0,3,,2359,23730421
0xed0322406586285c173fc974ca3e11af848ea06ce972044c65e055e4dc5c249f,repay,1783073099,1.9,1,12,,3226,25451262
0x08d8894bb57e6dcb124c2810c5e5621e9f3f1936047a094f1f1207e911413e68,boost,1783076123,1.15,0,4,,2787,25239667
0xbb7a86f2576e4915d5cc28a5b053dc8cfc6742ec6035d0ee93a7604201e03a24,boost,1783177955,2.27,0,6,,3227,25451262
0xbc440033973a174729e7deb4e8619b5cc680d5859823c3417341f19d30406789,boost,1783186451,1.3,0,3,,2813,24778113
0x4c7f6a3cb943016a1d64ec0146583e950f5de02654a113b9bf1cd17efc08ddfc,boost,1783186451,1.2,0,3,,3145,25371129
0x94d05cef8f9d7611ecabbfb322d6582a86e874a57bf14c73d3739d3fdc88a068,boost,1783344131,1.85,0,188,,3262,25473575
0x3c18c047cec1007087db0e57d585ca4c03f1130dac5738ee7993ee15f43a530b,boost,1784033411,2.27,0,3,,3227,25451262
0xa60deaa0468653804bdd3ef73925b2fa5a22b4c81d2000f9174fd734dce60530,boost,1784035355,1.2,0,5,,3145,25371129
0x23ee4442ef259545d9f53398965ed91c4118bc4101bd55c709d9fc2dad346b90,repay,1784040635,1.05,1,2,,2786,24404286
0x98d6066c75d9e1aba500c70c51b8ba93660d75ff073047d5b788a3777052b341,boost,1784042555,1.7,0,2,,1621,21326388
0x898cbcdf03018eca6025af2557abb755357842026981b93af5f508327bf7e6d9,boost,1784043023,1.3,0,4,,2813,24778113
0x7e70c8bd88ff254f236e8b8dcdbd03945257d65967b24ac9ea08fbe25ccfe5e4,boost,1784043215,1.2,0,3,,2778,25228173
0x3c22684873ddabb6c0fc569bbbccb8a1359d83a6e3a970e3418a40b76b5284f5,boost,1784119943,2.27,0,2,,3227,25451262
0xcfe5636d0ebccd250435be0f5110635b27038ed80b33b9d95cb7289306821e6d,repay,1784119967,1.45,1,4,,2654,25258592
0xbe8cdeffac653bf71f7d6d49a804f6603e1d1ac7133340404f14ced4be9aed07,boost,1784120687,1.35,0,2,,2722,24367469
0x3a303e1a50a39ca96f6b09fd7c80174257704a99b2eb7b6df2adcd6ae82f3302,boost,1784120687,1.55,0,3,,1911,23797982
0x296a73b33d49839c87d0ef856b0131cf134bfe33f9cb7ab185d859c2cb08e347,boost,1784622107,1.35,0,2,,2359,23730421
0xfc0744c968344ad2dd30eca30f5ace2a572fc2b8cc7133d4a4dfe94acb295871,boost,1784638943,1.15,0,3,,2789,24404337
0x44293020ac0eb5a9d637498dc6370ee962a2a91ce0744ad8cb963faee0478f1b,repay,1784640851,1.05,1,144,,3309,25581126
0x5cd87dcbe0d50675d1b436cdbbf3bc8e98ba6ded4281979b89364dd1ca950de2,repay,1784640851,1.05,1,189,,3310,25581237
0xeb15e83adf316da9c520e5c08c4e6341c17921afaa3eb8a635911ff0d01bfd9f,repay,1784715107,1.05,1,3,,3309,25581126
0xc23c32f8ec7de14d445b5636a15ed0b87365167e478f17c8ce6224a0a69ef3f0,repay,1784845259,1.05,1,2,,2786,24404286
0x2b28f52d745a16316dd3deb7fd24052509d10a0bbe9e3e95f296e9fc7854adaa,repay,1784901299,1.05,1,2,,3310,25581237
0x448bd43a3b07e6e730b60a1e3b5b5d9ce2ea2f13f06eb716e6ffe6796e9996a6,boost,1785107315,1.2,0,1,,3145,25371129
0x92c57607d25fa3f4070bb2d18ccdeb29a44b8f496de0fd84b7c9bc1ab2100fad,repay,1785200867,1.1,1,3,,3144,25371129
0x1855b668ac6b334883fb42de3cdcb066a6ecb44765774be8fcfeebb12d18a1ee,repay,1785200951,1.05,1,3,,2788,24404337
0x64a1f9594ceff5fc8dacf81aa0ca2d3861288e90e09ddbc5b499d0b16592d7ce,repay,1785490523,1.05,1,2,,3331,25651463
0xf0938b76197e874490bb593d1cd54b5c66028bc45a78c924d1a11d0edaf1cebb,repay,1785490835,1.22,1,8,,3331,25651996
0x543e0285e2734375324c45ef5764d109b1dd3cbcc76851c1ba74ec6376e49838,boost,1785491195,1.35,0,6,,3332,25652028
0xab01f6725598a7e152bc85da913087669507a5ed4cfdd1cb57921d813b0a1f2c,boost,1785491315,1.25,0,6,,3332,25652038
0xe2e2ba225a550bfc8151e393acb4c84ec8248cf59273d551ca8773bd6dec9851,repay,1785492467,1.05,1,3,,3310,25652126
0x2d41e1b0b57c9ca72a27ed5288923263d61f4d54601354adfef2763253c8e421,repay,1785493823,1.05,1,3,,3309,25652236
0x22e8434e49aea4e8410b15636e3013ac8c32caf2a13f00165159f7442cc3e35b,boost,1787151359,1.2,0,1,,3145,25371129
0x4b3a5ca70019f57367644344671562371acba3a3851ec36466c3fd3524735b7c,boost,1787152067,1.3,0,7,,2813,24778113
0x312e5da5180a3e280fa88e5fa0861f4882a97c4c4e65a9c0d6829a82092c8512,repay,1787152103,1.45,1,6,,2654,25258592
0x8fd3fdc1337d052242d57767467e3e856037bd4c0b39ac6317bc5183d88ca37c,boost,1787152439,2.0,0,34,,2166,23126259
0xea2bd89cc258f3e3825306382a08bb267031b9061b8c52dcb03e69146bc20d90,boost,1787153399,2.27,0,118,,3227,25451262
0x4c83242d788128473efc72bb2274bdd3824f03d20f78339602a6c7cfd762627b,boost,1787153399,1.65,0,5,,2765,24393402
0x9bbb7e25ad87b4a04728cb92b17f0100ffc0355914c1e57b6d0259cf8f49d779,boost,1787153447,1.2,0,9,,3145,25371129
0xb1c76d9fb1cfb3703142f976d85e9aa99a839e9fd8f9dbc0a9c95fa175075253,boost,1787155583,1.65,0,3,,1975,22467645
0xb3801b07fe45e4c2e135523c3d25c5110de2736028612f24d49ec54948b9dba5,repay,1787157611,1.05,1,>7200,,1779,23133722
0x7291aa10702f211b6aee16fdfc4dc75ccafb90a04c91dc3bf2de7dea8ae7df52,boost,1787170103,1.15,0,3,,2787,25239667
0x8c84005298a6dc06a6c5b871a5701f6579d088fd7b56045fd178248974e9b9a2,boost,1787172791,1.15,0,226,,2787,25239667
0x3ada6609daa5b0362ec5c9049debe0656106a4c031947f20a180f89b4be6b270,boost,1787172803,1.55,0,10,,1911,23797982
0xb9b5be09b2848b4533a9fc9ecd01a7be362a63bf72c815750cf0e17fa32086d6,repay,1787172863,1.45,1,18,,2654,25258592
0x9a5d0cd245b898236d8292bb726881cfcab0388ed9c42f24b2f4035efd31810c,boost,1787172863,1.6,0,18,,1614,21311795
0x1e1d0f97f7d786c45f9ab57bd60293efb44af8a496cc4d6eb5e5173f59f8590e,boost,1787172887,2.27,0,17,,3227,25451262
0xe18e9e7231d1f17e85bb1554ba14ec900b45a36d6c6275f058969d20471bc754,boost,1787172935,1.2,0,21,,3145,25371129
0xd78926b93d5c403364716eadf445ddd4cf6ee423477abdac79bf2aab45db0eb9,boost,1787173007,2.0,0,27,,2166,23126259
0x4bab34b0cd884c47da915c50e44e143f33aa6f4d922bf7e9b33e38827c91d0fb,boost,1787173703,1.2,0,3,,3145,25371129
0x8801aa0d3cba2af96bbc2c097adaf6e84fe7643b80b28d47d2b315ac617810a9,boost,1787173751,1.3,0,7,,2815,24441746
0xb76be6729341f75f08ea7ac148446840e982f709879b72dd3ed7e879690fd17b,boost,1787173751,1.3,0,1805,,2813,24778113
0x6d9332963662f7b614b2e2f73dd6edbf1631ecdcfa81daf05948f4a1fe647d7a,repay,1787195567,1.1,1,2,,3144,25371129
0x36ed2cb059060c4931163142a010b987c4968b3632802038283020b3265293dd,repay,1787213471,1.35,1,4,,2097,25235083
0x5371782e7422111c93635cb5b293c65f4f64055b73cbd72d8000ef556e2a1ec5,boost,1787213615,1.2,0,4,,2778,25228173
0x30d2f3a380e7d1c8431b77710c6e46d16e193980722e7724acba4972ab857717,boost,1787238299,1.15,0,1,,2789,24404337
0x5bc0d90c7d211b2c3f43cfe31556b753692ed33c712eb96b931fab45d8c77a9b,repay,1787241287,1.45,1,2,,2654,25258592
0xa6b131f7a3672e6d1a2dac453ac8af880e23b5f36d8cf9e4f2291d58d1c78cf9,boost,1787241287,1.15,0,2,,2787,25239667
0x56ffff6cae28ab6e6bbb7b23a9662e36747459b07fab7b40b3d3840cab0b84d4,boost,1787247287,1.75,0,3,,2098,25235083
0x2eac7993fc8e18907ad0b9d534aca677e19665f3b4ec9d5172a4f94f6acf1216,boost,1787272007,1.7,0,3,,1621,21326388
0xcc8e0cae59eaad4a3169c9ff0d3a4f97547ebf862e31665f2b69decad5be0d32,boost,1787275139,1.42,0,7,,2001,25114519
0xd2bc52080ad36ce04615750830e1bdd281bece6143271c0be5beef397e3d6631,boost,1787275151,1.6,0,1,,1614,21311795
0xed066d4b7297ac5d7194a1a73dcda77190951dd612bd7fbea0960d1ac62bfb78,boost,1787275175,1.65,0,3,,2765,24393402
0x6927ee881872d31c35fedaed26358a3aee8ef2570ffbfb69de827c183740fef7,boost,1787275211,1.65,0,6,,1975,22467645
0xfc44d6d29d40cd9ebd02e1867e80df4a9f2c033a66384f043eec5e7ce4c6a4a8,boost,1787296427,2.0,0,3,,2166,23126259
0x6e747112b2cf222a565527a81ad6acfb8a3b1da504ee27ad36fc731f681497c5,boost,1787296631,1.15,0,5,,2789,24404337
0x3868d87aa489bfaa92caa174323d72ebd9ac74cd0f7cb789fd7b041cce550503,boost,1787301563,2.27,0,2,,3227,25451262
0x3b1b0dfd42dd88a0c74e0b61973828b7b8ceced4b8b98ce2bbaaf6d1af4d22e3,boost,1787302103,1.44,0,4,,2017,25114572
0x2eba569791ba4fe6cbf3885a8689eaa0f35e1f37ab799c707d36cc7020923522,boost,1787302103,1.2,0,4,,2778,25228173
0xe91940f443689441b3ac960a6adff40cd53d4920eb0e2c215342201bfc09650a,boost,1787302187,1.6,0,11,,1713,21561515
0x1767fd980c6240804f959416372ec3c9e554fc00d8e524c126b1d1e933ccb542,boost,1787302367,1.2,0,2,,3145,25371129
0x974ba896e3c60893254ebbfc027b59d9406bf8a6f061bab87489bd3302d8d504,boost,1787302367,1.65,0,2,,2756,24393039
0xde1741e6d356fe52da2c1718e2c762301b523b721a70fa80ccd0ceb99ce624bf,boost,1787343911,1.3,0,1,,2813,24778113
0x0708ff6e9ae6d333e06907808a7a16108f715ee449273a5d3f6ebdf6dd94e996,boost,1787343923,1.15,0,2,,2787,25239667
0xa6c713a38f6b50af07301eac39e4d19df0ac31ad80d6f453964792f273737c88,boost,1787347511,1.55,0,3,,1911,23797982
0xe698dbdf23e302b174eea9200af6977314ff8d2bcb4407ca419e22b24041cf55,boost,1787348063,2.27,0,2,,3227,25451262
0x84ff3f98d32fc56d647742c29c86747cdbc8902f5a0e85f2ec37658e66cea0fd,boost,1787349263,1.25,0,4,,2366,25804801
0x3395332ae981365dfe248d275874f170625005973298795a059e9f3900ea5995,boost,1787349347,1.3,0,2,,2815,24441746
0x8559a6ac1ceeea464b7edae074ebc6e6fadedf6c0674908e91b1b9fa40370b08,boost,1787350127,1.6,0,2,,1614,21311795
0x7eeedad745e2c94877652d11a9eb5a6cb56960a0f85315795f956fce2a57bf02,boost,1787360327,1.7,0,4,,1621,21326388
0x40ff9e83565eedc2052637060a67a4d00ba4f723b04b17c74a6ec2e06100cb94,repay,1787461823,1.05,1,4,,3465,25803953
0xbda8da436165503a4d607ceaa779753e2006bf3f5f97940367968662540983bb,boost,1787500343,1.6,0,8,,3486,25818866
0xa13837b8c42f492e7191b58057f26aef15333ba837f3636c726081c89ccf4cc6,boost,1787585579,1.15,0,3,,2789,24404337
0x82ef8019d33a52dac649e7e43cfeb2de5392093f523cef45777bcb4a530e463a,boost,1787625791,1.7,0,2,,3408,25784827
0xd88e1e209c2f8149341a3b50f7c60eaf91b04eee81280cb41b44ec28bdbe8aa0,boost,1787665439,1.45,0,7,,3333,25832584
0xf39e71a5b10fb3e8904bc20612edf807485610a00a6f41c71cee9d250a8189bf,repay,1788041351,1.5166,1,11,,3546,25863793
0xc3989a290c3c9aa43785407d8c250cacdfc6cdb8c64896ae21057d8c942ec866,repay,1788345263,1.05,1,3,,2788,24404337
0xb27c4503207a1ab6301fc019837ba9bfb77feac5482986908c22124e64b0e8fc,boost,1789134659,1.3,0,1,,2813,24778113
0x41756ac90d6c4588d06abcccbcbbeedca20f69f8b84153b8fd3140fc3a56397b,boost,1789134671,1.15,0,2,,2787,25239667
0x4e1ba9525a162e9062a0f4fce53eb21f28303c1f0535ecf5a88d1afc3d5ef8b4,boost,1789134791,2.0,0,3,,2166,23126259
0x2af3f1bcc57d6a7f2c8dcaea96b984a27c03c9c13878a3e27dbde0ca8ddb36f3,boost,1789134815,2.27,0,5,,3227,25451262
0x54d241cf5db760f77adcf87a586d93aabcdb9ecb18b6f54b6fc5e9673c60e674,repay,1789299155,1.5166,1,10,,3757,25968225
0x4e31b23c5b83506c9307f08187046219f1895d740c961eee31bfe99d50b0e62c,repay,1789343075,1.5166,1,1,,3757,25968225
0xedd811c41efbbf46decffc4bbcba0198b5960584a1daf6bacd6faed47671ebaf,repay,1789343807,1.2,1,11,,3757,25971934
0xc8d86b777ce7fc97e2b25887df4967282ae5a4022310bbdc4791542b91a07b8d,repay,1789479587,1.05,1,12,,2786,24404286
0xee02bbe36cd3b1e9d6d29ce483d07918d3e037fab7700a3a0e31f5fae44af5a7,repay,1789487507,1.42,1,303,,3821,25983574
0xcb1b421a9d1932cd24ce8b754463886c76883f6b7c36d488a318039bdbad13e5,repay,1789498067,1.7,1,7,,2165,23126259
0xa693790ea2d558548d15d599a78821d53b3fe1cbcaffa884bf6ca69e3e17d79e,boost,1789590527,1.4,0,10,,2822,25992418
0xd138b35125987f02c825efff1d430149c2bb0fc6e31d5558b06f810f4582635b,repay,1789653983,1.25,1,2,,1910,23797982
0xd523399c346d05f1e8f1ca5783465b12b1f9b7808619122bd7f44eb8d9aed2d7,boost,1789739255,1.25,0,7,,3823,25983599
0xe79ff9ee56c7c096c12f3f07e7cc8420039c6f5b9d057f00ac629cb6297d705e,boost,1789739579,2.0,0,3,,2166,23126259
0xd5806455afbdde56bf83a7bf8a88a8dc66f9f2b74c972642e9ada4ff1810a639,boost,1789743443,1.15,0,3,,2787,25239667
0xd540ceb8a3f1f0d167bc6e63a65d41de3b02aa3e81d6351eba589149dba6bfca,boost,1789749239,1.25,0,2,,2366,25804801
0x5ef480f1bb47747003e96faf5b93678175f119e66e3d9eb020185a34e519a34e,boost,1789756415,1.6,0,1,,1713,21561515
0xd2f040b60756fd8b8ffe3bf77227acbe310997dea7cbe7e33a6145c72609b381,boost,1789806179,1.25,0,3,,2366,25804801
0x34822260472ae6d78c88645664ea2a3956550c5eb593a1be0d87370209285fe7,boost,1789835819,1.65,0,2,,2765,24393402
0xefda03a725d880b14d02d445ab9c7560956d955493276e8f65a944d50eaf0580,boost,1789950131,2.27,0,2,,3227,25451262
0x7e8cb11d41c9b4ea719ee0b4325d0d087df1350d8e2d4b4a4d67570e61096b0e,boost,1789979651,1.15,0,4,,2789,24404337
0x894879855825cfd1c7701cf60929a160dcbeb1d0769c345d99cc50f76479a7c4,boost,1789980011,1.25,0,5,,3823,25983599
0xe278041088ebcd90a97393daddb038310e57cb5d929008d5d0a3a5fa0fb3913d,boost,1789980023,1.3,0,3,,2813,24778113
0x2895647f29f85988f706a0abf42457473d8cd04b92b933403b6641e4d9ddae0f,boost,1789980143,1.7,0,13,,2176,23137024
0xa50c419e72df8b82731685027420835543a5757b60cf9c8840cf7169370faf8f,boost,1789980143,1.15,0,13,,2787,25239667
0xeb8f5fcdd232cab6a562ed7d941df9968a37b1b6da849ee5166e6a8a7599602c,repay,1789983083,1.05,1,2,,3483,25818579
0x72ccc6d7540bde9094d68a9fe1da4a450bd179cb3276be403262462b51de1f55,boost,1789983083,1.55,0,2,,1911,23797982
0x4ee8bbb125c0d52a5ba5b23d30e3b27162a76116a27683f8562cf41a040ac084,boost,1789983083,1.6,0,2,,1614,21311795
0x93283de60faefee3f956b4352079d1bef5ab624fde6b5415927403becb1f4515,boost,1789983239,1.35,0,2,,2722,24367469
0x10286e0bf671955442ebffec461ec29c057507cbe7c810145380fb974703a56c,boost,1789983599,1.3,0,3,,2815,24441746
0xc820785be071d583190f48142164f7e84c0d9a55a63098ff7b659cefbd4b9e9f,boost,1789993043,2.1,0,8,,3936,26025823
0xc55f1b97a0ea35881fe00e5461a59427116b4de25d2cf007bdb9a6fd710a7954,boost,1789998731,1.2,0,7,,2778,25228173
0x91d6b6e76300d6bdc81cab165d068dddab92c8686ee05487fab0b8888c52fe92,boost,1789998779,1.6,0,11,,3486,25818866
0x51067128fa98e840a85b43f22ed751375c97f8180f2a0010ce681be99a416d86,boost,1790010563,1.8,0,10,,3227,26027269
0xd27d62569a5249c6f64e4f68046497e9a23e193fb9c44fc0b93eb6b7fd956e5c,boost,1790019311,1.7,0,1,,3408,25784827
0xc66a0de87eff12a7cccd2cc386431e08e3ad1205c00211287eef22b6d3c23f32,boost,1790022431,2.1,0,2435,,3936,26025823
0x4d1c0f6f3fae9d1fa393dae46371cabbb2532d67b8cafa1cef7429fd68a67651,boost,1790022443,1.25,0,2,,3823,25983599
0x41750f6fad72b7fa9248d2b928a180fbe0ebf4b7f502fdebb0a4716fb439cf87,boost,1790134775,1.7,0,3,,1621,21326388
0x74163c112b2155d69dbadab9f11c6ce0d3b49da87758555ef56b460fa36b7637,repay,1790172599,1.2,1,2,,2821,25997232
0x15376e4d05cace3987cf212db1826df12905b28e74884c9f8e51025bbb5be1ad,repay,1790207963,1.2,1,2,,3757,25971934
0x00d03bd95afc69aa6c30bee9db76f8a507de03eef402d871edd45dbc1c18977c,boost,1790243603,1.45,0,7,,3336,26046543
