tx,block,ts,contract,liquidator,borrower,lif_realized,lif1,lif2,q,pre_lltv
0x7d31dfd801468176b0c3823a2a09c9ce577fbe46f04ac21add343bf1b9e314ef,30771305,1748331957,0x9ca1dad919221d920b889aacf3023a5cea23165f,0xfed6096f550864f8e1175f1e9dfa105ac911e5b4,0xc0267a5fa9aaaf1694283c013cbfa925bcdb5de8,1.043841,1.04384133611691,1.04384133611691,,0.8326036949784997
0xe04ecad19dc90373dfadf5c0d927fada6d96c48d5c2f9388cba82abfcfc61a94,30771425,1748332197,0x9ca1dad919221d920b889aacf3023a5cea23165f,0xfed6096f550864f8e1175f1e9dfa105ac911e5b4,0xc0267a5fa9aaaf1694283c013cbfa925bcdb5de8,1.043841,1.04384133611691,1.04384133611691,,0.8326036949784997
0x3268daaa7c02ba7e762a9a39cf0fd88123d17881eb712a66f8f7dcdaaaa35157,30771993,1748333333,0x8c321328fed576ec12444f9290091b3b13c48255,0xfed6096f550864f8e1175f1e9dfa105ac911e5b4,0xc0267a5fa9aaaf1694283c013cbfa925bcdb5de8,1.02598,1.0261672652642382,1.0261672652642382,,0.8978687766514472
0xf9a09209df736fc622ba04a7d4e7109bff5fd7d1afc78279754da18533287142,31120489,1749030325,0x9ca1dad919221d920b889aacf3023a5cea23165f,0xfed6096f550864f8e1175f1e9dfa105ac911e5b4,0xbbff703437083442f1c7184d264352ceee174a44,1.043841,1.04384133611691,1.04384133611691,,0.8326036949784997
0x0c732e510adfe8c538384035c51ca65251619e0f4d98276eedfded62ce2c0303,31804642,1750398631,0xa517fe2cf559e1c37d4bb844770b089ab9227ae7,0xfed6096f550864f8e1175f1e9dfa105ac911e5b4,0xff020680284f9e941aba0cbafcd57de78e01c828,1.12676,1.1267605633802817,1.1267605633802817,,0.5625919504874457
0x786d85c3124fd3683e417632f43525c3c7d290887b5ff944f242626a7f174691,31832702,1750454751,0xa517fe2cf559e1c37d4bb844770b089ab9227ae7,0xfed6096f550864f8e1175f1e9dfa105ac911e5b4,0xff020680284f9e941aba0cbafcd57de78e01c828,1.12676,1.1267605633802817,1.1267605633802817,,0.5625919504874457
0xe9d861c168573afcb43846fd12e10f53e1d385295202b6ba9e0b1cd6eaa9fb9e,31834978,1750459303,0xa517fe2cf559e1c37d4bb844770b089ab9227ae7,0xfed6096f550864f8e1175f1e9dfa105ac911e5b4,0xff020680284f9e941aba0cbafcd57de78e01c828,1.12676,1.1267605633802817,1.1267605633802817,,0.5625919504874457
0xce4ccf85fa36e2bd8602483927b9da41db6e0ae2c454a406a3cdc660dcfbfad0,31835664,1750460675,0xa517fe2cf559e1c37d4bb844770b089ab9227ae7,0xfed6096f550864f8e1175f1e9dfa105ac911e5b4,0xff020680284f9e941aba0cbafcd57de78e01c828,1.12676,1.1267605633802817,1.1267605633802817,,0.5625919504874457
0x9bbaef47e1a5d90edaf75fa0da418110e7725627de183539302e8043f80c07d2,31839842,1750469031,0xa517fe2cf559e1c37d4bb844770b089ab9227ae7,0xfed6096f550864f8e1175f1e9dfa105ac911e5b4,0xff020680284f9e941aba0cbafcd57de78e01c828,1.12676,1.1267605633802817,1.1267605633802817,,0.5625919504874457
0x355b8262e14d36ada7d7f433a20546307ba3e4334331d9052965eca4b61a1bc8,31850272,1750489891,0xa517fe2cf559e1c37d4bb844770b089ab9227ae7,0xfed6096f550864f8e1175f1e9dfa105ac911e5b4,0xff020680284f9e941aba0cbafcd57de78e01c828,1.12676,1.1267605633802817,1.1267605633802817,,0.5625919504874457
0x9e61c30ced5ca1a04d57a2e2a7e57215cffe7ffe23ad1d706a6a6d5add8de402,31871702,1750532751,0xa517fe2cf559e1c37d4bb844770b089ab9227ae7,0xfed6096f550864f8e1175f1e9dfa105ac911e5b4,0xff020680284f9e941aba0cbafcd57de78e01c828,1.12676,1.1267605633802817,1.1267605633802817,,0.5625919504874457
0xb8536b515bfef3be2cb4af8ca46573762d4e182517197d28b358abd494d2a1c7,31879808,1750548963,0x28aa3e00a464e7392bfb90762417ea62e3579348,0xfed6096f550864f8e1175f1e9dfa105ac911e5b4,0x1e2b7b3fe8509e5d29503ddaead249eeca45a6ed,1.043841,1.04384133611691,1.04384133611691,,0.8326036949784997
0x3c579a16eed83786cee40599ee9172517cbae6f5f29ec0cb3b6b5f3b3adc7ce1,31880223,1750549793,0x28aa3e00a464e7392bfb90762417ea62e3579348,0xfed6096f550864f8e1175f1e9dfa105ac911e5b4,0x1e2b7b3fe8509e5d29503ddaead249eeca45a6ed,1.043841,1.04384133611691,1.04384133611691,,0.8326036949784997
0x7faee58442c6f930d899a0407ec537f0569a27d4cc05c4b466e5068685dbb5bd,31904750,1750598847,0xa517fe2cf559e1c37d4bb844770b089ab9227ae7,0xfed6096f550864f8e1175f1e9dfa105ac911e5b4,0xff020680284f9e941aba0cbafcd57de78e01c828,1.12676,1.1267605633802817,1.1267605633802817,,0.5625919504874457
0xe3efd86ef0218ea9b344d03bbe757354e6a7227005352d02ddca275639aa8106,31904811,1750598969,0xa517fe2cf559e1c37d4bb844770b089ab9227ae7,0xfed6096f550864f8e1175f1e9dfa105ac911e5b4,0xff020680284f9e941aba0cbafcd57de78e01c828,1.12676,1.1267605633802817,1.1267605633802817,,0.5625919504874457
0x3aa5e922b5b26e628c2ff477d1f1fb6d7e94fde7f52e874ee076997922776f49,31904812,1750598971,0x0c5d30b5781582f580f48880c42c6d5e0d95a6b1,0xfed6096f550864f8e1175f1e9dfa105ac911e5b4,0xb851220202c019d1645cb9f75dcc5ef7a66aaca9,1.074114,1.0741138560687433,1.0741138560687433,,0.727366070175296
0xc7c64379013bdc59c681c41b51e857bbe6ff60fe92dbc3ac621159fff84c187b,31904867,1750599081,0x0c5d30b5781582f580f48880c42c6d5e0d95a6b1,0xfed6096f550864f8e1175f1e9dfa105ac911e5b4,0xb851220202c019d1645cb9f75dcc5ef7a66aaca9,1.074114,1.0741138560687433,1.0741138560687433,,0.727366070175296
0x1e89898638e8910595487559c723fb2b269f511d9947c9e1b7a9012c884b5df3,31905182,1750599711,0xa517fe2cf559e1c37d4bb844770b089ab9227ae7,0xfed6096f550864f8e1175f1e9dfa105ac911e5b4,0xff020680284f9e941aba0cbafcd57de78e01c828,1.126761,1.1267605633802817,1.1267605633802817,,0.5625919504874457
0xedff855e0013d9fbffbd7316b04cd122b7ecf51b692acbb1c805ff0159fd4e51,31905189,1750599725,0x28aa3e00a464e7392bfb90762417ea62e3579348,0xfed6096f550864f8e1175f1e9dfa105ac911e5b4,0x1e2b7b3fe8509e5d29503ddaead249eeca45a6ed,1.043841,1.04384133611691,1.04384133611691,,0.8326036949784997
0x371d617572088eb1b152c5f7621d1a4b9ba8011b002093b91683677b71be292c,31905254,1750599855,0x28aa3e00a464e7392bfb90762417ea62e3579348,0xfed6096f550864f8e1175f1e9dfa105ac911e5b4,0x1e2b7b3fe8509e5d29503ddaead249eeca45a6ed,1.043841,1.04384133611691,1.04384133611691,,0.8326036949784997
0xe2bd143780350c040cba03b0acda831c01d6f23d979db1b0f1c4425be34f6495,31905262,1750599871,0x08f70ac65facec09d294a904f4fb609a2b554165,0xfed6096f550864f8e1175f1e9dfa105ac911e5b4,0x2e9b61a7edb79c687ec153c05705cd6f6f830789,1.043841,1.04384133611691,1.04384133611691,,0.8326036949784997
0x5d13402e86713ddcf6abbf8da7a9db22d06e37715a2b8565971fd962c4ab6880,31905308,1750599963,0x0c5d30b5781582f580f48880c42c6d5e0d95a6b1,0xfed6096f550864f8e1175f1e9dfa105ac911e5b4,0xb851220202c019d1645cb9f75dcc5ef7a66aaca9,1.074114,1.0741138560687433,1.0741138560687433,,0.727366070175296
0x664b25648fa7e2fff4feeb7b9975cd6c61d15e1e09f84127994171a7c16163ce,31905424,1750600195,0x28aa3e00a464e7392bfb90762417ea62e3579348,0xfed6096f550864f8e1175f1e9dfa105ac911e5b4,0x1e2b7b3fe8509e5d29503ddaead249eeca45a6ed,1.043841,1.04384133611691,1.04384133611691,,0.8326036949784997
0x0d4a22930c39fcef47af634202bbe8b3a3b56b24d32c8c91b49d96a4b1a92429,31906216,1750601779,0xa517fe2cf559e1c37d4bb844770b089ab9227ae7,0xfed6096f550864f8e1175f1e9dfa105ac911e5b4,0xff020680284f9e941aba0cbafcd57de78e01c828,1.12676,1.1267605633802817,1.1267605633802817,,0.5625919504874457
0xb60ccc901bc0c4a0f5acadf6e3496bf7e82435d69e830c9362f258b6f7463326,31906465,1750602277,0x08f70ac65facec09d294a904f4fb609a2b554165,0xfed6096f550864f8e1175f1e9dfa105ac911e5b4,0x2e9b61a7edb79c687ec153c05705cd6f6f830789,1.043841,1.04384133611691,1.04384133611691,,0.8326036949784997
0xaedfcc2525f8dbd59bfe36a43f225e32437ef5a453dd1e334f9e406973391d04,31906531,1750602409,0x28aa3e00a464e7392bfb90762417ea62e3579348,0xfed6096f550864f8e1175f1e9dfa105ac911e5b4,0x1e2b7b3fe8509e5d29503ddaead249eeca45a6ed,1.046251,1.04384133611691,1.04384133611691,,0.8326036949784997
0x8370e97da33599d39a0fd258db2a52bc9e4d5fb473c6b57246bf5e5556ac9408,31906671,1750602689,0x28aa3e00a464e7392bfb90762417ea62e3579348,0xfed6096f550864f8e1175f1e9dfa105ac911e5b4,0x1e2b7b3fe8509e5d29503ddaead249eeca45a6ed,1.043841,1.04384133611691,1.04384133611691,,0.8326036949784997
0xdd337507d80a7c7f6cf9a6f98b6633d20192828ced5f80eb4e116ecf6df6770a,31907179,1750603705,0x28aa3e00a464e7392bfb90762417ea62e3579348,0xfed6096f550864f8e1175f1e9dfa105ac911e5b4,0x1e2b7b3fe8509e5d29503ddaead249eeca45a6ed,1.043841,1.04384133611691,1.04384133611691,,0.8326036949784997
0xd23b21adb14ec0f77f91c2460ca70a42c0430f53493ba65cd2b55073d99baad9,31908505,1750606357,0x28aa3e00a464e7392bfb90762417ea62e3579348,0xfed6096f550864f8e1175f1e9dfa105ac911e5b4,0x1e2b7b3fe8509e5d29503ddaead249eeca45a6ed,1.043841,1.04384133611691,1.04384133611691,,0.8326036949784997
0x32582a660b7c2e430116609e5bbc0661831931f029019d2346e05bf454338d66,31909447,1750608241,0x28aa3e00a464e7392bfb90762417ea62e3579348,0xfed6096f550864f8e1175f1e9dfa105ac911e5b4,0x1e2b7b3fe8509e5d29503ddaead249eeca45a6ed,1.043841,1.04384133611691,1.04384133611691,,0.8326036949784997
0xb94acb3adcaf5e1b2ff24df16a9ad7454436ad2946399530566999e716075fe2,31909985,1750609317,0x28aa3e00a464e7392bfb90762417ea62e3579348,0xfed6096f550864f8e1175f1e9dfa105ac911e5b4,0x1e2b7b3fe8509e5d29503ddaead249eeca45a6ed,1.043841,1.04384133611691,1.04384133611691,,0.8326036949784997
0x05ee3c5a9f40b21b625317916fdadab9613c926326a2816c22a21c928dfd33de,31910237,1750609821,0x28aa3e00a464e7392bfb90762417ea62e3579348,0xfed6096f550864f8e1175f1e9dfa105ac911e5b4,0x1e2b7b3fe8509e5d29503ddaead249eeca45a6ed,1.043841,1.04384133611691,1.04384133611691,,0.8326036949784997
0xa76dc7ad6da6bdf1a6ae3e5f13732486aa575e4bf988cd0bcd7cf7eec10f32df,31915117,1750619581,0x08f70ac65facec09d294a904f4fb609a2b554165,0xfed6096f550864f8e1175f1e9dfa105ac911e5b4,0x2e9b61a7edb79c687ec153c05705cd6f6f830789,1.043825,1.04384133611691,1.04384133611691,,0.8326036949784997
0xff740b4bb737ae03d8581ab2f0876ec3ea00898dedf2fb251b2cdeeb5121f1dc,31916901,1750623149,0x08f70ac65facec09d294a904f4fb609a2b554165,0xfed6096f550864f8e1175f1e9dfa105ac911e5b4,0x2e9b61a7edb79c687ec153c05705cd6f6f830789,1.043841,1.04384133611691,1.04384133611691,,0.8326036949784997
0x21f90564b149f390ec420748f4218249db66e3bbbdea68d9a19efa4c233a4498,31917238,1750623823,0x28aa3e00a464e7392bfb90762417ea62e3579348,0xfed6096f550864f8e1175f1e9dfa105ac911e5b4,0x1e2b7b3fe8509e5d29503ddaead249eeca45a6ed,1.043841,1.04384133611691,1.04384133611691,,0.8326036949784997
0xf7402df93beaae89f6627ea6f14821e258a40bea20321d04c48d561b0ca9426c,31917282,1750623911,0x08f70ac65facec09d294a904f4fb609a2b554165,0xfed6096f550864f8e1175f1e9dfa105ac911e5b4,0x2e9b61a7edb79c687ec153c05705cd6f6f830789,1.043841,1.04384133611691,1.04384133611691,,0.8326036949784997
0xd76bb229bedbcaab5b7cc60c83c11d8c98f8022c1fd10362ae846060b5c5664c,32019927,1750829201,0xa517fe2cf559e1c37d4bb844770b089ab9227ae7,0xfed6096f550864f8e1175f1e9dfa105ac911e5b4,0xff020680284f9e941aba0cbafcd57de78e01c828,1.12676,1.1267605633802817,1.1267605633802817,,0.5625919504874457
0x7a8abcb7ebdf22acb745a19cd91c53ff8b6cfc7a0afc76187209af969cb07f46,32020613,1750830573,0xa517fe2cf559e1c37d4bb844770b089ab9227ae7,0xfed6096f550864f8e1175f1e9dfa105ac911e5b4,0xff020680284f9e941aba0cbafcd57de78e01c828,1.12676,1.1267605633802817,1.1267605633802817,,0.5625919504874457
0x3797d44fe856939fa1058cf4e0beb8e582844d5c1f85f3d6af8ad80e85c967c4,32021119,1750831585,0xa517fe2cf559e1c37d4bb844770b089ab9227ae7,0xfed6096f550864f8e1175f1e9dfa105ac911e5b4,0xff020680284f9e941aba0cbafcd57de78e01c828,1.12676,1.1267605633802817,1.1267605633802817,,0.5625919504874457
0x09376532621e320bc7adbd1d39ea080a4a8665a907fa76c490e933aca594cab7,32025489,1750840325,0xa517fe2cf559e1c37d4bb844770b089ab9227ae7,0xfed6096f550864f8e1175f1e9dfa105ac911e5b4,0xff020680284f9e941aba0cbafcd57de78e01c828,1.12676,1.1267605633802817,1.1267605633802817,,0.5625919504874457
0x48cbd2aa996a7652dbc8c13c672545bfb15b240a0973411759fac56a085ffc9d,32037649,1750864645,0xa517fe2cf559e1c37d4bb844770b089ab9227ae7,0xfed6096f550864f8e1175f1e9dfa105ac911e5b4,0xff020680284f9e941aba0cbafcd57de78e01c828,1.12676,1.1267605633802817,1.1267605633802817,,0.5625919504874457
0xee7345e3a89e993feba6758b37202606158d2e75496fe34b3a214a0904cef8dc,32038249,1750865845,0xa517fe2cf559e1c37d4bb844770b089ab9227ae7,0xfed6096f550864f8e1175f1e9dfa105ac911e5b4,0xff020680284f9e941aba0cbafcd57de78e01c828,1.12676,1.1267605633802817,1.1267605633802817,,0.5625919504874457
0x623c0ccc4766de69ccdac4e20780e4e0b7de6b878f29ceb0ecba98aff0a7d6f5,32038466,1750866279,0xa517fe2cf559e1c37d4bb844770b089ab9227ae7,0xfed6096f550864f8e1175f1e9dfa105ac911e5b4,0xff020680284f9e941aba0cbafcd57de78e01c828,1.12676,1.1267605633802817,1.1267605633802817,,0.5625919504874457
0x1b4ab495f168063ab14e36e08ff489c4021e986872c6992a312513944a4c403b,32040052,1750869451,0xa517fe2cf559e1c37d4bb844770b089ab9227ae7,0xfed6096f550864f8e1175f1e9dfa105ac911e5b4,0xff020680284f9e941aba0cbafcd57de78e01c828,1.12676,1.1267605633802817,1.1267605633802817,,0.5625919504874457
0x7b53443d823c787d452debc703d110e57f24c88222afec175f9f1121e275cd15,32040505,1750870357,0xa517fe2cf559e1c37d4bb844770b089ab9227ae7,0xfed6096f550864f8e1175f1e9dfa105ac911e5b4,0xff020680284f9e941aba0cbafcd57de78e01c828,1.12676,1.1267605633802817,1.1267605633802817,,0.5625919504874457
0x3f46ccf3b66fa8c427ac571c1e17a39a02a85ffd907836239d1a7f642bc92147,32042002,1750873351,0xa517fe2cf559e1c37d4bb844770b089ab9227ae7,0xfed6096f550864f8e1175f1e9dfa105ac911e5b4,0xff020680284f9e941aba0cbafcd57de78e01c828,1.12676,1.1267605633802817,1.1267605633802817,,0.5625919504874457
0xf7cae5d0545bc252090357f6ae488d94218b50e7d06034651aed39080e24a576,32880238,1752549823,0x08f70ac65facec09d294a904f4fb609a2b554165,0xfed6096f550864f8e1175f1e9dfa105ac911e5b4,0x2e9b61a7edb79c687ec153c05705cd6f6f830789,1.043841,1.04384133611691,1.04384133611691,,0.8326036949784997
0xe4dc2a23b8a7c3e58ca284bbd3e351daa6443d3874cc2700bfc00a8bc6ff676b,32881583,1752552513,0x08f70ac65facec09d294a904f4fb609a2b554165,0xfed6096f550864f8e1175f1e9dfa105ac911e5b4,0x2e9b61a7edb79c687ec153c05705cd6f6f830789,1.043841,1.04384133611691,1.04384133611691,,0.8326036949784997
0xf96939a848d7d015e8607363142803d1882479382063894ca9e7967f3887134f,32909245,1752607837,0x9ca1dad919221d920b889aacf3023a5cea23165f,0xfed6096f550864f8e1175f1e9dfa105ac911e5b4,0x487c6480c33f32435f99cfa4b1e09c0d4e4165f7,1.043841,1.04384133611691,1.04384133611691,,0.8326036949784997
0x39787b3125f3fa01e49ced4dda4dbd91658284f55d279818eb165a6fc548d019,32909367,1752608081,0x9ca1dad919221d920b889aacf3023a5cea23165f,0x7ee23c81995fe7992721ac14b3af522718b63f8f,0x487c6480c33f32435f99cfa4b1e09c0d4e4165f7,1.043841,1.04384133611691,1.04384133611691,,0.8326036949784997
0xc89e6b00039c8ceca640e6ba261a842a9693d94e3f332cb55aea60e6e29f2594,32909492,1752608331,0x9ca1dad919221d920b889aacf3023a5cea23165f,0xfed6096f550864f8e1175f1e9dfa105ac911e5b4,0x487c6480c33f32435f99cfa4b1e09c0d4e4165f7,1.043841,1.04384133611691,1.04384133611691,,0.8326036949784997
0x43987cfbdb66a70107dd471d0dd404caf4ce80d337a006ce6296dad43a480176,32909668,1752608683,0x9ca1dad919221d920b889aacf3023a5cea23165f,0x7ee23c81995fe7992721ac14b3af522718b63f8f,0x487c6480c33f32435f99cfa4b1e09c0d4e4165f7,1.043841,1.04384133611691,1.04384133611691,,0.8326036949784997
0xec78cbc1f89d294df3290f14aecf2f9f27ffdc7cdf759a602aba44c415dd9aaa,32909706,1752608759,0x9ca1dad919221d920b889aacf3023a5cea23165f,0x7ee23c81995fe7992721ac14b3af522718b63f8f,0x487c6480c33f32435f99cfa4b1e09c0d4e4165f7,1.043841,1.04384133611691,1.04384133611691,,0.8326036949784997
0x20b55cc505587510d8dcbb42bb786a17a3feaa1fc50f9aa656771b21f67bbd47,32909815,1752608977,0x9ca1dad919221d920b889aacf3023a5cea23165f,0xfed6096f550864f8e1175f1e9dfa105ac911e5b4,0x487c6480c33f32435f99cfa4b1e09c0d4e4165f7,1.043841,1.04384133611691,1.04384133611691,,0.8326036949784997
0x5fe3b8189b9623866539e46e26551e31ba5bfd3ad7364c5cb1b04c9a748644bc,32910357,1752610061,0x9ca1dad919221d920b889aacf3023a5cea23165f,0xfed6096f550864f8e1175f1e9dfa105ac911e5b4,0x487c6480c33f32435f99cfa4b1e09c0d4e4165f7,1.043841,1.04384133611691,1.04384133611691,,0.8326036949784997
0x9fa1cb38fa937230ab7af6b18cf5b8961c447da74e00a5973cc3971527d09a59,33178554,1753146455,0x08f70ac65facec09d294a904f4fb609a2b554165,0xfed6096f550864f8e1175f1e9dfa105ac911e5b4,0x2e9b61a7edb79c687ec153c05705cd6f6f830789,1.043841,1.04384133611691,1.04384133611691,,0.8326036949784997
0xc527db2781bf4b576f18defb16b9878ffdd45d9274730ea06099879eb266d7ca,33178826,1753146999,0x08f70ac65facec09d294a904f4fb609a2b554165,0xfed6096f550864f8e1175f1e9dfa105ac911e5b4,0x2e9b61a7edb79c687ec153c05705cd6f6f830789,1.043841,1.04384133611691,1.04384133611691,,0.8326036949784997
0x9ba3fbaf0a68241011e9058c0bf728f295c965d16d32e8492028a01cad4fd61d,33183113,1753155573,0x08f70ac65facec09d294a904f4fb609a2b554165,0xfed6096f550864f8e1175f1e9dfa105ac911e5b4,0x2e9b61a7edb79c687ec153c05705cd6f6f830789,1.043841,1.04384133611691,1.04384133611691,,0.8326036949784997
0xdf10118e739d2cb02e6e2817e846be875f5de1b00dad6650e561f2d4ee626366,33184405,1753158157,0x08f70ac65facec09d294a904f4fb609a2b554165,0xfed6096f550864f8e1175f1e9dfa105ac911e5b4,0x2e9b61a7edb79c687ec153c05705cd6f6f830789,1.043841,1.04384133611691,1.04384133611691,,0.8326036949784997
0x5a6adcce0161fb737da31a73b4d86d85b54f191b7b0694af7b5c2e0b7574f464,33184991,1753159329,0x08f70ac65facec09d294a904f4fb609a2b554165,0xfed6096f550864f8e1175f1e9dfa105ac911e5b4,0x2e9b61a7edb79c687ec153c05705cd6f6f830789,1.043841,1.04384133611691,1.04384133611691,,0.8326036949784997
0x6f5e108ad21216450155214f040cf5ccf80d3707e328a0511f04fbe3878ea7b7,33185016,1753159379,0x08f70ac65facec09d294a904f4fb609a2b554165,0xfed6096f550864f8e1175f1e9dfa105ac911e5b4,0x2e9b61a7edb79c687ec153c05705cd6f6f830789,1.043841,1.04384133611691,1.04384133611691,,0.8326036949784997
0xd7170bf2bbbabe19697427f1051b73174d37c0c350ca7f2621159c33d6b440d3,33185425,1753160197,0x08f70ac65facec09d294a904f4fb609a2b554165,0xfed6096f550864f8e1175f1e9dfa105ac911e5b4,0x2e9b61a7edb79c687ec153c05705cd6f6f830789,1.043841,1.04384133611691,1.04384133611691,,0.8326036949784997
0x900f378ddf24a5cbceeec908b353fe5ca1272d8e9297e2f15b781a76d1553be8,33190917,1753171181,0x08f70ac65facec09d294a904f4fb609a2b554165,0xfed6096f550864f8e1175f1e9dfa105ac911e5b4,0x2e9b61a7edb79c687ec153c05705cd6f6f830789,1.043841,1.04384133611691,1.04384133611691,,0.8326036949784997
0x839c78e4a6ec6733c05fdfe8ac39b692888ca9fa48a83313fa4ef7cba75a502c,33191187,1753171721,0x08f70ac65facec09d294a904f4fb609a2b554165,0xfed6096f550864f8e1175f1e9dfa105ac911e5b4,0x2e9b61a7edb79c687ec153c05705cd6f6f830789,1.043841,1.04384133611691,1.04384133611691,,0.8326036949784997
0x5b86826a09e0edd94d7cbbe0a116bb61631e251f27a3c68a515560ec46d4fe9b,33191844,1753173035,0x08f70ac65facec09d294a904f4fb609a2b554165,0xfed6096f550864f8e1175f1e9dfa105ac911e5b4,0x2e9b61a7edb79c687ec153c05705cd6f6f830789,1.043841,1.04384133611691,1.04384133611691,,0.8326036949784997
0x1890c937d080e24bb779b47d46ff4500846850636a3691a14ab44c4701e88815,33244406,1753278159,0x08f70ac65facec09d294a904f4fb609a2b554165,0xfed6096f550864f8e1175f1e9dfa105ac911e5b4,0x2e9b61a7edb79c687ec153c05705cd6f6f830789,1.043841,1.04384133611691,1.04384133611691,,0.8326036949784997
0x9de4aa4f7207d544a9f2f81d6a2d2662b536fbd8bbf7bf06340af77678816523,33244505,1753278357,0x08f70ac65facec09d294a904f4fb609a2b554165,0xfed6096f550864f8e1175f1e9dfa105ac911e5b4,0x2e9b61a7edb79c687ec153c05705cd6f6f830789,1.043841,1.04384133611691,1.04384133611691,,0.8326036949784997
0xaf55af64bc3a06e3e1ab60e90889e7d651e2bb380608e31655ccdb3151e087ce,33244527,1753278401,0x08f70ac65facec09d294a904f4fb609a2b554165,0xfed6096f550864f8e1175f1e9dfa105ac911e5b4,0x2e9b61a7edb79c687ec153c05705cd6f6f830789,1.043841,1.04384133611691,1.04384133611691,,0.8326036949784997
0x1b1f2514ef481c11b6569d7035216d7a70dd417420347d58509473b4b2c5f154,33244706,1753278759,0x08f70ac65facec09d294a904f4fb609a2b554165,0xfed6096f550864f8e1175f1e9dfa105ac911e5b4,0x2e9b61a7edb79c687ec153c05705cd6f6f830789,1.043841,1.04384133611691,1.04384133611691,,0.8326036949784997
0xb3c40fb98a813a0a71d749f646381fb1bad974175e3fa8c761619c0af4beef05,33244736,1753278819,0x08f70ac65facec09d294a904f4fb609a2b554165,0xfed6096f550864f8e1175f1e9dfa105ac911e5b4,0x2e9b61a7edb79c687ec153c05705cd6f6f830789,1.043841,1.04384133611691,1.04384133611691,,0.8326036949784997
0x6d41f04128def287faaba90dea813e9b59a7d2c6f330ef659af40705b179cee1,33250315,1753289977,0x08f70ac65facec09d294a904f4fb609a2b554165,0xfed6096f550864f8e1175f1e9dfa105ac911e5b4,0x2e9b61a7edb79c687ec153c05705cd6f6f830789,1.043841,1.04384133611691,1.04384133611691,,0.8326036949784997
0x1f438a30512924a51b0e77c379a2ca952f893f00016f5c9462c7ef9513a64866,33250917,1753291181,0x08f70ac65facec09d294a904f4fb609a2b554165,0xfed6096f550864f8e1175f1e9dfa105ac911e5b4,0x2e9b61a7edb79c687ec153c05705cd6f6f830789,1.043841,1.04384133611691,1.04384133611691,,0.8326036949784997
0x2236a8bff1950b107a6a9ef3eca9a31a3be5d04d201eaf03727d6114c361fe3d,34680624,1756150595,0x9231db26a7a7a2bc81abb13331edae458b2871b6,0x5b9f7a33465da8b2cc47ae5d470811ad208cd575,0xf10ce8a535b6de7f42a92078abe64d1b2424ecb2,1.043841,1.04384133611691,1.04384133611691,,0.8326036949784997
0x9869e9e8a9d1daa55d7d548074d93aac7867b905e480fc4e546f5846980ee4d9,34680725,1756150797,0x9231db26a7a7a2bc81abb13331edae458b2871b6,0x5b9f7a33465da8b2cc47ae5d470811ad208cd575,0xf10ce8a535b6de7f42a92078abe64d1b2424ecb2,1.043841,1.04384133611691,1.04384133611691,,0.8326036949784997
0x20c2c883df6237f749e418042ba78539d4c186765d0b4d37fae893f6a8459e33,34680816,1756150979,0x9231db26a7a7a2bc81abb13331edae458b2871b6,0x5b9f7a33465da8b2cc47ae5d470811ad208cd575,0xf10ce8a535b6de7f42a92078abe64d1b2424ecb2,1.043841,1.04384133611691,1.04384133611691,,0.8326036949784997
0x97885408c418ec32a95a8adf236fe8b580fac3f63d5ce0bfc2fd64bc3de683f4,34681207,1756151761,0x9231db26a7a7a2bc81abb13331edae458b2871b6,0x5b9f7a33465da8b2cc47ae5d470811ad208cd575,0xf10ce8a535b6de7f42a92078abe64d1b2424ecb2,1.043841,1.04384133611691,1.04384133611691,,0.8326036949784997
0x1dce3add3341c95656f50b5a2cd902df7d1ae61c08debbb4be7a6052b94332b7,34681266,1756151879,0x9231db26a7a7a2bc81abb13331edae458b2871b6,0x5b9f7a33465da8b2cc47ae5d470811ad208cd575,0xf10ce8a535b6de7f42a92078abe64d1b2424ecb2,1.043841,1.04384133611691,1.04384133611691,,0.8326036949784997
0xaca0ae4df4d7f19f64f574eec9d8a8634d1851764153b0fd629567cbb250526c,34681283,1756151913,0x9231db26a7a7a2bc81abb13331edae458b2871b6,0x5b9f7a33465da8b2cc47ae5d470811ad208cd575,0xf10ce8a535b6de7f42a92078abe64d1b2424ecb2,1.043841,1.04384133611691,1.04384133611691,,0.8326036949784997
0x108ef44bf231d25c1117c5a7dcd74080fa05f16d9dec78c46ea9e34d630651d3,34681313,1756151973,0x9231db26a7a7a2bc81abb13331edae458b2871b6,0x5b9f7a33465da8b2cc47ae5d470811ad208cd575,0xf10ce8a535b6de7f42a92078abe64d1b2424ecb2,1.043841,1.04384133611691,1.04384133611691,,0.8326036949784997
0xd1302564c728d2345abf800db66a5a1211a99f61701a82cd4221067ac93c85ae,34681328,1756152003,0x9231db26a7a7a2bc81abb13331edae458b2871b6,0x5b9f7a33465da8b2cc47ae5d470811ad208cd575,0xf10ce8a535b6de7f42a92078abe64d1b2424ecb2,1.043841,1.04384133611691,1.04384133611691,,0.8326036949784997
0x95efb70d52c50a8b405b4a4015331ec756af07a58c99c95daf538b2c7a4c6f05,34681583,1756152513,0x9231db26a7a7a2bc81abb13331edae458b2871b6,0x5b9f7a33465da8b2cc47ae5d470811ad208cd575,0xf10ce8a535b6de7f42a92078abe64d1b2424ecb2,1.043841,1.04384133611691,1.04384133611691,,0.8326036949784997
0xd7b7f04c49280032469d5aed8962b68c5ab4d81137adaa531b825e72f8b74808,34681628,1756152603,0x9231db26a7a7a2bc81abb13331edae458b2871b6,0x5b9f7a33465da8b2cc47ae5d470811ad208cd575,0xf10ce8a535b6de7f42a92078abe64d1b2424ecb2,1.043841,1.04384133611691,1.04384133611691,,0.8326036949784997
0xc0b0be00dfda69b2c37aa61fb031e3fa83ba23de89ae668372ff272ec23fdfbb,34681649,1756152645,0x9231db26a7a7a2bc81abb13331edae458b2871b6,0x5b9f7a33465da8b2cc47ae5d470811ad208cd575,0xf10ce8a535b6de7f42a92078abe64d1b2424ecb2,1.043841,1.04384133611691,1.04384133611691,,0.8326036949784997
0xfc6b3a71f2bc55ee5a902579a2a1822c764abb64830c4d2926cb4db4e119df16,34682319,1756153985,0x9231db26a7a7a2bc81abb13331edae458b2871b6,0x5b9f7a33465da8b2cc47ae5d470811ad208cd575,0xf10ce8a535b6de7f42a92078abe64d1b2424ecb2,1.043841,1.04384133611691,1.04384133611691,,0.8326036949784997
0xf874ffa3bbc19675f6984a191c8ba14e00871a566ab99746f407547f1ee7329e,34682349,1756154045,0x9231db26a7a7a2bc81abb13331edae458b2871b6,0x5b9f7a33465da8b2cc47ae5d470811ad208cd575,0xf10ce8a535b6de7f42a92078abe64d1b2424ecb2,1.043841,1.04384133611691,1.04384133611691,,0.8326036949784997
0x8eca9a65bc6d78cb487863bbc8a43f8ae39ae3363f1588bcbe562ce501ed4f92,34682363,1756154073,0x9231db26a7a7a2bc81abb13331edae458b2871b6,0x5b9f7a33465da8b2cc47ae5d470811ad208cd575,0xf10ce8a535b6de7f42a92078abe64d1b2424ecb2,1.043841,1.04384133611691,1.04384133611691,,0.8326036949784997
0xc7eebd2702eb6f6b3a0ed04ec75891b7a9c71d8e1646199da4975b4de84f6c07,34682369,1756154085,0xa7272afc21f9c321024ed93892a1abfeb621c374,0xf1a3686f4d394e52d9fdf60132e46ebdcd231b01,0x959ace5e01d19d11c074a75de62fa36048db49aa,1.043841,1.04384133611691,1.04384133611691,,0.8326036949784997
0x5ae2d4d4dfa80d9acc5cb7556ebdcef12717b74a6c2a86cff7fc22017df027a8,34682370,1756154087,0xa7272afc21f9c321024ed93892a1abfeb621c374,0xf1a3686f4d394e52d9fdf60132e46ebdcd231b01,0x959ace5e01d19d11c074a75de62fa36048db49aa,1.043841,1.04384133611691,1.04384133611691,,0.8326036949784997
0x9be46931a4c60f050c05654b1faea2098c44911fbe2c7533347e12e8e54511ab,34682548,1756154443,0x9231db26a7a7a2bc81abb13331edae458b2871b6,0x5b9f7a33465da8b2cc47ae5d470811ad208cd575,0xf10ce8a535b6de7f42a92078abe64d1b2424ecb2,1.043841,1.04384133611691,1.04384133611691,,0.8326036949784997
0xcb8507a3ad714c1ff9b9c143977fd4e33cc3c244d610786345261f078c3fb9a4,34683568,1756156483,0xa7272afc21f9c321024ed93892a1abfeb621c374,0x5b9f7a33465da8b2cc47ae5d470811ad208cd575,0x959ace5e01d19d11c074a75de62fa36048db49aa,1.043841,1.04384133611691,1.04384133611691,,0.8326036949784997
0xcfe416f8bd3ca4c059714a6d16ffca8c12968a61fe2799ad34e83d93b80d56ca,34683569,1756156485,0xa7272afc21f9c321024ed93892a1abfeb621c374,0xf1a3686f4d394e52d9fdf60132e46ebdcd231b01,0x959ace5e01d19d11c074a75de62fa36048db49aa,1.043841,1.04384133611691,1.04384133611691,,0.8326036949784997
0xcfe416f8bd3ca4c059714a6d16ffca8c12968a61fe2799ad34e83d93b80d56ca,34683569,1756156485,0xa7272afc21f9c321024ed93892a1abfeb621c374,0xf1a3686f4d394e52d9fdf60132e46ebdcd231b01,0x959ace5e01d19d11c074a75de62fa36048db49aa,1.043841,1.04384133611691,1.04384133611691,,0.8326036949784997
0x32fa69778414ccc1dda54fd727b586c5bba43c12981643d3d992eec4faa70a83,34689886,1756169119,0xa7272afc21f9c321024ed93892a1abfeb621c374,0xf1a3686f4d394e52d9fdf60132e46ebdcd231b01,0x959ace5e01d19d11c074a75de62fa36048db49aa,1.043841,1.04384133611691,1.04384133611691,,0.8326036949784997
0xeb419d8a1ad3eec970d92637ccd262078647c687b7239365d35b622eaf9bb5c6,34690137,1756169621,0x9231db26a7a7a2bc81abb13331edae458b2871b6,0x5b9f7a33465da8b2cc47ae5d470811ad208cd575,0xf10ce8a535b6de7f42a92078abe64d1b2424ecb2,1.043841,1.04384133611691,1.04384133611691,,0.8326036949784997
0x454da49374181374fa03760400a794c9c29141b8db7cfadf8ce045921f663544,34690271,1756169889,0x9231db26a7a7a2bc81abb13331edae458b2871b6,0x5b9f7a33465da8b2cc47ae5d470811ad208cd575,0xf10ce8a535b6de7f42a92078abe64d1b2424ecb2,1.043841,1.04384133611691,1.04384133611691,,0.8326036949784997
0x817930c5ea0b905a0e96ce86ae7f4177f663c645c2f74d69425a31a394421e09,34690348,1756170043,0x9231db26a7a7a2bc81abb13331edae458b2871b6,0x5b9f7a33465da8b2cc47ae5d470811ad208cd575,0xf10ce8a535b6de7f42a92078abe64d1b2424ecb2,1.043841,1.04384133611691,1.04384133611691,,0.8326036949784997
0x85aa8cb926168c362ddf8772df4650c6604599d8eb86f67c922ba1bc6fe1f0e5,34690376,1756170099,0x9231db26a7a7a2bc81abb13331edae458b2871b6,0x5b9f7a33465da8b2cc47ae5d470811ad208cd575,0xf10ce8a535b6de7f42a92078abe64d1b2424ecb2,1.043841,1.04384133611691,1.04384133611691,,0.8326036949784997
0xdd09013d41e331795c2005539bdc1702e72fd9254b9c177d568c613617098b2f,34690398,1756170143,0xa7272afc21f9c321024ed93892a1abfeb621c374,0x5b9f7a33465da8b2cc47ae5d470811ad208cd575,0x9a794a12258663421720ef85ef1727401edf9547,1.04384,1.04384133611691,1.04384133611691,,0.8326036949784997
0xf6619534fa2a592e0c8b4fea4f460e671e3c8955e464ce1c2db5c6a975634311,34842953,1756475253,0x9231db26a7a7a2bc81abb13331edae458b2871b6,0x5b9f7a33465da8b2cc47ae5d470811ad208cd575,0xf10ce8a535b6de7f42a92078abe64d1b2424ecb2,1.043841,1.04384133611691,1.04384133611691,,0.8326036949784997
0x7acb3a5e7807625ba76fb0760acfab5c40346561dfd51066c8e9a7beb6b25a7e,34843332,1756476011,0xa7272afc21f9c321024ed93892a1abfeb621c374,0x5b9f7a33465da8b2cc47ae5d470811ad208cd575,0x959ace5e01d19d11c074a75de62fa36048db49aa,1.043841,1.04384133611691,1.04384133611691,,0.8326036949784997
0xfd5f8d04e4d52754e47cadaaa501b80fb59ed9d1740a09cfbd7e6128873c7035,34843517,1756476381,0xa7272afc21f9c321024ed93892a1abfeb621c374,0x5b9f7a33465da8b2cc47ae5d470811ad208cd575,0x9a794a12258663421720ef85ef1727401edf9547,1.04384,1.04384133611691,1.04384133611691,,0.8326036949784997
0x4b5d7055a193a97121590047c3756e1b7432769e7307942c81c190b33b901358,34843527,1756476401,0x9231db26a7a7a2bc81abb13331edae458b2871b6,0x5b9f7a33465da8b2cc47ae5d470811ad208cd575,0xf10ce8a535b6de7f42a92078abe64d1b2424ecb2,1.043841,1.04384133611691,1.04384133611691,,0.8326036949784997
0xb2c1c489452c719ee80b4ac21f0e25074fb05a7143438b77dbc21c33cda97142,34843545,1756476437,0x9231db26a7a7a2bc81abb13331edae458b2871b6,0x5b9f7a33465da8b2cc47ae5d470811ad208cd575,0xf10ce8a535b6de7f42a92078abe64d1b2424ecb2,1.043841,1.04384133611691,1.04384133611691,,0.8326036949784997
0x650504173ec894b1408d12b42521d4a74c0b7d6b49599e757ac2759777b0478d,34843798,1756476943,0xa7272afc21f9c321024ed93892a1abfeb621c374,0x5b9f7a33465da8b2cc47ae5d470811ad208cd575,0x959ace5e01d19d11c074a75de62fa36048db49aa,1.043841,1.04384133611691,1.04384133611691,,0.8326036949784997
0xdfa63cc13913110f0069b4199539f57bab8127d17c168f89ab074e95e3b4c2d5,34843801,1756476949,0xa7272afc21f9c321024ed93892a1abfeb621c374,0x5b9f7a33465da8b2cc47ae5d470811ad208cd575,0x9a794a12258663421720ef85ef1727401edf9547,1.04384,1.04384133611691,1.04384133611691,,0.8326036949784997
0x1fca524b72d8e840b14c126e7f989f55958ee3c366ac6c92c9cc7d1d5e5961b1,34843815,1756476977,0xa7272afc21f9c321024ed93892a1abfeb621c374,0x5b9f7a33465da8b2cc47ae5d470811ad208cd575,0x9a794a12258663421720ef85ef1727401edf9547,1.04384,1.04384133611691,1.04384133611691,,0.8326036949784997
0x982fe38c9bd6846e223ab41ce8a8aac836c977a2e01077b72f3ad809432c7f81,34843817,1756476981,0x9231db26a7a7a2bc81abb13331edae458b2871b6,0x5b9f7a33465da8b2cc47ae5d470811ad208cd575,0xf10ce8a535b6de7f42a92078abe64d1b2424ecb2,1.043841,1.04384133611691,1.04384133611691,,0.8326036949784997
0x47379e28ded00aaa9ae9432d7f7e2da7f1fd9d3b2a29fbbef0b603954372e1ac,34844145,1756477637,0xa7272afc21f9c321024ed93892a1abfeb621c374,0xf1a3686f4d394e52d9fdf60132e46ebdcd231b01,0x959ace5e01d19d11c074a75de62fa36048db49aa,1.043841,1.04384133611691,1.04384133611691,,0.8326036949784997
0x5de853b4f30786b43bd5166b94cade85822e62f9848a22cb8593129478c8f797,34844864,1756479075,0xa7272afc21f9c321024ed93892a1abfeb621c374,0x5b9f7a33465da8b2cc47ae5d470811ad208cd575,0x9a794a12258663421720ef85ef1727401edf9547,1.043838,1.04384133611691,1.04384133611691,,0.8326036949784997
0x93459427e952300db34dd64f1951203a4d717049311d67e90172629ef37f9049,34845103,1756479553,0xa7272afc21f9c321024ed93892a1abfeb621c374,0x5b9f7a33465da8b2cc47ae5d470811ad208cd575,0x959ace5e01d19d11c074a75de62fa36048db49aa,1.043841,1.04384133611691,1.04384133611691,,0.8326036949784997
0xc18b310a5f2b5fbd0c6c69f7ff0af564a2f2c3767570626e257d3be6593af150,34845103,1756479553,0xa7272afc21f9c321024ed93892a1abfeb621c374,0xf1a3686f4d394e52d9fdf60132e46ebdcd231b01,0x959ace5e01d19d11c074a75de62fa36048db49aa,1.043841,1.04384133611691,1.04384133611691,,0.8326036949784997
0x7fb491eaefbd0a681f7bd5e02f84b058102122a269188a5fe64e5891f4045e9b,34845110,1756479567,0xa7272afc21f9c321024ed93892a1abfeb621c374,0x5b9f7a33465da8b2cc47ae5d470811ad208cd575,0x9a794a12258663421720ef85ef1727401edf9547,1.04384,1.04384133611691,1.04384133611691,,0.8326036949784997
0x5c847ddd8524b15b1275f4393f64d02923ec62aa49ff321a7638abc4f35f83ff,34854303,1756497953,0xa7272afc21f9c321024ed93892a1abfeb621c374,0x5b9f7a33465da8b2cc47ae5d470811ad208cd575,0x959ace5e01d19d11c074a75de62fa36048db49aa,1.043841,1.04384133611691,1.04384133611691,,0.8326036949784997
0x042b4ab41d7f7b28e6a0f164dac40d66cf042843daae6433fbf40f7ec04ca9bb,34854303,1756497953,0xa7272afc21f9c321024ed93892a1abfeb621c374,0xf1a3686f4d394e52d9fdf60132e46ebdcd231b01,0x959ace5e01d19d11c074a75de62fa36048db49aa,1.043841,1.04384133611691,1.04384133611691,,0.8326036949784997
0x042b4ab41d7f7b28e6a0f164dac40d66cf042843daae6433fbf40f7ec04ca9bb,34854303,1756497953,0xa7272afc21f9c321024ed93892a1abfeb621c374,0xf1a3686f4d394e52d9fdf60132e46ebdcd231b01,0x959ace5e01d19d11c074a75de62fa36048db49aa,1.043841,1.04384133611691,1.04384133611691,,0.8326036949784997
0x56a64eec985d0d5c9e0845c775e299a91af25eeb0ffc3f40f15fd70ab08d3855,34854305,1756497957,0xa7272afc21f9c321024ed93892a1abfeb621c374,0x5b9f7a33465da8b2cc47ae5d470811ad208cd575,0x9a794a12258663421720ef85ef1727401edf9547,1.04384,1.04384133611691,1.04384133611691,,0.8326036949784997
0x7ed4a3601c929ef44b2e36e1d10fbf50a99e4aab6eced3fb617f281ba956a287,34854396,1756498139,0xa7272afc21f9c321024ed93892a1abfeb621c374,0x5b9f7a33465da8b2cc47ae5d470811ad208cd575,0x9a794a12258663421720ef85ef1727401edf9547,1.043841,1.04384133611691,1.04384133611691,,0.8326036949784997
0xa17fe02a01a0b5076a67e54cd7616bc661f87e9cb345294fc7833a5d87674117,34855084,1756499515,0xa7272afc21f9c321024ed93892a1abfeb621c374,0x5b9f7a33465da8b2cc47ae5d470811ad208cd575,0x959ace5e01d19d11c074a75de62fa36048db49aa,1.043841,1.04384133611691,1.04384133611691,,0.8326036949784997
0x3569530a1997b7deffa2dbc6e252358943fd96eef43ca51e78d248283f10aa23,34855084,1756499515,0xa7272afc21f9c321024ed93892a1abfeb621c374,0xf1a3686f4d394e52d9fdf60132e46ebdcd231b01,0x959ace5e01d19d11c074a75de62fa36048db49aa,1.043841,1.04384133611691,1.04384133611691,,0.8326036949784997
0x69e66fdc998432e1730cef7a45fc85311709041f11211f716d6d2ede3b405176,34855086,1756499519,0xa7272afc21f9c321024ed93892a1abfeb621c374,0x5b9f7a33465da8b2cc47ae5d470811ad208cd575,0x9a794a12258663421720ef85ef1727401edf9547,1.043837,1.04384133611691,1.04384133611691,,0.8326036949784997
0xd3bbc3423d87c11286951997710c9b16946cec51a22b3be4271f6fb75f380b6b,34855489,1756500325,0xa7272afc21f9c321024ed93892a1abfeb621c374,0x5b9f7a33465da8b2cc47ae5d470811ad208cd575,0x959ace5e01d19d11c074a75de62fa36048db49aa,1.043841,1.04384133611691,1.04384133611691,,0.8326036949784997
0x4c727d8c2bdae64c879ff2465fa06dedd3abd3103e5b2b955d92b815afb967df,34855491,1756500329,0xa7272afc21f9c321024ed93892a1abfeb621c374,0xf1a3686f4d394e52d9fdf60132e46ebdcd231b01,0x959ace5e01d19d11c074a75de62fa36048db49aa,1.043841,1.04384133611691,1.04384133611691,,0.8326036949784997
0x4c727d8c2bdae64c879ff2465fa06dedd3abd3103e5b2b955d92b815afb967df,34855491,1756500329,0xa7272afc21f9c321024ed93892a1abfeb621c374,0xf1a3686f4d394e52d9fdf60132e46ebdcd231b01,0x959ace5e01d19d11c074a75de62fa36048db49aa,1.043841,1.04384133611691,1.04384133611691,,0.8326036949784997
0x4c727d8c2bdae64c879ff2465fa06dedd3abd3103e5b2b955d92b815afb967df,34855491,1756500329,0xa7272afc21f9c321024ed93892a1abfeb621c374,0xf1a3686f4d394e52d9fdf60132e46ebdcd231b01,0x959ace5e01d19d11c074a75de62fa36048db49aa,1.043841,1.04384133611691,1.04384133611691,,0.8326036949784997
0x47ba75d80fb58ac09a4cfa01102a59e6902b9f5b9485720cbc2096ec0a427205,34855492,1756500331,0xa7272afc21f9c321024ed93892a1abfeb621c374,0x5b9f7a33465da8b2cc47ae5d470811ad208cd575,0x9a794a12258663421720ef85ef1727401edf9547,1.04384,1.04384133611691,1.04384133611691,,0.8326036949784997
0x7837c968c027ee89ecda18e704cad83e83c9a51a71649372540d063bb00fb666,34856033,1756501413,0xa7272afc21f9c321024ed93892a1abfeb621c374,0x5b9f7a33465da8b2cc47ae5d470811ad208cd575,0x9a794a12258663421720ef85ef1727401edf9547,1.043836,1.04384133611691,1.04384133611691,,0.8326036949784997
0x0a49e1e2517bd1a4849e1861513f544fb8398460f87472d81bb14de5397707d7,34864920,1756519187,0x9231db26a7a7a2bc81abb13331edae458b2871b6,0x5b9f7a33465da8b2cc47ae5d470811ad208cd575,0xf10ce8a535b6de7f42a92078abe64d1b2424ecb2,1.043841,1.04384133611691,1.04384133611691,,0.8326036949784997
0xb3e057d68eba1d877d5a7864072b9356bbd389f24cf2a346a6f1959f7fba85a1,34864933,1756519213,0xa7272afc21f9c321024ed93892a1abfeb621c374,0x5b9f7a33465da8b2cc47ae5d470811ad208cd575,0x9a794a12258663421720ef85ef1727401edf9547,1.04384,1.04384133611691,1.04384133611691,,0.8326036949784997
0x31000844804010ad2b85f517603a52ce498edc618f8d00ffff27383659373dd0,34864947,1756519241,0x9231db26a7a7a2bc81abb13331edae458b2871b6,0x5b9f7a33465da8b2cc47ae5d470811ad208cd575,0xf10ce8a535b6de7f42a92078abe64d1b2424ecb2,1.043841,1.04384133611691,1.04384133611691,,0.8326036949784997
0xb46bbd7d459457747f2791c0a6005c42a69d9eb72b28831dff29a2c5e51f0c8e,34954174,1756697695,0xa7272afc21f9c321024ed93892a1abfeb621c374,0x5b9f7a33465da8b2cc47ae5d470811ad208cd575,0x9a794a12258663421720ef85ef1727401edf9547,1.04384,1.04384133611691,1.04384133611691,,0.8326036949784997
0xe72c541264f03ad948b7ce874cf1e21f9261012df8790da226eac8346f932105,34955673,1756700693,0xa7272afc21f9c321024ed93892a1abfeb621c374,0x5b9f7a33465da8b2cc47ae5d470811ad208cd575,0x9a794a12258663421720ef85ef1727401edf9547,1.043835,1.04384133611691,1.04384133611691,,0.8326036949784997
0x08c2ab006ea50a51e9f846634e0b8fa4c4410e05e105f50c12fe6979a070138b,34955926,1756701199,0xa7272afc21f9c321024ed93892a1abfeb621c374,0x5b9f7a33465da8b2cc47ae5d470811ad208cd575,0x959ace5e01d19d11c074a75de62fa36048db49aa,1.043841,1.04384133611691,1.04384133611691,,0.8326036949784997
0x6c4c3e85c1e4efdc0534ae2db68f962473bebc3acff959e3323070d8097a228a,34956070,1756701487,0xa7272afc21f9c321024ed93892a1abfeb621c374,0x5b9f7a33465da8b2cc47ae5d470811ad208cd575,0x9a794a12258663421720ef85ef1727401edf9547,1.043839,1.04384133611691,1.04384133611691,,0.8326036949784997
0xd3c7f5ee7f61b43ccc12203e22723ea0062091617da71a1ca34e371501f4949c,34985654,1756760655,0x9231db26a7a7a2bc81abb13331edae458b2871b6,0x5b9f7a33465da8b2cc47ae5d470811ad208cd575,0xf10ce8a535b6de7f42a92078abe64d1b2424ecb2,1.043841,1.04384133611691,1.04384133611691,,0.8326036949784997
0x2837a03b0987950db56fa43e0651f88e5c466d4513c08470c40ff940c3090661,34986794,1756762935,0x9231db26a7a7a2bc81abb13331edae458b2871b6,0x5b9f7a33465da8b2cc47ae5d470811ad208cd575,0xf10ce8a535b6de7f42a92078abe64d1b2424ecb2,1.043841,1.04384133611691,1.04384133611691,,0.8326036949784997
0x38f21fc393215e197a614155aba46382b6b249f612f9eb474af25ad6928e5ab2,35855929,1758501205,0x9231db26a7a7a2bc81abb13331edae458b2871b6,0x5b9f7a33465da8b2cc47ae5d470811ad208cd575,0xf10ce8a535b6de7f42a92078abe64d1b2424ecb2,1.043841,1.04384133611691,1.04384133611691,,0.8326036949784997
0x5687eb3475de2d657cebc904ebfc7b3ddb09596a7e86d8b17518a55aa800b497,35855959,1758501265,0x9231db26a7a7a2bc81abb13331edae458b2871b6,0x5b9f7a33465da8b2cc47ae5d470811ad208cd575,0xf10ce8a535b6de7f42a92078abe64d1b2424ecb2,1.043841,1.04384133611691,1.04384133611691,,0.8326036949784997
0x9233c4e8cf4a0ec8d88a5c7caedf067a9b83995db18658f679401752e0307434,35856035,1758501417,0x9231db26a7a7a2bc81abb13331edae458b2871b6,0x5b9f7a33465da8b2cc47ae5d470811ad208cd575,0xf10ce8a535b6de7f42a92078abe64d1b2424ecb2,1.043841,1.04384133611691,1.04384133611691,,0.8326036949784997
0x413b2b442fb503f75fec609e1ab39c90217d78bd02dfe393390500f2c56f5381,35856336,1758502019,0x9231db26a7a7a2bc81abb13331edae458b2871b6,0x5b9f7a33465da8b2cc47ae5d470811ad208cd575,0xf10ce8a535b6de7f42a92078abe64d1b2424ecb2,1.043841,1.04384133611691,1.04384133611691,,0.8326036949784997
0x685fc2e18b9c82256ec23c4d54b384ca46d5afb2536266b4c5d62e7c872bb261,35856427,1758502201,0x9231db26a7a7a2bc81abb13331edae458b2871b6,0x5b9f7a33465da8b2cc47ae5d470811ad208cd575,0xf10ce8a535b6de7f42a92078abe64d1b2424ecb2,1.043841,1.04384133611691,1.04384133611691,,0.8326036949784997
0x8938c73d849dba7c1a46e7d1136682d3b3fda933d4611787604c9991384dd785,35856472,1758502291,0x9231db26a7a7a2bc81abb13331edae458b2871b6,0x5b9f7a33465da8b2cc47ae5d470811ad208cd575,0xf10ce8a535b6de7f42a92078abe64d1b2424ecb2,1.043841,1.04384133611691,1.04384133611691,,0.8326036949784997
0xe342f9cf219c11f2457a9c8f49d05c3696c5fd6ff36595945b29e9207b32b513,35859247,1758507841,0x9231db26a7a7a2bc81abb13331edae458b2871b6,0x5b9f7a33465da8b2cc47ae5d470811ad208cd575,0xf10ce8a535b6de7f42a92078abe64d1b2424ecb2,1.043841,1.04384133611691,1.04384133611691,,0.8326036949784997
0x57c158700ead80d5a32f2ec2f960c96d8db13f84c56668aea6096084abdd28c6,35859280,1758507907,0x9231db26a7a7a2bc81abb13331edae458b2871b6,0x5b9f7a33465da8b2cc47ae5d470811ad208cd575,0xf10ce8a535b6de7f42a92078abe64d1b2424ecb2,1.043841,1.04384133611691,1.04384133611691,,0.8326036949784997
0x06aca592073afd801882770427479b5000f489c42a348b3b1d2d120a5dea1944,35859383,1758508113,0x9231db26a7a7a2bc81abb13331edae458b2871b6,0x5b9f7a33465da8b2cc47ae5d470811ad208cd575,0xf10ce8a535b6de7f42a92078abe64d1b2424ecb2,1.043841,1.04384133611691,1.04384133611691,,0.8326036949784997
0xb6e607a6da10725af48245f94801f04ca9899b1b86166f893f700110e79f400b,35859512,1758508371,0x9231db26a7a7a2bc81abb13331edae458b2871b6,0x5b9f7a33465da8b2cc47ae5d470811ad208cd575,0xf10ce8a535b6de7f42a92078abe64d1b2424ecb2,1.043841,1.04384133611691,1.04384133611691,,0.8326036949784997
0xc4afc53aed829670a534fa27b6dad531a47c8eb78f0b9caf7491a3712ce51c67,35859518,1758508383,0x9231db26a7a7a2bc81abb13331edae458b2871b6,0x5b9f7a33465da8b2cc47ae5d470811ad208cd575,0xf10ce8a535b6de7f42a92078abe64d1b2424ecb2,1.043841,1.04384133611691,1.04384133611691,,0.8326036949784997
0x2e511140f43a4066372964207acab8a097b14b8c4769ddf37fe83e66ee122d9e,36007297,1758803941,0xa7272afc21f9c321024ed93892a1abfeb621c374,0x5b9f7a33465da8b2cc47ae5d470811ad208cd575,0xf10ce8a535b6de7f42a92078abe64d1b2424ecb2,1.043841,1.04384133611691,1.04384133611691,,0.8326036949784997
0x773fecd4f3c81737ce55eb7cfd6654d70e612e59e27137ca66df3c4ba7e4e310,36007807,1758804961,0xa7272afc21f9c321024ed93892a1abfeb621c374,0x5b9f7a33465da8b2cc47ae5d470811ad208cd575,0xf10ce8a535b6de7f42a92078abe64d1b2424ecb2,1.043841,1.04384133611691,1.04384133611691,,0.8326036949784997
0xc75732afb3c778c6c59a56581df6f6bdff40d9690375985a3776a89f3fad2344,36007878,1758805103,0x9ca1dad919221d920b889aacf3023a5cea23165f,0x5b9f7a33465da8b2cc47ae5d470811ad208cd575,0x9a794a12258663421720ef85ef1727401edf9547,1.04384,1.04384133611691,1.04384133611691,,0.8326036949784997
0x9e3118eb0255dd43992cffa691cc0be8079428d8aeb5a5db728f505957736034,36008063,1758805473,0xa7272afc21f9c321024ed93892a1abfeb621c374,0x5b9f7a33465da8b2cc47ae5d470811ad208cd575,0xf10ce8a535b6de7f42a92078abe64d1b2424ecb2,1.043841,1.04384133611691,1.04384133611691,,0.8326036949784997
0x2c0261a93ca512f6b957997131e5cbdd6f84475fa018bff67ce82937a7593137,36008103,1758805553,0x9ca1dad919221d920b889aacf3023a5cea23165f,0x5b9f7a33465da8b2cc47ae5d470811ad208cd575,0x9a794a12258663421720ef85ef1727401edf9547,1.043841,1.04384133611691,1.04384133611691,,0.8326036949784997
0xb1d7e2c36c908aa2a43c382ff8c5a664c79a11e57e04cf20427e386391ee06e1,36009248,1758807843,0xa7272afc21f9c321024ed93892a1abfeb621c374,0x5b9f7a33465da8b2cc47ae5d470811ad208cd575,0xf10ce8a535b6de7f42a92078abe64d1b2424ecb2,1.043841,1.04384133611691,1.04384133611691,,0.8326036949784997
0x398771317e31d7ab55b56d936dac6253064f61457dec6ac16ca6856b1898e5e9,36014591,1758818529,0x9ca1dad919221d920b889aacf3023a5cea23165f,0x5b9f7a33465da8b2cc47ae5d470811ad208cd575,0x9a794a12258663421720ef85ef1727401edf9547,1.043841,1.04384133611691,1.04384133611691,,0.8326036949784997
0xd83ba54029bf99ec4d9b176ea44d436c4eb5611cd5a773e1f63c64c4d55cab66,36014741,1758818829,0x9ca1dad919221d920b889aacf3023a5cea23165f,0x5b9f7a33465da8b2cc47ae5d470811ad208cd575,0x9a794a12258663421720ef85ef1727401edf9547,1.043839,1.04384133611691,1.04384133611691,,0.8326036949784997
0x0a60eed338e16d955a4da1bbf9b038ed7ef0ab8a9336c5e0bde8b0c7b13a9b5a,36014772,1758818891,0x9ca1dad919221d920b889aacf3023a5cea23165f,0x5b9f7a33465da8b2cc47ae5d470811ad208cd575,0x9a794a12258663421720ef85ef1727401edf9547,1.04384,1.04384133611691,1.04384133611691,,0.8326036949784997
0xe7dc862e06a4a5c83f076e4ab97cf9b5d8b0e470585099a610da8f229526c080,36015071,1758819489,0x9ca1dad919221d920b889aacf3023a5cea23165f,0x5b9f7a33465da8b2cc47ae5d470811ad208cd575,0x9a794a12258663421720ef85ef1727401edf9547,1.04384,1.04384133611691,1.04384133611691,,0.8326036949784997
0xf4194252fcf17da86b947d35983176454da530b150120e91734a0651f4573aeb,36015401,1758820149,0x9ca1dad919221d920b889aacf3023a5cea23165f,0x5b9f7a33465da8b2cc47ae5d470811ad208cd575,0x9a794a12258663421720ef85ef1727401edf9547,1.04384,1.04384133611691,1.04384133611691,,0.8326036949784997
0x2f9883233b9aa982ede1c03374e02fe667bc167d55305d16d02f45e6ca098418,36015492,1758820331,0x9ca1dad919221d920b889aacf3023a5cea23165f,0x5b9f7a33465da8b2cc47ae5d470811ad208cd575,0x9a794a12258663421720ef85ef1727401edf9547,1.043837,1.04384133611691,1.04384133611691,,0.8326036949784997
0xbb39b81f7d929a677b6dcc853cf833a2e20b9808739d1e5680d1207c702a38a1,36015793,1758820933,0x9ca1dad919221d920b889aacf3023a5cea23165f,0x5b9f7a33465da8b2cc47ae5d470811ad208cd575,0x9a794a12258663421720ef85ef1727401edf9547,1.043841,1.04384133611691,1.04384133611691,,0.8326036949784997
0x85371d66a20bb90289165b5f78fd21090709308e2262a6be9449f1d10f89fe49,36015794,1758820935,0x9231db26a7a7a2bc81abb13331edae458b2871b6,0x5b9f7a33465da8b2cc47ae5d470811ad208cd575,0x679a2880bdd67f4000267e4c3da69eb998fb7ddc,1.043841,1.04384133611691,1.04384133611691,,0.8326036949784997
0x9422cdafe6d0aedeca6797c7a8723fdd3d8802bb440b2c0fffa168638206796c,36016122,1758821591,0xa7272afc21f9c321024ed93892a1abfeb621c374,0x5b9f7a33465da8b2cc47ae5d470811ad208cd575,0x959ace5e01d19d11c074a75de62fa36048db49aa,1.043841,1.04384133611691,1.04384133611691,,0.8326036949784997
0x428b5a4f8b3e62e381cea31f1bd6c1c791a434e737c4db88f6bf73894c99f2f4,36016122,1758821591,0xa7272afc21f9c321024ed93892a1abfeb621c374,0xf1a3686f4d394e52d9fdf60132e46ebdcd231b01,0x959ace5e01d19d11c074a75de62fa36048db49aa,1.043841,1.04384133611691,1.04384133611691,,0.8326036949784997
0x428b5a4f8b3e62e381cea31f1bd6c1c791a434e737c4db88f6bf73894c99f2f4,36016122,1758821591,0xa7272afc21f9c321024ed93892a1abfeb621c374,0xf1a3686f4d394e52d9fdf60132e46ebdcd231b01,0x959ace5e01d19d11c074a75de62fa36048db49aa,1.043841,1.04384133611691,1.04384133611691,,0.8326036949784997
0xe3c15f63662db00136be79f5b9c8ef22870bccc22b470717b02a00e04f06ed57,36016228,1758821803,0x9ca1dad919221d920b889aacf3023a5cea23165f,0x5b9f7a33465da8b2cc47ae5d470811ad208cd575,0x9a794a12258663421720ef85ef1727401edf9547,1.04384,1.04384133611691,1.04384133611691,,0.8326036949784997
0x64b6caa9162aad87609fe479596bbc29a772b3f87dae0f7637c3cc68bba0e2b8,36016230,1758821807,0x9231db26a7a7a2bc81abb13331edae458b2871b6,0x5b9f7a33465da8b2cc47ae5d470811ad208cd575,0x679a2880bdd67f4000267e4c3da69eb998fb7ddc,1.043841,1.04384133611691,1.04384133611691,,0.8326036949784997
0x34c5199422e9a0510a4575482c41c87fa7d5da056b3ec4c02e476e681c4fcb0b,36016242,1758821831,0xa7272afc21f9c321024ed93892a1abfeb621c374,0x5b9f7a33465da8b2cc47ae5d470811ad208cd575,0x959ace5e01d19d11c074a75de62fa36048db49aa,1.043841,1.04384133611691,1.04384133611691,,0.8326036949784997
0xce9a477c71ed80213807a7a7360323a037673a47935fc4e389fff5cefee8243d,36016250,1758821847,0x9231db26a7a7a2bc81abb13331edae458b2871b6,0x5b9f7a33465da8b2cc47ae5d470811ad208cd575,0x679a2880bdd67f4000267e4c3da69eb998fb7ddc,1.043841,1.04384133611691,1.04384133611691,,0.8326036949784997
0x803b18db82040dab99fe439430742dfa495bb6bd47fdae76825578eeff7c2ddb,36016499,1758822345,0x9231db26a7a7a2bc81abb13331edae458b2871b6,0x5b9f7a33465da8b2cc47ae5d470811ad208cd575,0x679a2880bdd67f4000267e4c3da69eb998fb7ddc,1.043841,1.04384133611691,1.04384133611691,,0.8326036949784997
0xfff7d6aec87ac85190ccea29e9392a0dc0aff4a744b0ce1b6cd944e589e0dd64,36016572,1758822491,0xa7272afc21f9c321024ed93892a1abfeb621c374,0x5b9f7a33465da8b2cc47ae5d470811ad208cd575,0x959ace5e01d19d11c074a75de62fa36048db49aa,1.043841,1.04384133611691,1.04384133611691,,0.8326036949784997
0x857abdb2d61d81554b749a66a28683574266e130476e29d9ea7824a06bc5db00,36016619,1758822585,0x9231db26a7a7a2bc81abb13331edae458b2871b6,0x5b9f7a33465da8b2cc47ae5d470811ad208cd575,0x679a2880bdd67f4000267e4c3da69eb998fb7ddc,1.043841,1.04384133611691,1.04384133611691,,0.8326036949784997
0x1942b3eb1a38b75a8dca9027a4cac9d30b7479366b306bb8438e63d9a372e1c3,36016829,1758823005,0x9231db26a7a7a2bc81abb13331edae458b2871b6,0x5b9f7a33465da8b2cc47ae5d470811ad208cd575,0x679a2880bdd67f4000267e4c3da69eb998fb7ddc,1.043841,1.04384133611691,1.04384133611691,,0.8326036949784997
0x62381b2f3a4cc33e6a5c733387ecca38339312776f08be31aadae00e807cd486,36016858,1758823063,0x9ca1dad919221d920b889aacf3023a5cea23165f,0x5b9f7a33465da8b2cc47ae5d470811ad208cd575,0x9a794a12258663421720ef85ef1727401edf9547,1.043841,1.04384133611691,1.04384133611691,,0.8326036949784997
0x7a9ccf3a7e7749c5272cc38623ce142fdb5c98f86120043656ce5be7426555ca,36016864,1758823075,0x9231db26a7a7a2bc81abb13331edae458b2871b6,0x5b9f7a33465da8b2cc47ae5d470811ad208cd575,0x679a2880bdd67f4000267e4c3da69eb998fb7ddc,1.043841,1.04384133611691,1.04384133611691,,0.8326036949784997
0x3890e6280862ca63c77eddc60f87aac39e2d2237824374aa105d094e37ea3107,36017040,1758823427,0x9231db26a7a7a2bc81abb13331edae458b2871b6,0x5b9f7a33465da8b2cc47ae5d470811ad208cd575,0x679a2880bdd67f4000267e4c3da69eb998fb7ddc,1.043841,1.04384133611691,1.04384133611691,,0.8326036949784997
0x9d7845ea59a7c81e3c1e2ffebe5d3d39c4de5fef28fd97d860e4b721db74d1df,36020954,1758831255,0xa7272afc21f9c321024ed93892a1abfeb621c374,0x5b9f7a33465da8b2cc47ae5d470811ad208cd575,0x959ace5e01d19d11c074a75de62fa36048db49aa,1.043841,1.04384133611691,1.04384133611691,,0.8326036949784997
0xf03d9d9f37c967bcafcef2accd3fff2876396a10dcbe7d600d69c486a3fef4ae,36028745,1758846837,0xa7272afc21f9c321024ed93892a1abfeb621c374,0x5b9f7a33465da8b2cc47ae5d470811ad208cd575,0x959ace5e01d19d11c074a75de62fa36048db49aa,1.043841,1.04384133611691,1.04384133611691,,0.8326036949784997
0x77328d865f5d47562407cfe2ce6a99299a45c44442a829fa98ad25a29d589033,36028745,1758846837,0xa7272afc21f9c321024ed93892a1abfeb621c374,0xf1a3686f4d394e52d9fdf60132e46ebdcd231b01,0x959ace5e01d19d11c074a75de62fa36048db49aa,1.043841,1.04384133611691,1.04384133611691,,0.8326036949784997
0x17b07f9485d07e7d2ab0fbe5d4b5a25728c33645359a62798440a0aba41508d9,36029030,1758847407,0xa7272afc21f9c321024ed93892a1abfeb621c374,0x5b9f7a33465da8b2cc47ae5d470811ad208cd575,0x959ace5e01d19d11c074a75de62fa36048db49aa,1.043841,1.04384133611691,1.04384133611691,,0.8326036949784997
0xc405169d39d86e25bac2d6246998ab2d47c2c949010f9b4caa4454a41b9145c2,36029030,1758847407,0xa7272afc21f9c321024ed93892a1abfeb621c374,0xf1a3686f4d394e52d9fdf60132e46ebdcd231b01,0x959ace5e01d19d11c074a75de62fa36048db49aa,1.043841,1.04384133611691,1.04384133611691,,0.8326036949784997
0xc405169d39d86e25bac2d6246998ab2d47c2c949010f9b4caa4454a41b9145c2,36029030,1758847407,0xa7272afc21f9c321024ed93892a1abfeb621c374,0xf1a3686f4d394e52d9fdf60132e46ebdcd231b01,0x959ace5e01d19d11c074a75de62fa36048db49aa,1.043841,1.04384133611691,1.04384133611691,,0.8326036949784997
0xc405169d39d86e25bac2d6246998ab2d47c2c949010f9b4caa4454a41b9145c2,36029030,1758847407,0xa7272afc21f9c321024ed93892a1abfeb621c374,0xf1a3686f4d394e52d9fdf60132e46ebdcd231b01,0x959ace5e01d19d11c074a75de62fa36048db49aa,1.043841,1.04384133611691,1.04384133611691,,0.8326036949784997
0x4569f4a2929db9bac8f3453d54862d993dd091081db1405e58fe08753da68956,36047184,1758883715,0xa7272afc21f9c321024ed93892a1abfeb621c374,0x5b9f7a33465da8b2cc47ae5d470811ad208cd575,0x959ace5e01d19d11c074a75de62fa36048db49aa,1.043841,1.04384133611691,1.04384133611691,,0.8326036949784997
0x151566042a2b75b9b06715739f807041741e2e7e04bab5adb940cb09a46f4ec0,36047184,1758883715,0xa7272afc21f9c321024ed93892a1abfeb621c374,0xf1a3686f4d394e52d9fdf60132e46ebdcd231b01,0x959ace5e01d19d11c074a75de62fa36048db49aa,1.043841,1.04384133611691,1.04384133611691,,0.8326036949784997
0x151566042a2b75b9b06715739f807041741e2e7e04bab5adb940cb09a46f4ec0,36047184,1758883715,0xa7272afc21f9c321024ed93892a1abfeb621c374,0xf1a3686f4d394e52d9fdf60132e46ebdcd231b01,0x959ace5e01d19d11c074a75de62fa36048db49aa,1.043841,1.04384133611691,1.04384133611691,,0.8326036949784997
0x151566042a2b75b9b06715739f807041741e2e7e04bab5adb940cb09a46f4ec0,36047184,1758883715,0xa7272afc21f9c321024ed93892a1abfeb621c374,0xf1a3686f4d394e52d9fdf60132e46ebdcd231b01,0x959ace5e01d19d11c074a75de62fa36048db49aa,1.043841,1.04384133611691,1.04384133611691,,0.8326036949784997
0x760a3235d8df483ec0c28c3ef0c86420d90c24a0c01e869f84076ce0a19a9c01,36659611,1760108569,0x9231db26a7a7a2bc81abb13331edae458b2871b6,0xfed6096f550864f8e1175f1e9dfa105ac911e5b4,0x679a2880bdd67f4000267e4c3da69eb998fb7ddc,1.043841,1.04384133611691,1.04384133611691,,0.8326036949784997
0xb44343858a457cd32266019f7e25061ca9a51be0cbc2322f0be4f4efa0804f1f,36660061,1760109469,0x9231db26a7a7a2bc81abb13331edae458b2871b6,0xfed6096f550864f8e1175f1e9dfa105ac911e5b4,0x679a2880bdd67f4000267e4c3da69eb998fb7ddc,1.043841,1.04384133611691,1.04384133611691,,0.8326036949784997
0x08ab1c7624dbfe5398ac0c591f5e1d80a300a4f76db27df504f6e384a3766fbb,36660238,1760109823,0x9231db26a7a7a2bc81abb13331edae458b2871b6,0xfed6096f550864f8e1175f1e9dfa105ac911e5b4,0x679a2880bdd67f4000267e4c3da69eb998fb7ddc,1.043841,1.04384133611691,1.04384133611691,,0.8326036949784997
0x191de40d374a57ddb2bc29266acf2c0c8c2d37e30d1423519affc92f78979410,36660395,1760110137,0x9231db26a7a7a2bc81abb13331edae458b2871b6,0xfed6096f550864f8e1175f1e9dfa105ac911e5b4,0x679a2880bdd67f4000267e4c3da69eb998fb7ddc,1.043841,1.04384133611691,1.04384133611691,,0.8326036949784997
0x444ab29028aaecb73214fb6249d886f4705780761246cd814803337965d4778e,36660653,1760110653,0x9231db26a7a7a2bc81abb13331edae458b2871b6,0xfed6096f550864f8e1175f1e9dfa105ac911e5b4,0x679a2880bdd67f4000267e4c3da69eb998fb7ddc,1.043841,1.04384133611691,1.04384133611691,,0.8326036949784997
0x5ddbd08d0af73b39e705ea4b7db06ccd8409de5be69fa0f05633d36059161cad,36661202,1760111751,0x9231db26a7a7a2bc81abb13331edae458b2871b6,0xfed6096f550864f8e1175f1e9dfa105ac911e5b4,0x679a2880bdd67f4000267e4c3da69eb998fb7ddc,1.043841,1.04384133611691,1.04384133611691,,0.8326036949784997
0x7e44e38ad3f712b985e161699b4f9cd069bcc735153c6471b0a8c3e5fe06e235,36661351,1760112049,0x9231db26a7a7a2bc81abb13331edae458b2871b6,0xfed6096f550864f8e1175f1e9dfa105ac911e5b4,0x679a2880bdd67f4000267e4c3da69eb998fb7ddc,1.043841,1.04384133611691,1.04384133611691,,0.8326036949784997
0xac7609049f88abaa1f9ac3b4de941662de7f63f1d07e34de944cfcbfdf070bbd,36663577,1760116501,0x9231db26a7a7a2bc81abb13331edae458b2871b6,0xfed6096f550864f8e1175f1e9dfa105ac911e5b4,0x679a2880bdd67f4000267e4c3da69eb998fb7ddc,1.043841,1.04384133611691,1.04384133611691,,0.8326036949784997
0xb061618cced98bd0c53c34aaefbf00985d18ed667b4f9b4395a419f34ea82a8e,36664535,1760118417,0x9231db26a7a7a2bc81abb13331edae458b2871b6,0xfed6096f550864f8e1175f1e9dfa105ac911e5b4,0x679a2880bdd67f4000267e4c3da69eb998fb7ddc,1.043841,1.04384133611691,1.04384133611691,,0.8326036949784997
0xc0974fa9d2a8e0bc0a844c74d68287867e6d57a5b0e850e631de17b7bdaf2ba9,36665359,1760120065,0x9231db26a7a7a2bc81abb13331edae458b2871b6,0xfed6096f550864f8e1175f1e9dfa105ac911e5b4,0x679a2880bdd67f4000267e4c3da69eb998fb7ddc,1.043841,1.04384133611691,1.04384133611691,,0.8326036949784997
0xe6a23acb79aeae4a824c16c22ac09f56c25a20996edfa846e929281f8acbd802,36666156,1760121659,0x9231db26a7a7a2bc81abb13331edae458b2871b6,0xfed6096f550864f8e1175f1e9dfa105ac911e5b4,0x679a2880bdd67f4000267e4c3da69eb998fb7ddc,1.043841,1.04384133611691,1.04384133611691,,0.8326036949784997
0xd9581f239029d2b5183946b7f217bd7b796fde8d2979f141e09a3e07334a5b27,36666396,1760122139,0x9231db26a7a7a2bc81abb13331edae458b2871b6,0xfed6096f550864f8e1175f1e9dfa105ac911e5b4,0x679a2880bdd67f4000267e4c3da69eb998fb7ddc,1.043841,1.04384133611691,1.04384133611691,,0.8326036949784997
0xdc7121854c8c9308899400eabfaae91be61540fa8ff956550fa7a7aa5be05d00,36666546,1760122439,0x9231db26a7a7a2bc81abb13331edae458b2871b6,0xfed6096f550864f8e1175f1e9dfa105ac911e5b4,0x679a2880bdd67f4000267e4c3da69eb998fb7ddc,1.043841,1.04384133611691,1.04384133611691,,0.8326036949784997
0xd98f00afd068fdba7938ad41df7c7e1240c5b7d09e47e803de0bb20a925af63b,36666905,1760123157,0x9231db26a7a7a2bc81abb13331edae458b2871b6,0xfed6096f550864f8e1175f1e9dfa105ac911e5b4,0x679a2880bdd67f4000267e4c3da69eb998fb7ddc,1.043841,1.04384133611691,1.04384133611691,,0.8326036949784997
0x44b6dfdba87ffaa7aa850144a599ef3f09b57a1a312e239a7a4f54405403ecb7,36666994,1760123335,0x9231db26a7a7a2bc81abb13331edae458b2871b6,0xfed6096f550864f8e1175f1e9dfa105ac911e5b4,0x679a2880bdd67f4000267e4c3da69eb998fb7ddc,1.043841,1.04384133611691,1.04384133611691,,0.8326036949784997
0x2e33a94a153b787a6e27c0673b06c60dda945c6224bd118ae1da400c63d720e6,36667040,1760123427,0x9231db26a7a7a2bc81abb13331edae458b2871b6,0xfed6096f550864f8e1175f1e9dfa105ac911e5b4,0x679a2880bdd67f4000267e4c3da69eb998fb7ddc,1.043841,1.04384133611691,1.04384133611691,,0.8326036949784997
0xc39d1f57a6c1fded87140edd23a0681a4897b37c19d46efc766c7127cd3d5d88,36667101,1760123549,0x9231db26a7a7a2bc81abb13331edae458b2871b6,0xfed6096f550864f8e1175f1e9dfa105ac911e5b4,0x679a2880bdd67f4000267e4c3da69eb998fb7ddc,1.043841,1.04384133611691,1.04384133611691,,0.8326036949784997
0xe00a6b9b9790a103a32af4b85e7a4909fb10b017bace6fec2fd8e175bd064c66,36667212,1760123771,0x9231db26a7a7a2bc81abb13331edae458b2871b6,0xfed6096f550864f8e1175f1e9dfa105ac911e5b4,0x679a2880bdd67f4000267e4c3da69eb998fb7ddc,1.043841,1.04384133611691,1.04384133611691,,0.8326036949784997
0xfd9a59810d37ef56717023eb58a537c163357122c24003e4f95a9d5d60dc5f04,36667356,1760124059,0x9231db26a7a7a2bc81abb13331edae458b2871b6,0xfed6096f550864f8e1175f1e9dfa105ac911e5b4,0x679a2880bdd67f4000267e4c3da69eb998fb7ddc,1.043841,1.04384133611691,1.04384133611691,,0.8326036949784997
0xd5d2ec1d0ea6c5a4b6c4b9fa2ce3300d5f1472483a0326bff4fc82cf3dd469c8,36667385,1760124117,0x9231db26a7a7a2bc81abb13331edae458b2871b6,0xfed6096f550864f8e1175f1e9dfa105ac911e5b4,0x679a2880bdd67f4000267e4c3da69eb998fb7ddc,1.043841,1.04384133611691,1.04384133611691,,0.8326036949784997
0xe08e0533a12143b12f2cd8f91c987a7947bc11f334016f3ac402e35ffd51a7b3,36667416,1760124179,0x9231db26a7a7a2bc81abb13331edae458b2871b6,0xfed6096f550864f8e1175f1e9dfa105ac911e5b4,0x679a2880bdd67f4000267e4c3da69eb998fb7ddc,1.043841,1.04384133611691,1.04384133611691,,0.8326036949784997
0x4bafe59d6b0642902ed532586d586df48ddecbc14dac077ebdbcf3e319556447,36667597,1760124541,0x9231db26a7a7a2bc81abb13331edae458b2871b6,0xfed6096f550864f8e1175f1e9dfa105ac911e5b4,0x679a2880bdd67f4000267e4c3da69eb998fb7ddc,1.043841,1.04384133611691,1.04384133611691,,0.8326036949784997
0x3ba77a51edee28a5bffc71f537eac2c427b2f4a927c639659ec3d9061c4f301f,36667610,1760124567,0x9231db26a7a7a2bc81abb13331edae458b2871b6,0xfed6096f550864f8e1175f1e9dfa105ac911e5b4,0x679a2880bdd67f4000267e4c3da69eb998fb7ddc,1.043841,1.04384133611691,1.04384133611691,,0.8326036949784997
0x31e89eb9367751cfff3d41723c204793a67f5d641882a2841380d0cbecbe161c,36667626,1760124599,0x9231db26a7a7a2bc81abb13331edae458b2871b6,0xfed6096f550864f8e1175f1e9dfa105ac911e5b4,0x679a2880bdd67f4000267e4c3da69eb998fb7ddc,1.043841,1.04384133611691,1.04384133611691,,0.8326036949784997
0xcec05a1fd34658a22281a9ba0d041f53933cdda279e3343c49eda72bd71cea28,36667745,1760124837,0x9231db26a7a7a2bc81abb13331edae458b2871b6,0xfed6096f550864f8e1175f1e9dfa105ac911e5b4,0x679a2880bdd67f4000267e4c3da69eb998fb7ddc,1.043841,1.04384133611691,1.04384133611691,,0.8326036949784997
0xec56602bb557079b0e39e3f7660c64ad2dbfa79869b9492155675fc0bba7b929,36670119,1760129585,0x9231db26a7a7a2bc81abb13331edae458b2871b6,0xfed6096f550864f8e1175f1e9dfa105ac911e5b4,0x679a2880bdd67f4000267e4c3da69eb998fb7ddc,1.043841,1.04384133611691,1.04384133611691,,0.8326036949784997
0xd905b351fadb8d6eb1e385d24458ed943e36f6f6140121e4505fab1adeb343be,36670141,1760129629,0x9231db26a7a7a2bc81abb13331edae458b2871b6,0xfed6096f550864f8e1175f1e9dfa105ac911e5b4,0x679a2880bdd67f4000267e4c3da69eb998fb7ddc,1.043841,1.04384133611691,1.04384133611691,,0.8326036949784997
0x3556be618b388cced0e67f8cac055b352e7b3d6225cc872f1540846e492f77b2,36670166,1760129679,0xa7272afc21f9c321024ed93892a1abfeb621c374,0xf1a3686f4d394e52d9fdf60132e46ebdcd231b01,0x487c6480c33f32435f99cfa4b1e09c0d4e4165f7,1.043841,1.04384133611691,1.04384133611691,,0.8326036949784997
0x84e85d62ceffba5b616102fc1e3defea2e8038d9bdae588ddcc4e10828624f4b,36670169,1760129685,0x9231db26a7a7a2bc81abb13331edae458b2871b6,0xfed6096f550864f8e1175f1e9dfa105ac911e5b4,0x679a2880bdd67f4000267e4c3da69eb998fb7ddc,1.043841,1.04384133611691,1.04384133611691,,0.8326036949784997
0x207486e223b9fe819709c6277ab22f581ca66aec2df2ae33ce8c0d4803eb2ba3,36670209,1760129765,0xa7272afc21f9c321024ed93892a1abfeb621c374,0xf1a3686f4d394e52d9fdf60132e46ebdcd231b01,0x487c6480c33f32435f99cfa4b1e09c0d4e4165f7,1.043841,1.04384133611691,1.04384133611691,,0.8326036949784997
0xb1277140aaca922105faffca480ad0a67576a8de6fa64313a47b8a02b542c625,36670225,1760129797,0xa7272afc21f9c321024ed93892a1abfeb621c374,0xfed6096f550864f8e1175f1e9dfa105ac911e5b4,0x487c6480c33f32435f99cfa4b1e09c0d4e4165f7,1.043841,1.04384133611691,1.04384133611691,,0.8326036949784997
0x2d37a12d58d021541f44438ab478c59010c35d8b5975b631ab66b50eaa6ef554,36670239,1760129825,0x9231db26a7a7a2bc81abb13331edae458b2871b6,0xfed6096f550864f8e1175f1e9dfa105ac911e5b4,0x679a2880bdd67f4000267e4c3da69eb998fb7ddc,1.043841,1.04384133611691,1.04384133611691,,0.8326036949784997
0xb31b10b5fc570570dbc003b5ed7e9910632ad58c55936aa02aeca39fa237835a,36670240,1760129827,0xa7272afc21f9c321024ed93892a1abfeb621c374,0xf1a3686f4d394e52d9fdf60132e46ebdcd231b01,0x487c6480c33f32435f99cfa4b1e09c0d4e4165f7,1.043841,1.04384133611691,1.04384133611691,,0.8326036949784997
0x37f0ad3194e313c7dd07d14b5ee80c0eb426ca39df9b19c65b89872fa74cae17,36670327,1760130001,0x9231db26a7a7a2bc81abb13331edae458b2871b6,0xfed6096f550864f8e1175f1e9dfa105ac911e5b4,0x679a2880bdd67f4000267e4c3da69eb998fb7ddc,1.043841,1.04384133611691,1.04384133611691,,0.8326036949784997
0x6245cca1e40799980ca48969872f42b4fcc3577c2695470616ae2e4ccffa0b97,36670689,1760130725,0xa7272afc21f9c321024ed93892a1abfeb621c374,0xf1a3686f4d394e52d9fdf60132e46ebdcd231b01,0x487c6480c33f32435f99cfa4b1e09c0d4e4165f7,1.043841,1.04384133611691,1.04384133611691,,0.8326036949784997
0x5832e1f92d4873218ddac0bf53df5a9d54e2a5ff9f42bd4874228807074055b6,36670709,1760130765,0x9231db26a7a7a2bc81abb13331edae458b2871b6,0xfed6096f550864f8e1175f1e9dfa105ac911e5b4,0x679a2880bdd67f4000267e4c3da69eb998fb7ddc,1.043841,1.04384133611691,1.04384133611691,,0.8326036949784997
0x0df16276d0d50c6026576fe75a1c6a88d519fede5fec45be14a1afc2cd3603b2,36670717,1760130781,0x9231db26a7a7a2bc81abb13331edae458b2871b6,0xfed6096f550864f8e1175f1e9dfa105ac911e5b4,0x679a2880bdd67f4000267e4c3da69eb998fb7ddc,1.043841,1.04384133611691,1.04384133611691,,0.8326036949784997
0x816a4ac02c2eb2bd0eaf813901088e16dadcf9e23eedfa8e331a9b7c73a04f7b,36670719,1760130785,0xa7272afc21f9c321024ed93892a1abfeb621c374,0xfed6096f550864f8e1175f1e9dfa105ac911e5b4,0x487c6480c33f32435f99cfa4b1e09c0d4e4165f7,1.043841,1.04384133611691,1.04384133611691,,0.8326036949784997
0xe05fd388ef94da2eb9b15f3c1c88faeba89a09a936bd28c7536447a13d0b8ccf,36670739,1760130825,0xa7272afc21f9c321024ed93892a1abfeb621c374,0xfed6096f550864f8e1175f1e9dfa105ac911e5b4,0x487c6480c33f32435f99cfa4b1e09c0d4e4165f7,1.043841,1.04384133611691,1.04384133611691,,0.8326036949784997
0xd3b1f5a1e423be5c045b867d122499094522fb9ac4871d10b3e16c74d5ed40d7,36670740,1760130827,0x9ca1dad919221d920b889aacf3023a5cea23165f,0xfed6096f550864f8e1175f1e9dfa105ac911e5b4,0x916175b7f60b636cf1c5f8ea0c30fb66ed8f61a6,1.043841,1.04384133611691,1.04384133611691,,0.8326036949784997
0x96c673748c86a6bbeda48b4b7aea1811a3e56565b6d78f2d1c4d62c8cc3034ac,36670742,1760130831,0x9231db26a7a7a2bc81abb13331edae458b2871b6,0xfed6096f550864f8e1175f1e9dfa105ac911e5b4,0x679a2880bdd67f4000267e4c3da69eb998fb7ddc,1.043841,1.04384133611691,1.04384133611691,,0.8326036949784997
0x60768dbf61491704e2ca16c1687346728cfeaa05009cc63eb012ce6fb9e1557d,36670751,1760130849,0xa7272afc21f9c321024ed93892a1abfeb621c374,0xfed6096f550864f8e1175f1e9dfa105ac911e5b4,0x487c6480c33f32435f99cfa4b1e09c0d4e4165f7,1.043841,1.04384133611691,1.04384133611691,,0.8326036949784997
0xb149c2caeb12f6a1c4ef25f8a4b24ab634431f0f646c929205193df9addb5ec1,36670777,1760130901,0x9ca1dad919221d920b889aacf3023a5cea23165f,0xfed6096f550864f8e1175f1e9dfa105ac911e5b4,0x916175b7f60b636cf1c5f8ea0c30fb66ed8f61a6,1.043841,1.04384133611691,1.04384133611691,,0.8326036949784997
0x3fcef02c719b4f0f17bc89db4eb85609e9cb45dbe1e2ea334d70d899533ab15d,36670778,1760130903,0x9231db26a7a7a2bc81abb13331edae458b2871b6,0xfed6096f550864f8e1175f1e9dfa105ac911e5b4,0x679a2880bdd67f4000267e4c3da69eb998fb7ddc,1.043841,1.04384133611691,1.04384133611691,,0.8326036949784997
0xc74b9a972e6b7cdcde989507c00874e22ea28722c5231ee3eef8bc25161139bb,36670780,1760130907,0xa7272afc21f9c321024ed93892a1abfeb621c374,0xfed6096f550864f8e1175f1e9dfa105ac911e5b4,0x487c6480c33f32435f99cfa4b1e09c0d4e4165f7,1.043841,1.04384133611691,1.04384133611691,,0.8326036949784997
0xbb17d2517cba81653ee8d57ee26dc8f79624de077a37ec8a6e5e53070b918d63,36670829,1760131005,0xa7272afc21f9c321024ed93892a1abfeb621c374,0xfed6096f550864f8e1175f1e9dfa105ac911e5b4,0x487c6480c33f32435f99cfa4b1e09c0d4e4165f7,1.043841,1.04384133611691,1.04384133611691,,0.8326036949784997
0xde209bd198b939d1de7bdb4ec44b2a9a177b4d474316a357189ebe8a85d61d1f,36670878,1760131103,0xa7272afc21f9c321024ed93892a1abfeb621c374,0xfed6096f550864f8e1175f1e9dfa105ac911e5b4,0x487c6480c33f32435f99cfa4b1e09c0d4e4165f7,1.043841,1.04384133611691,1.04384133611691,,0.8326036949784997
0x50c103ace108368d64c86af41e446b0fce14f6fa219722717cd692aa4c45587e,36670986,1760131319,0xa7272afc21f9c321024ed93892a1abfeb621c374,0x5b9f7a33465da8b2cc47ae5d470811ad208cd575,0xf7716f42e98635388143351ececc08404c1d383a,1.043841,1.04384133611691,1.04384133611691,,0.8326036949784997
0x595c92c406f23cebb10b376034bc2513e331403c14c2249ebbdc837bbaad2d8e,36670987,1760131321,0xa7272afc21f9c321024ed93892a1abfeb621c374,0xf1a3686f4d394e52d9fdf60132e46ebdcd231b01,0xf7716f42e98635388143351ececc08404c1d383a,1.043841,1.04384133611691,1.04384133611691,,0.8326036949784997
0xb8e112b7c43a15e03c5f71fb8151d056456f26f4bf3805adb2d96fc16ea30438,36713680,1760216707,0x9ca1dad919221d920b889aacf3023a5cea23165f,0x5b9f7a33465da8b2cc47ae5d470811ad208cd575,0x37f100665df762d12bf0c29270029bddd94d78e9,1.043833,1.04384133611691,1.04384133611691,,0.8326036949784997
0x8529c9ec73e4fb1faaf4230d404801a32d494e12b870e92e67bb7a2e3036ff87,36921458,1760632263,0xa7272afc21f9c321024ed93892a1abfeb621c374,0xfed6096f550864f8e1175f1e9dfa105ac911e5b4,0x487c6480c33f32435f99cfa4b1e09c0d4e4165f7,1.043841,1.04384133611691,1.04384133611691,,0.8326036949784997
0xe35c49ddba4f8b6c3054f53d99e4b48719d87b537c45f56707ac699dcced00e5,36926950,1760643247,0xa7272afc21f9c321024ed93892a1abfeb621c374,0xfed6096f550864f8e1175f1e9dfa105ac911e5b4,0x487c6480c33f32435f99cfa4b1e09c0d4e4165f7,1.043841,1.04384133611691,1.04384133611691,,0.8326036949784997
0x729322bd60e3f9f4587dcdc1906bd85967843c9d1f75dc9b7dac653dc5772e1a,36928791,1760646929,0xa7272afc21f9c321024ed93892a1abfeb621c374,0xf1a3686f4d394e52d9fdf60132e46ebdcd231b01,0x487c6480c33f32435f99cfa4b1e09c0d4e4165f7,1.043841,1.04384133611691,1.04384133611691,,0.8326036949784997
0xf2edfbfcff322f5b47f5f7a7638facd224d1311e6f7ed80b715ee0f7b03d852d,36946841,1760683029,0xa7272afc21f9c321024ed93892a1abfeb621c374,0xfed6096f550864f8e1175f1e9dfa105ac911e5b4,0x487c6480c33f32435f99cfa4b1e09c0d4e4165f7,1.043841,1.04384133611691,1.04384133611691,,0.8326036949784997
0x5616d162b6522007b737713bc82b463c1d74fd946efef8ddb3565f1582d1fc5f,36946984,1760683315,0xa7272afc21f9c321024ed93892a1abfeb621c374,0xfed6096f550864f8e1175f1e9dfa105ac911e5b4,0x487c6480c33f32435f99cfa4b1e09c0d4e4165f7,1.043841,1.04384133611691,1.04384133611691,,0.8326036949784997
0x638662503138489cd94d1a696d342e417ded4405edd3df6e09cb68f04ff75de6,36947048,1760683443,0xa7272afc21f9c321024ed93892a1abfeb621c374,0xfed6096f550864f8e1175f1e9dfa105ac911e5b4,0x487c6480c33f32435f99cfa4b1e09c0d4e4165f7,1.043841,1.04384133611691,1.04384133611691,,0.8326036949784997
0xfcaca7d7efabfbff6431ea47ef33dc0fd658b816eaff56d5ce418d444a7b11ef,36947197,1760683741,0xa7272afc21f9c321024ed93892a1abfeb621c374,0xfed6096f550864f8e1175f1e9dfa105ac911e5b4,0x487c6480c33f32435f99cfa4b1e09c0d4e4165f7,1.043841,1.04384133611691,1.04384133611691,,0.8326036949784997
0x261a1581770424b916e7fdef660fa90a68a720fd1d916915ea1871b47f8dd8b9,36947413,1760684173,0xa7272afc21f9c321024ed93892a1abfeb621c374,0xfed6096f550864f8e1175f1e9dfa105ac911e5b4,0x487c6480c33f32435f99cfa4b1e09c0d4e4165f7,1.043841,1.04384133611691,1.04384133611691,,0.8326036949784997
0x10633bb1a51787066686545697af85fbefdbf877da2c51b824cec4bd88c33dc7,36947534,1760684415,0xa7272afc21f9c321024ed93892a1abfeb621c374,0xfed6096f550864f8e1175f1e9dfa105ac911e5b4,0x487c6480c33f32435f99cfa4b1e09c0d4e4165f7,1.043841,1.04384133611691,1.04384133611691,,0.8326036949784997
0xb75620aaa67a3bdaff4884d5ba0dfdee5a42f0523bb378bb410b083543b2cfb9,36947882,1760685111,0xa7272afc21f9c321024ed93892a1abfeb621c374,0xfed6096f550864f8e1175f1e9dfa105ac911e5b4,0x487c6480c33f32435f99cfa4b1e09c0d4e4165f7,1.043841,1.04384133611691,1.04384133611691,,0.8326036949784997
0xd7695f0e59e08b6baead72ae6a6212c2c76d033eaa01828578e8cc0d0f3cacb3,36947890,1760685127,0x0c5d30b5781582f580f48880c42c6d5e0d95a6b1,0xfed6096f550864f8e1175f1e9dfa105ac911e5b4,0x2b7a28e0d938a4d5435462c225930cf9f05b735f,1.074114,1.0741138560687433,1.0741138560687433,,0.727366070175296
0x26901a0e4388be832af4474cb8d230aa29fef1de717983db9279cbbf00d8eb4a,36947996,1760685339,0xa7272afc21f9c321024ed93892a1abfeb621c374,0xfed6096f550864f8e1175f1e9dfa105ac911e5b4,0x487c6480c33f32435f99cfa4b1e09c0d4e4165f7,1.043841,1.04384133611691,1.04384133611691,,0.8326036949784997
0x8458c3076d05d779f954a67b1e2badf037629e617f496a0e4f2fc99c5a2cd513,36948114,1760685575,0xa7272afc21f9c321024ed93892a1abfeb621c374,0xfed6096f550864f8e1175f1e9dfa105ac911e5b4,0x487c6480c33f32435f99cfa4b1e09c0d4e4165f7,1.043841,1.04384133611691,1.04384133611691,,0.8326036949784997
0x67ab85b256d09a663e1f86e43ddefb326798ee94d3dcb9351b3df436313d0b95,36948118,1760685583,0xa7272afc21f9c321024ed93892a1abfeb621c374,0xfed6096f550864f8e1175f1e9dfa105ac911e5b4,0x1e806a2b063a1eb199077a75592a978168046a75,1.043841,1.04384133611691,1.04384133611691,,0.8326036949784997
0x773a26ad63d63ab1d10dfcd95b4ba3f7023c67a1a156102568f7576bc3792fee,36948487,1760686321,0x0c5d30b5781582f580f48880c42c6d5e0d95a6b1,0xfed6096f550864f8e1175f1e9dfa105ac911e5b4,0x2b7a28e0d938a4d5435462c225930cf9f05b735f,1.074114,1.0741138560687433,1.0741138560687433,,0.727366070175296
0xd20f9225f1e2752530cfacd2b514fdebb15b58083eec5bd156bce97c5a6243ce,36948522,1760686391,0xa7272afc21f9c321024ed93892a1abfeb621c374,0xfed6096f550864f8e1175f1e9dfa105ac911e5b4,0x1e806a2b063a1eb199077a75592a978168046a75,1.043841,1.04384133611691,1.04384133611691,,0.8326036949784997
0xf1f0e820aaad4ece3c0cd82842a5b4532d426116eb13a6b4ec39f1d8ecbc5236,36948524,1760686395,0xa7272afc21f9c321024ed93892a1abfeb621c374,0xf1a3686f4d394e52d9fdf60132e46ebdcd231b01,0x487c6480c33f32435f99cfa4b1e09c0d4e4165f7,1.043841,1.04384133611691,1.04384133611691,,0.8326036949784997
0x4137bf97983f593046d9e340d72fd10676a4148d24c9472ea1a91ba4383b517f,36948535,1760686417,0xa7272afc21f9c321024ed93892a1abfeb621c374,0xfed6096f550864f8e1175f1e9dfa105ac911e5b4,0xf7716f42e98635388143351ececc08404c1d383a,1.043841,1.04384133611691,1.04384133611691,,0.8326036949784997
0x6546c60b86075c1c52c9401b720ad82fc5b2c921cd939cf3cbd0d112fae3758b,36948806,1760686959,0xa7272afc21f9c321024ed93892a1abfeb621c374,0xfed6096f550864f8e1175f1e9dfa105ac911e5b4,0x57d67f7f5fbefbb8fbe23307e3cb93008a02479f,1.043841,1.04384133611691,1.04384133611691,,0.8326036949784997
0xdf74ce539302be2375fe4a477839e7157abbfa8cf2fc3d01bbf10b90df68c2da,36948810,1760686967,0xa7272afc21f9c321024ed93892a1abfeb621c374,0xfed6096f550864f8e1175f1e9dfa105ac911e5b4,0x487c6480c33f32435f99cfa4b1e09c0d4e4165f7,1.043841,1.04384133611691,1.04384133611691,,0.8326036949784997
0x6ed5188a6761bb1c0787f02545f4ac1117aabb7aefa4c418ad22f3c80bd48329,36948810,1760686967,0xa7272afc21f9c321024ed93892a1abfeb621c374,0xfed6096f550864f8e1175f1e9dfa105ac911e5b4,0xf7716f42e98635388143351ececc08404c1d383a,1.043841,1.04384133611691,1.04384133611691,,0.8326036949784997
0xc8b05c74c5b8239a220960a81f88098ff784a3773e0410b25d87e691aebab026,36948813,1760686973,0xa7272afc21f9c321024ed93892a1abfeb621c374,0xfed6096f550864f8e1175f1e9dfa105ac911e5b4,0x1e806a2b063a1eb199077a75592a978168046a75,1.043841,1.04384133611691,1.04384133611691,,0.8326036949784997
0x79ad54d574ba32c4f0ad9dfa2941869e6b95dfa97be5c27dc8ea463a9a78ee63,36949250,1760687847,0xa7272afc21f9c321024ed93892a1abfeb621c374,0xfed6096f550864f8e1175f1e9dfa105ac911e5b4,0xf7716f42e98635388143351ececc08404c1d383a,1.043841,1.04384133611691,1.04384133611691,,0.8326036949784997
0xafe1bbf66ef39c133fabe113279deb3e03dd95957560c0c68f32979e95b50473,36949253,1760687853,0xa7272afc21f9c321024ed93892a1abfeb621c374,0xfed6096f550864f8e1175f1e9dfa105ac911e5b4,0x57d67f7f5fbefbb8fbe23307e3cb93008a02479f,1.043841,1.04384133611691,1.04384133611691,,0.8326036949784997
0x80092b9ae3cbfc2f367029b3eb1484f906daadd1cc8718c5e25e36d49e004708,36949257,1760687861,0xa7272afc21f9c321024ed93892a1abfeb621c374,0xfed6096f550864f8e1175f1e9dfa105ac911e5b4,0x1e806a2b063a1eb199077a75592a978168046a75,1.043841,1.04384133611691,1.04384133611691,,0.8326036949784997
0x2f8a991ad6bcd8b6a9d0422fd193d314259d1af278c07c1f801ec2b17ffe8eba,36949259,1760687865,0xa7272afc21f9c321024ed93892a1abfeb621c374,0xfed6096f550864f8e1175f1e9dfa105ac911e5b4,0x487c6480c33f32435f99cfa4b1e09c0d4e4165f7,1.043841,1.04384133611691,1.04384133611691,,0.8326036949784997
0x9ca8c0b30cd90dbf1e244d21d3205d43ea3ee660edeaa2cf7be579a606f96ae7,36949281,1760687909,0x0c5d30b5781582f580f48880c42c6d5e0d95a6b1,0xfed6096f550864f8e1175f1e9dfa105ac911e5b4,0x2b7a28e0d938a4d5435462c225930cf9f05b735f,1.074114,1.0741138560687433,1.0741138560687433,,0.727366070175296
0x8bc6f27c60b89880ef06ad149daddbf832ee93483f2e997b8cc236283581db5b,36949350,1760688047,0xa7272afc21f9c321024ed93892a1abfeb621c374,0xfed6096f550864f8e1175f1e9dfa105ac911e5b4,0xf7716f42e98635388143351ececc08404c1d383a,1.043841,1.04384133611691,1.04384133611691,,0.8326036949784997
0xb726f47bea21b25c9fa7664566789074db11a83e048c7ad0337a5232e395cc0a,36949358,1760688063,0xa7272afc21f9c321024ed93892a1abfeb621c374,0xfed6096f550864f8e1175f1e9dfa105ac911e5b4,0x57d67f7f5fbefbb8fbe23307e3cb93008a02479f,1.043841,1.04384133611691,1.04384133611691,,0.8326036949784997
0xa9ec900dfe7808b90848a60f809603f4a21dcede61122b24e9653e01d25a55bc,36949374,1760688095,0xa7272afc21f9c321024ed93892a1abfeb621c374,0xfed6096f550864f8e1175f1e9dfa105ac911e5b4,0x487c6480c33f32435f99cfa4b1e09c0d4e4165f7,1.043841,1.04384133611691,1.04384133611691,,0.8326036949784997
0xe48ecc1254ebab37fa50c6a48ff5a10a97b6779c47e6175e2721875f74dcaedb,36949374,1760688095,0xa7272afc21f9c321024ed93892a1abfeb621c374,0xfed6096f550864f8e1175f1e9dfa105ac911e5b4,0x1e806a2b063a1eb199077a75592a978168046a75,1.043841,1.04384133611691,1.04384133611691,,0.8326036949784997
0x6adfd9c1c94d0f0c7ee6df71be929c98681ec333a6ce6f6a547ca9afde4f3988,36949438,1760688223,0xa7272afc21f9c321024ed93892a1abfeb621c374,0x5b9f7a33465da8b2cc47ae5d470811ad208cd575,0x1e806a2b063a1eb199077a75592a978168046a75,1.043841,1.04384133611691,1.04384133611691,,0.8326036949784997
0x66561655013febe2552b7eee3f11b977ec6fb1de7de6584640bc09844f9f2b9f,36949442,1760688231,0xa7272afc21f9c321024ed93892a1abfeb621c374,0x5b9f7a33465da8b2cc47ae5d470811ad208cd575,0x1e806a2b063a1eb199077a75592a978168046a75,1.043841,1.04384133611691,1.04384133611691,,0.8326036949784997
0xbe54b5aeb155e58d12c92395f652d34d02e8a7626fe1a34851524960044c372b,36949458,1760688263,0xa7272afc21f9c321024ed93892a1abfeb621c374,0xfed6096f550864f8e1175f1e9dfa105ac911e5b4,0xf7716f42e98635388143351ececc08404c1d383a,1.043841,1.04384133611691,1.04384133611691,,0.8326036949784997
0x615bad9d0897bd324be78119b49a01b09656873de25e1999095e98682f04244b,36949461,1760688269,0xa7272afc21f9c321024ed93892a1abfeb621c374,0xfed6096f550864f8e1175f1e9dfa105ac911e5b4,0x57d67f7f5fbefbb8fbe23307e3cb93008a02479f,1.043841,1.04384133611691,1.04384133611691,,0.8326036949784997
0x8ff6ed5d2cf1083c57b14b702befe612eff36689f1b6c9e818b4b6ea51c1689f,36949464,1760688275,0xa7272afc21f9c321024ed93892a1abfeb621c374,0x5b9f7a33465da8b2cc47ae5d470811ad208cd575,0x1e806a2b063a1eb199077a75592a978168046a75,1.043841,1.04384133611691,1.04384133611691,,0.8326036949784997
0x2dc926e6ce2d27b24266449edb6224dbe6a8a9423246f3c2b2ffec1ff51471b4,36949482,1760688311,0xa7272afc21f9c321024ed93892a1abfeb621c374,0xf1a3686f4d394e52d9fdf60132e46ebdcd231b01,0x487c6480c33f32435f99cfa4b1e09c0d4e4165f7,1.043841,1.04384133611691,1.04384133611691,,0.8326036949784997
0x1f7c21596281de7247dd7b6a72c25f544c4b9be9d03f720c4607d5ee78a40439,36949619,1760688585,0xa7272afc21f9c321024ed93892a1abfeb621c374,0xfed6096f550864f8e1175f1e9dfa105ac911e5b4,0x1e806a2b063a1eb199077a75592a978168046a75,1.043841,1.04384133611691,1.04384133611691,,0.8326036949784997
0x1bdb1f5861097875add8e9d648f7c85c3888e5aee9ab7961f4727b6dfd49e10d,36949620,1760688587,0xa7272afc21f9c321024ed93892a1abfeb621c374,0xf1a3686f4d394e52d9fdf60132e46ebdcd231b01,0x57d67f7f5fbefbb8fbe23307e3cb93008a02479f,1.043841,1.04384133611691,1.04384133611691,,0.8326036949784997
0x909d2cdf8a0afbe80d4a1ffe3839a1cc6a0ca2bc89572d47a78d7e5962c13762,36949622,1760688591,0xa7272afc21f9c321024ed93892a1abfeb621c374,0xf1a3686f4d394e52d9fdf60132e46ebdcd231b01,0xf7716f42e98635388143351ececc08404c1d383a,1.043841,1.04384133611691,1.04384133611691,,0.8326036949784997
0x2f7689607b05f15197f05883e664f4cc8b03808dd57e0cca1052abc74d04084e,36949750,1760688847,0xa7272afc21f9c321024ed93892a1abfeb621c374,0xfed6096f550864f8e1175f1e9dfa105ac911e5b4,0x1e806a2b063a1eb199077a75592a978168046a75,1.043841,1.04384133611691,1.04384133611691,,0.8326036949784997
0x455797d2a1e6fecaace7dcff97dc4c301fba31378557ddd359d06014912e5753,36949750,1760688847,0xa7272afc21f9c321024ed93892a1abfeb621c374,0xfed6096f550864f8e1175f1e9dfa105ac911e5b4,0x487c6480c33f32435f99cfa4b1e09c0d4e4165f7,1.043841,1.04384133611691,1.04384133611691,,0.8326036949784997
0x4403fcd31a19471d3ad0124256af714cd231ea4e7a1681c35087209c282480d3,36949751,1760688849,0xa7272afc21f9c321024ed93892a1abfeb621c374,0xf1a3686f4d394e52d9fdf60132e46ebdcd231b01,0x57d67f7f5fbefbb8fbe23307e3cb93008a02479f,1.043841,1.04384133611691,1.04384133611691,,0.8326036949784997
0x5c8af28f5cc76d8ed5a46ce2d637b24d54903cc55f372a5626cf44f21820e9be,36949753,1760688853,0xa7272afc21f9c321024ed93892a1abfeb621c374,0xf1a3686f4d394e52d9fdf60132e46ebdcd231b01,0xf7716f42e98635388143351ececc08404c1d383a,1.043841,1.04384133611691,1.04384133611691,,0.8326036949784997
0xa30b51e91d46663b72307c28df5ce9aafe5b41512d3a5a2124136ddfb284688f,36949808,1760688963,0x0c5d30b5781582f580f48880c42c6d5e0d95a6b1,0xfed6096f550864f8e1175f1e9dfa105ac911e5b4,0x2b7a28e0d938a4d5435462c225930cf9f05b735f,1.074114,1.0741138560687433,1.0741138560687433,,0.727366070175296
0xbd7c8ad222c53e7cb4b8e1efd4379d4c277f123b2f4ac7553148ba89bfe7f044,36949839,1760689025,0xa7272afc21f9c321024ed93892a1abfeb621c374,0x5b9f7a33465da8b2cc47ae5d470811ad208cd575,0x1e806a2b063a1eb199077a75592a978168046a75,1.043841,1.04384133611691,1.04384133611691,,0.8326036949784997
0xcf64549c3841bd8d9009900d492357c7b06cda57e780d09333eec325c7d2b512,36949907,1760689161,0xa7272afc21f9c321024ed93892a1abfeb621c374,0xfed6096f550864f8e1175f1e9dfa105ac911e5b4,0xf7716f42e98635388143351ececc08404c1d383a,1.043841,1.04384133611691,1.04384133611691,,0.8326036949784997
0xd86cb8a683be8c252e12f88d80dca931945575cb505e5e1b2aae0976e4c8febe,36949916,1760689179,0xa7272afc21f9c321024ed93892a1abfeb621c374,0xf1a3686f4d394e52d9fdf60132e46ebdcd231b01,0x57d67f7f5fbefbb8fbe23307e3cb93008a02479f,1.043841,1.04384133611691,1.04384133611691,,0.8326036949784997
0xd8bf440b0457d706c535b4f10390db7e3d82d13532be41b35f33c0b4e7b34859,36949918,1760689183,0xa7272afc21f9c321024ed93892a1abfeb621c374,0xf1a3686f4d394e52d9fdf60132e46ebdcd231b01,0x487c6480c33f32435f99cfa4b1e09c0d4e4165f7,1.043841,1.04384133611691,1.04384133611691,,0.8326036949784997
0xb158c21509c53ee37675972924579355d75abb410df83c60e84545c660027d69,36949958,1760689263,0xa7272afc21f9c321024ed93892a1abfeb621c374,0xfed6096f550864f8e1175f1e9dfa105ac911e5b4,0x1e806a2b063a1eb199077a75592a978168046a75,1.043841,1.04384133611691,1.04384133611691,,0.8326036949784997
0xe9ddbf1f5a5a83a2214ad4f0e8ffd7bad5811ee17844501922f08d2a99714132,36950199,1760689745,0xa7272afc21f9c321024ed93892a1abfeb621c374,0x5b9f7a33465da8b2cc47ae5d470811ad208cd575,0xf6e750553b0ccb6efff7abc020f31b82461e6aef,1.043839,1.04384133611691,1.04384133611691,,0.8326036949784997
0x9217564e21d9b3226b56a324ba09e78d0f1c54689a28b9710c07cdea84c8c5a7,36950822,1760690991,0xa7272afc21f9c321024ed93892a1abfeb621c374,0x5b9f7a33465da8b2cc47ae5d470811ad208cd575,0x0932b946915c09ae02b6c41ec8ead57c11168219,1.043833,1.04384133611691,1.04384133611691,,0.8326036949784997
0xc396dfef22af5d20f387ccf33e9cb894913940058b7920749f68bee0e55ed506,36950949,1760691245,0x0c5d30b5781582f580f48880c42c6d5e0d95a6b1,0xfed6096f550864f8e1175f1e9dfa105ac911e5b4,0x2b7a28e0d938a4d5435462c225930cf9f05b735f,1.074114,1.0741138560687433,1.0741138560687433,,0.727366070175296
0x5bd0403af7cc9254746300cac26b502ba9e81fdb2ba94415e406b6f3ca6639b6,36950957,1760691261,0xa7272afc21f9c321024ed93892a1abfeb621c374,0xfed6096f550864f8e1175f1e9dfa105ac911e5b4,0xf6e750553b0ccb6efff7abc020f31b82461e6aef,1.043834,1.04384133611691,1.04384133611691,,0.8326036949784997
0xc6279daa9a3143eac188ad25b35a0810272563ef0015328de34c8d7e4aec495b,36952947,1760695241,0xa7272afc21f9c321024ed93892a1abfeb621c374,0xfed6096f550864f8e1175f1e9dfa105ac911e5b4,0x1e806a2b063a1eb199077a75592a978168046a75,1.043841,1.04384133611691,1.04384133611691,,0.8326036949784997
0xa31afa9c35f163055411e4d87087885965c580c30b1c77d6c0750b9452c8c8da,36953012,1760695371,0xa7272afc21f9c321024ed93892a1abfeb621c374,0xfed6096f550864f8e1175f1e9dfa105ac911e5b4,0x487c6480c33f32435f99cfa4b1e09c0d4e4165f7,1.043841,1.04384133611691,1.04384133611691,,0.8326036949784997
0x8fc7bbc1cb89c321fb6d659d44e9c6fa1f841fe9c2e38dc7f6fa4d7732aa660c,36953014,1760695375,0xa7272afc21f9c321024ed93892a1abfeb621c374,0xf1a3686f4d394e52d9fdf60132e46ebdcd231b01,0xf7716f42e98635388143351ececc08404c1d383a,1.043841,1.04384133611691,1.04384133611691,,0.8326036949784997
0xafd1b3edfd3eb6c752628a13871d328f469f4298fb9787415aeb99c2bea576f1,36953340,1760696027,0xa7272afc21f9c321024ed93892a1abfeb621c374,0xfed6096f550864f8e1175f1e9dfa105ac911e5b4,0x1e806a2b063a1eb199077a75592a978168046a75,1.043841,1.04384133611691,1.04384133611691,,0.8326036949784997
0xe922300340ef3b6e9c4f94a3c1c33c9d2aad9643dbbc55b1ca3064a30f994f99,36953525,1760696397,0xa7272afc21f9c321024ed93892a1abfeb621c374,0xfed6096f550864f8e1175f1e9dfa105ac911e5b4,0xf7716f42e98635388143351ececc08404c1d383a,1.043841,1.04384133611691,1.04384133611691,,0.8326036949784997
0xc140b9f9b16def9761eb25037898553559edf7e3857a785a3fba0d4773d77d88,36953526,1760696399,0xa7272afc21f9c321024ed93892a1abfeb621c374,0xfed6096f550864f8e1175f1e9dfa105ac911e5b4,0x1e806a2b063a1eb199077a75592a978168046a75,1.043841,1.04384133611691,1.04384133611691,,0.8326036949784997
0x546ccc567e6053a191022b7684a6dd3462e309efec52aa36e8eaf7164a749b58,36953527,1760696401,0xa7272afc21f9c321024ed93892a1abfeb621c374,0xf1a3686f4d394e52d9fdf60132e46ebdcd231b01,0x487c6480c33f32435f99cfa4b1e09c0d4e4165f7,1.043841,1.04384133611691,1.04384133611691,,0.8326036949784997
0x35f25e01b9407a9a0131a298fbf85a2b9e92a772fda19de49d61b68dbb528959,36953554,1760696455,0xa7272afc21f9c321024ed93892a1abfeb621c374,0xfed6096f550864f8e1175f1e9dfa105ac911e5b4,0x1e806a2b063a1eb199077a75592a978168046a75,1.043841,1.04384133611691,1.04384133611691,,0.8326036949784997
0xc8453003ec509fa293f89ff8bd6be2fd2cac8294d464312a03ad1a6cebcf8418,36953571,1760696489,0xa7272afc21f9c321024ed93892a1abfeb621c374,0xf1a3686f4d394e52d9fdf60132e46ebdcd231b01,0xf7716f42e98635388143351ececc08404c1d383a,1.043841,1.04384133611691,1.04384133611691,,0.8326036949784997
0xd7106f739d39cbdebd49584d28730fb093f0cc73b13b42519e18e4eb8fcd2b1a,36953591,1760696529,0xa7272afc21f9c321024ed93892a1abfeb621c374,0xfed6096f550864f8e1175f1e9dfa105ac911e5b4,0x487c6480c33f32435f99cfa4b1e09c0d4e4165f7,1.043841,1.04384133611691,1.04384133611691,,0.8326036949784997
0x26252b0a5877a11ccebd896bdc48eccbdd52e2c7e0ac5a6b04ba268b3850f576,36953960,1760697267,0xa7272afc21f9c321024ed93892a1abfeb621c374,0xfed6096f550864f8e1175f1e9dfa105ac911e5b4,0x487c6480c33f32435f99cfa4b1e09c0d4e4165f7,1.043841,1.04384133611691,1.04384133611691,,0.8326036949784997
0xd575df172b93c53f9080dc4de8fdcfb5c487ebb7d3f93c2782aef542f560d6fa,36953973,1760697293,0xa7272afc21f9c321024ed93892a1abfeb621c374,0xf1a3686f4d394e52d9fdf60132e46ebdcd231b01,0xf7716f42e98635388143351ececc08404c1d383a,1.043841,1.04384133611691,1.04384133611691,,0.8326036949784997
0x405e5ff242d23ed7ede22cb259602b7bb4fb27ffc067ac6d5c1b1e874578faf9,36953978,1760697303,0xa7272afc21f9c321024ed93892a1abfeb621c374,0xfed6096f550864f8e1175f1e9dfa105ac911e5b4,0x1e806a2b063a1eb199077a75592a978168046a75,1.043841,1.04384133611691,1.04384133611691,,0.8326036949784997
0xd8bd2c64d888d7a258bc47bcc3a4c84ef2265528a666ef4eef91b28049c630d0,36953990,1760697327,0x0c5d30b5781582f580f48880c42c6d5e0d95a6b1,0xfed6096f550864f8e1175f1e9dfa105ac911e5b4,0x2b7a28e0d938a4d5435462c225930cf9f05b735f,1.074114,1.0741138560687433,1.0741138560687433,,0.727366070175296
0x05d05043b6a9639c53de9813107eb972ca209ac086373f16fa7ee0afe1eff656,36954196,1760697739,0xa7272afc21f9c321024ed93892a1abfeb621c374,0xfed6096f550864f8e1175f1e9dfa105ac911e5b4,0xf6e750553b0ccb6efff7abc020f31b82461e6aef,1.043837,1.04384133611691,1.04384133611691,,0.8326036949784997
0x7b01f594de05c9a77e72fe566f196e5d438ce3001c0ca1a71719d2315777377e,36962253,1760713853,0xa7272afc21f9c321024ed93892a1abfeb621c374,0xfed6096f550864f8e1175f1e9dfa105ac911e5b4,0x9ac473b2b0bd18d8d7ab28370066d45c7176f688,1.043839,1.04384133611691,1.04384133611691,,0.8326036949784997
0x090e643b1a3cb7ee209037a99fdf45cb72b9ce08d00245e70a754316025fa6f0,38290589,1763370525,0xa7272afc21f9c321024ed93892a1abfeb621c374,0x00f231319f921a95284def641fd8274a8cb0e6ee,0xe15c92e15851b03677a04a9324618ed44cd0a2ac,1.043841,1.04384133611691,1.04384133611691,,0.8326036949784997
0x30bc7f2e3327c2315024e1787e4122688a01975fbfa79ad332edf5efeb3d19aa,38297191,1763383729,0xa7272afc21f9c321024ed93892a1abfeb621c374,0xf1a3686f4d394e52d9fdf60132e46ebdcd231b01,0xe15c92e15851b03677a04a9324618ed44cd0a2ac,1.043841,1.04384133611691,1.04384133611691,,0.8326036949784997
0x9b6f10eee95ef3955a0e5017205a97f7d9b302b69eb24f76a23528b1d60f0db2,38297811,1763384969,0xa7272afc21f9c321024ed93892a1abfeb621c374,0x00f231319f921a95284def641fd8274a8cb0e6ee,0xe15c92e15851b03677a04a9324618ed44cd0a2ac,1.043841,1.04384133611691,1.04384133611691,,0.8326036949784997
0x24efd6892611dc1d7e19c3732c81b5bc2114b994b68646d9c9128c492052474e,38297841,1763385029,0xa7272afc21f9c321024ed93892a1abfeb621c374,0x00f231319f921a95284def641fd8274a8cb0e6ee,0xe15c92e15851b03677a04a9324618ed44cd0a2ac,1.043841,1.04384133611691,1.04384133611691,,0.8326036949784997
0x2ebf923675bca668c0b66d72c1d5d45d3855dbe7cb073a5419d20806f08fde65,38297911,1763385169,0xa7272afc21f9c321024ed93892a1abfeb621c374,0x00f231319f921a95284def641fd8274a8cb0e6ee,0xe15c92e15851b03677a04a9324618ed44cd0a2ac,1.043841,1.04384133611691,1.04384133611691,,0.8326036949784997
0x85d15485f96d1fe10f62e6b8075b0f3a395a10db71f8665f70b0e4806ecf7cfd,38297981,1763385309,0xa7272afc21f9c321024ed93892a1abfeb621c374,0x00f231319f921a95284def641fd8274a8cb0e6ee,0xe15c92e15851b03677a04a9324618ed44cd0a2ac,1.043841,1.04384133611691,1.04384133611691,,0.8326036949784997
0xb9a4a8855b507f63bac1387ffc87223d1b16d1531324b7dd28c0362e9d4c574f,38298421,1763386189,0xa7272afc21f9c321024ed93892a1abfeb621c374,0x00f231319f921a95284def641fd8274a8cb0e6ee,0xe15c92e15851b03677a04a9324618ed44cd0a2ac,1.043841,1.04384133611691,1.04384133611691,,0.8326036949784997
0x30ee1ced0873dbeaa5351de4989a18d7f4d1231db71bff4f2c814a76670eb498,38298501,1763386349,0xa7272afc21f9c321024ed93892a1abfeb621c374,0xf1a3686f4d394e52d9fdf60132e46ebdcd231b01,0xe15c92e15851b03677a04a9324618ed44cd0a2ac,1.043841,1.04384133611691,1.04384133611691,,0.8326036949784997
0x7458eeee8f545e9a072a2e25813619325779f3a4d069f763da4796124f24f343,38298535,1763386417,0xa7272afc21f9c321024ed93892a1abfeb621c374,0xf1a3686f4d394e52d9fdf60132e46ebdcd231b01,0xe15c92e15851b03677a04a9324618ed44cd0a2ac,1.044925,1.04384133611691,1.04384133611691,,0.8326036949784997
0x89ca0148c5a3899798b700b846fd9cfce46f03470362b30499eaa78cae769508,38298580,1763386507,0xa7272afc21f9c321024ed93892a1abfeb621c374,0xf1a3686f4d394e52d9fdf60132e46ebdcd231b01,0xe15c92e15851b03677a04a9324618ed44cd0a2ac,1.043841,1.04384133611691,1.04384133611691,,0.8326036949784997
0x18d07cdfa77ec4ad47823b0bffd6fd7ba1ba95393ec6af8e86a526a4b0f35f78,38298591,1763386529,0xa7272afc21f9c321024ed93892a1abfeb621c374,0xf1a3686f4d394e52d9fdf60132e46ebdcd231b01,0xe15c92e15851b03677a04a9324618ed44cd0a2ac,1.043841,1.04384133611691,1.04384133611691,,0.8326036949784997
0x6a694be8738eaf8925bc002b79d2a80e82ea4b0ada0d1ffb7d54d12d2857ac3c,38298681,1763386709,0xa7272afc21f9c321024ed93892a1abfeb621c374,0x00f231319f921a95284def641fd8274a8cb0e6ee,0xe15c92e15851b03677a04a9324618ed44cd0a2ac,1.043841,1.04384133611691,1.04384133611691,,0.8326036949784997
0x1ba7e472e1856580dea892792ea961307595a9c563d692c13c909d59ed6577cd,38298781,1763386909,0xa7272afc21f9c321024ed93892a1abfeb621c374,0x00f231319f921a95284def641fd8274a8cb0e6ee,0xe15c92e15851b03677a04a9324618ed44cd0a2ac,1.043841,1.04384133611691,1.04384133611691,,0.8326036949784997
0xb6c8175ff741a3960d24e5dbf2af6b04a536371ae002e118c14e206c1545bc14,38298911,1763387169,0xa7272afc21f9c321024ed93892a1abfeb621c374,0x00f231319f921a95284def641fd8274a8cb0e6ee,0xe15c92e15851b03677a04a9324618ed44cd0a2ac,1.043841,1.04384133611691,1.04384133611691,,0.8326036949784997
0x0f666c140b110b5d1cee6a87659048f2f59ec2d566ef16a4b90c0c9788e74bfa,38299218,1763387783,0xa7272afc21f9c321024ed93892a1abfeb621c374,0x00f231319f921a95284def641fd8274a8cb0e6ee,0xe15c92e15851b03677a04a9324618ed44cd0a2ac,1.043841,1.04384133611691,1.04384133611691,,0.8326036949784997
0x5a622bd82f5b06ccc59faac097c143ab479341e5aeca518e43506a65dde3b28f,38299230,1763387807,0xa7272afc21f9c321024ed93892a1abfeb621c374,0xf1a3686f4d394e52d9fdf60132e46ebdcd231b01,0xe15c92e15851b03677a04a9324618ed44cd0a2ac,1.043841,1.04384133611691,1.04384133611691,,0.8326036949784997
0x74e7c37a9494e6b717763784b53cba436fcb79ec04d9f4109d6ac5715aeae19b,38303012,1763395371,0xa7272afc21f9c321024ed93892a1abfeb621c374,0x00f231319f921a95284def641fd8274a8cb0e6ee,0xe15c92e15851b03677a04a9324618ed44cd0a2ac,1.043841,1.04384133611691,1.04384133611691,,0.8326036949784997
0xc7d2cb5b18d84d1d9eeba151049640a7f5d4ec400976f39b8b58e505f63ea092,38303132,1763395611,0xa7272afc21f9c321024ed93892a1abfeb621c374,0x00f231319f921a95284def641fd8274a8cb0e6ee,0xe15c92e15851b03677a04a9324618ed44cd0a2ac,1.043841,1.04384133611691,1.04384133611691,,0.8326036949784997
0x14d92b3f0e896cd88a272a747c222672a4fc06f38210a6bbe1525112f243dc08,38303312,1763395971,0xa7272afc21f9c321024ed93892a1abfeb621c374,0x00f231319f921a95284def641fd8274a8cb0e6ee,0xe15c92e15851b03677a04a9324618ed44cd0a2ac,1.043841,1.04384133611691,1.04384133611691,,0.8326036949784997
0x37380aa22b6ec3eb8f4194e2563e8f240d6ea237794fd79341368839dde818ad,38303342,1763396031,0xa7272afc21f9c321024ed93892a1abfeb621c374,0x00f231319f921a95284def641fd8274a8cb0e6ee,0x7155f46c421ddf90ef8a51bd7e01d78b710f5974,1.043841,1.04384133611691,1.04384133611691,,0.8326036949784997
0xc2f75ae97b66aa9e3b9c503be4c522caa9b500e0dba49abbf3140cd78a13e439,38303352,1763396051,0xa7272afc21f9c321024ed93892a1abfeb621c374,0x00f231319f921a95284def641fd8274a8cb0e6ee,0xe15c92e15851b03677a04a9324618ed44cd0a2ac,1.043841,1.04384133611691,1.04384133611691,,0.8326036949784997
0x5872203bb6e8105f97164da35613917eb2b4bac4cbe149459a0d91071ebcc81e,38303703,1763396753,0xa7272afc21f9c321024ed93892a1abfeb621c374,0x00f231319f921a95284def641fd8274a8cb0e6ee,0xe15c92e15851b03677a04a9324618ed44cd0a2ac,1.043841,1.04384133611691,1.04384133611691,,0.8326036949784997
0x4e8f23063e24d0a4fe8ca25da225f33c617ed320d70901f4d8045f3d3429626f,38303712,1763396771,0xa7272afc21f9c321024ed93892a1abfeb621c374,0x00f231319f921a95284def641fd8274a8cb0e6ee,0x7155f46c421ddf90ef8a51bd7e01d78b710f5974,1.043841,1.04384133611691,1.04384133611691,,0.8326036949784997
0x0cca4bf4df5ef921353dd30f89d572385f69f1858850e18635c73c0551ff0511,38306077,1763401501,0xa7272afc21f9c321024ed93892a1abfeb621c374,0x00f231319f921a95284def641fd8274a8cb0e6ee,0xe15c92e15851b03677a04a9324618ed44cd0a2ac,1.043841,1.04384133611691,1.04384133611691,,0.8326036949784997
0x8a617d619157dd7b03549cdc9d065ecead3766c9e4afd516d5bdae9b612b09ec,38306147,1763401641,0xa7272afc21f9c321024ed93892a1abfeb621c374,0xf1a3686f4d394e52d9fdf60132e46ebdcd231b01,0xe15c92e15851b03677a04a9324618ed44cd0a2ac,1.043841,1.04384133611691,1.04384133611691,,0.8326036949784997
0x0b228a2975ff7ff89e4932603b5f52918c029b0db75b3dd35556c8d29849f96f,38307269,1763403885,0xa7272afc21f9c321024ed93892a1abfeb621c374,0x00f231319f921a95284def641fd8274a8cb0e6ee,0x7155f46c421ddf90ef8a51bd7e01d78b710f5974,1.043841,1.04384133611691,1.04384133611691,,0.8326036949784997
0xa4cf97d38ce7503a6eba2aa37d42b58dfa88743a1b3c46f1566f7eb8882908bc,38307272,1763403891,0xa7272afc21f9c321024ed93892a1abfeb621c374,0x00f231319f921a95284def641fd8274a8cb0e6ee,0x7155f46c421ddf90ef8a51bd7e01d78b710f5974,1.043841,1.04384133611691,1.04384133611691,,0.8326036949784997
0x0adcbd0a369a897ebdea7ae39a26653ec00432dfaa81935dc56b4b280118abdc,38307272,1763403891,0xa7272afc21f9c321024ed93892a1abfeb621c374,0x00f231319f921a95284def641fd8274a8cb0e6ee,0x7155f46c421ddf90ef8a51bd7e01d78b710f5974,1.043841,1.04384133611691,1.04384133611691,,0.8326036949784997
0x6625d3c5a0072145e0de47ee63bddb6c48878b6f9f9186e3b65a74d9b86c56d4,38307272,1763403891,0xa7272afc21f9c321024ed93892a1abfeb621c374,0x00f231319f921a95284def641fd8274a8cb0e6ee,0xe15c92e15851b03677a04a9324618ed44cd0a2ac,1.043841,1.04384133611691,1.04384133611691,,0.8326036949784997
0x56102efbe29c66d7ad0ec146684fccd66670059c1dbd0cbdecf31a370df3156b,38307272,1763403891,0xa7272afc21f9c321024ed93892a1abfeb621c374,0x00f231319f921a95284def641fd8274a8cb0e6ee,0xe15c92e15851b03677a04a9324618ed44cd0a2ac,1.043841,1.04384133611691,1.04384133611691,,0.8326036949784997
0xf85eaba1d3c5a8692e66bfcc1edbd2f7a90281681f562b6e9dc8b33620caafae,38307272,1763403891,0xa7272afc21f9c321024ed93892a1abfeb621c374,0x00f231319f921a95284def641fd8274a8cb0e6ee,0xe15c92e15851b03677a04a9324618ed44cd0a2ac,1.043841,1.04384133611691,1.04384133611691,,0.8326036949784997
0xec7b314f077b9ff85b7f0319e3aca8ca31eb6654c4f93ea0bc5f9c42d5301cb9,38307272,1763403891,0xa7272afc21f9c321024ed93892a1abfeb621c374,0x00f231319f921a95284def641fd8274a8cb0e6ee,0xe15c92e15851b03677a04a9324618ed44cd0a2ac,1.043841,1.04384133611691,1.04384133611691,,0.8326036949784997
0xb2145c422029127e82a1fbea8860cd0ce5ff6e05eda1d3f06112fa7695584379,38307356,1763404059,0xa7272afc21f9c321024ed93892a1abfeb621c374,0xf1a3686f4d394e52d9fdf60132e46ebdcd231b01,0xe15c92e15851b03677a04a9324618ed44cd0a2ac,1.043841,1.04384133611691,1.04384133611691,,0.8326036949784997
0xdd010338eedb1a8b7232a22877a296a085c1bf61473957d7a08dbdb1d97b7710,38307420,1763404187,0xa7272afc21f9c321024ed93892a1abfeb621c374,0x00f231319f921a95284def641fd8274a8cb0e6ee,0xe15c92e15851b03677a04a9324618ed44cd0a2ac,1.043841,1.04384133611691,1.04384133611691,,0.8326036949784997
0x24f068d7a5b919b96dee05ae9f25d3a5a031d08dc6af4a9e4cf1ef9fa0eb7533,38307420,1763404187,0xa7272afc21f9c321024ed93892a1abfeb621c374,0x00f231319f921a95284def641fd8274a8cb0e6ee,0xe15c92e15851b03677a04a9324618ed44cd0a2ac,1.043841,1.04384133611691,1.04384133611691,,0.8326036949784997
0xafd201d7cb65015e257c5f7393ffec4efb6b8513698f33de29675f46a5a98b50,38307483,1763404313,0xa7272afc21f9c321024ed93892a1abfeb621c374,0x00f231319f921a95284def641fd8274a8cb0e6ee,0xe15c92e15851b03677a04a9324618ed44cd0a2ac,1.043841,1.04384133611691,1.04384133611691,,0.8326036949784997
0x3aa6bd86dceef700306e45306198d996ba5ad1d773271c6b0d31543904de719a,38307529,1763404405,0xa7272afc21f9c321024ed93892a1abfeb621c374,0x00f231319f921a95284def641fd8274a8cb0e6ee,0x7155f46c421ddf90ef8a51bd7e01d78b710f5974,1.043841,1.04384133611691,1.04384133611691,,0.8326036949784997
0xdcea5cebf4691649b82c54763618941c1962e99a2c613f60fc98fd3b0cc56b1a,38307683,1763404713,0xa7272afc21f9c321024ed93892a1abfeb621c374,0x00f231319f921a95284def641fd8274a8cb0e6ee,0x7155f46c421ddf90ef8a51bd7e01d78b710f5974,1.043841,1.04384133611691,1.04384133611691,,0.8326036949784997
0xa68e99bc05f10d34ee1a7333125c6f0f091e22550d44cd63fe845e64546d167f,38307693,1763404733,0xa7272afc21f9c321024ed93892a1abfeb621c374,0x00f231319f921a95284def641fd8274a8cb0e6ee,0xe15c92e15851b03677a04a9324618ed44cd0a2ac,1.043841,1.04384133611691,1.04384133611691,,0.8326036949784997
0x7eddb9a918e98c420e503745222978f82319a6d0e2b386e198d5cc799f39754a,38308735,1763406817,0xa7272afc21f9c321024ed93892a1abfeb621c374,0x00f231319f921a95284def641fd8274a8cb0e6ee,0x7155f46c421ddf90ef8a51bd7e01d78b710f5974,1.043841,1.04384133611691,1.04384133611691,,0.8326036949784997
0x475360c8fbc79ff9c71ecd3cba3fbc8d377d7acbf7228c982f585cf1eadbe48d,38308755,1763406857,0xa7272afc21f9c321024ed93892a1abfeb621c374,0xf1a3686f4d394e52d9fdf60132e46ebdcd231b01,0xe15c92e15851b03677a04a9324618ed44cd0a2ac,1.043841,1.04384133611691,1.04384133611691,,0.8326036949784997
0xf19845831590fb4ed2d972a1fbb9c0e2445063510fd07dbb434633e2581e99fc,38308837,1763407021,0xa7272afc21f9c321024ed93892a1abfeb621c374,0xf1a3686f4d394e52d9fdf60132e46ebdcd231b01,0xe15c92e15851b03677a04a9324618ed44cd0a2ac,1.043841,1.04384133611691,1.04384133611691,,0.8326036949784997
0x084b49ce7b77c078da976c65be8f1e6eecc337c3cbf5a8e6e651f304c283cdb1,38308845,1763407037,0xa7272afc21f9c321024ed93892a1abfeb621c374,0x00f231319f921a95284def641fd8274a8cb0e6ee,0x7155f46c421ddf90ef8a51bd7e01d78b710f5974,1.043841,1.04384133611691,1.04384133611691,,0.8326036949784997
0x163b936cfecc00b260a653b29568c5e60b85fa784f1ff237b6eb3e9d2ea926d4,38308915,1763407177,0xa7272afc21f9c321024ed93892a1abfeb621c374,0x00f231319f921a95284def641fd8274a8cb0e6ee,0x7155f46c421ddf90ef8a51bd7e01d78b710f5974,1.043841,1.04384133611691,1.04384133611691,,0.8326036949784997
0xa71018bc8a7093e0c1e370bd983ca874d4653cbf3fd6833d5717da0585ff433f,38308925,1763407197,0xa7272afc21f9c321024ed93892a1abfeb621c374,0x00f231319f921a95284def641fd8274a8cb0e6ee,0xe15c92e15851b03677a04a9324618ed44cd0a2ac,1.043841,1.04384133611691,1.04384133611691,,0.8326036949784997
0x8b55fe29e17652035b6b60a399071e918cdf6baaf68dab3f8b569dafebc10238,38309126,1763407599,0xa7272afc21f9c321024ed93892a1abfeb621c374,0x00f231319f921a95284def641fd8274a8cb0e6ee,0x7155f46c421ddf90ef8a51bd7e01d78b710f5974,1.043841,1.04384133611691,1.04384133611691,,0.8326036949784997
0xf5b4fd6b909cc262a567481c11bc9edb7209320b8beeafe91ea48a8694e52617,38309136,1763407619,0xa7272afc21f9c321024ed93892a1abfeb621c374,0xf1a3686f4d394e52d9fdf60132e46ebdcd231b01,0xe15c92e15851b03677a04a9324618ed44cd0a2ac,1.043841,1.04384133611691,1.04384133611691,,0.8326036949784997
0xc87221795f4c7ac4dd49bd045d99a1c44206577ce91053bb11c040bda55059f2,38309367,1763408081,0xa7272afc21f9c321024ed93892a1abfeb621c374,0x00f231319f921a95284def641fd8274a8cb0e6ee,0xe15c92e15851b03677a04a9324618ed44cd0a2ac,1.043841,1.04384133611691,1.04384133611691,,0.8326036949784997
0x6cc4e28e474f0dd9a93236f730301623395d91a3f3f7b4f8bef912927c902b52,38309377,1763408101,0xa7272afc21f9c321024ed93892a1abfeb621c374,0x00f231319f921a95284def641fd8274a8cb0e6ee,0x7155f46c421ddf90ef8a51bd7e01d78b710f5974,1.043841,1.04384133611691,1.04384133611691,,0.8326036949784997
0x56731672129d9d42e26d29de3d93101f8733c53759907096c744f42bb9759d20,38309498,1763408343,0xa7272afc21f9c321024ed93892a1abfeb621c374,0x00f231319f921a95284def641fd8274a8cb0e6ee,0x7155f46c421ddf90ef8a51bd7e01d78b710f5974,1.043841,1.04384133611691,1.04384133611691,,0.8326036949784997
0xf5144ce2546da96e36de2dc5c81a5380653c5eae5c4c3c6ed8937e2a9803d1f9,38309508,1763408363,0xa7272afc21f9c321024ed93892a1abfeb621c374,0xf1a3686f4d394e52d9fdf60132e46ebdcd231b01,0xe15c92e15851b03677a04a9324618ed44cd0a2ac,1.043841,1.04384133611691,1.04384133611691,,0.8326036949784997
0xf2febac6848ef154ea38407ffd1952065be7f7762658e5036800f6c617c026c9,38309652,1763408651,0xa7272afc21f9c321024ed93892a1abfeb621c374,0xf1a3686f4d394e52d9fdf60132e46ebdcd231b01,0xe15c92e15851b03677a04a9324618ed44cd0a2ac,1.043841,1.04384133611691,1.04384133611691,,0.8326036949784997
0x72331d3a0cae46ef479cb3819bd5dd8cb97ff5e2e3874a001e4272110ce0e743,38309659,1763408665,0xa7272afc21f9c321024ed93892a1abfeb621c374,0x00f231319f921a95284def641fd8274a8cb0e6ee,0x7155f46c421ddf90ef8a51bd7e01d78b710f5974,1.043841,1.04384133611691,1.04384133611691,,0.8326036949784997
0x5b5a87037ac309363a9729c00bb3b6fb3263971b2f43cac993ad3208ee7fe4ba,38309710,1763408767,0xa7272afc21f9c321024ed93892a1abfeb621c374,0x00f231319f921a95284def641fd8274a8cb0e6ee,0x7155f46c421ddf90ef8a51bd7e01d78b710f5974,1.043841,1.04384133611691,1.04384133611691,,0.8326036949784997
0x14e9ba155370d8b012b0034da232ac0195ddb1fe62907219e46bb5a5ceb0c6e2,38309791,1763408929,0xa7272afc21f9c321024ed93892a1abfeb621c374,0x00f231319f921a95284def641fd8274a8cb0e6ee,0x7155f46c421ddf90ef8a51bd7e01d78b710f5974,1.043841,1.04384133611691,1.04384133611691,,0.8326036949784997
0xb43437b31989f21d81d026a7d9371b50525bf7eaf38807d427a05c957ac22862,38309801,1763408949,0xa7272afc21f9c321024ed93892a1abfeb621c374,0xf1a3686f4d394e52d9fdf60132e46ebdcd231b01,0xe15c92e15851b03677a04a9324618ed44cd0a2ac,1.043841,1.04384133611691,1.04384133611691,,0.8326036949784997
0x15ca8c72688191c0a2877b862d34de4984fa0b34812468d35df757e9975d3e16,38310175,1763409697,0xa7272afc21f9c321024ed93892a1abfeb621c374,0x00f231319f921a95284def641fd8274a8cb0e6ee,0xe15c92e15851b03677a04a9324618ed44cd0a2ac,1.043841,1.04384133611691,1.04384133611691,,0.8326036949784997
0x131a87a16bc5eac1bcab01f68c49918e06df17117627ce9594d78edff33f0f27,38310182,1763409711,0xa7272afc21f9c321024ed93892a1abfeb621c374,0x00f231319f921a95284def641fd8274a8cb0e6ee,0x7155f46c421ddf90ef8a51bd7e01d78b710f5974,1.045078,1.04384133611691,1.04384133611691,,0.8326036949784997
0x7b96cf41232d6f94af112847a78ac94add4a649619aab92ecafd96c09f362052,38310192,1763409731,0xa7272afc21f9c321024ed93892a1abfeb621c374,0x00f231319f921a95284def641fd8274a8cb0e6ee,0x7155f46c421ddf90ef8a51bd7e01d78b710f5974,1.043841,1.04384133611691,1.04384133611691,,0.8326036949784997
0x198fea2b3225181582b6af5ea51e445b51bf5b2b18b399f7129de9d3246972ea,38310203,1763409753,0xa7272afc21f9c321024ed93892a1abfeb621c374,0x00f231319f921a95284def641fd8274a8cb0e6ee,0xe15c92e15851b03677a04a9324618ed44cd0a2ac,1.043841,1.04384133611691,1.04384133611691,,0.8326036949784997
0x8a22921783286cdfb10364753cf35399190b4bc453ac402aa1e31b486d5eba99,38310222,1763409791,0xa7272afc21f9c321024ed93892a1abfeb621c374,0x00f231319f921a95284def641fd8274a8cb0e6ee,0xe15c92e15851b03677a04a9324618ed44cd0a2ac,1.043841,1.04384133611691,1.04384133611691,,0.8326036949784997
0xf5026997cf778c1b138e75e16d1169d9320b5a0d4e42054ba6bbbbf5ce0b0c58,38310232,1763409811,0xa7272afc21f9c321024ed93892a1abfeb621c374,0x00f231319f921a95284def641fd8274a8cb0e6ee,0x7155f46c421ddf90ef8a51bd7e01d78b710f5974,1.043841,1.04384133611691,1.04384133611691,,0.8326036949784997
0x80d995ffc5b8ed2700d67abd4f56374237d3eb8d0c76ead48d18306a1f862cab,38318670,1763426687,0xa7272afc21f9c321024ed93892a1abfeb621c374,0xf1a3686f4d394e52d9fdf60132e46ebdcd231b01,0xe15c92e15851b03677a04a9324618ed44cd0a2ac,1.043841,1.04384133611691,1.04384133611691,,0.8326036949784997
0xfa4a1ee7aa44d9ec19dee38ffee903827a35cda104695ed19d54ca73f3d24bcd,38318679,1763426705,0xa7272afc21f9c321024ed93892a1abfeb621c374,0x00f231319f921a95284def641fd8274a8cb0e6ee,0x7155f46c421ddf90ef8a51bd7e01d78b710f5974,1.043841,1.04384133611691,1.04384133611691,,0.8326036949784997
0xa6ff20cb1ba563dddf17973c4f90f3c5e91716c30446825dfe4b686c9ad6b71b,38321113,1763431573,0xa7272afc21f9c321024ed93892a1abfeb621c374,0x00f231319f921a95284def641fd8274a8cb0e6ee,0xe15c92e15851b03677a04a9324618ed44cd0a2ac,1.043841,1.04384133611691,1.04384133611691,,0.8326036949784997
0xfef8e3dcd2b17a17d555056ca77608c54ed38c4d3e81e72f281db9bfb0ecbeb8,38321121,1763431589,0xa7272afc21f9c321024ed93892a1abfeb621c374,0x00f231319f921a95284def641fd8274a8cb0e6ee,0x7155f46c421ddf90ef8a51bd7e01d78b710f5974,1.043841,1.04384133611691,1.04384133611691,,0.8326036949784997
0x19c7060d9c3c3fe1c4e023d7fc06e830248458a4a6f21a572ee9bd6e8e3ac8bc,38322073,1763433493,0xa7272afc21f9c321024ed93892a1abfeb621c374,0xf1a3686f4d394e52d9fdf60132e46ebdcd231b01,0xe15c92e15851b03677a04a9324618ed44cd0a2ac,1.043841,1.04384133611691,1.04384133611691,,0.8326036949784997
0x6dde5613b1c4e0c08cf3c4eb09dfc4ebf66dcbadbb5363010480f1b72caf7dcb,38322093,1763433533,0xa7272afc21f9c321024ed93892a1abfeb621c374,0x00f231319f921a95284def641fd8274a8cb0e6ee,0x7155f46c421ddf90ef8a51bd7e01d78b710f5974,1.043841,1.04384133611691,1.04384133611691,,0.8326036949784997
0x5574b0bfec088d83d9f0c1a626efa1285ce19f175c0163d140bb60fb28cc8da5,38322649,1763434645,0xa7272afc21f9c321024ed93892a1abfeb621c374,0x00f231319f921a95284def641fd8274a8cb0e6ee,0xe15c92e15851b03677a04a9324618ed44cd0a2ac,1.043841,1.04384133611691,1.04384133611691,,0.8326036949784997
0xcfe8f273d7e5eaf1fb86b163968c6841891e1a484d899ca30de2f1c3987ed043,38322660,1763434667,0xa7272afc21f9c321024ed93892a1abfeb621c374,0x00f231319f921a95284def641fd8274a8cb0e6ee,0x7155f46c421ddf90ef8a51bd7e01d78b710f5974,1.043841,1.04384133611691,1.04384133611691,,0.8326036949784997
0x53472c6fff75da76c9b29015cc35b5d6b1d1cbb02f0bb8f4a8612a32a10bd4ad,38322704,1763434755,0xa7272afc21f9c321024ed93892a1abfeb621c374,0xf1a3686f4d394e52d9fdf60132e46ebdcd231b01,0xe15c92e15851b03677a04a9324618ed44cd0a2ac,1.043841,1.04384133611691,1.04384133611691,,0.8326036949784997
0x4d34140324141b7ce68a1d3eb5a4e3329642a22d0cde4efdf1f3eb162380c4f7,38322710,1763434767,0xa7272afc21f9c321024ed93892a1abfeb621c374,0x00f231319f921a95284def641fd8274a8cb0e6ee,0x7155f46c421ddf90ef8a51bd7e01d78b710f5974,1.043841,1.04384133611691,1.04384133611691,,0.8326036949784997
0xbab13c5068c2c3cdf89166721ac30efa4566b75549b51cd75132c3d5d6fbdcd9,38322740,1763434827,0xa7272afc21f9c321024ed93892a1abfeb621c374,0x00f231319f921a95284def641fd8274a8cb0e6ee,0xe15c92e15851b03677a04a9324618ed44cd0a2ac,1.043841,1.04384133611691,1.04384133611691,,0.8326036949784997
0x27f0abba90d22917366ba41869c9f3f3fd0275235afcd1305741279dc03fffb9,38322750,1763434847,0xa7272afc21f9c321024ed93892a1abfeb621c374,0x00f231319f921a95284def641fd8274a8cb0e6ee,0xfca9895a7dd0545c3d648f7ef235e546053946ca,1.043841,1.04384133611691,1.04384133611691,,0.8326036949784997
0xb7aafedec545adc0afe8dda7265cdab90692e2b2ffeb6a38dd953a58c0d559e7,38323161,1763435669,0xa7272afc21f9c321024ed93892a1abfeb621c374,0x00f231319f921a95284def641fd8274a8cb0e6ee,0xfca9895a7dd0545c3d648f7ef235e546053946ca,1.043841,1.04384133611691,1.04384133611691,,0.8326036949784997
0xf76de53c64be147bbd38d263787bea6cdf30cacda9a9ebf7fbf350a2370fbf0b,38323171,1763435689,0xa7272afc21f9c321024ed93892a1abfeb621c374,0x00f231319f921a95284def641fd8274a8cb0e6ee,0xe15c92e15851b03677a04a9324618ed44cd0a2ac,1.043841,1.04384133611691,1.04384133611691,,0.8326036949784997
0xce3190160c7cbf78bf923ad560534310075875adb39fc41581fac5c2648f5288,38323181,1763435709,0xa7272afc21f9c321024ed93892a1abfeb621c374,0x00f231319f921a95284def641fd8274a8cb0e6ee,0x7155f46c421ddf90ef8a51bd7e01d78b710f5974,1.043841,1.04384133611691,1.04384133611691,,0.8326036949784997
0xb78d724b900230119ea2ecd1bcd8071fbbc9144e6d9d7284af017b00ba21cf81,38323412,1763436171,0xa7272afc21f9c321024ed93892a1abfeb621c374,0x00f231319f921a95284def641fd8274a8cb0e6ee,0xe15c92e15851b03677a04a9324618ed44cd0a2ac,1.043841,1.04384133611691,1.04384133611691,,0.8326036949784997
0x31d7df0b67c46b26674050bfc30c7170bb687c4fd45e3199c03525570d584fed,38323432,1763436211,0xa7272afc21f9c321024ed93892a1abfeb621c374,0x00f231319f921a95284def641fd8274a8cb0e6ee,0xfca9895a7dd0545c3d648f7ef235e546053946ca,1.043841,1.04384133611691,1.04384133611691,,0.8326036949784997
0x9773f28cce3a352c17222fccb45b1a24a008ea0f8116363f6216e682614cd151,38323455,1763436257,0xa7272afc21f9c321024ed93892a1abfeb621c374,0xf1a3686f4d394e52d9fdf60132e46ebdcd231b01,0xe15c92e15851b03677a04a9324618ed44cd0a2ac,1.043841,1.04384133611691,1.04384133611691,,0.8326036949784997
0xe1a14e2090e506aa158de920df40f889c609373e173c478a1915a900923cc62f,38323512,1763436371,0xa7272afc21f9c321024ed93892a1abfeb621c374,0x00f231319f921a95284def641fd8274a8cb0e6ee,0xfca9895a7dd0545c3d648f7ef235e546053946ca,1.043841,1.04384133611691,1.04384133611691,,0.8326036949784997
0x6472d5802a2436ae8d9289a870be53c04eae2ff102984b8607cbac6b8110122c,38323532,1763436411,0xa7272afc21f9c321024ed93892a1abfeb621c374,0x00f231319f921a95284def641fd8274a8cb0e6ee,0xe15c92e15851b03677a04a9324618ed44cd0a2ac,1.043841,1.04384133611691,1.04384133611691,,0.8326036949784997
0x49e0d658bb1e6c3fd9f270c4df52f8efeaf82728ae13530abdc9c431240034af,38323552,1763436451,0xa7272afc21f9c321024ed93892a1abfeb621c374,0x00f231319f921a95284def641fd8274a8cb0e6ee,0x7155f46c421ddf90ef8a51bd7e01d78b710f5974,1.043841,1.04384133611691,1.04384133611691,,0.8326036949784997
0xe968d8481b32ae855ed6eb5ca73a19db7ddae5950d97b9cc864d6a153880bd9a,38323592,1763436531,0xa7272afc21f9c321024ed93892a1abfeb621c374,0x00f231319f921a95284def641fd8274a8cb0e6ee,0xfca9895a7dd0545c3d648f7ef235e546053946ca,1.043841,1.04384133611691,1.04384133611691,,0.8326036949784997
0x5b6557abad72c3e8f96ae693eb0e24d0c79a23a943c00a58a846a936d7d3c78f,38323602,1763436551,0xa7272afc21f9c321024ed93892a1abfeb621c374,0x00f231319f921a95284def641fd8274a8cb0e6ee,0x7155f46c421ddf90ef8a51bd7e01d78b710f5974,1.043841,1.04384133611691,1.04384133611691,,0.8326036949784997
0x6cbdf187fc29c6c6bc9e040b481c6b7ae7eb97f295e252d67efed0d64882c07f,38323683,1763436713,0xa7272afc21f9c321024ed93892a1abfeb621c374,0xf1a3686f4d394e52d9fdf60132e46ebdcd231b01,0xe15c92e15851b03677a04a9324618ed44cd0a2ac,1.043841,1.04384133611691,1.04384133611691,,0.8326036949784997
0x6b75039967a06b55c8f56fb493b64980e2bafc39106f3f635eb6051f9609a17e,38323732,1763436811,0xa7272afc21f9c321024ed93892a1abfeb621c374,0x00f231319f921a95284def641fd8274a8cb0e6ee,0x7155f46c421ddf90ef8a51bd7e01d78b710f5974,1.043841,1.04384133611691,1.04384133611691,,0.8326036949784997
0x0dd71c3f659d7edd764f1cbb828b556d678a8ef440e6d2c3265b39b817663f7f,38323762,1763436871,0xa7272afc21f9c321024ed93892a1abfeb621c374,0x00f231319f921a95284def641fd8274a8cb0e6ee,0xfca9895a7dd0545c3d648f7ef235e546053946ca,1.043841,1.04384133611691,1.04384133611691,,0.8326036949784997
0x74b111685fd2958f72005edfaefcb8d6b1cdc4d53f259fc491c409c4103a76bb,38323772,1763436891,0xa7272afc21f9c321024ed93892a1abfeb621c374,0x00f231319f921a95284def641fd8274a8cb0e6ee,0x7155f46c421ddf90ef8a51bd7e01d78b710f5974,1.043841,1.04384133611691,1.04384133611691,,0.8326036949784997
0x9b44982e95fafa3cd8be62d46c66ec9a0b918d476e9ea878de3e43c0888c8fd8,38323783,1763436913,0xa7272afc21f9c321024ed93892a1abfeb621c374,0x00f231319f921a95284def641fd8274a8cb0e6ee,0xfca9895a7dd0545c3d648f7ef235e546053946ca,1.043841,1.04384133611691,1.04384133611691,,0.8326036949784997
0x8d73e2cdff72b7990a4ccab9501a7aaaf3120ae282a24cd26d8140e2476a70f0,38326454,1763442255,0xa7272afc21f9c321024ed93892a1abfeb621c374,0x00f231319f921a95284def641fd8274a8cb0e6ee,0xfca9895a7dd0545c3d648f7ef235e546053946ca,1.043841,1.04384133611691,1.04384133611691,,0.8326036949784997
0x5aa6e9c18c83a0d6424f4a840346638c6a7a3d5c4ad09b00f9151cae76a9ce7e,38326464,1763442275,0xa7272afc21f9c321024ed93892a1abfeb621c374,0x00f231319f921a95284def641fd8274a8cb0e6ee,0x7155f46c421ddf90ef8a51bd7e01d78b710f5974,1.043841,1.04384133611691,1.04384133611691,,0.8326036949784997
0xf2dd4d95db074eb811647c0fe48c92274248909dff47670a909e6cbee86d5d74,38326474,1763442295,0xa7272afc21f9c321024ed93892a1abfeb621c374,0x00f231319f921a95284def641fd8274a8cb0e6ee,0xe15c92e15851b03677a04a9324618ed44cd0a2ac,1.043841,1.04384133611691,1.04384133611691,,0.8326036949784997
0x19b2f2e75b08891c9cf6edb7406e54d7c4dae1095a7d5c3b4cc1b46911b53bd8,38329328,1763448003,0xa7272afc21f9c321024ed93892a1abfeb621c374,0x00f231319f921a95284def641fd8274a8cb0e6ee,0x7155f46c421ddf90ef8a51bd7e01d78b710f5974,1.043841,1.04384133611691,1.04384133611691,,0.8326036949784997
0x0919d6b9a5c2f469b5aa3bffd012e0d3beaab451087ab9a2a21b7074c4644432,38329339,1763448025,0xa7272afc21f9c321024ed93892a1abfeb621c374,0xf1a3686f4d394e52d9fdf60132e46ebdcd231b01,0xe15c92e15851b03677a04a9324618ed44cd0a2ac,1.043841,1.04384133611691,1.04384133611691,,0.8326036949784997
0x1e02f6ae9c1d2d8271ed0ca8636a0140bf679c6f5cb89d48d51dc882ebcb52cd,38329357,1763448061,0xa7272afc21f9c321024ed93892a1abfeb621c374,0x00f231319f921a95284def641fd8274a8cb0e6ee,0xfca9895a7dd0545c3d648f7ef235e546053946ca,1.043841,1.04384133611691,1.04384133611691,,0.8326036949784997
0x441b9ad90453913e1f6a28ca73ee9a5ddb5eb59d8c3b89a3edcc5e0317bc12ff,38329535,1763448417,0xa7272afc21f9c321024ed93892a1abfeb621c374,0x00f231319f921a95284def641fd8274a8cb0e6ee,0x7155f46c421ddf90ef8a51bd7e01d78b710f5974,1.043841,1.04384133611691,1.04384133611691,,0.8326036949784997
0x8eefd45719ae63a9e75d8f976bcdc83fedd01853cacd490d04a56284cb59017f,38329542,1763448431,0xa7272afc21f9c321024ed93892a1abfeb621c374,0x00f231319f921a95284def641fd8274a8cb0e6ee,0xfca9895a7dd0545c3d648f7ef235e546053946ca,1.043841,1.04384133611691,1.04384133611691,,0.8326036949784997
0x86d7d169fb463d394b27eb1eb665b8f012efd0dbb60a50d196d39d7c0a7cafc4,38329545,1763448437,0xa7272afc21f9c321024ed93892a1abfeb621c374,0x00f231319f921a95284def641fd8274a8cb0e6ee,0xe15c92e15851b03677a04a9324618ed44cd0a2ac,1.043841,1.04384133611691,1.04384133611691,,0.8326036949784997
0xee7e038c6ae7ef506606a570ddf667e5ab8852b799c610d201e48f4ea862d90a,38329628,1763448603,0xa7272afc21f9c321024ed93892a1abfeb621c374,0x00f231319f921a95284def641fd8274a8cb0e6ee,0xfca9895a7dd0545c3d648f7ef235e546053946ca,1.043841,1.04384133611691,1.04384133611691,,0.8326036949784997
0x02dceb0b3de1014e96591bff47119c9d3026322ef6bff744ab7f9925e50c00f2,38329637,1763448621,0xa7272afc21f9c321024ed93892a1abfeb621c374,0x00f231319f921a95284def641fd8274a8cb0e6ee,0xe15c92e15851b03677a04a9324618ed44cd0a2ac,1.043841,1.04384133611691,1.04384133611691,,0.8326036949784997
0x681435dce1bce3a6b48578e9b7f367301ee4fa29c45e0b13752efa411e5e5404,38329651,1763448649,0xa7272afc21f9c321024ed93892a1abfeb621c374,0x00f231319f921a95284def641fd8274a8cb0e6ee,0x7155f46c421ddf90ef8a51bd7e01d78b710f5974,1.043841,1.04384133611691,1.04384133611691,,0.8326036949784997
0x1aaf8bf1ce2086f8895338091de7f6b18cbd68ed21f722a605e6da73c24a0cbc,38329968,1763449283,0xa7272afc21f9c321024ed93892a1abfeb621c374,0x00f231319f921a95284def641fd8274a8cb0e6ee,0x7155f46c421ddf90ef8a51bd7e01d78b710f5974,1.043841,1.04384133611691,1.04384133611691,,0.8326036949784997
0xc43ea1c6a8008726aad2220cd523526e3bed17046d2dca1128f693496fde16f4,38329977,1763449301,0xa7272afc21f9c321024ed93892a1abfeb621c374,0x00f231319f921a95284def641fd8274a8cb0e6ee,0xfca9895a7dd0545c3d648f7ef235e546053946ca,1.043841,1.04384133611691,1.04384133611691,,0.8326036949784997
0xbbc2f6403785ec560d86eab2a9e2e47f2c2378f5f1e8a2a29d36f2322bc65513,38329988,1763449323,0xa7272afc21f9c321024ed93892a1abfeb621c374,0xf1a3686f4d394e52d9fdf60132e46ebdcd231b01,0xe15c92e15851b03677a04a9324618ed44cd0a2ac,1.043841,1.04384133611691,1.04384133611691,,0.8326036949784997
0xf1ad2d697f3c3859c88369a46e064c0ecc7ba7fa8533d4b2f42271591ad27248,38390404,1763570155,0xa7272afc21f9c321024ed93892a1abfeb621c374,0x00f231319f921a95284def641fd8274a8cb0e6ee,0xe15c92e15851b03677a04a9324618ed44cd0a2ac,1.043841,1.04384133611691,1.04384133611691,,0.8326036949784997
0x0d34e4d004b29825def7e6cb55900a70c1ae3b0760b49ad02d6b22f02dcdbcff,38390549,1763570445,0xa7272afc21f9c321024ed93892a1abfeb621c374,0xf1a3686f4d394e52d9fdf60132e46ebdcd231b01,0xe15c92e15851b03677a04a9324618ed44cd0a2ac,1.043841,1.04384133611691,1.04384133611691,,0.8326036949784997
0xc85d716b7f203ff931d0f1c30e2bd6e40aa1d8f2b8339065969a4af2f3aafa51,38391514,1763572375,0xa7272afc21f9c321024ed93892a1abfeb621c374,0x00f231319f921a95284def641fd8274a8cb0e6ee,0xe15c92e15851b03677a04a9324618ed44cd0a2ac,1.043841,1.04384133611691,1.04384133611691,,0.8326036949784997
0x560b8a7ea5eb4b082e0ed5763d5986bacaf18adc610270d5d8752794affba043,38391570,1763572487,0xa7272afc21f9c321024ed93892a1abfeb621c374,0x6eecb7f6e85093ceadcad70562519233085c5f5c,0x7155f46c421ddf90ef8a51bd7e01d78b710f5974,1.043841,1.04384133611691,1.04384133611691,,0.8326036949784997
0xd89e137ea88e6cc634a7222405db028235ae70d5c89871cf1edc49c667f6df4a,38391573,1763572493,0xa7272afc21f9c321024ed93892a1abfeb621c374,0x00f231319f921a95284def641fd8274a8cb0e6ee,0xe15c92e15851b03677a04a9324618ed44cd0a2ac,1.043841,1.04384133611691,1.04384133611691,,0.8326036949784997
0x394adcf8b7151e74eaea4454406cf54fccd258e1e21bbf8e298ef5ada166f092,38391580,1763572507,0xa7272afc21f9c321024ed93892a1abfeb621c374,0x6eecb7f6e85093ceadcad70562519233085c5f5c,0xfca9895a7dd0545c3d648f7ef235e546053946ca,1.043841,1.04384133611691,1.04384133611691,,0.8326036949784997
0x02e154288160a185722b921854792b886cbd5695f7125f3b2de3838cfa0ccc85,38392154,1763573655,0xa7272afc21f9c321024ed93892a1abfeb621c374,0x00f231319f921a95284def641fd8274a8cb0e6ee,0xfca9895a7dd0545c3d648f7ef235e546053946ca,1.043841,1.04384133611691,1.04384133611691,,0.8326036949784997
0xc1501a1671c742ca05905c740f69af085156496c4676c2684dd8067f81c21207,38392159,1763573665,0xa7272afc21f9c321024ed93892a1abfeb621c374,0x6eecb7f6e85093ceadcad70562519233085c5f5c,0x7155f46c421ddf90ef8a51bd7e01d78b710f5974,1.043841,1.04384133611691,1.04384133611691,,0.8326036949784997
0xc76988c9eba64b42b08e9ec63aef6b4c699035b1cbdd7d797a6bdcc8507823b0,38392164,1763573675,0xa7272afc21f9c321024ed93892a1abfeb621c374,0x00f231319f921a95284def641fd8274a8cb0e6ee,0xe15c92e15851b03677a04a9324618ed44cd0a2ac,1.043841,1.04384133611691,1.04384133611691,,0.8326036949784997
0x422c00337ada829ec4a841c39fb60a320a34e6ed2d6b56da9f16ae12c863f4f2,38392235,1763573817,0xa7272afc21f9c321024ed93892a1abfeb621c374,0x00f231319f921a95284def641fd8274a8cb0e6ee,0xfca9895a7dd0545c3d648f7ef235e546053946ca,1.043841,1.04384133611691,1.04384133611691,,0.8326036949784997
0x048f1fcab25a684dab0c7eca4183f9fd894d275a6c773e190acacf4782c30c38,38392241,1763573829,0xa7272afc21f9c321024ed93892a1abfeb621c374,0xf1a3686f4d394e52d9fdf60132e46ebdcd231b01,0xe15c92e15851b03677a04a9324618ed44cd0a2ac,1.043841,1.04384133611691,1.04384133611691,,0.8326036949784997
0xc979adb58b7d276fd767ba21e511b38c8e1d5b6554d54519ca07cbc3719bde56,38392245,1763573837,0xa7272afc21f9c321024ed93892a1abfeb621c374,0x00f231319f921a95284def641fd8274a8cb0e6ee,0x7155f46c421ddf90ef8a51bd7e01d78b710f5974,1.043841,1.04384133611691,1.04384133611691,,0.8326036949784997
0x65e917673947fce81e5bc03239cef296fc525982156b82bb90a31f616c0208c5,38392271,1763573889,0xa7272afc21f9c321024ed93892a1abfeb621c374,0x6eecb7f6e85093ceadcad70562519233085c5f5c,0xe15c92e15851b03677a04a9324618ed44cd0a2ac,1.043841,1.04384133611691,1.04384133611691,,0.8326036949784997
0xc42cbab87b7ff7d6c543d415eaae190c57fe8a083fa7cc17a40012572dc595f7,38392275,1763573897,0xa7272afc21f9c321024ed93892a1abfeb621c374,0x00f231319f921a95284def641fd8274a8cb0e6ee,0xfca9895a7dd0545c3d648f7ef235e546053946ca,1.043841,1.04384133611691,1.04384133611691,,0.8326036949784997
0xdc0cc155f80a39d90cb0f44ce2e75697bcfd23670b90be36ac72fd5b7723d09c,38392290,1763573927,0xa7272afc21f9c321024ed93892a1abfeb621c374,0x6eecb7f6e85093ceadcad70562519233085c5f5c,0x7155f46c421ddf90ef8a51bd7e01d78b710f5974,1.043841,1.04384133611691,1.04384133611691,,0.8326036949784997
0xeca4a25d7e6b64c6c3a6238a67dce1f7c3c608af75cdc3b2eae5472ece8396f9,38393796,1763576939,0xa7272afc21f9c321024ed93892a1abfeb621c374,0x00f231319f921a95284def641fd8274a8cb0e6ee,0xe15c92e15851b03677a04a9324618ed44cd0a2ac,1.043841,1.04384133611691,1.04384133611691,,0.8326036949784997
0x85fba3d8861cb8ff1eaab004f990eb6a586c1247e567d76ef31ee630217e674c,38393802,1763576951,0xa7272afc21f9c321024ed93892a1abfeb621c374,0x6eecb7f6e85093ceadcad70562519233085c5f5c,0x7155f46c421ddf90ef8a51bd7e01d78b710f5974,1.043841,1.04384133611691,1.04384133611691,,0.8326036949784997
0xe4890b9438985cf3f56faed1e1a1804f50fe19300c3dbb3507b5fbaf2359df8d,38393892,1763577131,0xa7272afc21f9c321024ed93892a1abfeb621c374,0x6eecb7f6e85093ceadcad70562519233085c5f5c,0xfca9895a7dd0545c3d648f7ef235e546053946ca,1.043841,1.04384133611691,1.04384133611691,,0.8326036949784997
0xa43aae17116c872a45a5cdf9fe946dbb0fa5c5f1fc5243081f16bee8f74f28cf,38393896,1763577139,0xa7272afc21f9c321024ed93892a1abfeb621c374,0x00f231319f921a95284def641fd8274a8cb0e6ee,0x7155f46c421ddf90ef8a51bd7e01d78b710f5974,1.043841,1.04384133611691,1.04384133611691,,0.8326036949784997
0x67b99ab264a8494c262ee351d5694c75514d75b412ec48d3fff14c0f059722a7,38394426,1763578199,0xa7272afc21f9c321024ed93892a1abfeb621c374,0x00f231319f921a95284def641fd8274a8cb0e6ee,0xfca9895a7dd0545c3d648f7ef235e546053946ca,1.043841,1.04384133611691,1.04384133611691,,0.8326036949784997
0x2c0afff5cfae12abfb6b65b07a5bfbca1d7c4cb95a78d2b9598f7730102c67d7,38394436,1763578219,0xa7272afc21f9c321024ed93892a1abfeb621c374,0x00f231319f921a95284def641fd8274a8cb0e6ee,0xe15c92e15851b03677a04a9324618ed44cd0a2ac,1.043841,1.04384133611691,1.04384133611691,,0.8326036949784997
0x3af1cde12765bb1277aca3b65b207d2448a45fd4d6d1752b77e3e197aee8939c,38395830,1763581007,0xa7272afc21f9c321024ed93892a1abfeb621c374,0x00f231319f921a95284def641fd8274a8cb0e6ee,0x7155f46c421ddf90ef8a51bd7e01d78b710f5974,1.043841,1.04384133611691,1.04384133611691,,0.8326036949784997
0x480d5da1caf9c92f7baaa54c2a109769cb0386934ebe06f815e6e8d9cf89e84d,38395898,1763581143,0xa7272afc21f9c321024ed93892a1abfeb621c374,0x00f231319f921a95284def641fd8274a8cb0e6ee,0x7155f46c421ddf90ef8a51bd7e01d78b710f5974,1.043841,1.04384133611691,1.04384133611691,,0.8326036949784997
0xca53b1545a8bd93f4f30403fe7dc4ade5bdb8955b9dc17bd6fb7fd38abf66bb6,38395902,1763581151,0xa7272afc21f9c321024ed93892a1abfeb621c374,0x6eecb7f6e85093ceadcad70562519233085c5f5c,0xfca9895a7dd0545c3d648f7ef235e546053946ca,1.043841,1.04384133611691,1.04384133611691,,0.8326036949784997
0x7f07c23679273ceaae86f4acd9f3de3b50f295a1f8feb7ee4cc2ea9c1a3e2305,38396670,1763582687,0xa7272afc21f9c321024ed93892a1abfeb621c374,0xf1a3686f4d394e52d9fdf60132e46ebdcd231b01,0xe15c92e15851b03677a04a9324618ed44cd0a2ac,1.043841,1.04384133611691,1.04384133611691,,0.8326036949784997
0xa6de182c925edd071d1009120ef7e2252a6ad5314b4f4b1397b6f5a4778abdd6,38396808,1763582963,0xa7272afc21f9c321024ed93892a1abfeb621c374,0x00f231319f921a95284def641fd8274a8cb0e6ee,0xe15c92e15851b03677a04a9324618ed44cd0a2ac,1.043841,1.04384133611691,1.04384133611691,,0.8326036949784997
0xe86d5e473e089393a93d970e79dc869022cc2a5758e100a8fd0ae90fa51e0d82,38396812,1763582971,0xa7272afc21f9c321024ed93892a1abfeb621c374,0x6eecb7f6e85093ceadcad70562519233085c5f5c,0xfca9895a7dd0545c3d648f7ef235e546053946ca,1.043841,1.04384133611691,1.04384133611691,,0.8326036949784997
0x8e390b05049f64351efc5d2870c8ca98a7364f0259ddfe8577c5ec2d90d3a827,38396818,1763582983,0xa7272afc21f9c321024ed93892a1abfeb621c374,0x00f231319f921a95284def641fd8274a8cb0e6ee,0x7155f46c421ddf90ef8a51bd7e01d78b710f5974,1.043841,1.04384133611691,1.04384133611691,,0.8326036949784997
0x4c59d950478e8bc038107f359f4f2fa25185ba292c31c522bc108d8fba146a5f,38432532,1763654411,0xa7272afc21f9c321024ed93892a1abfeb621c374,0x00f231319f921a95284def641fd8274a8cb0e6ee,0xe15c92e15851b03677a04a9324618ed44cd0a2ac,1.043841,1.04384133611691,1.04384133611691,,0.8326036949784997
0x5f0216f62b8ab88ae5460dc708971cf1cb44792743d526ddc2a8bc2c17a200f4,38432616,1763654579,0xa7272afc21f9c321024ed93892a1abfeb621c374,0xf1a3686f4d394e52d9fdf60132e46ebdcd231b01,0xe15c92e15851b03677a04a9324618ed44cd0a2ac,1.043841,1.04384133611691,1.04384133611691,,0.8326036949784997
0xb1a370a3829a3f5b588581d7fbe5ed85980001ac8d807a3f383958a305386687,38432646,1763654639,0xa7272afc21f9c321024ed93892a1abfeb621c374,0xf1a3686f4d394e52d9fdf60132e46ebdcd231b01,0xe15c92e15851b03677a04a9324618ed44cd0a2ac,1.043841,1.04384133611691,1.04384133611691,,0.8326036949784997
0x9907c69ac98b9e5c8f7901690d1a0172807b9e69b7faaed50a15d0dd7bb57fd5,38432662,1763654671,0xa7272afc21f9c321024ed93892a1abfeb621c374,0x00f231319f921a95284def641fd8274a8cb0e6ee,0xe15c92e15851b03677a04a9324618ed44cd0a2ac,1.043841,1.04384133611691,1.04384133611691,,0.8326036949784997
0x0c8e226e0f9b3a01c72b2b3cbec464b5af8f91e51abee3d0880518437cbb67a8,38432687,1763654721,0xa7272afc21f9c321024ed93892a1abfeb621c374,0xf1a3686f4d394e52d9fdf60132e46ebdcd231b01,0xe15c92e15851b03677a04a9324618ed44cd0a2ac,1.046183,1.04384133611691,1.04384133611691,,0.8326036949784997
0xfc24168de8cd697ad4c380a243e7dca2e75acc0d0f47de1e40ee33c9e1e5e042,38432692,1763654731,0xa7272afc21f9c321024ed93892a1abfeb621c374,0x00f231319f921a95284def641fd8274a8cb0e6ee,0xe15c92e15851b03677a04a9324618ed44cd0a2ac,1.043841,1.04384133611691,1.04384133611691,,0.8326036949784997
0x91436b79579be484472a80cb6b81cff604a2305b815992107a354d2ef50f8c2c,38432703,1763654753,0xa7272afc21f9c321024ed93892a1abfeb621c374,0xf1a3686f4d394e52d9fdf60132e46ebdcd231b01,0xe15c92e15851b03677a04a9324618ed44cd0a2ac,1.043841,1.04384133611691,1.04384133611691,,0.8326036949784997
0x91436b79579be484472a80cb6b81cff604a2305b815992107a354d2ef50f8c2c,38432703,1763654753,0xa7272afc21f9c321024ed93892a1abfeb621c374,0xf1a3686f4d394e52d9fdf60132e46ebdcd231b01,0xe15c92e15851b03677a04a9324618ed44cd0a2ac,1.043841,1.04384133611691,1.04384133611691,,0.8326036949784997
0x7beea0dd215c779702ed497a53f851b992a3e7559d277bb39bb3dc08991ace78,38432752,1763654851,0xa7272afc21f9c321024ed93892a1abfeb621c374,0x00f231319f921a95284def641fd8274a8cb0e6ee,0xe15c92e15851b03677a04a9324618ed44cd0a2ac,1.043841,1.04384133611691,1.04384133611691,,0.8326036949784997
0x05251a4cc692d31dd1a6e01f1cccf71295691b727c02599977663b53b9cc8815,38432766,1763654879,0xa7272afc21f9c321024ed93892a1abfeb621c374,0x6eecb7f6e85093ceadcad70562519233085c5f5c,0xe15c92e15851b03677a04a9324618ed44cd0a2ac,1.043841,1.04384133611691,1.04384133611691,,0.8326036949784997
0xe8386131b40be09d2ccccac276b68787561259c7239d7bd5ac303bb4af94661f,38432856,1763655059,0xa7272afc21f9c321024ed93892a1abfeb621c374,0xf1a3686f4d394e52d9fdf60132e46ebdcd231b01,0xe15c92e15851b03677a04a9324618ed44cd0a2ac,1.043841,1.04384133611691,1.04384133611691,,0.8326036949784997
0xf5bc61e05c8bf9b43d899a1453c62926d1bfdea564dde80adff66de69f4c0fe6,38432903,1763655153,0xa7272afc21f9c321024ed93892a1abfeb621c374,0x00f231319f921a95284def641fd8274a8cb0e6ee,0xe15c92e15851b03677a04a9324618ed44cd0a2ac,1.043841,1.04384133611691,1.04384133611691,,0.8326036949784997
0x1e7ff61c3f1d6132a673bf4169be21f7b05be308ce2b096932b9439d513551e9,38432982,1763655311,0xa7272afc21f9c321024ed93892a1abfeb621c374,0x00f231319f921a95284def641fd8274a8cb0e6ee,0xe15c92e15851b03677a04a9324618ed44cd0a2ac,1.043841,1.04384133611691,1.04384133611691,,0.8326036949784997
0xd0c258f3eb99075b913928330bfeec8eee0ecbfa13b2a8eb767ea1d95219b86e,38432996,1763655339,0xa7272afc21f9c321024ed93892a1abfeb621c374,0x6eecb7f6e85093ceadcad70562519233085c5f5c,0xfca9895a7dd0545c3d648f7ef235e546053946ca,1.043841,1.04384133611691,1.04384133611691,,0.8326036949784997
0x3301e9a15da4db1c5bca192a4c2dfd3241dcde445e3efc55f3a2f9f1972f4dff,38433026,1763655399,0xa7272afc21f9c321024ed93892a1abfeb621c374,0x6eecb7f6e85093ceadcad70562519233085c5f5c,0x7155f46c421ddf90ef8a51bd7e01d78b710f5974,1.043841,1.04384133611691,1.04384133611691,,0.8326036949784997
0xf601f015745f534704a0367333746a1e6eb5575ad2dc1462c6e47133eb526f9a,38433187,1763655721,0xa7272afc21f9c321024ed93892a1abfeb621c374,0x6eecb7f6e85093ceadcad70562519233085c5f5c,0xfca9895a7dd0545c3d648f7ef235e546053946ca,1.043841,1.04384133611691,1.04384133611691,,0.8326036949784997
0x0904aded1f8a31a6f2b9f6a3781448e1e216d048fb8612b5027b561f5fcbe485,38433192,1763655731,0xa7272afc21f9c321024ed93892a1abfeb621c374,0x00f231319f921a95284def641fd8274a8cb0e6ee,0x7155f46c421ddf90ef8a51bd7e01d78b710f5974,1.043841,1.04384133611691,1.04384133611691,,0.8326036949784997
0x20f3c13cafd3f84f5b046f512d25b12e1502ad681630982fa2b97207486f454f,38433228,1763655803,0xa7272afc21f9c321024ed93892a1abfeb621c374,0x6eecb7f6e85093ceadcad70562519233085c5f5c,0xfca9895a7dd0545c3d648f7ef235e546053946ca,1.043841,1.04384133611691,1.04384133611691,,0.8326036949784997
0xa0db1acbb768cb077c94241cc8bb94e06ce4eb0a989a8a9ebf6fd8b2f8b2af32,38433237,1763655821,0xa7272afc21f9c321024ed93892a1abfeb621c374,0x6eecb7f6e85093ceadcad70562519233085c5f5c,0x7155f46c421ddf90ef8a51bd7e01d78b710f5974,1.043841,1.04384133611691,1.04384133611691,,0.8326036949784997
0x6a3109d3ab1770ebf17581c79426d5af07f696c8e316243628f33d86abcbcec7,38433248,1763655843,0xa7272afc21f9c321024ed93892a1abfeb621c374,0x6eecb7f6e85093ceadcad70562519233085c5f5c,0xe15c92e15851b03677a04a9324618ed44cd0a2ac,1.043841,1.04384133611691,1.04384133611691,,0.8326036949784997
0x1e98e153454af9917d3af36141f745f9d8285fedf534ac8c1c88590e0cff8bb1,38433682,1763656711,0xa7272afc21f9c321024ed93892a1abfeb621c374,0x00f231319f921a95284def641fd8274a8cb0e6ee,0xe15c92e15851b03677a04a9324618ed44cd0a2ac,1.043841,1.04384133611691,1.04384133611691,,0.8326036949784997
0x7a4a6f7d40e10486055b67cd7190af600f0c7bd88c01191bcb7cb41d022092a7,38433758,1763656863,0xa7272afc21f9c321024ed93892a1abfeb621c374,0x6eecb7f6e85093ceadcad70562519233085c5f5c,0xe15c92e15851b03677a04a9324618ed44cd0a2ac,1.043841,1.04384133611691,1.04384133611691,,0.8326036949784997
0xe41dd4fc3234b144c9eb99d7fd5ecf460d1537453ff173f344fe23e1366c56a1,38433806,1763656959,0xa7272afc21f9c321024ed93892a1abfeb621c374,0x00f231319f921a95284def641fd8274a8cb0e6ee,0xe15c92e15851b03677a04a9324618ed44cd0a2ac,1.043841,1.04384133611691,1.04384133611691,,0.8326036949784997
0x875907df13fa8c080a406d6459ca574f133f08db637816747199bc981abaddd9,38433827,1763657001,0xa7272afc21f9c321024ed93892a1abfeb621c374,0x6eecb7f6e85093ceadcad70562519233085c5f5c,0xfca9895a7dd0545c3d648f7ef235e546053946ca,1.043841,1.04384133611691,1.04384133611691,,0.8326036949784997
0x683fc729142bd043d2c92c3cdfc22eb74d6d156ffca16cc6d29fd61431251cc2,38433837,1763657021,0xa7272afc21f9c321024ed93892a1abfeb621c374,0x6eecb7f6e85093ceadcad70562519233085c5f5c,0x7155f46c421ddf90ef8a51bd7e01d78b710f5974,1.043841,1.04384133611691,1.04384133611691,,0.8326036949784997
0xff1f8a03e0efb7fa4e62dcf962efe5853d6471a7c12ae8146accc5174ae4783e,38433962,1763657271,0xa7272afc21f9c321024ed93892a1abfeb621c374,0x00f231319f921a95284def641fd8274a8cb0e6ee,0xe15c92e15851b03677a04a9324618ed44cd0a2ac,1.043841,1.04384133611691,1.04384133611691,,0.8326036949784997
0x6ccf46239fbe643d96bccf25e86b01372d50d2c2800a945878706d6017d90680,38433972,1763657291,0xa7272afc21f9c321024ed93892a1abfeb621c374,0x00f231319f921a95284def641fd8274a8cb0e6ee,0x7155f46c421ddf90ef8a51bd7e01d78b710f5974,1.043841,1.04384133611691,1.04384133611691,,0.8326036949784997
0x7fac663c1fe31375ccde439fdff7beefd47220c88ce2c4f302fd348e1ca3be4c,38434028,1763657403,0xa7272afc21f9c321024ed93892a1abfeb621c374,0xf1a3686f4d394e52d9fdf60132e46ebdcd231b01,0xe15c92e15851b03677a04a9324618ed44cd0a2ac,1.043841,1.04384133611691,1.04384133611691,,0.8326036949784997
0x726a425c738b233ca5dd6f74b368983e2b002875a60caa6c1b832673f87ccc96,38434032,1763657411,0xa7272afc21f9c321024ed93892a1abfeb621c374,0x00f231319f921a95284def641fd8274a8cb0e6ee,0xfca9895a7dd0545c3d648f7ef235e546053946ca,1.043841,1.04384133611691,1.04384133611691,,0.8326036949784997
0xe40c9200d893efaef76db6ae123660040658a454594b6faed378f14f69070019,38434037,1763657421,0xa7272afc21f9c321024ed93892a1abfeb621c374,0x6eecb7f6e85093ceadcad70562519233085c5f5c,0x7155f46c421ddf90ef8a51bd7e01d78b710f5974,1.043841,1.04384133611691,1.04384133611691,,0.8326036949784997
0xbb4120068a1a483cafdf74ebeee78d42ba41424250a324f3312453847ed5ab54,38434223,1763657793,0xa7272afc21f9c321024ed93892a1abfeb621c374,0x00f231319f921a95284def641fd8274a8cb0e6ee,0x7155f46c421ddf90ef8a51bd7e01d78b710f5974,1.043841,1.04384133611691,1.04384133611691,,0.8326036949784997
0x01b0cd264209d79409f199bb471e33320bfda2a29f3eea425bd71d956228e839,38434228,1763657803,0xa7272afc21f9c321024ed93892a1abfeb621c374,0xf1a3686f4d394e52d9fdf60132e46ebdcd231b01,0xe15c92e15851b03677a04a9324618ed44cd0a2ac,1.043841,1.04384133611691,1.04384133611691,,0.8326036949784997
0xe53b6bb048b4f26ab71ceab0094d3fd0744401411c09dd8b4ae82bf5860b99f6,38434268,1763657883,0xa7272afc21f9c321024ed93892a1abfeb621c374,0x6eecb7f6e85093ceadcad70562519233085c5f5c,0x7155f46c421ddf90ef8a51bd7e01d78b710f5974,1.043841,1.04384133611691,1.04384133611691,,0.8326036949784997
0x2c6acdc8c69f94b68d5dc3df949b47d57c2b9a8efd93083e96849375a987c0f0,38434272,1763657891,0xa7272afc21f9c321024ed93892a1abfeb621c374,0x00f231319f921a95284def641fd8274a8cb0e6ee,0xe15c92e15851b03677a04a9324618ed44cd0a2ac,1.043841,1.04384133611691,1.04384133611691,,0.8326036949784997
0x9d20312c4801a6f5e1b59043e4f4336223928e4c083158c2e38cdd03c3c9e6de,38434328,1763658003,0xa7272afc21f9c321024ed93892a1abfeb621c374,0xf1a3686f4d394e52d9fdf60132e46ebdcd231b01,0xe15c92e15851b03677a04a9324618ed44cd0a2ac,1.043841,1.04384133611691,1.04384133611691,,0.8326036949784997
0x6a6bf1724723791771b895bdf6e48e16c784652c563e221783226e98b95daa8f,38434332,1763658011,0xa7272afc21f9c321024ed93892a1abfeb621c374,0x00f231319f921a95284def641fd8274a8cb0e6ee,0x7155f46c421ddf90ef8a51bd7e01d78b710f5974,1.043841,1.04384133611691,1.04384133611691,,0.8326036949784997
0x3a4a1f8b669aa7fb681faea3b43f41b2d8a66fa760df66186ad07bc5323dc619,38434508,1763658363,0xa7272afc21f9c321024ed93892a1abfeb621c374,0x6eecb7f6e85093ceadcad70562519233085c5f5c,0xe15c92e15851b03677a04a9324618ed44cd0a2ac,1.043841,1.04384133611691,1.04384133611691,,0.8326036949784997
0x1a03e3522e1feefd14d652daf19225c672ee9ee871ef26aa53bc6133f9628113,38434537,1763658421,0xa7272afc21f9c321024ed93892a1abfeb621c374,0x6eecb7f6e85093ceadcad70562519233085c5f5c,0xe15c92e15851b03677a04a9324618ed44cd0a2ac,1.043841,1.04384133611691,1.04384133611691,,0.8326036949784997
0x380720768f76660f945195f933a18eff9d05759f0eca9e5b400c6c339152f0b8,38434553,1763658453,0xa7272afc21f9c321024ed93892a1abfeb621c374,0xf1a3686f4d394e52d9fdf60132e46ebdcd231b01,0xe15c92e15851b03677a04a9324618ed44cd0a2ac,1.043841,1.04384133611691,1.04384133611691,,0.8326036949784997
0x2a78b632fd8e0cc3d1ae83879bd45b4bc26a651865859ed8e3c28e5a35af823c,38434557,1763658461,0xa7272afc21f9c321024ed93892a1abfeb621c374,0x6eecb7f6e85093ceadcad70562519233085c5f5c,0x7155f46c421ddf90ef8a51bd7e01d78b710f5974,1.043841,1.04384133611691,1.04384133611691,,0.8326036949784997
0x46cde9a027bbc45d3af07c25c3ec1203f93bc181ed5cea3f12a8892067e206bc,38434687,1763658721,0xa7272afc21f9c321024ed93892a1abfeb621c374,0x6eecb7f6e85093ceadcad70562519233085c5f5c,0xe15c92e15851b03677a04a9324618ed44cd0a2ac,1.043841,1.04384133611691,1.04384133611691,,0.8326036949784997
0x56d0b84d68399f78ca1c82b7d3b977887f511aa7c452a7c634797f9d835510b5,38434702,1763658751,0xa7272afc21f9c321024ed93892a1abfeb621c374,0x00f231319f921a95284def641fd8274a8cb0e6ee,0xe15c92e15851b03677a04a9324618ed44cd0a2ac,1.043841,1.04384133611691,1.04384133611691,,0.8326036949784997
0xcbb0f1a3d3a9b4861ecc3e885b698aa5232ec4d0eb94f165c1cfbb48fb468ad0,38434708,1763658763,0xa7272afc21f9c321024ed93892a1abfeb621c374,0x6eecb7f6e85093ceadcad70562519233085c5f5c,0x7155f46c421ddf90ef8a51bd7e01d78b710f5974,1.043841,1.04384133611691,1.04384133611691,,0.8326036949784997
0x2355470ec301da54630962265e57d1595dca366f71b6297b3e461efefc644421,38434747,1763658841,0xa7272afc21f9c321024ed93892a1abfeb621c374,0x6eecb7f6e85093ceadcad70562519233085c5f5c,0xe15c92e15851b03677a04a9324618ed44cd0a2ac,1.043841,1.04384133611691,1.04384133611691,,0.8326036949784997
0x85c2b16f1ab5b40c513baa35e0a325207ffa5a31b5cd199b32f43dfea0069250,38434752,1763658851,0xa7272afc21f9c321024ed93892a1abfeb621c374,0x00f231319f921a95284def641fd8274a8cb0e6ee,0x7155f46c421ddf90ef8a51bd7e01d78b710f5974,1.043841,1.04384133611691,1.04384133611691,,0.8326036949784997
0xd0e6fed1b4a005b8dc02908391310f1209a589441a1369eb7159c417fa562311,38435414,1763660175,0xa7272afc21f9c321024ed93892a1abfeb621c374,0x6eecb7f6e85093ceadcad70562519233085c5f5c,0x7155f46c421ddf90ef8a51bd7e01d78b710f5974,1.043841,1.04384133611691,1.04384133611691,,0.8326036949784997
0x26cd72d649f50d415cccf324012aa61c08b5b6f14707a398fadcc226f73e2ebb,38435425,1763660197,0xa7272afc21f9c321024ed93892a1abfeb621c374,0xf1a3686f4d394e52d9fdf60132e46ebdcd231b01,0xe15c92e15851b03677a04a9324618ed44cd0a2ac,1.043841,1.04384133611691,1.04384133611691,,0.8326036949784997
0x6b29e14eebc19efe73369cd319c40f80ac3970da0da5cd4cb07bec7eef3ddd40,38435427,1763660201,0xa7272afc21f9c321024ed93892a1abfeb621c374,0x00f231319f921a95284def641fd8274a8cb0e6ee,0x7155f46c421ddf90ef8a51bd7e01d78b710f5974,1.043841,1.04384133611691,1.04384133611691,,0.8326036949784997
0xc077d282c146b2350068797f29ab285c8c7a1db727e04e40016d764655ef2e85,38435434,1763660215,0xa7272afc21f9c321024ed93892a1abfeb621c374,0xf1a3686f4d394e52d9fdf60132e46ebdcd231b01,0xe15c92e15851b03677a04a9324618ed44cd0a2ac,1.043841,1.04384133611691,1.04384133611691,,0.8326036949784997
0xdded2f67a49051d5a135f6c3c9b0a214319c09feef2abb84ae892f95f45e2fd5,38437768,1763664883,0xa7272afc21f9c321024ed93892a1abfeb621c374,0x6eecb7f6e85093ceadcad70562519233085c5f5c,0x7155f46c421ddf90ef8a51bd7e01d78b710f5974,1.043841,1.04384133611691,1.04384133611691,,0.8326036949784997
0x6e40865d05b38c1aa2cc325192f324bda1d4d6e7d9f3aec69357fd28d561a123,38437771,1763664889,0xa7272afc21f9c321024ed93892a1abfeb621c374,0xf1a3686f4d394e52d9fdf60132e46ebdcd231b01,0xe15c92e15851b03677a04a9324618ed44cd0a2ac,1.043841,1.04384133611691,1.04384133611691,,0.8326036949784997
0x0d4c7cb496e3e959d2e6d3f664bb7ad5c9db919b64fd2130281aeeadf2263aaf,38438041,1763665429,0xa7272afc21f9c321024ed93892a1abfeb621c374,0x6eecb7f6e85093ceadcad70562519233085c5f5c,0x7155f46c421ddf90ef8a51bd7e01d78b710f5974,1.043841,1.04384133611691,1.04384133611691,,0.8326036949784997
0xe924e0e0b098f198f80dce990fd681193896a24f5a201a02eaca982035522ac5,38438041,1763665429,0xa7272afc21f9c321024ed93892a1abfeb621c374,0x6eecb7f6e85093ceadcad70562519233085c5f5c,0xe15c92e15851b03677a04a9324618ed44cd0a2ac,1.043841,1.04384133611691,1.04384133611691,,0.8326036949784997
0x256598de017af1e9246f2daadd78a08532b6add2e9381b0e8f70297aeabc2400,38438052,1763665451,0xa7272afc21f9c321024ed93892a1abfeb621c374,0x00f231319f921a95284def641fd8274a8cb0e6ee,0x7155f46c421ddf90ef8a51bd7e01d78b710f5974,1.043841,1.04384133611691,1.04384133611691,,0.8326036949784997
0xeff54e024dd602f09c1fb408a3492ff451722107a3541da23df0c6abdc089b5f,38438192,1763665731,0xa7272afc21f9c321024ed93892a1abfeb621c374,0x00f231319f921a95284def641fd8274a8cb0e6ee,0xe15c92e15851b03677a04a9324618ed44cd0a2ac,1.043841,1.04384133611691,1.04384133611691,,0.8326036949784997
0x1b6fce035cba7ba4153dab7cac3baa3d98030cb71a5593833fd061bfdbcf565b,38438197,1763665741,0xa7272afc21f9c321024ed93892a1abfeb621c374,0x6eecb7f6e85093ceadcad70562519233085c5f5c,0x7155f46c421ddf90ef8a51bd7e01d78b710f5974,1.043841,1.04384133611691,1.04384133611691,,0.8326036949784997
0x3cadb014b2135bd569605c33e558103ada12d78ae5cc4559ad6f48846bc9aff5,38452080,1763693507,0xa7272afc21f9c321024ed93892a1abfeb621c374,0x6eecb7f6e85093ceadcad70562519233085c5f5c,0x7155f46c421ddf90ef8a51bd7e01d78b710f5974,1.043841,1.04384133611691,1.04384133611691,,0.8326036949784997
0xc1854956230196f3d086d8c9b9743fd92bc23e7572905be941f92d72e331f004,38452130,1763693607,0xa7272afc21f9c321024ed93892a1abfeb621c374,0x6eecb7f6e85093ceadcad70562519233085c5f5c,0x7155f46c421ddf90ef8a51bd7e01d78b710f5974,1.043841,1.04384133611691,1.04384133611691,,0.8326036949784997
0xde6a00d2f4dffe298ad6c927cdb77103bcbffc17a8e4bbd96ba21dcb818aff35,38452202,1763693751,0xa7272afc21f9c321024ed93892a1abfeb621c374,0x6eecb7f6e85093ceadcad70562519233085c5f5c,0x7155f46c421ddf90ef8a51bd7e01d78b710f5974,1.043841,1.04384133611691,1.04384133611691,,0.8326036949784997
0x93ca1fd7e4a9b10fcb8f6b53affa468da7ebfe020910768c591d56487bf4c0e3,38452620,1763694587,0xa7272afc21f9c321024ed93892a1abfeb621c374,0x6eecb7f6e85093ceadcad70562519233085c5f5c,0xe15c92e15851b03677a04a9324618ed44cd0a2ac,1.043841,1.04384133611691,1.04384133611691,,0.8326036949784997
0x98dd634d813749f21f0e9d5a152615facaf28ed3fde921a417ae30cf900ba1be,38452631,1763694609,0xa7272afc21f9c321024ed93892a1abfeb621c374,0x6eecb7f6e85093ceadcad70562519233085c5f5c,0xe15c92e15851b03677a04a9324618ed44cd0a2ac,1.043841,1.04384133611691,1.04384133611691,,0.8326036949784997
0xab162e00cf663dca16d709959f02dce5290ccaadb65ac968b0e65846d938f990,38452777,1763694901,0xa7272afc21f9c321024ed93892a1abfeb621c374,0x00f231319f921a95284def641fd8274a8cb0e6ee,0xe15c92e15851b03677a04a9324618ed44cd0a2ac,1.043841,1.04384133611691,1.04384133611691,,0.8326036949784997
0x683edfd62c4b6a756fa9a4837d268d29bc9c6aca825e41fcfb20d78b3ed0000f,38452867,1763695081,0xa7272afc21f9c321024ed93892a1abfeb621c374,0xf1a3686f4d394e52d9fdf60132e46ebdcd231b01,0xe15c92e15851b03677a04a9324618ed44cd0a2ac,1.043841,1.04384133611691,1.04384133611691,,0.8326036949784997
0x320038ea89673ced039f61b5249024d56fc1ef24bcaa75777b51715413d0e3f2,38452880,1763695107,0xa7272afc21f9c321024ed93892a1abfeb621c374,0x6eecb7f6e85093ceadcad70562519233085c5f5c,0x7155f46c421ddf90ef8a51bd7e01d78b710f5974,1.043841,1.04384133611691,1.04384133611691,,0.8326036949784997
0x6aa23a21a357aa2182aa62121e7eed0bd55ab41b5dcf29c9a10095763c481142,38453087,1763695521,0xa7272afc21f9c321024ed93892a1abfeb621c374,0x00f231319f921a95284def641fd8274a8cb0e6ee,0xe15c92e15851b03677a04a9324618ed44cd0a2ac,1.043841,1.04384133611691,1.04384133611691,,0.8326036949784997
0x26a55733e094f33104794bd269b65298be2822f4c104edaefeb036a95e336ec4,38453090,1763695527,0xa7272afc21f9c321024ed93892a1abfeb621c374,0x6eecb7f6e85093ceadcad70562519233085c5f5c,0x7155f46c421ddf90ef8a51bd7e01d78b710f5974,1.043841,1.04384133611691,1.04384133611691,,0.8326036949784997
0x4392f3864dd85273ae2d93ee62573355cfeccad763523e7c355800a7a4787ef6,38455133,1763699613,0xa7272afc21f9c321024ed93892a1abfeb621c374,0xf1a3686f4d394e52d9fdf60132e46ebdcd231b01,0xe15c92e15851b03677a04a9324618ed44cd0a2ac,1.043841,1.04384133611691,1.04384133611691,,0.8326036949784997
0x7e418a6ef8939525b6add37e8e1bf06a99742e60c5a3a0f36a41fedb88265974,38455150,1763699647,0xa7272afc21f9c321024ed93892a1abfeb621c374,0x6eecb7f6e85093ceadcad70562519233085c5f5c,0x7155f46c421ddf90ef8a51bd7e01d78b710f5974,1.043841,1.04384133611691,1.04384133611691,,0.8326036949784997
0x57e6f90c1541c2ecf0e6dfcf2f5bc6bda345d4eb7e2d48ac7876b8db7fd2bb72,38457816,1763704979,0xa517fe2cf559e1c37d4bb844770b089ab9227ae7,0x6eecb7f6e85093ceadcad70562519233085c5f5c,0x21376f9ea9b75358f3ce6138edec1515998cf930,1.126709,1.1267605633802817,1.1267605633802817,,0.5625919504874457
0xe9b96af520cc24e79ed3a1b2c556b1d4c4986cc40c518af4bb3c2d011c6b9a5b,38459564,1763708475,0xa517fe2cf559e1c37d4bb844770b089ab9227ae7,0x6eecb7f6e85093ceadcad70562519233085c5f5c,0x21376f9ea9b75358f3ce6138edec1515998cf930,1.126689,1.1267605633802817,1.1267605633802817,,0.5625919504874457
0xce568a4967c4c88fb6aaf68d7bf60aa49ea7f32efd647752e71296400880a259,38459804,1763708955,0xa7272afc21f9c321024ed93892a1abfeb621c374,0x6eecb7f6e85093ceadcad70562519233085c5f5c,0xe15c92e15851b03677a04a9324618ed44cd0a2ac,1.043841,1.04384133611691,1.04384133611691,,0.8326036949784997
0xb69ff291e18979d7d6c9194a124235d96a239a6ebfd7a9449a543989726ddb7b,38459815,1763708977,0xa7272afc21f9c321024ed93892a1abfeb621c374,0x6eecb7f6e85093ceadcad70562519233085c5f5c,0x7155f46c421ddf90ef8a51bd7e01d78b710f5974,1.043841,1.04384133611691,1.04384133611691,,0.8326036949784997
0x319764310ea5da76a164ee17a5894e974fa7a4eb226c9d5c81985f6091849bf6,38460195,1763709737,0xa7272afc21f9c321024ed93892a1abfeb621c374,0x6eecb7f6e85093ceadcad70562519233085c5f5c,0x7155f46c421ddf90ef8a51bd7e01d78b710f5974,1.043841,1.04384133611691,1.04384133611691,,0.8326036949784997
0xdd61a03f80755c6da1ba983db48a27fb3c74d8ad2809e111ba68b85540e469b5,38460214,1763709775,0xa7272afc21f9c321024ed93892a1abfeb621c374,0x6eecb7f6e85093ceadcad70562519233085c5f5c,0xe15c92e15851b03677a04a9324618ed44cd0a2ac,1.043841,1.04384133611691,1.04384133611691,,0.8326036949784997
0x33361a9e88bdd1349116be893d03a8c59e7b28535b3e194f94ad29604b109068,38460458,1763710263,0xa7272afc21f9c321024ed93892a1abfeb621c374,0x00f231319f921a95284def641fd8274a8cb0e6ee,0xe15c92e15851b03677a04a9324618ed44cd0a2ac,1.043841,1.04384133611691,1.04384133611691,,0.8326036949784997
0xde24b0fba9508eaba192f2dc74693003684f0aa0387be454bbcac43f99cb8a49,38460465,1763710277,0xa7272afc21f9c321024ed93892a1abfeb621c374,0x6eecb7f6e85093ceadcad70562519233085c5f5c,0x7155f46c421ddf90ef8a51bd7e01d78b710f5974,1.043841,1.04384133611691,1.04384133611691,,0.8326036949784997
0x8a32fc93f68907b5fbc170edaa88bf78cd13a096d82ba1aab8010366346a4e00,38460505,1763710357,0xa7272afc21f9c321024ed93892a1abfeb621c374,0x6eecb7f6e85093ceadcad70562519233085c5f5c,0x7155f46c421ddf90ef8a51bd7e01d78b710f5974,1.043841,1.04384133611691,1.04384133611691,,0.8326036949784997
0xc5fc198b6d87037dbfdec08b2ed476b2daf49b7046beb154844b4da777ec8e3e,38460507,1763710361,0xa7272afc21f9c321024ed93892a1abfeb621c374,0x00f231319f921a95284def641fd8274a8cb0e6ee,0xe15c92e15851b03677a04a9324618ed44cd0a2ac,1.043841,1.04384133611691,1.04384133611691,,0.8326036949784997
0x55f0b9e0202dd278f96da690e3affae88e4d22b39676494407737f743b35491f,38460535,1763710417,0xa7272afc21f9c321024ed93892a1abfeb621c374,0x6eecb7f6e85093ceadcad70562519233085c5f5c,0x7155f46c421ddf90ef8a51bd7e01d78b710f5974,1.043841,1.04384133611691,1.04384133611691,,0.8326036949784997
0xd9605ec537bbfe7ee47c3fc1184fe93994368fcd87cd9972152cc61f15b7f1f2,38460555,1763710457,0xa7272afc21f9c321024ed93892a1abfeb621c374,0x6eecb7f6e85093ceadcad70562519233085c5f5c,0x7155f46c421ddf90ef8a51bd7e01d78b710f5974,1.043841,1.04384133611691,1.04384133611691,,0.8326036949784997
0xc7ccbfadafcd4bcdf9f57eb214a38be3fc674883f80f6406f3e352ca80451c94,38460573,1763710493,0xa7272afc21f9c321024ed93892a1abfeb621c374,0xf1a3686f4d394e52d9fdf60132e46ebdcd231b01,0xe15c92e15851b03677a04a9324618ed44cd0a2ac,1.043841,1.04384133611691,1.04384133611691,,0.8326036949784997
0x8e2177a1161abc63923eb2173442ae0ad99d63eaa3a21930331e37afd77b95fe,38460587,1763710521,0xa7272afc21f9c321024ed93892a1abfeb621c374,0x6eecb7f6e85093ceadcad70562519233085c5f5c,0x7155f46c421ddf90ef8a51bd7e01d78b710f5974,1.043841,1.04384133611691,1.04384133611691,,0.8326036949784997
0x2bc453cb6ba1d890f345abdf9e57b20b34498c07c84a3ebdb4bfa3e102c11f84,38460607,1763710561,0xa7272afc21f9c321024ed93892a1abfeb621c374,0x6eecb7f6e85093ceadcad70562519233085c5f5c,0xbb64fcce5fa83f63afeb083a5d628095ec71b707,1.043841,1.04384133611691,1.04384133611691,,0.8326036949784997
0x4e059968eef867e155815cd4f0ce270280a03b089fbe03bedeadde0566429993,38460610,1763710567,0xa7272afc21f9c321024ed93892a1abfeb621c374,0x00f231319f921a95284def641fd8274a8cb0e6ee,0xe15c92e15851b03677a04a9324618ed44cd0a2ac,1.043841,1.04384133611691,1.04384133611691,,0.8326036949784997
0xd7c7d24e288046ff150dc96502f1bc04eb1365fba8078f14d1138da68d2064dc,38460657,1763710661,0xa7272afc21f9c321024ed93892a1abfeb621c374,0x6eecb7f6e85093ceadcad70562519233085c5f5c,0x5d53f21e4c7fdcf42f236a089c9b3a00a53d6d74,1.043841,1.04384133611691,1.04384133611691,,0.8326036949784997
0xe0f014ae843756b3de33e81d6785450eb2eb4262530f88c6846cde9f4d53f999,38460660,1763710667,0xa7272afc21f9c321024ed93892a1abfeb621c374,0xf1a3686f4d394e52d9fdf60132e46ebdcd231b01,0xe15c92e15851b03677a04a9324618ed44cd0a2ac,1.043841,1.04384133611691,1.04384133611691,,0.8326036949784997
0xf5a99b39d7e3491c5df7bd41c95cee0f50e38f33ea7021685cdb115d06510bce,38461457,1763712261,0xa517fe2cf559e1c37d4bb844770b089ab9227ae7,0x6eecb7f6e85093ceadcad70562519233085c5f5c,0x21376f9ea9b75358f3ce6138edec1515998cf930,1.126744,1.1267605633802817,1.1267605633802817,,0.5625919504874457
0x8a35fa043881fb6e4c64a5c50ded72bb74d5509c594a0a18e57bde8b1921716e,38463789,1763716925,0xa7272afc21f9c321024ed93892a1abfeb621c374,0xf1a3686f4d394e52d9fdf60132e46ebdcd231b01,0xbb64fcce5fa83f63afeb083a5d628095ec71b707,1.043841,1.04384133611691,1.04384133611691,,0.8326036949784997
0x8f8143c9f630ac21bd445f2f27abdd6fa0ed7509f77763feff7cab07061118b8,38463797,1763716941,0xa7272afc21f9c321024ed93892a1abfeb621c374,0xf1a3686f4d394e52d9fdf60132e46ebdcd231b01,0xe15c92e15851b03677a04a9324618ed44cd0a2ac,1.043841,1.04384133611691,1.04384133611691,,0.8326036949784997
0x00d88e50d803a9a5ecc5d3b3b5b2466ace5270d0d21941c4079a31b3719945ea,38463806,1763716959,0xa7272afc21f9c321024ed93892a1abfeb621c374,0x6eecb7f6e85093ceadcad70562519233085c5f5c,0x5d53f21e4c7fdcf42f236a089c9b3a00a53d6d74,1.043841,1.04384133611691,1.04384133611691,,0.8326036949784997
0xc698fd72ede19ac611e9e7c944c87347ec88efaf41ebf0ff0dc8223f28e2bdd8,38463879,1763717105,0xa7272afc21f9c321024ed93892a1abfeb621c374,0xf1a3686f4d394e52d9fdf60132e46ebdcd231b01,0xe15c92e15851b03677a04a9324618ed44cd0a2ac,1.043841,1.04384133611691,1.04384133611691,,0.8326036949784997
0x6d1f49d428e110786265d429e7b041f3898581a1c0c8aefa26b2c2d91321bc88,38463887,1763717121,0xa7272afc21f9c321024ed93892a1abfeb621c374,0x6eecb7f6e85093ceadcad70562519233085c5f5c,0x5d53f21e4c7fdcf42f236a089c9b3a00a53d6d74,1.043841,1.04384133611691,1.04384133611691,,0.8326036949784997
0xbe5ecf9ddd30fb16332f51c691637327ceb8d4c278c38ecd5cada22a50220551,38463889,1763717125,0xa7272afc21f9c321024ed93892a1abfeb621c374,0x00f231319f921a95284def641fd8274a8cb0e6ee,0xbb64fcce5fa83f63afeb083a5d628095ec71b707,1.043841,1.04384133611691,1.04384133611691,,0.8326036949784997
0xdd3806ef7cfab5572a330540bcfd0292031eac4bc7b0a5489a9fbc3e1700bff7,38463929,1763717205,0xa7272afc21f9c321024ed93892a1abfeb621c374,0x00f231319f921a95284def641fd8274a8cb0e6ee,0x5d53f21e4c7fdcf42f236a089c9b3a00a53d6d74,1.043841,1.04384133611691,1.04384133611691,,0.8326036949784997
0xa2b7bc57b1c9658c40bc9dcc4adf40aa35b376edd238711e37bec7debbee4b15,38463937,1763717221,0xa7272afc21f9c321024ed93892a1abfeb621c374,0xf1a3686f4d394e52d9fdf60132e46ebdcd231b01,0x76acdf57551d19b31c29557d92ca5982433ff169,1.043841,1.04384133611691,1.04384133611691,,0.8326036949784997
0x27d97b6b21244eb821ade2587fbefec13924a2d0a7939d53d053e8f672356d47,38463939,1763717225,0xa7272afc21f9c321024ed93892a1abfeb621c374,0xf1a3686f4d394e52d9fdf60132e46ebdcd231b01,0xe15c92e15851b03677a04a9324618ed44cd0a2ac,1.043841,1.04384133611691,1.04384133611691,,0.8326036949784997
0x5dbc7d4872d7de54639e7eb15fb5de8b5a70762a755bb85eb1cf7ed4243d534e,38463947,1763717241,0xa7272afc21f9c321024ed93892a1abfeb621c374,0x6eecb7f6e85093ceadcad70562519233085c5f5c,0xbb64fcce5fa83f63afeb083a5d628095ec71b707,1.043841,1.04384133611691,1.04384133611691,,0.8326036949784997
0xb82291f0ab83531aefe85d38053f5edfd056d2536253d5d0bd359cc9a2b55323,38464029,1763717405,0xa7272afc21f9c321024ed93892a1abfeb621c374,0x00f231319f921a95284def641fd8274a8cb0e6ee,0x76acdf57551d19b31c29557d92ca5982433ff169,1.043841,1.04384133611691,1.04384133611691,,0.8326036949784997
0x5cdf76fc211719f88a949a846c83822f688fa06ea4efc0e77cf5df368e709cf9,38464037,1763717421,0xa7272afc21f9c321024ed93892a1abfeb621c374,0x6eecb7f6e85093ceadcad70562519233085c5f5c,0xe15c92e15851b03677a04a9324618ed44cd0a2ac,1.043841,1.04384133611691,1.04384133611691,,0.8326036949784997
0xe14f456cff76d17ae5e4ada4e14cc471d597a0bc1b7c58f06a744efeb66a3b31,38464039,1763717425,0xa7272afc21f9c321024ed93892a1abfeb621c374,0x00f231319f921a95284def641fd8274a8cb0e6ee,0xbb64fcce5fa83f63afeb083a5d628095ec71b707,1.043841,1.04384133611691,1.04384133611691,,0.8326036949784997
0x31d5a7410d113a77b580b2c3bcef6021b0752efc4f813a81e01276a50cfaf585,38464057,1763717461,0xa7272afc21f9c321024ed93892a1abfeb621c374,0x6eecb7f6e85093ceadcad70562519233085c5f5c,0x5d53f21e4c7fdcf42f236a089c9b3a00a53d6d74,1.043841,1.04384133611691,1.04384133611691,,0.8326036949784997
0xbd6db8dc680e25d6bd1eae5f7f971833c7765ce077e83bda1fa4ff462b1ff183,38464069,1763717485,0xa7272afc21f9c321024ed93892a1abfeb621c374,0x00f231319f921a95284def641fd8274a8cb0e6ee,0x7155f46c421ddf90ef8a51bd7e01d78b710f5974,1.043841,1.04384133611691,1.04384133611691,,0.8326036949784997
0x8a47e96f05c025b1dbe8641510bb3017f6e64943a575bb1a96397cc868e9bbc4,38464077,1763717501,0xa7272afc21f9c321024ed93892a1abfeb621c374,0x6eecb7f6e85093ceadcad70562519233085c5f5c,0x5d53f21e4c7fdcf42f236a089c9b3a00a53d6d74,1.043841,1.04384133611691,1.04384133611691,,0.8326036949784997
0x985e2a55352ccd3b7173123621b27676d7b7b208b0e20287b2571b843d1e227c,38464082,1763717511,0xa7272afc21f9c321024ed93892a1abfeb621c374,0xf1a3686f4d394e52d9fdf60132e46ebdcd231b01,0x76acdf57551d19b31c29557d92ca5982433ff169,1.043841,1.04384133611691,1.04384133611691,,0.8326036949784997
0xbfc6fec5801004761be0f0fc5401d1f6b2258ad56a510e484502a9c05d593d2a,38464090,1763717527,0xa7272afc21f9c321024ed93892a1abfeb621c374,0xf1a3686f4d394e52d9fdf60132e46ebdcd231b01,0xbb64fcce5fa83f63afeb083a5d628095ec71b707,1.043841,1.04384133611691,1.04384133611691,,0.8326036949784997
0xe48a8951f2c01408197d46863b967a35ea97a184a509f43beab727dfe1bbb2f4,38464097,1763717541,0xa7272afc21f9c321024ed93892a1abfeb621c374,0xf1a3686f4d394e52d9fdf60132e46ebdcd231b01,0xe15c92e15851b03677a04a9324618ed44cd0a2ac,1.043841,1.04384133611691,1.04384133611691,,0.8326036949784997
0x7266901d17a03dd416386b8de8a57a7342bddb84680b205e49efce00fe693837,38464100,1763717547,0xa7272afc21f9c321024ed93892a1abfeb621c374,0xf1a3686f4d394e52d9fdf60132e46ebdcd231b01,0x76585fbba1eb984900eef32b48ec3560255c92d4,1.043841,1.04384133611691,1.04384133611691,,0.8326036949784997
0x1e23b82996081a94220ef5dc66bb0b21c8f509bd9821553a68978f0d696cf14b,38464107,1763717561,0xa7272afc21f9c321024ed93892a1abfeb621c374,0x6eecb7f6e85093ceadcad70562519233085c5f5c,0x7155f46c421ddf90ef8a51bd7e01d78b710f5974,1.043841,1.04384133611691,1.04384133611691,,0.8326036949784997
0xdee96211e12e92a3fc4747f1e4fb206054c3777231bf14585756d0428e4d1340,38464129,1763717605,0xa7272afc21f9c321024ed93892a1abfeb621c374,0x6eecb7f6e85093ceadcad70562519233085c5f5c,0xbb64fcce5fa83f63afeb083a5d628095ec71b707,1.043841,1.04384133611691,1.04384133611691,,0.8326036949784997
0x6eb458d94fcc1171433b2dacd18d1250664625a95ce6333de4b40aeb22c77e1a,38464142,1763717631,0xa7272afc21f9c321024ed93892a1abfeb621c374,0x6eecb7f6e85093ceadcad70562519233085c5f5c,0x5d53f21e4c7fdcf42f236a089c9b3a00a53d6d74,1.043841,1.04384133611691,1.04384133611691,,0.8326036949784997
0xbbf752ae5084bdb7669584edac08875e9649112a510bcd1a0127ac7e47255ce1,38464143,1763717633,0xa7272afc21f9c321024ed93892a1abfeb621c374,0xf1a3686f4d394e52d9fdf60132e46ebdcd231b01,0x76585fbba1eb984900eef32b48ec3560255c92d4,1.043841,1.04384133611691,1.04384133611691,,0.8326036949784997
0xda85c4ec47a9c9d7472100d8d3bf637f01971e6395429878d4f113f6c371e230,38464151,1763717649,0xa7272afc21f9c321024ed93892a1abfeb621c374,0x6eecb7f6e85093ceadcad70562519233085c5f5c,0xe15c92e15851b03677a04a9324618ed44cd0a2ac,1.043841,1.04384133611691,1.04384133611691,,0.8326036949784997
0x42f5007f60e8d01e790d0a8d155cdd7e9f9a630be5d7760e4d62f53f95521d27,38464154,1763717655,0xa7272afc21f9c321024ed93892a1abfeb621c374,0x00f231319f921a95284def641fd8274a8cb0e6ee,0x7155f46c421ddf90ef8a51bd7e01d78b710f5974,1.043841,1.04384133611691,1.04384133611691,,0.8326036949784997
0xecf85bfa03b3c884438f5c3b0a13e6c0b338e7001155bc457993239b8bd5d2d5,38464157,1763717661,0xa7272afc21f9c321024ed93892a1abfeb621c374,0x6eecb7f6e85093ceadcad70562519233085c5f5c,0x76acdf57551d19b31c29557d92ca5982433ff169,1.043841,1.04384133611691,1.04384133611691,,0.8326036949784997
0x99f419e5c69e8bafb19d826638cab02c50517b978e29abc59ec1ec90bf63b781,38464257,1763717861,0xa7272afc21f9c321024ed93892a1abfeb621c374,0x6eecb7f6e85093ceadcad70562519233085c5f5c,0x76585fbba1eb984900eef32b48ec3560255c92d4,1.043841,1.04384133611691,1.04384133611691,,0.8326036949784997
0xb3e16bb06b5c1cdf86b56063d2ab9b29ac123a2f3866dbd41a7fa7dac798b456,38464261,1763717869,0xa7272afc21f9c321024ed93892a1abfeb621c374,0x00f231319f921a95284def641fd8274a8cb0e6ee,0x76acdf57551d19b31c29557d92ca5982433ff169,1.043841,1.04384133611691,1.04384133611691,,0.8326036949784997
0x108becea11b6b52c3f16b7adf0e985a2618a458edaa57c093693d3c00773a39e,38464267,1763717881,0xa7272afc21f9c321024ed93892a1abfeb621c374,0x6eecb7f6e85093ceadcad70562519233085c5f5c,0xbb64fcce5fa83f63afeb083a5d628095ec71b707,1.043841,1.04384133611691,1.04384133611691,,0.8326036949784997
0x2661cd4a7ab5192c794ce9f71320b85fd065c5acaed2eb815dd180987b4add5f,38464271,1763717889,0xa7272afc21f9c321024ed93892a1abfeb621c374,0x00f231319f921a95284def641fd8274a8cb0e6ee,0x5d53f21e4c7fdcf42f236a089c9b3a00a53d6d74,1.043841,1.04384133611691,1.04384133611691,,0.8326036949784997
0x3c61fef6e35ecf9fd100030a17d31b6822be065530f0f7f88c70a93f519809d1,38464276,1763717899,0xa7272afc21f9c321024ed93892a1abfeb621c374,0x6eecb7f6e85093ceadcad70562519233085c5f5c,0xe15c92e15851b03677a04a9324618ed44cd0a2ac,1.043841,1.04384133611691,1.04384133611691,,0.8326036949784997
0xd1e2e236e6e53aa5753c5114c1141694785dba423f861720fd2afb01119b0315,38464281,1763717909,0xa7272afc21f9c321024ed93892a1abfeb621c374,0x00f231319f921a95284def641fd8274a8cb0e6ee,0x7155f46c421ddf90ef8a51bd7e01d78b710f5974,1.043841,1.04384133611691,1.04384133611691,,0.8326036949784997
0xbdc9131b0e36b374b8d22082895746bc25a07d5822f6cc7a024d5773b371232f,38464332,1763718011,0xa7272afc21f9c321024ed93892a1abfeb621c374,0x00f231319f921a95284def641fd8274a8cb0e6ee,0x76acdf57551d19b31c29557d92ca5982433ff169,1.043841,1.04384133611691,1.04384133611691,,0.8326036949784997
0x5e464aa0c7b425319abfe771d6a87acad1e87d17dda5b20bc4dd443ac874861c,38464336,1763718019,0xa7272afc21f9c321024ed93892a1abfeb621c374,0x6eecb7f6e85093ceadcad70562519233085c5f5c,0x7155f46c421ddf90ef8a51bd7e01d78b710f5974,1.043841,1.04384133611691,1.04384133611691,,0.8326036949784997
0xb5c53facf272402363939cae0a342473c3fe0c6da2b3c9d238d89f6836d7e5db,38464341,1763718029,0xa7272afc21f9c321024ed93892a1abfeb621c374,0x00f231319f921a95284def641fd8274a8cb0e6ee,0x5d53f21e4c7fdcf42f236a089c9b3a00a53d6d74,1.043841,1.04384133611691,1.04384133611691,,0.8326036949784997
0x909b87bebc998856f1800043eb751038331e4001314601f917447ffbbe1eae7b,38464347,1763718041,0xa7272afc21f9c321024ed93892a1abfeb621c374,0x6eecb7f6e85093ceadcad70562519233085c5f5c,0x5d53f21e4c7fdcf42f236a089c9b3a00a53d6d74,1.043841,1.04384133611691,1.04384133611691,,0.8326036949784997
0x0eb758bbd99ae12c1bbcb4e79819b4c12030b8e29e4b4ca256f1c6b72b7e5731,38464351,1763718049,0xa7272afc21f9c321024ed93892a1abfeb621c374,0x00f231319f921a95284def641fd8274a8cb0e6ee,0xbb64fcce5fa83f63afeb083a5d628095ec71b707,1.043841,1.04384133611691,1.04384133611691,,0.8326036949784997
0x9ecad151d4e083892c7275c0b2626a8210fa7943e94f0cac0b28c9932c1b07ab,38464357,1763718061,0xa7272afc21f9c321024ed93892a1abfeb621c374,0xf1a3686f4d394e52d9fdf60132e46ebdcd231b01,0xe15c92e15851b03677a04a9324618ed44cd0a2ac,1.043841,1.04384133611691,1.04384133611691,,0.8326036949784997
0xc8e53a382dca186aba615b660495d09a8791d42b6738154a43612eea2550cfcf,38464362,1763718071,0xa7272afc21f9c321024ed93892a1abfeb621c374,0x00f231319f921a95284def641fd8274a8cb0e6ee,0x7155f46c421ddf90ef8a51bd7e01d78b710f5974,1.043841,1.04384133611691,1.04384133611691,,0.8326036949784997
0x2b62316153e7999fab887115c520f8b44b7ebb527da38ddaf1890b9f84f50e38,38464367,1763718081,0xa7272afc21f9c321024ed93892a1abfeb621c374,0x6eecb7f6e85093ceadcad70562519233085c5f5c,0x76acdf57551d19b31c29557d92ca5982433ff169,1.043841,1.04384133611691,1.04384133611691,,0.8326036949784997
0x042457ff2c99ed0cd8ad7c8e3bebda7e40cc4eaed1a9a22ea0c0549d169b7041,38464371,1763718089,0xa7272afc21f9c321024ed93892a1abfeb621c374,0x00f231319f921a95284def641fd8274a8cb0e6ee,0x76585fbba1eb984900eef32b48ec3560255c92d4,1.043841,1.04384133611691,1.04384133611691,,0.8326036949784997
0x60c0938f11e5b58f266b8879ff03255c388897b811190bee9b4a35658035476b,38464407,1763718161,0xa7272afc21f9c321024ed93892a1abfeb621c374,0xf1a3686f4d394e52d9fdf60132e46ebdcd231b01,0xe15c92e15851b03677a04a9324618ed44cd0a2ac,1.043841,1.04384133611691,1.04384133611691,,0.8326036949784997
0x44846968448e25b1ddaade135767c46ac96331cc4f3564af32edda9d0306665e,38464411,1763718169,0xa7272afc21f9c321024ed93892a1abfeb621c374,0x00f231319f921a95284def641fd8274a8cb0e6ee,0x5d53f21e4c7fdcf42f236a089c9b3a00a53d6d74,1.043841,1.04384133611691,1.04384133611691,,0.8326036949784997
0x57bc5b4c94b3c5ec79c1e9521a927fec26b154a0418a0ec3b35f35e5c001f78f,38464416,1763718179,0xa7272afc21f9c321024ed93892a1abfeb621c374,0x6eecb7f6e85093ceadcad70562519233085c5f5c,0x76acdf57551d19b31c29557d92ca5982433ff169,1.043841,1.04384133611691,1.04384133611691,,0.8326036949784997
0x14614bb91899ba315f72892cb9961df05b38a4ffbd6d7a885db37dcf67d2a1a8,38464421,1763718189,0xa7272afc21f9c321024ed93892a1abfeb621c374,0x00f231319f921a95284def641fd8274a8cb0e6ee,0x76585fbba1eb984900eef32b48ec3560255c92d4,1.043841,1.04384133611691,1.04384133611691,,0.8326036949784997
0x9ade9cd3e16f72a940286b44892b240a361eaad58639c10de20ee8eec03fe64a,38464427,1763718201,0xa7272afc21f9c321024ed93892a1abfeb621c374,0xf1a3686f4d394e52d9fdf60132e46ebdcd231b01,0xbb64fcce5fa83f63afeb083a5d628095ec71b707,1.043841,1.04384133611691,1.04384133611691,,0.8326036949784997
0xa3f84f72fcd278de6518bade3075f9391c55064ac6bc683ddc2347b7fa366bc3,38464431,1763718209,0xa7272afc21f9c321024ed93892a1abfeb621c374,0x00f231319f921a95284def641fd8274a8cb0e6ee,0x7155f46c421ddf90ef8a51bd7e01d78b710f5974,1.043841,1.04384133611691,1.04384133611691,,0.8326036949784997
0xa053bc2cc42f7bff7f0767ab2b1f77a3def3a8e998f993419270ecedfb7c9ce1,38464707,1763718761,0xa7272afc21f9c321024ed93892a1abfeb621c374,0x6eecb7f6e85093ceadcad70562519233085c5f5c,0xbb64fcce5fa83f63afeb083a5d628095ec71b707,1.043841,1.04384133611691,1.04384133611691,,0.8326036949784997
0x957fa4000c577bcc3cde1293e3715674ec86b84a21f360515cefbbf47196d36a,38464711,1763718769,0xa7272afc21f9c321024ed93892a1abfeb621c374,0x00f231319f921a95284def641fd8274a8cb0e6ee,0x5d53f21e4c7fdcf42f236a089c9b3a00a53d6d74,1.043841,1.04384133611691,1.04384133611691,,0.8326036949784997
0x2dfa35a64a428269a526516fa2404acc9c03113b3f309da8e699842b825ad575,38464717,1763718781,0xa7272afc21f9c321024ed93892a1abfeb621c374,0xf1a3686f4d394e52d9fdf60132e46ebdcd231b01,0xe15c92e15851b03677a04a9324618ed44cd0a2ac,1.043841,1.04384133611691,1.04384133611691,,0.8326036949784997
0x38d4d18a5f9e89992184aadd99800eeb087904f0e83ddbc5d09575ec355810da,38464721,1763718789,0xa7272afc21f9c321024ed93892a1abfeb621c374,0x00f231319f921a95284def641fd8274a8cb0e6ee,0x76585fbba1eb984900eef32b48ec3560255c92d4,1.043841,1.04384133611691,1.04384133611691,,0.8326036949784997
0x5b94bc2b632747cd1b232a5f32bcc0e586f33bb8526bfdc6782b366c083721b3,38464727,1763718801,0xa7272afc21f9c321024ed93892a1abfeb621c374,0xf1a3686f4d394e52d9fdf60132e46ebdcd231b01,0x76acdf57551d19b31c29557d92ca5982433ff169,1.043841,1.04384133611691,1.04384133611691,,0.8326036949784997
0x956ee854071894b79d0a46ae2b5d1e7793b4083beb1cd58a859503d41c689e13,38464731,1763718809,0xa7272afc21f9c321024ed93892a1abfeb621c374,0x00f231319f921a95284def641fd8274a8cb0e6ee,0x7155f46c421ddf90ef8a51bd7e01d78b710f5974,1.043841,1.04384133611691,1.04384133611691,,0.8326036949784997
0x17d993c2e4c1904938822b141016f9ca51a17604c2ac12effe0edd806c337e92,38464767,1763718881,0xa7272afc21f9c321024ed93892a1abfeb621c374,0x6eecb7f6e85093ceadcad70562519233085c5f5c,0xbb64fcce5fa83f63afeb083a5d628095ec71b707,1.043841,1.04384133611691,1.04384133611691,,0.8326036949784997
0x1df2a4459af2433ab1e305f9f621507b35e44dfa0f34c21d1ad57e106fdbcba4,38464771,1763718889,0xa7272afc21f9c321024ed93892a1abfeb621c374,0xf1a3686f4d394e52d9fdf60132e46ebdcd231b01,0xe15c92e15851b03677a04a9324618ed44cd0a2ac,1.043841,1.04384133611691,1.04384133611691,,0.8326036949784997
0xb982999fdabefd1d957df32c3146a38902a4cb1302e11620ab534311d172d57c,38464777,1763718901,0xa7272afc21f9c321024ed93892a1abfeb621c374,0x6eecb7f6e85093ceadcad70562519233085c5f5c,0x7155f46c421ddf90ef8a51bd7e01d78b710f5974,1.043841,1.04384133611691,1.04384133611691,,0.8326036949784997
0x3e71e5645543e43f9591f11313393b73356637862b28b9742d009321622886d0,38464807,1763718961,0xa7272afc21f9c321024ed93892a1abfeb621c374,0xf1a3686f4d394e52d9fdf60132e46ebdcd231b01,0x76585fbba1eb984900eef32b48ec3560255c92d4,1.043841,1.04384133611691,1.04384133611691,,0.8326036949784997
0x895f988f8b4e6a997fc2e950d85be9be34c1f7a2ac03589ee33676d626abea57,38464816,1763718979,0xa7272afc21f9c321024ed93892a1abfeb621c374,0x6eecb7f6e85093ceadcad70562519233085c5f5c,0x76acdf57551d19b31c29557d92ca5982433ff169,1.043841,1.04384133611691,1.04384133611691,,0.8326036949784997
0x7705095e1056dc4944b4d5a2c40310283faf6045f14fbcc8f4f17f5a065309be,38464947,1763719241,0xa7272afc21f9c321024ed93892a1abfeb621c374,0x6eecb7f6e85093ceadcad70562519233085c5f5c,0x5d53f21e4c7fdcf42f236a089c9b3a00a53d6d74,1.043841,1.04384133611691,1.04384133611691,,0.8326036949784997
0x9c256208c47151857f772b9d7a20ae8068e8fb9d9de336f03f24635b71ed4253,38464951,1763719249,0xa7272afc21f9c321024ed93892a1abfeb621c374,0x00f231319f921a95284def641fd8274a8cb0e6ee,0xbb64fcce5fa83f63afeb083a5d628095ec71b707,1.043841,1.04384133611691,1.04384133611691,,0.8326036949784997
0xfb5c69fe5da8d4526f21689268d1b916e250e6f9910bacee3951cf5a1267cc4e,38464957,1763719261,0xa7272afc21f9c321024ed93892a1abfeb621c374,0xf1a3686f4d394e52d9fdf60132e46ebdcd231b01,0x76acdf57551d19b31c29557d92ca5982433ff169,1.043841,1.04384133611691,1.04384133611691,,0.8326036949784997
0x9f119cc1ba86181ac3e911e6b75ec2daa4c3b37aae838b7f81bede64f6c0b7e9,38464961,1763719269,0xa7272afc21f9c321024ed93892a1abfeb621c374,0x00f231319f921a95284def641fd8274a8cb0e6ee,0xe15c92e15851b03677a04a9324618ed44cd0a2ac,1.043841,1.04384133611691,1.04384133611691,,0.8326036949784997
0x4c1b701ce94598285110ce31e8288c6563548b4dd3e2f23ccead0f3767d64f66,38464966,1763719279,0xa7272afc21f9c321024ed93892a1abfeb621c374,0xf1a3686f4d394e52d9fdf60132e46ebdcd231b01,0x76585fbba1eb984900eef32b48ec3560255c92d4,1.043841,1.04384133611691,1.04384133611691,,0.8326036949784997
0x438784a21bbd84ebf1ddd629f2ec480a599e89990d6edb08665980e88bb0e0ba,38464971,1763719289,0xa7272afc21f9c321024ed93892a1abfeb621c374,0x00f231319f921a95284def641fd8274a8cb0e6ee,0x7155f46c421ddf90ef8a51bd7e01d78b710f5974,1.043841,1.04384133611691,1.04384133611691,,0.8326036949784997
0x2b81d0a4014599c574ba2d1b801189142487c90a3c5c793c4141c48cfbf7db55,38465032,1763719411,0xa7272afc21f9c321024ed93892a1abfeb621c374,0x00f231319f921a95284def641fd8274a8cb0e6ee,0x76585fbba1eb984900eef32b48ec3560255c92d4,1.045309,1.04384133611691,1.04384133611691,,0.8326036949784997
0x4dc949f1ef38f2924518aa856d70b354ab75218ec97f0a987d2019587c1b562a,38465045,1763719437,0xa7272afc21f9c321024ed93892a1abfeb621c374,0xf1a3686f4d394e52d9fdf60132e46ebdcd231b01,0xe15c92e15851b03677a04a9324618ed44cd0a2ac,1.043841,1.04384133611691,1.04384133611691,,0.8326036949784997
0xed8002de90fd8ab4b74b41d6ed7af3a2fa4b635b2aa262c817712e5d98955e29,38465047,1763719441,0xa7272afc21f9c321024ed93892a1abfeb621c374,0x6eecb7f6e85093ceadcad70562519233085c5f5c,0x5d53f21e4c7fdcf42f236a089c9b3a00a53d6d74,1.046179,1.04384133611691,1.04384133611691,,0.8326036949784997
0x0dc3847a5954a2078ca6308e88180012fef1ac29d01c53b850326f4400fa5cab,38465049,1763719445,0xa7272afc21f9c321024ed93892a1abfeb621c374,0xf1a3686f4d394e52d9fdf60132e46ebdcd231b01,0x76acdf57551d19b31c29557d92ca5982433ff169,1.043841,1.04384133611691,1.04384133611691,,0.8326036949784997
0x532d3e3fea7e7575506919de357516cdcec91791a92e5abf6b661d5833210062,38465052,1763719451,0xa7272afc21f9c321024ed93892a1abfeb621c374,0x00f231319f921a95284def641fd8274a8cb0e6ee,0x76585fbba1eb984900eef32b48ec3560255c92d4,1.043841,1.04384133611691,1.04384133611691,,0.8326036949784997
0x2e92aa00e1c77246557e4871eebf5a497b2d35f9b81ab51a8d6aa8d2db35a477,38465057,1763719461,0xa7272afc21f9c321024ed93892a1abfeb621c374,0x6eecb7f6e85093ceadcad70562519233085c5f5c,0xe15c92e15851b03677a04a9324618ed44cd0a2ac,1.043841,1.04384133611691,1.04384133611691,,0.8326036949784997
0x5c2927fd8836e4c084c5e7ded5f4de080861e47e8dce39097447c1b639e31566,38465061,1763719469,0xa7272afc21f9c321024ed93892a1abfeb621c374,0x00f231319f921a95284def641fd8274a8cb0e6ee,0xbb64fcce5fa83f63afeb083a5d628095ec71b707,1.043841,1.04384133611691,1.04384133611691,,0.8326036949784997
0x4585a33f73f16b844a20be0766487ba7bc87424f949c4d9bd942d334ee5d4692,38465067,1763719481,0xa7272afc21f9c321024ed93892a1abfeb621c374,0x6eecb7f6e85093ceadcad70562519233085c5f5c,0x7155f46c421ddf90ef8a51bd7e01d78b710f5974,1.043841,1.04384133611691,1.04384133611691,,0.8326036949784997
0x6d538022193ecf30d4feabd4b79a705a84555d9b27527fd555f369547c7be29e,38465071,1763719489,0xa7272afc21f9c321024ed93892a1abfeb621c374,0xf1a3686f4d394e52d9fdf60132e46ebdcd231b01,0x76acdf57551d19b31c29557d92ca5982433ff169,1.043841,1.04384133611691,1.04384133611691,,0.8326036949784997
0x6958bf4f9780fe1e482ebd83fe17b7e9526e3b3dd6c859711daf69f95961359d,38465171,1763719689,0xa7272afc21f9c321024ed93892a1abfeb621c374,0x00f231319f921a95284def641fd8274a8cb0e6ee,0x76a4ce359529414b15b68466970e7b4235b46b94,1.043841,1.04384133611691,1.04384133611691,,0.8326036949784997
0xa2565b3e505fe92beeb4e953c61674ce441308b846f17b928683f7e2ffae08dc,38465176,1763719699,0xa7272afc21f9c321024ed93892a1abfeb621c374,0x6eecb7f6e85093ceadcad70562519233085c5f5c,0x76acdf57551d19b31c29557d92ca5982433ff169,1.043841,1.04384133611691,1.04384133611691,,0.8326036949784997
0x0f0b8b732fa3585d607baf3ef24e2ecbe0ee061e669f9ba79df7ac7737705287,38465181,1763719709,0xa7272afc21f9c321024ed93892a1abfeb621c374,0x00f231319f921a95284def641fd8274a8cb0e6ee,0x7155f46c421ddf90ef8a51bd7e01d78b710f5974,1.043841,1.04384133611691,1.04384133611691,,0.8326036949784997
0x47a027060fe225ac172781d52f78d55acc72be856e403ae859710c5e53a214a9,38465502,1763720351,0xa7272afc21f9c321024ed93892a1abfeb621c374,0x00f231319f921a95284def641fd8274a8cb0e6ee,0x5d53f21e4c7fdcf42f236a089c9b3a00a53d6d74,1.043841,1.04384133611691,1.04384133611691,,0.8326036949784997
0x546742d161761d1705f9e9df96f0a72b55e88c25cfa88ff0a8571119b484c5d7,38466517,1763722381,0xa517fe2cf559e1c37d4bb844770b089ab9227ae7,0x6eecb7f6e85093ceadcad70562519233085c5f5c,0x21376f9ea9b75358f3ce6138edec1515998cf930,1.126699,1.1267605633802817,1.1267605633802817,,0.5625919504874457
0xf9e6008e549ea90096d3e432ab271522ee701dbf3db09be420bb52ae098c3c9a,38469180,1763727707,0xa7272afc21f9c321024ed93892a1abfeb621c374,0x6eecb7f6e85093ceadcad70562519233085c5f5c,0x76585fbba1eb984900eef32b48ec3560255c92d4,1.043841,1.04384133611691,1.04384133611691,,0.8326036949784997
0xb02cc521549797ec38e52729690811b84f2aab7de7b3f4c1be25e4122a5926fd,38469201,1763727749,0xa7272afc21f9c321024ed93892a1abfeb621c374,0xf1a3686f4d394e52d9fdf60132e46ebdcd231b01,0xbb64fcce5fa83f63afeb083a5d628095ec71b707,1.043841,1.04384133611691,1.04384133611691,,0.8326036949784997
0x9011c09f158bc7542778ea26101a1caff3d389fb9a73b5dbe9a93b4220bf19ae,38496998,1763783343,0xa517fe2cf559e1c37d4bb844770b089ab9227ae7,0x6eecb7f6e85093ceadcad70562519233085c5f5c,0x21376f9ea9b75358f3ce6138edec1515998cf930,1.126599,1.1267605633802817,1.1267605633802817,,0.5625919504874457
0xfbb3989a71d5f8ec5da228811743329426d6255b6abd4c78de3d5a1f561e3748,38497569,1763784485,0xa517fe2cf559e1c37d4bb844770b089ab9227ae7,0x6eecb7f6e85093ceadcad70562519233085c5f5c,0x21376f9ea9b75358f3ce6138edec1515998cf930,1.12662,1.1267605633802817,1.1267605633802817,,0.5625919504874457
0x746348abd48cc8b1c5ee49bc13a7c3dec133b631f427b7bff520c9b5fe510dc5,38498078,1763785503,0xa517fe2cf559e1c37d4bb844770b089ab9227ae7,0x6eecb7f6e85093ceadcad70562519233085c5f5c,0x21376f9ea9b75358f3ce6138edec1515998cf930,1.126696,1.1267605633802817,1.1267605633802817,,0.5625919504874457
0x63a9bb3be7c72c42fec5a30d51af7284f78e8a355276108dc3acb991510f6835,38510093,1763809533,0x9ca1dad919221d920b889aacf3023a5cea23165f,0x6eecb7f6e85093ceadcad70562519233085c5f5c,0x9bd9e6d058373699e0b2787e55d92cc90980ef48,1.043841,1.04384133611691,1.04384133611691,,0.8326036949784997
0x6f2beb3f48de5d1bb41738abd154d90e9aa43547eb23b7c5d7e1a5e9e409b053,38881068,1764551483,0xa517fe2cf559e1c37d4bb844770b089ab9227ae7,0x6eecb7f6e85093ceadcad70562519233085c5f5c,0x21376f9ea9b75358f3ce6138edec1515998cf930,1.126711,1.1267605633802817,1.1267605633802817,,0.5625919504874457
0xe7c221e51ccae169e53350afc4fa9b11f8cc647fde3c3114353fd3dd4fa29ba4,38885229,1764559805,0xa517fe2cf559e1c37d4bb844770b089ab9227ae7,0x6eecb7f6e85093ceadcad70562519233085c5f5c,0x21376f9ea9b75358f3ce6138edec1515998cf930,1.12667,1.1267605633802817,1.1267605633802817,,0.5625919504874457
0xab31a369a687565078487e208ee36d5c16038b3163976093038222851c78ffa7,38885398,1764560143,0xa7272afc21f9c321024ed93892a1abfeb621c374,0x6eecb7f6e85093ceadcad70562519233085c5f5c,0xe15c92e15851b03677a04a9324618ed44cd0a2ac,1.043841,1.04384133611691,1.04384133611691,,0.8326036949784997
0xb2a8c9ab7a2d6aa9cb3da41054fde7043b671c529aefc0a80a64d618c238c3e4,38886252,1764561851,0xa7272afc21f9c321024ed93892a1abfeb621c374,0x00f231319f921a95284def641fd8274a8cb0e6ee,0xe15c92e15851b03677a04a9324618ed44cd0a2ac,1.043841,1.04384133611691,1.04384133611691,,0.8326036949784997
0x36f58fd31cfe2923fde83c62a21c79c84bb92dc41480fa8bc46c46d88a520b1c,38886452,1764562251,0xa7272afc21f9c321024ed93892a1abfeb621c374,0x00f231319f921a95284def641fd8274a8cb0e6ee,0xe15c92e15851b03677a04a9324618ed44cd0a2ac,1.043841,1.04384133611691,1.04384133611691,,0.8326036949784997
0xa83ca60fc81eac5ff849fc34d44192fb11cd011456ce4a55bd60a4bb95661964,38886572,1764562491,0xa7272afc21f9c321024ed93892a1abfeb621c374,0xf1a3686f4d394e52d9fdf60132e46ebdcd231b01,0xe15c92e15851b03677a04a9324618ed44cd0a2ac,1.043841,1.04384133611691,1.04384133611691,,0.8326036949784997
0x8718aef0528e0190b38fcf5372e6ce0c2bca88d24d855dc02264cce0d84d2954,38886608,1764562563,0xa517fe2cf559e1c37d4bb844770b089ab9227ae7,0x6eecb7f6e85093ceadcad70562519233085c5f5c,0x21376f9ea9b75358f3ce6138edec1515998cf930,1.126664,1.1267605633802817,1.1267605633802817,,0.5625919504874457
0x20f19bc1238bcee22ecb36b27fd6138feb2472a6297be97a56c25edf78f240bf,38886642,1764562631,0xa7272afc21f9c321024ed93892a1abfeb621c374,0x00f231319f921a95284def641fd8274a8cb0e6ee,0xe15c92e15851b03677a04a9324618ed44cd0a2ac,1.043841,1.04384133611691,1.04384133611691,,0.8326036949784997
0x67d1bd5d24ec41a064ef4d9e3009a8277f0b09daf5a21d978645af93f75888db,38886838,1764563023,0xa7272afc21f9c321024ed93892a1abfeb621c374,0x6eecb7f6e85093ceadcad70562519233085c5f5c,0xe15c92e15851b03677a04a9324618ed44cd0a2ac,1.043841,1.04384133611691,1.04384133611691,,0.8326036949784997
0xcc7ec9636329abce80c3e91206111605f74b047c6b4c884f2b8977c8988076e5,38886942,1764563231,0xa7272afc21f9c321024ed93892a1abfeb621c374,0xf1a3686f4d394e52d9fdf60132e46ebdcd231b01,0xe15c92e15851b03677a04a9324618ed44cd0a2ac,1.043841,1.04384133611691,1.04384133611691,,0.8326036949784997
0xa015625288d73c8740b22939fadd71247ca46fdf007f768b2446e5f8acf5d0e1,38888172,1764565691,0xa7272afc21f9c321024ed93892a1abfeb621c374,0x00f231319f921a95284def641fd8274a8cb0e6ee,0xe15c92e15851b03677a04a9324618ed44cd0a2ac,1.043841,1.04384133611691,1.04384133611691,,0.8326036949784997
0xeca2da3505f4f35a0566aa47e9bf573aaedbf925e1e9e3b9919a9bbe38e7dc3f,38899719,1764588785,0xa517fe2cf559e1c37d4bb844770b089ab9227ae7,0x6eecb7f6e85093ceadcad70562519233085c5f5c,0x21376f9ea9b75358f3ce6138edec1515998cf930,1.126581,1.1267605633802817,1.1267605633802817,,0.5625919504874457
0xddc3335aec81ec0b2cd9ad7b9e7f53536c3788384324e6a869c074e0cc2a596b,38900468,1764590283,0xa517fe2cf559e1c37d4bb844770b089ab9227ae7,0x6eecb7f6e85093ceadcad70562519233085c5f5c,0x21376f9ea9b75358f3ce6138edec1515998cf930,1.126617,1.1267605633802817,1.1267605633802817,,0.5625919504874457
0x17a649daa73e3ff74f9eb02557a96041c1ac4a7b81a906c3be32d3d0faae010f,38900799,1764590945,0xa517fe2cf559e1c37d4bb844770b089ab9227ae7,0x6eecb7f6e85093ceadcad70562519233085c5f5c,0x21376f9ea9b75358f3ce6138edec1515998cf930,1.126663,1.1267605633802817,1.1267605633802817,,0.5625919504874457
0xf528946588ce921808c6525095c62a3fd20e85f42bf325d5076ad463ee6cf812,38901739,1764592825,0xa517fe2cf559e1c37d4bb844770b089ab9227ae7,0x6eecb7f6e85093ceadcad70562519233085c5f5c,0x21376f9ea9b75358f3ce6138edec1515998cf930,1.126676,1.1267605633802817,1.1267605633802817,,0.5625919504874457
0xcf2223f0ae7c1c64d021227e3e35c68b85c1bde090fa965ca7097d9a71e4b119,38906389,1764602125,0xa7272afc21f9c321024ed93892a1abfeb621c374,0x6eecb7f6e85093ceadcad70562519233085c5f5c,0xe15c92e15851b03677a04a9324618ed44cd0a2ac,1.043841,1.04384133611691,1.04384133611691,,0.8326036949784997
0x502028324841206c4787357eb515cd59157036134308663a2ba068c11ff2bce1,38906418,1764602183,0xa7272afc21f9c321024ed93892a1abfeb621c374,0x6eecb7f6e85093ceadcad70562519233085c5f5c,0xe15c92e15851b03677a04a9324618ed44cd0a2ac,1.043841,1.04384133611691,1.04384133611691,,0.8326036949784997
0xa804e3862ab6e00a8667fa1e51a10ffd466c676304ff67b68cf76ebedfb8c47f,38906589,1764602525,0xa7272afc21f9c321024ed93892a1abfeb621c374,0x6eecb7f6e85093ceadcad70562519233085c5f5c,0xe15c92e15851b03677a04a9324618ed44cd0a2ac,1.043841,1.04384133611691,1.04384133611691,,0.8326036949784997
0x342e5d1f6506b15ee952d213efccece104e661418eef19f44e82fab52cf3604e,38906702,1764602751,0xa7272afc21f9c321024ed93892a1abfeb621c374,0x00f231319f921a95284def641fd8274a8cb0e6ee,0xe15c92e15851b03677a04a9324618ed44cd0a2ac,1.043841,1.04384133611691,1.04384133611691,,0.8326036949784997
0x0cc48cfe00b34c0636a1bcef1cf0b54454a3a1282a4398f8332ae652587a1b3b,38906748,1764602843,0xa7272afc21f9c321024ed93892a1abfeb621c374,0x6eecb7f6e85093ceadcad70562519233085c5f5c,0xe15c92e15851b03677a04a9324618ed44cd0a2ac,1.043841,1.04384133611691,1.04384133611691,,0.8326036949784997
0x718b32d6d14d4c94150d34b98b4c3185c3046916a62b242e93d4ff49e02cee11,38906829,1764603005,0xa7272afc21f9c321024ed93892a1abfeb621c374,0x6eecb7f6e85093ceadcad70562519233085c5f5c,0xe15c92e15851b03677a04a9324618ed44cd0a2ac,1.043841,1.04384133611691,1.04384133611691,,0.8326036949784997
0xbe6e57796f853ab7e61638ce6620811369eba1570a241f091733345dfb0b5c5f,38906899,1764603145,0xa7272afc21f9c321024ed93892a1abfeb621c374,0xf1a3686f4d394e52d9fdf60132e46ebdcd231b01,0xe15c92e15851b03677a04a9324618ed44cd0a2ac,1.043841,1.04384133611691,1.04384133611691,,0.8326036949784997
0xfb689bb0d2b61de4affe5283792e5c2e2d581eceebcb407997b15cf05684d37d,38906922,1764603191,0xa7272afc21f9c321024ed93892a1abfeb621c374,0x00f231319f921a95284def641fd8274a8cb0e6ee,0xe15c92e15851b03677a04a9324618ed44cd0a2ac,1.043841,1.04384133611691,1.04384133611691,,0.8326036949784997
0x465807a7ea071bf7184dc280991d62b1242fabf0a737b5e70e947bd370daa713,38906972,1764603291,0xa7272afc21f9c321024ed93892a1abfeb621c374,0x00f231319f921a95284def641fd8274a8cb0e6ee,0xe15c92e15851b03677a04a9324618ed44cd0a2ac,1.043841,1.04384133611691,1.04384133611691,,0.8326036949784997
0x8ba7f4e8c3510ad0412037584830b14ccf8255ddcfe0ad61bc0d1af2f25c1194,38907019,1764603385,0xa7272afc21f9c321024ed93892a1abfeb621c374,0x6eecb7f6e85093ceadcad70562519233085c5f5c,0xe15c92e15851b03677a04a9324618ed44cd0a2ac,1.043841,1.04384133611691,1.04384133611691,,0.8326036949784997
0x66048b3bba273b023ffae4d77dcde2797fba596a352525c9af3e2b0577ea95b5,38907109,1764603565,0xa7272afc21f9c321024ed93892a1abfeb621c374,0xf1a3686f4d394e52d9fdf60132e46ebdcd231b01,0xe15c92e15851b03677a04a9324618ed44cd0a2ac,1.043841,1.04384133611691,1.04384133611691,,0.8326036949784997
0x3592a4f800cd3969bba2d9ffe6b285767a24bfc0e3b9f3e1ab9f91ddf79554e6,38907159,1764603665,0xa7272afc21f9c321024ed93892a1abfeb621c374,0xf1a3686f4d394e52d9fdf60132e46ebdcd231b01,0xe15c92e15851b03677a04a9324618ed44cd0a2ac,1.043841,1.04384133611691,1.04384133611691,,0.8326036949784997
0xb0d23746438a499ee6c3f9046718b08310421e0dab18d395ff995c66ebef1c66,38907189,1764603725,0xa7272afc21f9c321024ed93892a1abfeb621c374,0xf1a3686f4d394e52d9fdf60132e46ebdcd231b01,0xe15c92e15851b03677a04a9324618ed44cd0a2ac,1.043841,1.04384133611691,1.04384133611691,,0.8326036949784997
0x0737869a601cf1dfa7d3c92ea27328ce1013a04b8c8b0df3db3c7cd241382e8e,38907218,1764603783,0xa7272afc21f9c321024ed93892a1abfeb621c374,0x6eecb7f6e85093ceadcad70562519233085c5f5c,0xe15c92e15851b03677a04a9324618ed44cd0a2ac,1.043841,1.04384133611691,1.04384133611691,,0.8326036949784997
0x81ef83013c2cfd0bf3cd9224dff3cc6cd3bb584dba59e3dd7cd6f9c63f0239e1,38907229,1764603805,0xa7272afc21f9c321024ed93892a1abfeb621c374,0x6eecb7f6e85093ceadcad70562519233085c5f5c,0xe15c92e15851b03677a04a9324618ed44cd0a2ac,1.043841,1.04384133611691,1.04384133611691,,0.8326036949784997
0x5e4f104981018c1f8cac57022b963b3fee0fc064cd065132cbcebed3ce9f9a43,38908708,1764606763,0xa517fe2cf559e1c37d4bb844770b089ab9227ae7,0x6eecb7f6e85093ceadcad70562519233085c5f5c,0x21376f9ea9b75358f3ce6138edec1515998cf930,1.12669,1.1267605633802817,1.1267605633802817,,0.5625919504874457
0x65c00bf9475c0d469d715e71f3636f0d528804587dd3b04690510487e90d37ea,39479728,1765748803,0xa517fe2cf559e1c37d4bb844770b089ab9227ae7,0x6eecb7f6e85093ceadcad70562519233085c5f5c,0x21376f9ea9b75358f3ce6138edec1515998cf930,1.126585,1.1267605633802817,1.1267605633802817,,0.5625919504874457
0xfcc4f90f65cff7f284b1662f88d7e64d042e00b3f61ce2d2061b61aef446d67e,39482718,1765754783,0xa517fe2cf559e1c37d4bb844770b089ab9227ae7,0x6eecb7f6e85093ceadcad70562519233085c5f5c,0x21376f9ea9b75358f3ce6138edec1515998cf930,1.126626,1.1267605633802817,1.1267605633802817,,0.5625919504874457
0xd99a088292783b7dd25a2e7d16ac177f4376bfa5fed87def44f916fae95f8bde,39507341,1765804029,0xa517fe2cf559e1c37d4bb844770b089ab9227ae7,0x6eecb7f6e85093ceadcad70562519233085c5f5c,0x21376f9ea9b75358f3ce6138edec1515998cf930,1.126682,1.1267605633802817,1.1267605633802817,,0.5625919504874457
0xc5f56dc0471e43b3e00429996ef387dd85c92f7398b335870fb4491f215aef68,39512491,1765814329,0xa517fe2cf559e1c37d4bb844770b089ab9227ae7,0x6eecb7f6e85093ceadcad70562519233085c5f5c,0x21376f9ea9b75358f3ce6138edec1515998cf930,1.126723,1.1267605633802817,1.1267605633802817,,0.5625919504874457
0x2b21b82ee04ca7ab30c39f7e544a83a1fc07f9915fcd9414eecdb2bbeb769b33,39513669,1765816685,0xa7272afc21f9c321024ed93892a1abfeb621c374,0x47db543bbe440e3d46bd89bb85ffe117c36cb113,0xe15c92e15851b03677a04a9324618ed44cd0a2ac,1.043841,1.04384133611691,1.04384133611691,,0.8326036949784997
0xd2a746fee1b98ecbd8292ecc0967e783f1614f0cc12f0d7d7a15fa579656ee31,39513669,1765816685,0xa7272afc21f9c321024ed93892a1abfeb621c374,0x47db543bbe440e3d46bd89bb85ffe117c36cb113,0xe15c92e15851b03677a04a9324618ed44cd0a2ac,1.043841,1.04384133611691,1.04384133611691,,0.8326036949784997
0xf57980f049320c57b8c3d7d8f2c714be4f360443785574fee27fae852641d3ef,39513671,1765816689,0xa7272afc21f9c321024ed93892a1abfeb621c374,0x47db543bbe440e3d46bd89bb85ffe117c36cb113,0xe15c92e15851b03677a04a9324618ed44cd0a2ac,1.043841,1.04384133611691,1.04384133611691,,0.8326036949784997
0xabb959b780f0b67f83e84bd6bd1ef4d7c696f7d726980df1ca4df21954dc1f6a,39513769,1765816885,0xa7272afc21f9c321024ed93892a1abfeb621c374,0x00f231319f921a95284def641fd8274a8cb0e6ee,0x3322f75d3914a52153f39cdc29d7315202bce9cd,1.043841,1.04384133611691,1.04384133611691,,0.8326036949784997
0xdb9ea4497ec9f55122a29ccd45137ed53e9e48549343bcb3e3ec5cb809ad9a7d,39513782,1765816911,0xa7272afc21f9c321024ed93892a1abfeb621c374,0x00f231319f921a95284def641fd8274a8cb0e6ee,0x3322f75d3914a52153f39cdc29d7315202bce9cd,1.04384,1.04384133611691,1.04384133611691,,0.8326036949784997
0x0b51343a730c92ea2cc208ccb72565ce499421a055f91ae9c76ad31db364af24,39513792,1765816931,0xa7272afc21f9c321024ed93892a1abfeb621c374,0x00f231319f921a95284def641fd8274a8cb0e6ee,0x3322f75d3914a52153f39cdc29d7315202bce9cd,1.043841,1.04384133611691,1.04384133611691,,0.8326036949784997
0x986eb6ac21235a53ad078075a56bc2317f3596420ecc611ab030417d0d62ea0f,39513832,1765817011,0xa7272afc21f9c321024ed93892a1abfeb621c374,0x00f231319f921a95284def641fd8274a8cb0e6ee,0x3322f75d3914a52153f39cdc29d7315202bce9cd,1.043841,1.04384133611691,1.04384133611691,,0.8326036949784997
0xafc9bc167ab5992124ca57b1d6aa0807cf1dd42f8f870a3d02e5c9418377bbfb,39514833,1765819013,0xa7272afc21f9c321024ed93892a1abfeb621c374,0x00f231319f921a95284def641fd8274a8cb0e6ee,0x3322f75d3914a52153f39cdc29d7315202bce9cd,1.043839,1.04384133611691,1.04384133611691,,0.8326036949784997
0x968bd16205bcbc9b6de9276c061e4aca56cca5515c7e46f6763e9f69c22137aa,39515323,1765819993,0xa7272afc21f9c321024ed93892a1abfeb621c374,0x6eecb7f6e85093ceadcad70562519233085c5f5c,0x3322f75d3914a52153f39cdc29d7315202bce9cd,1.043841,1.04384133611691,1.04384133611691,,0.8326036949784997
0x971e43d6cb50ccfc653a33e98490baaa071fefb46fabde440af66990b54be47c,39515400,1765820147,0xa7272afc21f9c321024ed93892a1abfeb621c374,0x6c3dbf81cf5159a1d7de697324bc1e571c9ee53b,0x3322f75d3914a52153f39cdc29d7315202bce9cd,1.043841,1.04384133611691,1.04384133611691,,0.8326036949784997
0x5be8dff7924fdb79b8e5272605bf69f0af659fb4ab822bb78e5fa59c9c7318c1,39515530,1765820407,0xa7272afc21f9c321024ed93892a1abfeb621c374,0x6c3dbf81cf5159a1d7de697324bc1e571c9ee53b,0x3322f75d3914a52153f39cdc29d7315202bce9cd,1.04384,1.04384133611691,1.04384133611691,,0.8326036949784997
0xac99ce9d7c10cdc7058ed276bcb2803098ecb2f7d54e579b179b696eee252bd0,39515880,1765821107,0xa7272afc21f9c321024ed93892a1abfeb621c374,0x6c3dbf81cf5159a1d7de697324bc1e571c9ee53b,0x3322f75d3914a52153f39cdc29d7315202bce9cd,1.043839,1.04384133611691,1.04384133611691,,0.8326036949784997
0x62e3f7caa0d6866c23081ecfaa5d08e449c1fe0e7085787ac1d051bb6e911bbf,39516949,1765823245,0xa7272afc21f9c321024ed93892a1abfeb621c374,0x00f231319f921a95284def641fd8274a8cb0e6ee,0x3322f75d3914a52153f39cdc29d7315202bce9cd,1.04384,1.04384133611691,1.04384133611691,,0.8326036949784997
0x933b6e8c0be071a3f274cf9f45cd2a79a151738c1829d07ae5d00348590e58f7,39517062,1765823471,0xa7272afc21f9c321024ed93892a1abfeb621c374,0x6eecb7f6e85093ceadcad70562519233085c5f5c,0x3322f75d3914a52153f39cdc29d7315202bce9cd,1.043841,1.04384133611691,1.04384133611691,,0.8326036949784997
0x258f8e06bd3abe0058d656853423a62f6cc21c5f513b8c7cd992706c6b087af5,39517181,1765823709,0xa7272afc21f9c321024ed93892a1abfeb621c374,0x6eecb7f6e85093ceadcad70562519233085c5f5c,0x3322f75d3914a52153f39cdc29d7315202bce9cd,1.043841,1.04384133611691,1.04384133611691,,0.8326036949784997
0x6306b77b91dc8e8b558eedb5adff3ac829e336b5ade3c958ac66fb820060dbf0,39517742,1765824831,0xa517fe2cf559e1c37d4bb844770b089ab9227ae7,0x6eecb7f6e85093ceadcad70562519233085c5f5c,0x21376f9ea9b75358f3ce6138edec1515998cf930,1.126702,1.1267605633802817,1.1267605633802817,,0.5625919504874457
0xd38a080ce878ad2dd1fcdb2faab40fb1c3e4c208c6c1ea051ce5895ef8ac6180,39587460,1765964267,0xa517fe2cf559e1c37d4bb844770b089ab9227ae7,0x6eecb7f6e85093ceadcad70562519233085c5f5c,0x21376f9ea9b75358f3ce6138edec1515998cf930,1.126609,1.1267605633802817,1.1267605633802817,,0.5625919504874457
0x673c06f9cc49803932ce06caaf681fbbef0d5d6cfd5a92499ff27321efa1b68a,39605719,1766000785,0xa517fe2cf559e1c37d4bb844770b089ab9227ae7,0x6eecb7f6e85093ceadcad70562519233085c5f5c,0x21376f9ea9b75358f3ce6138edec1515998cf930,1.126682,1.1267605633802817,1.1267605633802817,,0.5625919504874457
0xa34e053a1e3fb79bc2c41ca09461095374fac51f66c98050e910d102597fce51,39612218,1766013783,0xa517fe2cf559e1c37d4bb844770b089ab9227ae7,0x6eecb7f6e85093ceadcad70562519233085c5f5c,0x21376f9ea9b75358f3ce6138edec1515998cf930,1.126695,1.1267605633802817,1.1267605633802817,,0.5625919504874457
0x2e6583fdf3abb1f3a342ad60a422f1bf2f9b6a62729941b26b66a2ce2ecaf86d,39625474,1766040295,0xa517fe2cf559e1c37d4bb844770b089ab9227ae7,0x6eecb7f6e85093ceadcad70562519233085c5f5c,0x21376f9ea9b75358f3ce6138edec1515998cf930,1.126628,1.1267605633802817,1.1267605633802817,,0.5625919504874457
0x766b63af2c5bd08ce2689c30d2dc68d5a5c722840dee9eaf2e4a3d05c0605f7b,39648042,1766085431,0xa7272afc21f9c321024ed93892a1abfeb621c374,0x00f231319f921a95284def641fd8274a8cb0e6ee,0x3322f75d3914a52153f39cdc29d7315202bce9cd,1.043839,1.04384133611691,1.04384133611691,,0.8326036949784997
0x076dc7275e091eede613ea5a57c4774d838b76de522bc6c83e185e80118bbfb4,39648652,1766086651,0xa7272afc21f9c321024ed93892a1abfeb621c374,0x6eecb7f6e85093ceadcad70562519233085c5f5c,0x3322f75d3914a52153f39cdc29d7315202bce9cd,1.043839,1.04384133611691,1.04384133611691,,0.8326036949784997
0x1f9658850d66dce9b2b4742ac648299ab33c2b6fa90b989fe5fa72150afa3441,39648702,1766086751,0xa7272afc21f9c321024ed93892a1abfeb621c374,0x6eecb7f6e85093ceadcad70562519233085c5f5c,0x3322f75d3914a52153f39cdc29d7315202bce9cd,1.043841,1.04384133611691,1.04384133611691,,0.8326036949784997
0x2662b95119b683ff0dd472ab3ef610aa886b18e53183a5589d86541345addc28,39648772,1766086891,0xa7272afc21f9c321024ed93892a1abfeb621c374,0x6eecb7f6e85093ceadcad70562519233085c5f5c,0x3322f75d3914a52153f39cdc29d7315202bce9cd,1.043841,1.04384133611691,1.04384133611691,,0.8326036949784997
0x25534fa9898ec9589b7ec9822603f9e79f1d0ba92273750c99e4d7e4da278932,39648778,1766086903,0xa7272afc21f9c321024ed93892a1abfeb621c374,0x47db543bbe440e3d46bd89bb85ffe117c36cb113,0xe15c92e15851b03677a04a9324618ed44cd0a2ac,1.043841,1.04384133611691,1.04384133611691,,0.8326036949784997
0xea7153e0c242dd053d1c8cc5e2899306d0275e7b59b27f138100ce6ceb457490,39648778,1766086903,0xa7272afc21f9c321024ed93892a1abfeb621c374,0x47db543bbe440e3d46bd89bb85ffe117c36cb113,0xe15c92e15851b03677a04a9324618ed44cd0a2ac,1.043841,1.04384133611691,1.04384133611691,,0.8326036949784997
0xf4e10170c08e7069234f3f7f5bbc91c85ed5ae87ea27338f27b79ea1cf433897,39648784,1766086915,0xa7272afc21f9c321024ed93892a1abfeb621c374,0x47db543bbe440e3d46bd89bb85ffe117c36cb113,0xe15c92e15851b03677a04a9324618ed44cd0a2ac,1.043841,1.04384133611691,1.04384133611691,,0.8326036949784997
0x12a8851287f6149e3c8d4936bdeefb9e04bf804b05211620ad33625742ba68ff,39648792,1766086931,0xa7272afc21f9c321024ed93892a1abfeb621c374,0x00f231319f921a95284def641fd8274a8cb0e6ee,0x3322f75d3914a52153f39cdc29d7315202bce9cd,1.043841,1.04384133611691,1.04384133611691,,0.8326036949784997
0x116c5acd5bec33ced856e15a0e2fd0ae0ce73c7caef7e764a83ab936d045e015,39648829,1766087005,0xa7272afc21f9c321024ed93892a1abfeb621c374,0x47db543bbe440e3d46bd89bb85ffe117c36cb113,0xe15c92e15851b03677a04a9324618ed44cd0a2ac,1.045438,1.04384133611691,1.04384133611691,,0.8326036949784997
0x28526c022d61ee06e729c34d6177c6131633dc23dbf598ad91107a674374062c,39648832,1766087011,0xa7272afc21f9c321024ed93892a1abfeb621c374,0x00f231319f921a95284def641fd8274a8cb0e6ee,0x3322f75d3914a52153f39cdc29d7315202bce9cd,1.043838,1.04384133611691,1.04384133611691,,0.8326036949784997
0x94263d2ae0bd23ac28af30c9f3928d52bdd90bdf6f6eb5336df41bbd8457fbf7,39648909,1766087165,0xa7272afc21f9c321024ed93892a1abfeb621c374,0x47db543bbe440e3d46bd89bb85ffe117c36cb113,0xe15c92e15851b03677a04a9324618ed44cd0a2ac,1.043841,1.04384133611691,1.04384133611691,,0.8326036949784997
0x35640afe4bcb9ef2f089327a144d54e918e2c6aa7b931469939d282fff273348,39648935,1766087217,0xa7272afc21f9c321024ed93892a1abfeb621c374,0x00f231319f921a95284def641fd8274a8cb0e6ee,0x3322f75d3914a52153f39cdc29d7315202bce9cd,1.043841,1.04384133611691,1.04384133611691,,0.8326036949784997
0x6f44554dae75e6113bc81e39037f9b208dcf8c0abe63c2dde060dd9ae5d3b749,39648955,1766087257,0xa7272afc21f9c321024ed93892a1abfeb621c374,0x00f231319f921a95284def641fd8274a8cb0e6ee,0xe15c92e15851b03677a04a9324618ed44cd0a2ac,1.043841,1.04384133611691,1.04384133611691,,0.8326036949784997
0xa24655c3be49d952bed50f19ee13e824f76cc3ef1bc096cbf3a0c0e7d2a9b1d9,39648966,1766087279,0xa7272afc21f9c321024ed93892a1abfeb621c374,0x00f231319f921a95284def641fd8274a8cb0e6ee,0x3322f75d3914a52153f39cdc29d7315202bce9cd,1.043841,1.04384133611691,1.04384133611691,,0.8326036949784997
0x333fc7600071322a2c32946f0e4449f1db67dc8de3d776f19d732ca95d9f54c8,39649105,1766087557,0xa7272afc21f9c321024ed93892a1abfeb621c374,0x6eecb7f6e85093ceadcad70562519233085c5f5c,0x3322f75d3914a52153f39cdc29d7315202bce9cd,1.043839,1.04384133611691,1.04384133611691,,0.8326036949784997
0xce3be7f95e434e33b2e2aefe91973d5625363968485d6c1d57ee58c293767239,39649849,1766089045,0xa517fe2cf559e1c37d4bb844770b089ab9227ae7,0x6eecb7f6e85093ceadcad70562519233085c5f5c,0x21376f9ea9b75358f3ce6138edec1515998cf930,1.126685,1.1267605633802817,1.1267605633802817,,0.5625919504874457
0xcd31716afb57abac26aa94c38a8b3a49844e23c858b3dc8c111528f27a3f9d0f,39659833,1766109013,0xa517fe2cf559e1c37d4bb844770b089ab9227ae7,0x6eecb7f6e85093ceadcad70562519233085c5f5c,0x21376f9ea9b75358f3ce6138edec1515998cf930,1.126657,1.1267605633802817,1.1267605633802817,,0.5625919504874457
0x07a1cfdd6c48d41b83539615c56ff39bf6a1ed55f7004d03103aaef400402a97,40133613,1767056573,0xa517fe2cf559e1c37d4bb844770b089ab9227ae7,0x6eecb7f6e85093ceadcad70562519233085c5f5c,0x21376f9ea9b75358f3ce6138edec1515998cf930,1.126647,1.1267605633802817,1.1267605633802817,,0.5625919504874457
0x48dc43547670ec1d4a3a9ae87d2e1af230394e1a3fe7b9e38a9241e5ee67dcb2,40165632,1767120611,0xa517fe2cf559e1c37d4bb844770b089ab9227ae7,0xc02f05150f62fd79f7a8ecf1efe4fee3b749be33,0x21376f9ea9b75358f3ce6138edec1515998cf930,1.126501,1.1267605633802817,1.1267605633802817,,0.5625919504874457
0x5ade144c8b8314c099ed2a80b00696caded3c08c1edd47beea3278fc86b2556c,40167167,1767123681,0xa517fe2cf559e1c37d4bb844770b089ab9227ae7,0x6eecb7f6e85093ceadcad70562519233085c5f5c,0x21376f9ea9b75358f3ce6138edec1515998cf930,1.126651,1.1267605633802817,1.1267605633802817,,0.5625919504874457
0xc4bc7820ef61a46117e5c27ddb032b87e3e40023c7890edee9b228b07191f44f,40205778,1767200903,0xa517fe2cf559e1c37d4bb844770b089ab9227ae7,0x6eecb7f6e85093ceadcad70562519233085c5f5c,0x21376f9ea9b75358f3ce6138edec1515998cf930,1.126695,1.1267605633802817,1.1267605633802817,,0.5625919504874457
0x17998cd0a1be2597f104dc73da1d3d545b2a58a78454dc7ef7b70b82f1b6a404,40207899,1767205145,0xa517fe2cf559e1c37d4bb844770b089ab9227ae7,0x6eecb7f6e85093ceadcad70562519233085c5f5c,0x21376f9ea9b75358f3ce6138edec1515998cf930,1.126658,1.1267605633802817,1.1267605633802817,,0.5625919504874457
0xf58eb6f2945ac61ce87b0142e874ea2a4950bfeb59d06ce0d707eabaf55146b0,40547090,1767883527,0x9231db26a7a7a2bc81abb13331edae458b2871b6,0xf634c3fa09e78590addcef89c7b6d68e30aade40,0x2feb12b34a09cac2a518e51e4044a46800ee8ca7,1.043841,1.04384133611691,1.04384133611691,,0.8326036949784997
0xdaf344d3b28bf67f919aa9d389648e79859eadf14cddf05e0862d77471af5ba5,40946556,1768682459,0xa7272afc21f9c321024ed93892a1abfeb621c374,0xf634c3fa09e78590addcef89c7b6d68e30aade40,0xc0a2f5096d5ddb2f05cae5c793ad1493a28d5321,1.04384,1.04384133611691,1.04384133611691,,0.8326036949784997
0x983906a62739afebd0e46b1d412fab92221aec74052d61f9f188cef7ce1f8400,41054477,1768898301,0xa7272afc21f9c321024ed93892a1abfeb621c374,0xe5dddd7a7e5c9f0374ec02d246c9b9e2ce85c75d,0x76acdf57551d19b31c29557d92ca5982433ff169,1.0452,1.04384133611691,1.04384133611691,,0.8326036949784997
0xfa95c82981480a46b7843dc3f515e0dcde981b02cf09fa98ae8fa1abe3952a75,41065570,1768920487,0xa7272afc21f9c321024ed93892a1abfeb621c374,0xe5dddd7a7e5c9f0374ec02d246c9b9e2ce85c75d,0x76acdf57551d19b31c29557d92ca5982433ff169,1.043841,1.04384133611691,1.04384133611691,,0.8326036949784997
0x18e809847ba9467b0fbb1ee17d78614253520cdd4047662182aa2984dd42e5bf,41065629,1768920605,0xa7272afc21f9c321024ed93892a1abfeb621c374,0xe5dddd7a7e5c9f0374ec02d246c9b9e2ce85c75d,0x76acdf57551d19b31c29557d92ca5982433ff169,1.043841,1.04384133611691,1.04384133611691,,0.8326036949784997
0x0899739e1be0884f5b5c81676e24977f9c3ed6653f0fe57d8f077fdda6a6ca93,41065643,1768920633,0xa7272afc21f9c321024ed93892a1abfeb621c374,0xab67a08d053115256008149362da8baca79fae28,0x76acdf57551d19b31c29557d92ca5982433ff169,1.043841,1.04384133611691,1.04384133611691,,0.8326036949784997
0x79a667e60efe9904ac9d4c1ca388140f6b2c699f5d693bcabb5681b9e46bfec9,41066072,1768921491,0xa7272afc21f9c321024ed93892a1abfeb621c374,0xe5dddd7a7e5c9f0374ec02d246c9b9e2ce85c75d,0x76acdf57551d19b31c29557d92ca5982433ff169,1.043841,1.04384133611691,1.04384133611691,,0.8326036949784997
0x26eac9e72cac4c3d1f7c65eaf1a9b4523f8cedd307e10f8d6b8c5338cef55686,41066187,1768921721,0xa7272afc21f9c321024ed93892a1abfeb621c374,0xe5dddd7a7e5c9f0374ec02d246c9b9e2ce85c75d,0x76acdf57551d19b31c29557d92ca5982433ff169,1.043841,1.04384133611691,1.04384133611691,,0.8326036949784997
0x23f9bdfea6ab0fedee9132fbfe0f52cb211c1a1361958bb23d88d4cae893c815,41066227,1768921801,0xa7272afc21f9c321024ed93892a1abfeb621c374,0x74513519689b1fb427747624a4dd87b3849d39cd,0x76acdf57551d19b31c29557d92ca5982433ff169,1.043841,1.04384133611691,1.04384133611691,,0.8326036949784997
0x23f9bdfea6ab0fedee9132fbfe0f52cb211c1a1361958bb23d88d4cae893c815,41066227,1768921801,0xa7272afc21f9c321024ed93892a1abfeb621c374,0x74513519689b1fb427747624a4dd87b3849d39cd,0x76acdf57551d19b31c29557d92ca5982433ff169,1.043841,1.04384133611691,1.04384133611691,,0.8326036949784997
0x23f9bdfea6ab0fedee9132fbfe0f52cb211c1a1361958bb23d88d4cae893c815,41066227,1768921801,0xa7272afc21f9c321024ed93892a1abfeb621c374,0x74513519689b1fb427747624a4dd87b3849d39cd,0x76acdf57551d19b31c29557d92ca5982433ff169,1.043841,1.04384133611691,1.04384133611691,,0.8326036949784997
0x23f9bdfea6ab0fedee9132fbfe0f52cb211c1a1361958bb23d88d4cae893c815,41066227,1768921801,0xa7272afc21f9c321024ed93892a1abfeb621c374,0x74513519689b1fb427747624a4dd87b3849d39cd,0x76acdf57551d19b31c29557d92ca5982433ff169,1.043841,1.04384133611691,1.04384133611691,,0.8326036949784997
0x23f9bdfea6ab0fedee9132fbfe0f52cb211c1a1361958bb23d88d4cae893c815,41066227,1768921801,0xa7272afc21f9c321024ed93892a1abfeb621c374,0x74513519689b1fb427747624a4dd87b3849d39cd,0x76acdf57551d19b31c29557d92ca5982433ff169,1.043841,1.04384133611691,1.04384133611691,,0.8326036949784997
0x23f9bdfea6ab0fedee9132fbfe0f52cb211c1a1361958bb23d88d4cae893c815,41066227,1768921801,0xa7272afc21f9c321024ed93892a1abfeb621c374,0x74513519689b1fb427747624a4dd87b3849d39cd,0x76acdf57551d19b31c29557d92ca5982433ff169,1.043841,1.04384133611691,1.04384133611691,,0.8326036949784997
0x7ca76e68d44e145c3c38bcde99c58a98801fb85cf8c39d994754a8b437007b3b,41067575,1768924497,0x9231db26a7a7a2bc81abb13331edae458b2871b6,0xf634c3fa09e78590addcef89c7b6d68e30aade40,0x562587ded3b3edc9b72cb771255e8003e49dd932,1.043835,1.04384133611691,1.04384133611691,,0.8326036949784997
0x97b321cd7f2c3db2e156c92156fa958300722881c98f6de148041ec4f2486208,41068987,1768927321,0x9231db26a7a7a2bc81abb13331edae458b2871b6,0x69d609f59d53ba707c5ab0eae1ae753e3ae6f54d,0x562587ded3b3edc9b72cb771255e8003e49dd932,1.043836,1.04384133611691,1.04384133611691,,0.8326036949784997
0xa8eab86b3ded052d6b7d84ab15b06583b02ebcf5653ffd39ddb74842c3e87291,41070307,1768929961,0x9231db26a7a7a2bc81abb13331edae458b2871b6,0xf634c3fa09e78590addcef89c7b6d68e30aade40,0x562587ded3b3edc9b72cb771255e8003e49dd932,1.043836,1.04384133611691,1.04384133611691,,0.8326036949784997
0xecdd90081ce6b80104091e2552f70e743396d47b76799b194c6ee7cdef8686fc,41071102,1768931551,0x9231db26a7a7a2bc81abb13331edae458b2871b6,0x69d609f59d53ba707c5ab0eae1ae753e3ae6f54d,0x562587ded3b3edc9b72cb771255e8003e49dd932,1.043838,1.04384133611691,1.04384133611691,,0.8326036949784997
0xa8e86e647df2bc386a6c4ed9fa8e5d01334d4c781233bd103a6cc37843722162,41079372,1768948091,0x9231db26a7a7a2bc81abb13331edae458b2871b6,0xf634c3fa09e78590addcef89c7b6d68e30aade40,0x562587ded3b3edc9b72cb771255e8003e49dd932,1.04383,1.04384133611691,1.04384133611691,,0.8326036949784997
0xc516a5a3bf1efdc15447c907f489d270e50c4aaaf9c9e3a054e6f7e124b066e9,41079581,1768948509,0x9231db26a7a7a2bc81abb13331edae458b2871b6,0x6c3dbf81cf5159a1d7de697324bc1e571c9ee53b,0x562587ded3b3edc9b72cb771255e8003e49dd932,1.04384,1.04384133611691,1.04384133611691,,0.8326036949784997
0x3eb1ea782d81e395176f6bd12211d6aac90ad6be91e101b4130739ac96e67c45,41080872,1768951091,0x9231db26a7a7a2bc81abb13331edae458b2871b6,0x69d609f59d53ba707c5ab0eae1ae753e3ae6f54d,0x562587ded3b3edc9b72cb771255e8003e49dd932,1.04383,1.04384133611691,1.04384133611691,,0.8326036949784997
0x3f21fdf0ce114e3639b9e47c4416f1d5b1c87154f360380f71eb445423468181,41082664,1768954675,0x9231db26a7a7a2bc81abb13331edae458b2871b6,0x69d609f59d53ba707c5ab0eae1ae753e3ae6f54d,0x562587ded3b3edc9b72cb771255e8003e49dd932,1.043835,1.04384133611691,1.04384133611691,,0.8326036949784997
0x03d47b2051203d33645312e5f237a1c11e0e89ce1980ecf5ab843e62e76d19fe,41082877,1768955101,0x9231db26a7a7a2bc81abb13331edae458b2871b6,0x69d609f59d53ba707c5ab0eae1ae753e3ae6f54d,0x562587ded3b3edc9b72cb771255e8003e49dd932,1.043824,1.04384133611691,1.04384133611691,,0.8326036949784997
0x742d30643c60c4a512b7acbfb1b8fc68bafdebd1dd1ab7cf2bf1d816141938cb,41104774,1768998895,0x9231db26a7a7a2bc81abb13331edae458b2871b6,0x69d609f59d53ba707c5ab0eae1ae753e3ae6f54d,0x562587ded3b3edc9b72cb771255e8003e49dd932,1.043793,1.04384133611691,1.04384133611691,,0.8326036949784997
0x027aeba84986541c2c5ecebe0e5efb64c2a93237a032b1b881d8b068fec781ec,41112152,1769013651,0x9231db26a7a7a2bc81abb13331edae458b2871b6,0x69d609f59d53ba707c5ab0eae1ae753e3ae6f54d,0x562587ded3b3edc9b72cb771255e8003e49dd932,1.043829,1.04384133611691,1.04384133611691,,0.8326036949784997
0x7c1ddd89d1865a76fd5ee6bc8174dcd67d28f74a41482db91eb998955375a0f2,41112527,1769014401,0x9231db26a7a7a2bc81abb13331edae458b2871b6,0x69d609f59d53ba707c5ab0eae1ae753e3ae6f54d,0x562587ded3b3edc9b72cb771255e8003e49dd932,1.043824,1.04384133611691,1.04384133611691,,0.8326036949784997
0x9e0eb8d33e5843cb72dbdd54e8645e654f39c32e1c1acabb404a2e49984af55e,41113729,1769016805,0x9231db26a7a7a2bc81abb13331edae458b2871b6,0x00f231319f921a95284def641fd8274a8cb0e6ee,0x562587ded3b3edc9b72cb771255e8003e49dd932,1.043839,1.04384133611691,1.04384133611691,,0.8326036949784997
0xbfdac224db196b1c9770c9a1bd4fed6c8029ac3e67a0d23f330527a520228ceb,41287902,1769365151,0x9231db26a7a7a2bc81abb13331edae458b2871b6,0x00f231319f921a95284def641fd8274a8cb0e6ee,0x562587ded3b3edc9b72cb771255e8003e49dd932,1.043837,1.04384133611691,1.04384133611691,,0.8326036949784997
0x730a58b3236350d3f06f4d88892087721660e34863b86dd3ac9859e762235fb0,41289376,1769368099,0x9231db26a7a7a2bc81abb13331edae458b2871b6,0x00f231319f921a95284def641fd8274a8cb0e6ee,0x562587ded3b3edc9b72cb771255e8003e49dd932,1.043838,1.04384133611691,1.04384133611691,,0.8326036949784997
0x1f015b7c07fb93e581eec63e055be0fe977fe7b7df1f7f8aea9a8dc4536f1864,41291143,1769371633,0x9231db26a7a7a2bc81abb13331edae458b2871b6,0x00f231319f921a95284def641fd8274a8cb0e6ee,0x562587ded3b3edc9b72cb771255e8003e49dd932,1.043838,1.04384133611691,1.04384133611691,,0.8326036949784997
0x43767ba41125feaadffd6faee97c59c1a1697afa975d3e59bdd5920d49a3fbe3,41291991,1769373329,0x9ca1dad919221d920b889aacf3023a5cea23165f,0x69d609f59d53ba707c5ab0eae1ae753e3ae6f54d,0x948e90d9b5d53edcbefb4a7c05468ebaf72a881d,1.043799,1.04384133611691,1.04384133611691,,0.8326036949784997
0xa6b6af69556bbb4df9be77c1ab459b12ffa472127d8eac5f2900c6310e1f3c77,41291992,1769373331,0x9231db26a7a7a2bc81abb13331edae458b2871b6,0x69d609f59d53ba707c5ab0eae1ae753e3ae6f54d,0x562587ded3b3edc9b72cb771255e8003e49dd932,1.043839,1.04384133611691,1.04384133611691,,0.8326036949784997
0x6af40110a82851c373003d7b2c47410e8cec12d3ce1169fd674c7d19df71c69c,41455102,1769699551,0xa7272afc21f9c321024ed93892a1abfeb621c374,0xe5dddd7a7e5c9f0374ec02d246c9b9e2ce85c75d,0xe15c92e15851b03677a04a9324618ed44cd0a2ac,1.043841,1.04384133611691,1.04384133611691,,0.8326036949784997
0xd9bcbb47b98910db30b8db7c2232fb911dd2c1cbcd1376cdeb8a834b78089248,41455102,1769699551,0xa7272afc21f9c321024ed93892a1abfeb621c374,0xe5dddd7a7e5c9f0374ec02d246c9b9e2ce85c75d,0xe15c92e15851b03677a04a9324618ed44cd0a2ac,1.043841,1.04384133611691,1.04384133611691,,0.8326036949784997
0x357f2458bc251d8ec39712fe521ccc5841aca4865737208a1b5516872ba0ca08,41455103,1769699553,0xa7272afc21f9c321024ed93892a1abfeb621c374,0xe5dddd7a7e5c9f0374ec02d246c9b9e2ce85c75d,0xe15c92e15851b03677a04a9324618ed44cd0a2ac,1.048109,1.04384133611691,1.04384133611691,,0.8326036949784997
0x3e7dab484c19162155111b3ce1bb22f1ffd1e74e7e6cb1ee39bbe325cdd4be1b,41455163,1769699673,0xa7272afc21f9c321024ed93892a1abfeb621c374,0xe5dddd7a7e5c9f0374ec02d246c9b9e2ce85c75d,0xe15c92e15851b03677a04a9324618ed44cd0a2ac,1.045846,1.04384133611691,1.04384133611691,,0.8326036949784997
0x131ea79a037ba5ff4af566f712583d9a333a848d015c8e69d338c6b684d691da,41457466,1769704279,0xa7272afc21f9c321024ed93892a1abfeb621c374,0xe5dddd7a7e5c9f0374ec02d246c9b9e2ce85c75d,0x808770adb61fcd01bdd00df7f687296c82351afc,1.043841,1.04384133611691,1.04384133611691,,0.8326036949784997
0xe3e19b2a47f35dbd3715001f2211b9c80bc7aaa80e5d05385e16a5cc8250ae57,41457580,1769704507,0xa7272afc21f9c321024ed93892a1abfeb621c374,0xe5dddd7a7e5c9f0374ec02d246c9b9e2ce85c75d,0x808770adb61fcd01bdd00df7f687296c82351afc,1.04384,1.04384133611691,1.04384133611691,,0.8326036949784997
0x39367a191f3bdcaf30b7f8f865697ee60a4450d8c3ffa0b834a808c6aabe74ed,41458554,1769706455,0xa7272afc21f9c321024ed93892a1abfeb621c374,0x0584f2a2998bd7d891ce0ac529c9d4104ad13ad4,0x941e18899c9c385ec4f8c1647d55432f747da416,1.04384,1.04384133611691,1.04384133611691,,0.8326036949784997
0xd479395593c57c3ea27770ff2473bbff8bbe44b80e793c8e0904c2441c897c3f,41459234,1769707815,0xa7272afc21f9c321024ed93892a1abfeb621c374,0x0584f2a2998bd7d891ce0ac529c9d4104ad13ad4,0x941e18899c9c385ec4f8c1647d55432f747da416,1.043838,1.04384133611691,1.04384133611691,,0.8326036949784997
0xdcb6ddab0c414099cb5581e8b4ef0c33cecf72abe40dc541035017c7e0948f96,41459242,1769707831,0xa7272afc21f9c321024ed93892a1abfeb621c374,0x6c3dbf81cf5159a1d7de697324bc1e571c9ee53b,0x3322f75d3914a52153f39cdc29d7315202bce9cd,1.04384,1.04384133611691,1.04384133611691,,0.8326036949784997
0xd66e185613f59f0f0136ba11150585e74252968aad7b476c046e9d34aa5867cd,41459282,1769707911,0xa7272afc21f9c321024ed93892a1abfeb621c374,0x6c3dbf81cf5159a1d7de697324bc1e571c9ee53b,0x3322f75d3914a52153f39cdc29d7315202bce9cd,1.04384,1.04384133611691,1.04384133611691,,0.8326036949784997
0xceb42da73894aa2231cd6ef5a42ce112851f0118def4894c6ecabec740776594,41459562,1769708471,0xa7272afc21f9c321024ed93892a1abfeb621c374,0x6c3dbf81cf5159a1d7de697324bc1e571c9ee53b,0x941e18899c9c385ec4f8c1647d55432f747da416,1.04384,1.04384133611691,1.04384133611691,,0.8326036949784997
0x6fbb32af0a0a5b9f248513999feb2e8341446255af7165f0cda5edb40d3a7df1,41459572,1769708491,0xa7272afc21f9c321024ed93892a1abfeb621c374,0x6c3dbf81cf5159a1d7de697324bc1e571c9ee53b,0x3322f75d3914a52153f39cdc29d7315202bce9cd,1.043841,1.04384133611691,1.04384133611691,,0.8326036949784997
0x227653a052c6f1609b75108d5411464a0a32af5518254e63a542b769aea51b30,41459764,1769708875,0xa7272afc21f9c321024ed93892a1abfeb621c374,0x0584f2a2998bd7d891ce0ac529c9d4104ad13ad4,0x3322f75d3914a52153f39cdc29d7315202bce9cd,1.043841,1.04384133611691,1.04384133611691,,0.8326036949784997
0x8303b5cdcb4f23447131c8361f119baf8dc879f58bda9fa8c66714b766b8bc32,41459776,1769708899,0xa7272afc21f9c321024ed93892a1abfeb621c374,0x00f231319f921a95284def641fd8274a8cb0e6ee,0x941e18899c9c385ec4f8c1647d55432f747da416,1.043839,1.04384133611691,1.04384133611691,,0.8326036949784997
0xa5171f4933ebc395eab892d43fc13ef73001f9f73aca9b09e5aef618640d0286,41459856,1769709059,0xa7272afc21f9c321024ed93892a1abfeb621c374,0x00f231319f921a95284def641fd8274a8cb0e6ee,0x941e18899c9c385ec4f8c1647d55432f747da416,1.043838,1.04384133611691,1.04384133611691,,0.8326036949784997
0x4176bccd648246591e392e69ba9e9b8af35cd969f1d4c9fe873f8a177b937f1f,41459886,1769709119,0xa7272afc21f9c321024ed93892a1abfeb621c374,0x00f231319f921a95284def641fd8274a8cb0e6ee,0x3322f75d3914a52153f39cdc29d7315202bce9cd,1.043839,1.04384133611691,1.04384133611691,,0.8326036949784997
0xef64c5533533d9beae3d2be500bf1060eafb00978630b1b20738a16e1d0f0aa2,41459926,1769709199,0xa7272afc21f9c321024ed93892a1abfeb621c374,0x00f231319f921a95284def641fd8274a8cb0e6ee,0x3322f75d3914a52153f39cdc29d7315202bce9cd,1.04384,1.04384133611691,1.04384133611691,,0.8326036949784997
0x51ab3f754409cd15f63f552528fa3ebb2b60b7eaba19f41093d0018c2057447e,41459936,1769709219,0xa7272afc21f9c321024ed93892a1abfeb621c374,0x00f231319f921a95284def641fd8274a8cb0e6ee,0x941e18899c9c385ec4f8c1647d55432f747da416,1.043835,1.04384133611691,1.04384133611691,,0.8326036949784997
0x4ab49e425b2c23a64770843deb8787a15444d73577f6560e5d548e0d0159ea18,41459976,1769709299,0xa7272afc21f9c321024ed93892a1abfeb621c374,0x00f231319f921a95284def641fd8274a8cb0e6ee,0x941e18899c9c385ec4f8c1647d55432f747da416,1.043839,1.04384133611691,1.04384133611691,,0.8326036949784997
0xf3cce13a790ecbf0755a079fcff232ce5a3e48414d08db09cbb67a0722ca8c63,41459996,1769709339,0xa7272afc21f9c321024ed93892a1abfeb621c374,0x00f231319f921a95284def641fd8274a8cb0e6ee,0x3322f75d3914a52153f39cdc29d7315202bce9cd,1.04384,1.04384133611691,1.04384133611691,,0.8326036949784997
0xd7fbd293519ed8df99a14e6779769f256bf5aaa6504ec500e73251f726604ad2,41460713,1769710773,0xa7272afc21f9c321024ed93892a1abfeb621c374,0x00f231319f921a95284def641fd8274a8cb0e6ee,0x941e18899c9c385ec4f8c1647d55432f747da416,1.043838,1.04384133611691,1.04384133611691,,0.8326036949784997
0xab0a50c91d97d3b0f294cf71617a838da5247a03c3af5f511bf71ea52ed1fac2,41460723,1769710793,0xa7272afc21f9c321024ed93892a1abfeb621c374,0x00f231319f921a95284def641fd8274a8cb0e6ee,0x3322f75d3914a52153f39cdc29d7315202bce9cd,1.04384,1.04384133611691,1.04384133611691,,0.8326036949784997
0xbe87d12aec2e36de0c43c28a5cf68f29d6640fed69ac9e2796dcdcc0cdecad0f,41461615,1769712577,0x9231db26a7a7a2bc81abb13331edae458b2871b6,0x69d609f59d53ba707c5ab0eae1ae753e3ae6f54d,0x562587ded3b3edc9b72cb771255e8003e49dd932,1.04382,1.04384133611691,1.04384133611691,,0.8326036949784997
0x8e8404355d11d1b1c35da638d5e5a4c2d45aaa2793946361f695f0b00cc1fbd1,41461674,1769712695,0x9231db26a7a7a2bc81abb13331edae458b2871b6,0x69d609f59d53ba707c5ab0eae1ae753e3ae6f54d,0x562587ded3b3edc9b72cb771255e8003e49dd932,1.043813,1.04384133611691,1.04384133611691,,0.8326036949784997
0x2ffab6ef2cff357ed64ab05c7d00f951787978d83f6730753dda19961928562a,41461693,1769712733,0x9ca1dad919221d920b889aacf3023a5cea23165f,0x69d609f59d53ba707c5ab0eae1ae753e3ae6f54d,0x32d73751580f5a43cab516c6fdc6cf2543dde691,1.043828,1.04384133611691,1.04384133611691,,0.8326036949784997
0xddae905895117dff83254329c1b176ceada0ecf20fa337ac66401ea841ccd53b,41472545,1769734437,0xa7272afc21f9c321024ed93892a1abfeb621c374,0x0584f2a2998bd7d891ce0ac529c9d4104ad13ad4,0x941e18899c9c385ec4f8c1647d55432f747da416,1.043832,1.04384133611691,1.04384133611691,,0.8326036949784997
0xec11749717b25a56266a6a023974ad9f9d251b47bbb5651c910f056284c46a28,41472546,1769734439,0xa7272afc21f9c321024ed93892a1abfeb621c374,0x0584f2a2998bd7d891ce0ac529c9d4104ad13ad4,0x3322f75d3914a52153f39cdc29d7315202bce9cd,1.043838,1.04384133611691,1.04384133611691,,0.8326036949784997
0x9a391b5b19294db3a35f285b116213bd89e3b8d9a4a81b5303071ce1c0509e9f,41472785,1769734917,0xa7272afc21f9c321024ed93892a1abfeb621c374,0x0584f2a2998bd7d891ce0ac529c9d4104ad13ad4,0x941e18899c9c385ec4f8c1647d55432f747da416,1.043834,1.04384133611691,1.04384133611691,,0.8326036949784997
0x623000e97b62d650b78707f9c57921ca7eecaa708693fe80d1162ce2644e2ec2,41472786,1769734919,0xa7272afc21f9c321024ed93892a1abfeb621c374,0x0584f2a2998bd7d891ce0ac529c9d4104ad13ad4,0x3322f75d3914a52153f39cdc29d7315202bce9cd,1.043838,1.04384133611691,1.04384133611691,,0.8326036949784997
0xd7e2ec7e226f88a7bbabd06168211138849aae8f8aa9cf2d6d6e205a219d272b,41472807,1769734961,0xa7272afc21f9c321024ed93892a1abfeb621c374,0x00f231319f921a95284def641fd8274a8cb0e6ee,0x941e18899c9c385ec4f8c1647d55432f747da416,1.043837,1.04384133611691,1.04384133611691,,0.8326036949784997
0xe0c937de55d34fd7c233c686d667aee70260bd62edf394e64e55f82f5029c39c,41472817,1769734981,0xa7272afc21f9c321024ed93892a1abfeb621c374,0x00f231319f921a95284def641fd8274a8cb0e6ee,0x3322f75d3914a52153f39cdc29d7315202bce9cd,1.04384,1.04384133611691,1.04384133611691,,0.8326036949784997
0x65453c538f07af1a3042d7ce27acae15b44fa015f478f673ad5b1bb706524945,41473400,1769736147,0xa7272afc21f9c321024ed93892a1abfeb621c374,0x0584f2a2998bd7d891ce0ac529c9d4104ad13ad4,0x3322f75d3914a52153f39cdc29d7315202bce9cd,1.043841,1.04384133611691,1.04384133611691,,0.8326036949784997
0xa59b1e960f0359971216f5c6b6399fd23a62b91b22a68c707434ffbcd7e282c4,41473430,1769736207,0xa7272afc21f9c321024ed93892a1abfeb621c374,0x0584f2a2998bd7d891ce0ac529c9d4104ad13ad4,0x941e18899c9c385ec4f8c1647d55432f747da416,1.043841,1.04384133611691,1.04384133611691,,0.8326036949784997
0xaa11bea750f3b861919404385475bc061b6b1c738b445114417d97967642316e,41474049,1769737445,0xa7272afc21f9c321024ed93892a1abfeb621c374,0xe5dddd7a7e5c9f0374ec02d246c9b9e2ce85c75d,0x76acdf57551d19b31c29557d92ca5982433ff169,1.043841,1.04384133611691,1.04384133611691,,0.8326036949784997
0x4b7c2c6b0299835d696d48ff9a3cbe40e3e409d4f395401c69916bdd70a3a927,41474051,1769737449,0xa7272afc21f9c321024ed93892a1abfeb621c374,0xe5dddd7a7e5c9f0374ec02d246c9b9e2ce85c75d,0x76585fbba1eb984900eef32b48ec3560255c92d4,1.043841,1.04384133611691,1.04384133611691,,0.8326036949784997
0x1bfce120527a16d601dbd6ba1d06a59a2945c34049347eaf09bd603d66f07cdc,41474054,1769737455,0xa7272afc21f9c321024ed93892a1abfeb621c374,0xe5dddd7a7e5c9f0374ec02d246c9b9e2ce85c75d,0x76acdf57551d19b31c29557d92ca5982433ff169,1.043841,1.04384133611691,1.04384133611691,,0.8326036949784997
0xa59d2e9395eba9ed349c9410780caa24340f54dd3e186743569f4e69a2504ae5,41474054,1769737455,0xa7272afc21f9c321024ed93892a1abfeb621c374,0xe5dddd7a7e5c9f0374ec02d246c9b9e2ce85c75d,0x76585fbba1eb984900eef32b48ec3560255c92d4,1.043841,1.04384133611691,1.04384133611691,,0.8326036949784997
0xd2c9652e637582bbc6eb7bc78d3331df36e912104a4d3259aa71c1fb454860bf,41474103,1769737553,0xa7272afc21f9c321024ed93892a1abfeb621c374,0xe5dddd7a7e5c9f0374ec02d246c9b9e2ce85c75d,0x76acdf57551d19b31c29557d92ca5982433ff169,1.048715,1.04384133611691,1.04384133611691,,0.8326036949784997
0x1e59ef1f5bb4ecf1306f03bb7458dd2cbeb369568c64a9f87d061890472faaa9,41474682,1769738711,0xa7272afc21f9c321024ed93892a1abfeb621c374,0x0584f2a2998bd7d891ce0ac529c9d4104ad13ad4,0x7155f46c421ddf90ef8a51bd7e01d78b710f5974,1.043841,1.04384133611691,1.04384133611691,,0.8326036949784997
0xa5895d69c917e3eaa8a67c78dce63e7e7bbb7f3cd08decbf17f74f26bb07ab0d,41474686,1769738719,0xa7272afc21f9c321024ed93892a1abfeb621c374,0x0584f2a2998bd7d891ce0ac529c9d4104ad13ad4,0x5d53f21e4c7fdcf42f236a089c9b3a00a53d6d74,1.043841,1.04384133611691,1.04384133611691,,0.8326036949784997
0x81ef427f46382cf06f058dc6149c9a637d728ada9c40b968b634ad90382a383c,41474689,1769738725,0x9231db26a7a7a2bc81abb13331edae458b2871b6,0x0584f2a2998bd7d891ce0ac529c9d4104ad13ad4,0x562587ded3b3edc9b72cb771255e8003e49dd932,1.043839,1.04384133611691,1.04384133611691,,0.8326036949784997
0xc7dd32171dbbc1b4e6ef25070e3f899059a201b0fefbeaef9e7f0fee2eb6f4c9,41474698,1769738743,0x9ca1dad919221d920b889aacf3023a5cea23165f,0x0584f2a2998bd7d891ce0ac529c9d4104ad13ad4,0x32d73751580f5a43cab516c6fdc6cf2543dde691,1.043841,1.04384133611691,1.04384133611691,,0.8326036949784997
0x64f6ae5ced5ee372978fbd10790f04ab2ca217f6492f838da47bf6288b0e244a,41475090,1769739527,0xa7272afc21f9c321024ed93892a1abfeb621c374,0xe5dddd7a7e5c9f0374ec02d246c9b9e2ce85c75d,0x76acdf57551d19b31c29557d92ca5982433ff169,1.043841,1.04384133611691,1.04384133611691,,0.8326036949784997
0x31f3153f3e3287bb9fee601b42843291cafac3c87d32c9b6bc93945bdadccc03,41480515,1769750377,0xa7272afc21f9c321024ed93892a1abfeb621c374,0xabf7b08a7dc4ac8a543c1112a98ddef3bb2990bd,0x3322f75d3914a52153f39cdc29d7315202bce9cd,1.043841,1.04384133611691,1.04384133611691,,0.8326036949784997
0x666dd2530509fc2f408ea41eb0d105b440d229da8719585dd4513a98f6557027,41482475,1769754297,0x9231db26a7a7a2bc81abb13331edae458b2871b6,0xb7ea2b36a2c94f1b17939e77a20e0cf409c88bfa,0x562587ded3b3edc9b72cb771255e8003e49dd932,1.043834,1.04384133611691,1.04384133611691,,0.8326036949784997
0x280785f7977ccfd38d7c1790f46d9b6704a01a8151cf7919cca253b0ac110cdc,41482478,1769754303,0xa7272afc21f9c321024ed93892a1abfeb621c374,0xb7ea2b36a2c94f1b17939e77a20e0cf409c88bfa,0x941e18899c9c385ec4f8c1647d55432f747da416,1.043841,1.04384133611691,1.04384133611691,,0.8326036949784997
0xb2709cbfec8635863f9111cb8895da216eb7252207d7841a0fa744b2e10fd041,41482481,1769754309,0xa7272afc21f9c321024ed93892a1abfeb621c374,0xb7ea2b36a2c94f1b17939e77a20e0cf409c88bfa,0x3322f75d3914a52153f39cdc29d7315202bce9cd,1.043841,1.04384133611691,1.04384133611691,,0.8326036949784997
0x2eec05b0a8d03c7d2b3b8450584d0d22a2f00ec5e1999675dbbe430ae7964108,41482712,1769754771,0x9ca1dad919221d920b889aacf3023a5cea23165f,0x0584f2a2998bd7d891ce0ac529c9d4104ad13ad4,0x32d73751580f5a43cab516c6fdc6cf2543dde691,1.043841,1.04384133611691,1.04384133611691,,0.8326036949784997
0x6c557315152dc9be731bb0feb0cf675446255f2b10e8cf82a65d30b0b4216c48,41482712,1769754771,0xa7272afc21f9c321024ed93892a1abfeb621c374,0x0584f2a2998bd7d891ce0ac529c9d4104ad13ad4,0x941e18899c9c385ec4f8c1647d55432f747da416,1.04384,1.04384133611691,1.04384133611691,,0.8326036949784997
0x998db66eaaf7d60d06138edc3363fafcb6d14afd1e9f95eeccf5f3a6fd120f7c,41482715,1769754777,0xa7272afc21f9c321024ed93892a1abfeb621c374,0x0584f2a2998bd7d891ce0ac529c9d4104ad13ad4,0x3322f75d3914a52153f39cdc29d7315202bce9cd,1.043841,1.04384133611691,1.04384133611691,,0.8326036949784997
0x656dd76c497625854e79ac2ff7e8a5bca2610aaee94d5e4f7f3d3f0980e39634,41482975,1769755297,0xa7272afc21f9c321024ed93892a1abfeb621c374,0xb7ea2b36a2c94f1b17939e77a20e0cf409c88bfa,0x7155f46c421ddf90ef8a51bd7e01d78b710f5974,1.043841,1.04384133611691,1.04384133611691,,0.8326036949784997
0x21b2c1fd00db33cfa45bace193e566029747f8aac8e93261b20529a23a84f5e9,41482975,1769755297,0x9ca1dad919221d920b889aacf3023a5cea23165f,0x0584f2a2998bd7d891ce0ac529c9d4104ad13ad4,0x32d73751580f5a43cab516c6fdc6cf2543dde691,1.043839,1.04384133611691,1.04384133611691,,0.8326036949784997
0xb912131775d311f8716be6350085d18c749ea983cadd8553ace9cae3d4301874,41482977,1769755301,0xa7272afc21f9c321024ed93892a1abfeb621c374,0xb7ea2b36a2c94f1b17939e77a20e0cf409c88bfa,0x5d53f21e4c7fdcf42f236a089c9b3a00a53d6d74,1.043841,1.04384133611691,1.04384133611691,,0.8326036949784997
0x00a0e3a5bc2acb6ee391d4afc9d85a52f676014248ce67e34ea3fa983b52361f,41482980,1769755307,0xa7272afc21f9c321024ed93892a1abfeb621c374,0x0584f2a2998bd7d891ce0ac529c9d4104ad13ad4,0x941e18899c9c385ec4f8c1647d55432f747da416,1.043838,1.04384133611691,1.04384133611691,,0.8326036949784997
0x0a580f2a4a016951cce3cb2f7173028393254a282f4cb7db572167d32ff3a03f,41482981,1769755309,0xa7272afc21f9c321024ed93892a1abfeb621c374,0x0584f2a2998bd7d891ce0ac529c9d4104ad13ad4,0x3322f75d3914a52153f39cdc29d7315202bce9cd,1.04384,1.04384133611691,1.04384133611691,,0.8326036949784997
0x6096c6926e5f81f83cf7fca9bc15572053ef78d431ab55686da800dbe5c6872c,41483035,1769755417,0xa7272afc21f9c321024ed93892a1abfeb621c374,0x0584f2a2998bd7d891ce0ac529c9d4104ad13ad4,0x941e18899c9c385ec4f8c1647d55432f747da416,1.043838,1.04384133611691,1.04384133611691,,0.8326036949784997
0xe3b8f1915d2921ec70bc7b1c9ae2ae9fbc274ecae63a0fa83bff935764a2f2e7,41483036,1769755419,0xa7272afc21f9c321024ed93892a1abfeb621c374,0x0584f2a2998bd7d891ce0ac529c9d4104ad13ad4,0x7155f46c421ddf90ef8a51bd7e01d78b710f5974,1.043841,1.04384133611691,1.04384133611691,,0.8326036949784997
0x9e8e559742b3a2d1a46d97c84c867cf0ea9d4b485343481f38f21e7545bb0ec7,41483038,1769755423,0xa7272afc21f9c321024ed93892a1abfeb621c374,0x0584f2a2998bd7d891ce0ac529c9d4104ad13ad4,0x3322f75d3914a52153f39cdc29d7315202bce9cd,1.04384,1.04384133611691,1.04384133611691,,0.8326036949784997
0x0f70d2e55a8b2f8ef3599f8577a090d824f6364741c5149a241a1b55e32a8a8c,41483041,1769755429,0xa7272afc21f9c321024ed93892a1abfeb621c374,0x0584f2a2998bd7d891ce0ac529c9d4104ad13ad4,0x5d53f21e4c7fdcf42f236a089c9b3a00a53d6d74,1.043841,1.04384133611691,1.04384133611691,,0.8326036949784997
0xe1d45b045c2c5168ab894d3e39e33f90df9f75225b0b1aee5631e7ebdcbd8fa7,41483076,1769755499,0x9ca1dad919221d920b889aacf3023a5cea23165f,0x0584f2a2998bd7d891ce0ac529c9d4104ad13ad4,0x32d73751580f5a43cab516c6fdc6cf2543dde691,1.043839,1.04384133611691,1.04384133611691,,0.8326036949784997
0x87120962b1ed4128a4baa9b5fed74f5092b439602157e5cd412db0fc49d375b5,41483120,1769755587,0x9ca1dad919221d920b889aacf3023a5cea23165f,0x0584f2a2998bd7d891ce0ac529c9d4104ad13ad4,0x32d73751580f5a43cab516c6fdc6cf2543dde691,1.043837,1.04384133611691,1.04384133611691,,0.8326036949784997
0xf231cf76c545767556e76cdda1ebc8de29480565093c8e1e40c59868711a975a,41483127,1769755601,0xa7272afc21f9c321024ed93892a1abfeb621c374,0x0584f2a2998bd7d891ce0ac529c9d4104ad13ad4,0x3322f75d3914a52153f39cdc29d7315202bce9cd,1.04384,1.04384133611691,1.04384133611691,,0.8326036949784997
0xe8b409dd24de504f6ecd7cef864a02d8c894a432b6c7a8a4b1c92d8bab8130e0,41483130,1769755607,0xa7272afc21f9c321024ed93892a1abfeb621c374,0x0584f2a2998bd7d891ce0ac529c9d4104ad13ad4,0x941e18899c9c385ec4f8c1647d55432f747da416,1.043838,1.04384133611691,1.04384133611691,,0.8326036949784997
0x9ebaffd7cee3e64b2c264a9a461d308d7334c93eb9b320c27af0ef74468bc30d,41483131,1769755609,0xa7272afc21f9c321024ed93892a1abfeb621c374,0x0584f2a2998bd7d891ce0ac529c9d4104ad13ad4,0x7155f46c421ddf90ef8a51bd7e01d78b710f5974,1.043841,1.04384133611691,1.04384133611691,,0.8326036949784997
0x7aa876bb2f2c07c40b7a9b11d2b9ff8789404a5555df7773ac99e6e196e5ff8b,41483134,1769755615,0xa7272afc21f9c321024ed93892a1abfeb621c374,0x0584f2a2998bd7d891ce0ac529c9d4104ad13ad4,0x5d53f21e4c7fdcf42f236a089c9b3a00a53d6d74,1.043841,1.04384133611691,1.04384133611691,,0.8326036949784997
0xd1c93aa4ae2143673ecf730b4de94138ec75b7151030f6af03e3bdffd0be0131,41483163,1769755673,0x9ca1dad919221d920b889aacf3023a5cea23165f,0x0584f2a2998bd7d891ce0ac529c9d4104ad13ad4,0x32d73751580f5a43cab516c6fdc6cf2543dde691,1.04384,1.04384133611691,1.04384133611691,,0.8326036949784997
0x372ac9166799c2e78424b4b3deecf0e29d41eac747a47b9e59c943eb4c3c8cc0,41486305,1769761957,0x9231db26a7a7a2bc81abb13331edae458b2871b6,0xb7ea2b36a2c94f1b17939e77a20e0cf409c88bfa,0x562587ded3b3edc9b72cb771255e8003e49dd932,1.04379,1.04384133611691,1.04384133611691,,0.8326036949784997
0x0aff956100ce494013b027e8867c1f123e1bc7600ba18758d8835783e54f6c78,41486382,1769762111,0x9231db26a7a7a2bc81abb13331edae458b2871b6,0xb7ea2b36a2c94f1b17939e77a20e0cf409c88bfa,0x562587ded3b3edc9b72cb771255e8003e49dd932,1.04382,1.04384133611691,1.04384133611691,,0.8326036949784997
0x6035ec56a50e86b1e12b6f9934e0b0e21f681e88c8de40ccf0b302534f2ff550,41504048,1769797443,0x9ca1dad919221d920b889aacf3023a5cea23165f,0xb7ea2b36a2c94f1b17939e77a20e0cf409c88bfa,0x32d73751580f5a43cab516c6fdc6cf2543dde691,1.043841,1.04384133611691,1.04384133611691,,0.8326036949784997
0xa1913dbad6910bb125d3e5cbc312f5ddf0d4a1f8cd460e6a881087897b60c248,41508327,1769806001,0x9231db26a7a7a2bc81abb13331edae458b2871b6,0x00f231319f921a95284def641fd8274a8cb0e6ee,0x562587ded3b3edc9b72cb771255e8003e49dd932,1.043838,1.04384133611691,1.04384133611691,,0.8326036949784997
0xfbbac5cdf89f97ae7549efb5445b791c3369238595ecc7c2edadec428d02a422,41529025,1769847397,0x9ca1dad919221d920b889aacf3023a5cea23165f,0x00f231319f921a95284def641fd8274a8cb0e6ee,0x32d73751580f5a43cab516c6fdc6cf2543dde691,1.043838,1.04384133611691,1.04384133611691,,0.8326036949784997
0x72d65c17d71892a97e5a5be3c261e88ee705ffec6bf32f8852a257beb38db867,41529587,1769848521,0x9231db26a7a7a2bc81abb13331edae458b2871b6,0x00f231319f921a95284def641fd8274a8cb0e6ee,0x562587ded3b3edc9b72cb771255e8003e49dd932,1.043839,1.04384133611691,1.04384133611691,,0.8326036949784997
0x217213211974c658bd1766651577f2429dd5de4f6ca7583a15a925a7d3303f14,41529616,1769848579,0x9ca1dad919221d920b889aacf3023a5cea23165f,0x00f231319f921a95284def641fd8274a8cb0e6ee,0x32d73751580f5a43cab516c6fdc6cf2543dde691,1.043839,1.04384133611691,1.04384133611691,,0.8326036949784997
0x89918d14d7ef4e164b00d8771c53d4388d903ac6b4bbd0f55d57dfb31be06961,41529927,1769849201,0x9ca1dad919221d920b889aacf3023a5cea23165f,0x00f231319f921a95284def641fd8274a8cb0e6ee,0x32d73751580f5a43cab516c6fdc6cf2543dde691,1.043841,1.04384133611691,1.04384133611691,,0.8326036949784997
0x894fd986f37781d3e82eaed0195ab4710fffba705bd03dab03a0ae4e088f169c,41535299,1769859945,0x9231db26a7a7a2bc81abb13331edae458b2871b6,0x00f231319f921a95284def641fd8274a8cb0e6ee,0x562587ded3b3edc9b72cb771255e8003e49dd932,1.043829,1.04384133611691,1.04384133611691,,0.8326036949784997
0xf7fdf7bd7f372041c984d759f62574da904af5ee4aa7e9bfad28728d671aaa51,41538535,1769866417,0x9ca1dad919221d920b889aacf3023a5cea23165f,0x00f231319f921a95284def641fd8274a8cb0e6ee,0x32d73751580f5a43cab516c6fdc6cf2543dde691,1.043838,1.04384133611691,1.04384133611691,,0.8326036949784997
0x557066644f066ce70fb403e5e656363f5ea7c231fd4a5981d0f233b491f10481,41539672,1769868691,0x9ca1dad919221d920b889aacf3023a5cea23165f,0x00f231319f921a95284def641fd8274a8cb0e6ee,0x32d73751580f5a43cab516c6fdc6cf2543dde691,1.04384,1.04384133611691,1.04384133611691,,0.8326036949784997
0x989dfb7d6c98c4fedacde61d9bf66dde0d7f71e15b4f2a5b1018cbc6ec53d8fa,41540063,1769869473,0xa7272afc21f9c321024ed93892a1abfeb621c374,0x00f231319f921a95284def641fd8274a8cb0e6ee,0x7155f46c421ddf90ef8a51bd7e01d78b710f5974,1.043841,1.04384133611691,1.04384133611691,,0.8326036949784997
0x77acf2da0dc74e21317ef627f2025b15f983121286f42d9b21886df75a68ad82,41540147,1769869641,0xa7272afc21f9c321024ed93892a1abfeb621c374,0x00f231319f921a95284def641fd8274a8cb0e6ee,0x76585fbba1eb984900eef32b48ec3560255c92d4,1.043841,1.04384133611691,1.04384133611691,,0.8326036949784997
0xf4231a3aa73700060172c4ea94e3b4e1326266eacc4bcc03099cc59f372d15d9,41540178,1769869703,0xa7272afc21f9c321024ed93892a1abfeb621c374,0xe5dddd7a7e5c9f0374ec02d246c9b9e2ce85c75d,0x76585fbba1eb984900eef32b48ec3560255c92d4,1.047687,1.04384133611691,1.04384133611691,,0.8326036949784997
0x76786d204d64fce57742c4e8dae7a20473d58c029ae8b2476352a2dbe8ba26e5,41540194,1769869735,0xa7272afc21f9c321024ed93892a1abfeb621c374,0xb7ea2b36a2c94f1b17939e77a20e0cf409c88bfa,0x7155f46c421ddf90ef8a51bd7e01d78b710f5974,1.043841,1.04384133611691,1.04384133611691,,0.8326036949784997
0x3439a7da3bbf64dd26da6b615d74303b78edb09ce3d3cc1168f1c143ff7a25f1,41540224,1769869795,0xa7272afc21f9c321024ed93892a1abfeb621c374,0xb7ea2b36a2c94f1b17939e77a20e0cf409c88bfa,0x5d53f21e4c7fdcf42f236a089c9b3a00a53d6d74,1.043841,1.04384133611691,1.04384133611691,,0.8326036949784997
0x8212dfc9036afc905d35dc24f17f2a7454b961f4fe261f4457fa678b78286322,41540227,1769869801,0xa7272afc21f9c321024ed93892a1abfeb621c374,0xb7ea2b36a2c94f1b17939e77a20e0cf409c88bfa,0x7155f46c421ddf90ef8a51bd7e01d78b710f5974,1.043841,1.04384133611691,1.04384133611691,,0.8326036949784997
0xe942623a5a709fe425ea6f36d9de22849479ded835e5b79707ee7db23eabcc7b,41540281,1769869909,0xa7272afc21f9c321024ed93892a1abfeb621c374,0x00f231319f921a95284def641fd8274a8cb0e6ee,0x7155f46c421ddf90ef8a51bd7e01d78b710f5974,1.043841,1.04384133611691,1.04384133611691,,0.8326036949784997
0xba52ea27b13dd3f4a03c659a9a6914f78c3073ebeaff45d1f63d75a111f9a53c,41540285,1769869917,0xa7272afc21f9c321024ed93892a1abfeb621c374,0x00f231319f921a95284def641fd8274a8cb0e6ee,0x76585fbba1eb984900eef32b48ec3560255c92d4,1.043841,1.04384133611691,1.04384133611691,,0.8326036949784997
0xdc00b6d4ff742c55794d9c2685dcbe331d82fc39a273b3bd72e0124b17406a22,41540305,1769869957,0xa7272afc21f9c321024ed93892a1abfeb621c374,0x00f231319f921a95284def641fd8274a8cb0e6ee,0x76585fbba1eb984900eef32b48ec3560255c92d4,1.043841,1.04384133611691,1.04384133611691,,0.8326036949784997
0x1a492ade91b577be556e4948bcb9d5ecc50f1d1a1bd462d4aa90d806740f4429,41540311,1769869969,0xa7272afc21f9c321024ed93892a1abfeb621c374,0x00f231319f921a95284def641fd8274a8cb0e6ee,0xeafdc784772239dfcbd799776f4e5bc53d07a2dd,1.043841,1.04384133611691,1.04384133611691,,0.8326036949784997
0x1ac03eb13f5495832c068949c52d0d8731d73c2add4c5e3554cfb8f363584803,41540447,1769870241,0xa7272afc21f9c321024ed93892a1abfeb621c374,0x00f231319f921a95284def641fd8274a8cb0e6ee,0x5d53f21e4c7fdcf42f236a089c9b3a00a53d6d74,1.043841,1.04384133611691,1.04384133611691,,0.8326036949784997
0x5528aae24a4b15afc6a04abb7fac658e5d4608eccb3d6d106eeb7b0daef5eac2,41540450,1769870247,0xa7272afc21f9c321024ed93892a1abfeb621c374,0x00f231319f921a95284def641fd8274a8cb0e6ee,0x3322f75d3914a52153f39cdc29d7315202bce9cd,1.043841,1.04384133611691,1.04384133611691,,0.8326036949784997
0x087c2ff30029bfe1eee1ec408370c708216cd037a83b1759a422d24de9e4466f,41540463,1769870273,0xa7272afc21f9c321024ed93892a1abfeb621c374,0xab67a08d053115256008149362da8baca79fae28,0x76585fbba1eb984900eef32b48ec3560255c92d4,1.043841,1.04384133611691,1.04384133611691,,0.8326036949784997
0x5c0219bd1472d016f62a092111ddc2fa465a5ee93c32f71b98d14d8ea020b9f9,41540479,1769870305,0xa7272afc21f9c321024ed93892a1abfeb621c374,0xabf7b08a7dc4ac8a543c1112a98ddef3bb2990bd,0x76585fbba1eb984900eef32b48ec3560255c92d4,1.043841,1.04384133611691,1.04384133611691,,0.8326036949784997
0xbd1d692ca3c7ed3674eed9f9cb2f0792be156bc4722ec6b7ad304a93e1307908,41540493,1769870333,0xa7272afc21f9c321024ed93892a1abfeb621c374,0xe5dddd7a7e5c9f0374ec02d246c9b9e2ce85c75d,0x76585fbba1eb984900eef32b48ec3560255c92d4,1.047264,1.04384133611691,1.04384133611691,,0.8326036949784997
0x26eba8b479aaa489c5b4d1f0b91ab41dfd215612a57e57ec1c5a7bdf15fa4190,41540538,1769870423,0xa7272afc21f9c321024ed93892a1abfeb621c374,0xb7ea2b36a2c94f1b17939e77a20e0cf409c88bfa,0xeafdc784772239dfcbd799776f4e5bc53d07a2dd,1.043841,1.04384133611691,1.04384133611691,,0.8326036949784997
0xfba8eff08ab93e60731c8132319c4e3c3ca7df6cea82026aba2f34f8a75dd8b3,41540538,1769870423,0xa7272afc21f9c321024ed93892a1abfeb621c374,0xb7ea2b36a2c94f1b17939e77a20e0cf409c88bfa,0x7155f46c421ddf90ef8a51bd7e01d78b710f5974,1.043841,1.04384133611691,1.04384133611691,,0.8326036949784997
0x2c852187950f1155b7a4c896147ec01fe127c56557f203664a399bcf40b9d051,41540554,1769870455,0xa7272afc21f9c321024ed93892a1abfeb621c374,0x00f231319f921a95284def641fd8274a8cb0e6ee,0x5d53f21e4c7fdcf42f236a089c9b3a00a53d6d74,1.043841,1.04384133611691,1.04384133611691,,0.8326036949784997
0xd0a4c35c748d369ff039707115bf19cf8aa382550e0e37dc4717a3ac53878370,41540568,1769870483,0xa7272afc21f9c321024ed93892a1abfeb621c374,0xb7ea2b36a2c94f1b17939e77a20e0cf409c88bfa,0xeafdc784772239dfcbd799776f4e5bc53d07a2dd,1.043841,1.04384133611691,1.04384133611691,,0.8326036949784997
0x4af132d0b2fbfdded35c4e540fddfef3db94299d3d5b04dfa48885c971a047db,41540571,1769870489,0xa7272afc21f9c321024ed93892a1abfeb621c374,0xb7ea2b36a2c94f1b17939e77a20e0cf409c88bfa,0x7155f46c421ddf90ef8a51bd7e01d78b710f5974,1.043841,1.04384133611691,1.04384133611691,,0.8326036949784997
0x8a579bc12033e74d1ff273f98c04b7f1e8a708308a59efc280d7c695c6a7caa8,41540693,1769870733,0xa7272afc21f9c321024ed93892a1abfeb621c374,0x00f231319f921a95284def641fd8274a8cb0e6ee,0x7155f46c421ddf90ef8a51bd7e01d78b710f5974,1.043841,1.04384133611691,1.04384133611691,,0.8326036949784997
0x159447fb4cf3ab299b475fcd5ae370f22ec63bf0c1f461b577232b9b5cf89ecf,41541343,1769872033,0xa7272afc21f9c321024ed93892a1abfeb621c374,0x00f231319f921a95284def641fd8274a8cb0e6ee,0x941e18899c9c385ec4f8c1647d55432f747da416,1.04384,1.04384133611691,1.04384133611691,,0.8326036949784997
0x09095e0a9a04cde837ca5f39676fc82515e46d8d019a05bf4d2ba477652e7950,41541431,1769872209,0xa7272afc21f9c321024ed93892a1abfeb621c374,0x00f231319f921a95284def641fd8274a8cb0e6ee,0x941e18899c9c385ec4f8c1647d55432f747da416,1.04384,1.04384133611691,1.04384133611691,,0.8326036949784997
0xc894057507ca2863515ec611ceb4575da6b56452a598d91745d785864953b37a,41541568,1769872483,0xa7272afc21f9c321024ed93892a1abfeb621c374,0x00f231319f921a95284def641fd8274a8cb0e6ee,0x3322f75d3914a52153f39cdc29d7315202bce9cd,1.04384,1.04384133611691,1.04384133611691,,0.8326036949784997
0x43d27bb8d815573cc94469fdc6db9b65d6dd25a1042f9883cf0192f1f1cd55a1,41541601,1769872549,0xa7272afc21f9c321024ed93892a1abfeb621c374,0x00f231319f921a95284def641fd8274a8cb0e6ee,0x941e18899c9c385ec4f8c1647d55432f747da416,1.04384,1.04384133611691,1.04384133611691,,0.8326036949784997
0xfff90cb0918193871a9869772657c9450b2037af00b9ecfe8591874f95799236,41541765,1769872877,0xa7272afc21f9c321024ed93892a1abfeb621c374,0x00f231319f921a95284def641fd8274a8cb0e6ee,0x941e18899c9c385ec4f8c1647d55432f747da416,1.043838,1.04384133611691,1.04384133611691,,0.8326036949784997
0xc64514b128aa2d060ddaee66a93661ea55cfbdf0a1ad7b53f9c8751e6e3aa19a,41541768,1769872883,0xa7272afc21f9c321024ed93892a1abfeb621c374,0x00f231319f921a95284def641fd8274a8cb0e6ee,0x3322f75d3914a52153f39cdc29d7315202bce9cd,1.04384,1.04384133611691,1.04384133611691,,0.8326036949784997
0x188193112b537a33688d7934fad12111e0ce36a0c1f592c9f8b5ab97124b10f7,41543165,1769875677,0xa7272afc21f9c321024ed93892a1abfeb621c374,0xabf7b08a7dc4ac8a543c1112a98ddef3bb2990bd,0xeafdc784772239dfcbd799776f4e5bc53d07a2dd,1.045907,1.04384133611691,1.04384133611691,,0.8326036949784997
0xd0cbfa1a9eaac51f0d1e78a91178a282304ddc11525a0f1cbb5413229206cfa2,41543293,1769875933,0xa7272afc21f9c321024ed93892a1abfeb621c374,0xe5dddd7a7e5c9f0374ec02d246c9b9e2ce85c75d,0x64dee823db2a87135e58b4c37a8580af6f10551e,1.043841,1.04384133611691,1.04384133611691,,0.8326036949784997
0xdc60cf19c812c170cc212a92ec5be1e2fad1de9d59139d069a24b5bb3ba58dd7,41543293,1769875933,0xa7272afc21f9c321024ed93892a1abfeb621c374,0xabf7b08a7dc4ac8a543c1112a98ddef3bb2990bd,0x76585fbba1eb984900eef32b48ec3560255c92d4,1.043841,1.04384133611691,1.04384133611691,,0.8326036949784997
0x70c790f0c36bc5bfa136838193f89744dbb9ceac83c4b376d22ff099a916fc69,41543293,1769875933,0xa7272afc21f9c321024ed93892a1abfeb621c374,0xabf7b08a7dc4ac8a543c1112a98ddef3bb2990bd,0xeafdc784772239dfcbd799776f4e5bc53d07a2dd,1.043841,1.04384133611691,1.04384133611691,,0.8326036949784997
0xe4a000906d68232f3bd9630b061b01793f45a16dfd1a1c087458d41484da050e,41543438,1769876223,0xa7272afc21f9c321024ed93892a1abfeb621c374,0x6c3dbf81cf5159a1d7de697324bc1e571c9ee53b,0x7155f46c421ddf90ef8a51bd7e01d78b710f5974,1.043841,1.04384133611691,1.04384133611691,,0.8326036949784997
0xb4eab1523ddd5ae85291ac37aabde27ddf920099d8011da1a71deb61e1f22909,41543479,1769876305,0xa7272afc21f9c321024ed93892a1abfeb621c374,0xab67a08d053115256008149362da8baca79fae28,0xd4a9cfa1d7cca50f29a46bd0f6f5646f5548a793,1.043841,1.04384133611691,1.04384133611691,,0.8326036949784997
0x8a52ee70c9cc87f24c0e7a3ff76669e14bac91b7ee50766fa4e66261696a1a00,41543493,1769876333,0xa7272afc21f9c321024ed93892a1abfeb621c374,0xabf7b08a7dc4ac8a543c1112a98ddef3bb2990bd,0x76585fbba1eb984900eef32b48ec3560255c92d4,1.043841,1.04384133611691,1.04384133611691,,0.8326036949784997
0x9f1ae8864e2bc2162c7c7d0e4c990f8d9c594de2dd47989ee40c3ff0ccdf5ea5,41543494,1769876335,0xa7272afc21f9c321024ed93892a1abfeb621c374,0xabf7b08a7dc4ac8a543c1112a98ddef3bb2990bd,0xeafdc784772239dfcbd799776f4e5bc53d07a2dd,1.043841,1.04384133611691,1.04384133611691,,0.8326036949784997
0xe9cea7c09f312da9ee7aab7c37f03abc3f9f5d25a8e2149dd5b890d22ac33fee,41544107,1769877561,0xa7272afc21f9c321024ed93892a1abfeb621c374,0x00f231319f921a95284def641fd8274a8cb0e6ee,0x941e18899c9c385ec4f8c1647d55432f747da416,1.043837,1.04384133611691,1.04384133611691,,0.8326036949784997
0xc52007d6bff0d5d499e9aadd1918406f6e18ce9c4b983200b885cf4f0f0fc1f1,41544326,1769877999,0xa7272afc21f9c321024ed93892a1abfeb621c374,0x6c3dbf81cf5159a1d7de697324bc1e571c9ee53b,0x5d53f21e4c7fdcf42f236a089c9b3a00a53d6d74,1.043841,1.04384133611691,1.04384133611691,,0.8326036949784997
0x84e612446aa8880feb5df1312477e0bbf73542cf5f9417254e75e8a005aab57d,41544331,1769878009,0xa7272afc21f9c321024ed93892a1abfeb621c374,0x6c3dbf81cf5159a1d7de697324bc1e571c9ee53b,0x3322f75d3914a52153f39cdc29d7315202bce9cd,1.04384,1.04384133611691,1.04384133611691,,0.8326036949784997
0xa51e4e1641b431ecfdcfa977e054d65a725790616954931bd61735436a55d654,41544353,1769878053,0xa7272afc21f9c321024ed93892a1abfeb621c374,0xabf7b08a7dc4ac8a543c1112a98ddef3bb2990bd,0x76585fbba1eb984900eef32b48ec3560255c92d4,1.043841,1.04384133611691,1.04384133611691,,0.8326036949784997
0x95bb9423c1549529b68c07e2f091c696705c5112bd3699dbd7a85bb54f3190e9,41544353,1769878053,0xa7272afc21f9c321024ed93892a1abfeb621c374,0xabf7b08a7dc4ac8a543c1112a98ddef3bb2990bd,0x7155f46c421ddf90ef8a51bd7e01d78b710f5974,1.043841,1.04384133611691,1.04384133611691,,0.8326036949784997
0x464e7f41d2f6c0115e4126597cd28eb475c1982a489fc8b21b63d61a9f4b69e2,41544361,1769878069,0xa7272afc21f9c321024ed93892a1abfeb621c374,0x6c3dbf81cf5159a1d7de697324bc1e571c9ee53b,0xd4a9cfa1d7cca50f29a46bd0f6f5646f5548a793,1.043841,1.04384133611691,1.04384133611691,,0.8326036949784997
0xeb6f224b54675046db666da6bf85b76f93fdf36b6a7e41390b6bf7cd40f71c98,41544385,1769878117,0xa7272afc21f9c321024ed93892a1abfeb621c374,0x6c3dbf81cf5159a1d7de697324bc1e571c9ee53b,0x76585fbba1eb984900eef32b48ec3560255c92d4,1.043841,1.04384133611691,1.04384133611691,,0.8326036949784997
0xb3814a1f27dfad614d52463398d2906c3d12d7d4ed5ca9eefc23e979923462a1,41544394,1769878135,0xa7272afc21f9c321024ed93892a1abfeb621c374,0x6c3dbf81cf5159a1d7de697324bc1e571c9ee53b,0xd4a9cfa1d7cca50f29a46bd0f6f5646f5548a793,1.043841,1.04384133611691,1.04384133611691,,0.8326036949784997
0xe4683b9f37cb0b84c2da27be0eabb8151719df78b3f9c00b3303177b3786cdd8,41544403,1769878153,0xa7272afc21f9c321024ed93892a1abfeb621c374,0xab67a08d053115256008149362da8baca79fae28,0x5d53f21e4c7fdcf42f236a089c9b3a00a53d6d74,1.043841,1.04384133611691,1.04384133611691,,0.8326036949784997
0x336317784c138b00b07f5638027eb0bb5fa5c9f8f290239b53a83ad7eaac21e0,41544403,1769878153,0xa7272afc21f9c321024ed93892a1abfeb621c374,0x6c3dbf81cf5159a1d7de697324bc1e571c9ee53b,0x7155f46c421ddf90ef8a51bd7e01d78b710f5974,1.043841,1.04384133611691,1.04384133611691,,0.8326036949784997
0xfc79e4cd8e6f5cfd961376f50fdbc36a958db6c7a8d915306148d4f86d497e07,41544408,1769878163,0xa7272afc21f9c321024ed93892a1abfeb621c374,0x6c3dbf81cf5159a1d7de697324bc1e571c9ee53b,0xeafdc784772239dfcbd799776f4e5bc53d07a2dd,1.043841,1.04384133611691,1.04384133611691,,0.8326036949784997
0x35e10768fae73caa87b0cc334ce4a4094c36563f158e170f56b68d956fdd3826,41544443,1769878233,0xa7272afc21f9c321024ed93892a1abfeb621c374,0x6c3dbf81cf5159a1d7de697324bc1e571c9ee53b,0xeafdc784772239dfcbd799776f4e5bc53d07a2dd,1.043841,1.04384133611691,1.04384133611691,,0.8326036949784997
0x44fecaceb4730b9d951385d74231f6e585d0d58c6db5723836228d38cb43cf4d,41544448,1769878243,0xa7272afc21f9c321024ed93892a1abfeb621c374,0x6c3dbf81cf5159a1d7de697324bc1e571c9ee53b,0x7155f46c421ddf90ef8a51bd7e01d78b710f5974,1.043841,1.04384133611691,1.04384133611691,,0.8326036949784997
0xe929ac008494d41967fccdf6b0c13a65bcf727e22548cbbbb7340bb4e20850a7,41544463,1769878273,0xa7272afc21f9c321024ed93892a1abfeb621c374,0xab67a08d053115256008149362da8baca79fae28,0x3322f75d3914a52153f39cdc29d7315202bce9cd,1.043841,1.04384133611691,1.04384133611691,,0.8326036949784997
0xbda1c985d1abaea8be6c7be6293846cadd0ae221f75dcc332f7a62952ef0acf0,41544468,1769878283,0xa7272afc21f9c321024ed93892a1abfeb621c374,0x6c3dbf81cf5159a1d7de697324bc1e571c9ee53b,0xd4a9cfa1d7cca50f29a46bd0f6f5646f5548a793,1.043841,1.04384133611691,1.04384133611691,,0.8326036949784997
0xede05fa630ae1ae88a038c78d8529e8f9f22eb4fbf01af854483c650f452cb29,41544494,1769878335,0xa7272afc21f9c321024ed93892a1abfeb621c374,0x6c3dbf81cf5159a1d7de697324bc1e571c9ee53b,0x7155f46c421ddf90ef8a51bd7e01d78b710f5974,1.043841,1.04384133611691,1.04384133611691,,0.8326036949784997
0x9578450f8e74275e93d19cd3b5167ca28d01992159c38692c0f8b7f2dfdb6ee6,41544499,1769878345,0xa7272afc21f9c321024ed93892a1abfeb621c374,0x6c3dbf81cf5159a1d7de697324bc1e571c9ee53b,0x9b6b68094b3b28093cc306b2aef3917038789406,1.043841,1.04384133611691,1.04384133611691,,0.8326036949784997
0x3d977bf7a5b745da7996f3616935ff75c9a5b2196c64efa1016b0798e53f2474,41544504,1769878355,0xa7272afc21f9c321024ed93892a1abfeb621c374,0x6c3dbf81cf5159a1d7de697324bc1e571c9ee53b,0x76585fbba1eb984900eef32b48ec3560255c92d4,1.043841,1.04384133611691,1.04384133611691,,0.8326036949784997
0xd649263cd434ecf94b0d736de2f60a6735a7031c728f23f6de8f9107420e20e4,41544504,1769878355,0xa7272afc21f9c321024ed93892a1abfeb621c374,0xab67a08d053115256008149362da8baca79fae28,0xeafdc784772239dfcbd799776f4e5bc53d07a2dd,1.043841,1.04384133611691,1.04384133611691,,0.8326036949784997
0xe61ea1e2f16fe685da63445d45542aa455e38ef4d1db7143cb229698f3ddfecc,41544508,1769878363,0xa7272afc21f9c321024ed93892a1abfeb621c374,0x6c3dbf81cf5159a1d7de697324bc1e571c9ee53b,0xd4a9cfa1d7cca50f29a46bd0f6f5646f5548a793,1.043841,1.04384133611691,1.04384133611691,,0.8326036949784997
0xf62e7c1b2f03476ab9657e177fc8534f4ea8cda890ce5cd73a541a48259d204d,41544532,1769878411,0xa7272afc21f9c321024ed93892a1abfeb621c374,0xe5dddd7a7e5c9f0374ec02d246c9b9e2ce85c75d,0x76585fbba1eb984900eef32b48ec3560255c92d4,1.045233,1.04384133611691,1.04384133611691,,0.8326036949784997
0x062ca580e50942076f8e467c9f19aabf3085b7057ad76a6751afbe64f1d4c2b9,41544538,1769878423,0xa7272afc21f9c321024ed93892a1abfeb621c374,0x6c3dbf81cf5159a1d7de697324bc1e571c9ee53b,0x9b6b68094b3b28093cc306b2aef3917038789406,1.043841,1.04384133611691,1.04384133611691,,0.8326036949784997
0xcb1bf9a0b20e7de17f6c1ba78fef3c89a3271e6f93e0b5e93dd6941df489440e,41544544,1769878435,0xa7272afc21f9c321024ed93892a1abfeb621c374,0x6c3dbf81cf5159a1d7de697324bc1e571c9ee53b,0xeafdc784772239dfcbd799776f4e5bc53d07a2dd,1.043841,1.04384133611691,1.04384133611691,,0.8326036949784997
0x9297e3f302e0325b110e305596be9d856bba6812cb3f4f7bbf82791edb47bc27,41544554,1769878455,0xa7272afc21f9c321024ed93892a1abfeb621c374,0x6c3dbf81cf5159a1d7de697324bc1e571c9ee53b,0xeafdc784772239dfcbd799776f4e5bc53d07a2dd,1.043841,1.04384133611691,1.04384133611691,,0.8326036949784997
0xbd37f95adf4f8811b80231a77610b6d4e7bc8625b21fb5ea23fb7df4c59598f7,41544558,1769878463,0xa7272afc21f9c321024ed93892a1abfeb621c374,0x6c3dbf81cf5159a1d7de697324bc1e571c9ee53b,0x76585fbba1eb984900eef32b48ec3560255c92d4,1.043841,1.04384133611691,1.04384133611691,,0.8326036949784997
0x5a00055107c0f41d7b7311ae1187e7a77ec39936af01c3a22636239c0ce8a14c,41544654,1769878655,0xa7272afc21f9c321024ed93892a1abfeb621c374,0x6c3dbf81cf5159a1d7de697324bc1e571c9ee53b,0x7155f46c421ddf90ef8a51bd7e01d78b710f5974,1.043841,1.04384133611691,1.04384133611691,,0.8326036949784997
0x670ded60325c8e1f1fd6931e9074be1eee14674c2cd75f311ab21fc8b7eb754f,41544670,1769878687,0xa7272afc21f9c321024ed93892a1abfeb621c374,0x6c3dbf81cf5159a1d7de697324bc1e571c9ee53b,0x9b6b68094b3b28093cc306b2aef3917038789406,1.043841,1.04384133611691,1.04384133611691,,0.8326036949784997
0xf17a43d75ccabd99c82af2a8cf34cab855470886a1ea403094f14ead34bafff6,41544982,1769879311,0xa7272afc21f9c321024ed93892a1abfeb621c374,0xe5dddd7a7e5c9f0374ec02d246c9b9e2ce85c75d,0x76585fbba1eb984900eef32b48ec3560255c92d4,1.043841,1.04384133611691,1.04384133611691,,0.8326036949784997
0x9ff4687f45a6923111b29c3e5ccc288f896cb1dbde200a8aa8b15757efaccf52,41544986,1769879319,0xa7272afc21f9c321024ed93892a1abfeb621c374,0x6c3dbf81cf5159a1d7de697324bc1e571c9ee53b,0xd4a9cfa1d7cca50f29a46bd0f6f5646f5548a793,1.043841,1.04384133611691,1.04384133611691,,0.8326036949784997
0xaba4c1c51d416e4113c6c35bad4796c041007ae5bbcde14eb46a8dc201ebd7f8,41544991,1769879329,0xa7272afc21f9c321024ed93892a1abfeb621c374,0x6c3dbf81cf5159a1d7de697324bc1e571c9ee53b,0x9b6b68094b3b28093cc306b2aef3917038789406,1.043841,1.04384133611691,1.04384133611691,,0.8326036949784997
0x43bd4febb461d0d252dde0400f17582402f83e2166342240e3c950f7b1d55903,41544996,1769879339,0xa7272afc21f9c321024ed93892a1abfeb621c374,0xab67a08d053115256008149362da8baca79fae28,0xeafdc784772239dfcbd799776f4e5bc53d07a2dd,1.043841,1.04384133611691,1.04384133611691,,0.8326036949784997
0x0194de2b5c9e8807d342d89b15d1f64706155c7ebc7920816aa5c44909737de6,41544996,1769879339,0xa7272afc21f9c321024ed93892a1abfeb621c374,0xe5dddd7a7e5c9f0374ec02d246c9b9e2ce85c75d,0x76585fbba1eb984900eef32b48ec3560255c92d4,1.047519,1.04384133611691,1.04384133611691,,0.8326036949784997
0x3aea0c59022088cbe7035e44e14f9ea13e4bcbbc3412604aa2a1caf5f45898a3,41545001,1769879349,0xa7272afc21f9c321024ed93892a1abfeb621c374,0x6c3dbf81cf5159a1d7de697324bc1e571c9ee53b,0x9b6b68094b3b28093cc306b2aef3917038789406,1.043841,1.04384133611691,1.04384133611691,,0.8326036949784997
0x7e39e72e8fa340a08a9588ee20e480f8cf7cd8f0abda25affbee8f84e78a6e98,41545006,1769879359,0xa7272afc21f9c321024ed93892a1abfeb621c374,0x6c3dbf81cf5159a1d7de697324bc1e571c9ee53b,0x5d53f21e4c7fdcf42f236a089c9b3a00a53d6d74,1.043841,1.04384133611691,1.04384133611691,,0.8326036949784997
0xeebfa3620dde53d334650c6678f10c3f8fc5f217f493264fbaa65de11d541bbe,41545011,1769879369,0xa7272afc21f9c321024ed93892a1abfeb621c374,0x6c3dbf81cf5159a1d7de697324bc1e571c9ee53b,0x7155f46c421ddf90ef8a51bd7e01d78b710f5974,1.043841,1.04384133611691,1.04384133611691,,0.8326036949784997
0x6b58009376873748b8f4ff30faefe92c0e85adbaabe98492173123b04e5c5b57,41545016,1769879379,0xa7272afc21f9c321024ed93892a1abfeb621c374,0x6c3dbf81cf5159a1d7de697324bc1e571c9ee53b,0xeafdc784772239dfcbd799776f4e5bc53d07a2dd,1.043841,1.04384133611691,1.04384133611691,,0.8326036949784997
0xb61425cf68fd7a8f3868595cbf6a17f95aba0c40af7f4049080296fc2bff9196,41545035,1769879417,0xa7272afc21f9c321024ed93892a1abfeb621c374,0xe5dddd7a7e5c9f0374ec02d246c9b9e2ce85c75d,0x64dee823db2a87135e58b4c37a8580af6f10551e,1.043841,1.04384133611691,1.04384133611691,,0.8326036949784997
0x30fc399a752a61b1fc22e00e8900c0ef8ed811121074e914334c2fdaaf65c519,41545035,1769879417,0xa7272afc21f9c321024ed93892a1abfeb621c374,0xe5dddd7a7e5c9f0374ec02d246c9b9e2ce85c75d,0x64dee823db2a87135e58b4c37a8580af6f10551e,1.043841,1.04384133611691,1.04384133611691,,0.8326036949784997
0xb00a59d8b1031f00090f7f9d393a39a63e2b2899dcf99f9e9eee403d59abef93,41545042,1769879431,0xa7272afc21f9c321024ed93892a1abfeb621c374,0xe5dddd7a7e5c9f0374ec02d246c9b9e2ce85c75d,0x64dee823db2a87135e58b4c37a8580af6f10551e,1.043841,1.04384133611691,1.04384133611691,,0.8326036949784997
0x37a8105b3cab6798b424b337b390d22c58feeb75ef72bccc60f8824e138bbfb8,41545043,1769879433,0xa7272afc21f9c321024ed93892a1abfeb621c374,0xe5dddd7a7e5c9f0374ec02d246c9b9e2ce85c75d,0x76585fbba1eb984900eef32b48ec3560255c92d4,1.043841,1.04384133611691,1.04384133611691,,0.8326036949784997
0x8ab8abcf23aec7696ad0af7f236b01420606ff202ba0cb86b5a6af7b371a0efd,41545046,1769879439,0xa7272afc21f9c321024ed93892a1abfeb621c374,0x6c3dbf81cf5159a1d7de697324bc1e571c9ee53b,0xeafdc784772239dfcbd799776f4e5bc53d07a2dd,1.043841,1.04384133611691,1.04384133611691,,0.8326036949784997
0x4e3cddac47c952f9700363f5af854129b5330ab1bffc53798e7af1d3a86d5626,41545051,1769879449,0xa7272afc21f9c321024ed93892a1abfeb621c374,0x6c3dbf81cf5159a1d7de697324bc1e571c9ee53b,0x9b6b68094b3b28093cc306b2aef3917038789406,1.043841,1.04384133611691,1.04384133611691,,0.8326036949784997
0xdaa40a5cdbca150fc4e173dbb084a922df3f6df6f60a7e87c08369c217c4ad4a,41545061,1769879469,0xa7272afc21f9c321024ed93892a1abfeb621c374,0x6c3dbf81cf5159a1d7de697324bc1e571c9ee53b,0xeafdc784772239dfcbd799776f4e5bc53d07a2dd,1.043841,1.04384133611691,1.04384133611691,,0.8326036949784997
0xbeaa2fefce97da1058dab595816d1d40ad1a0963db6f9988316745a3f87a8695,41545065,1769879477,0xa7272afc21f9c321024ed93892a1abfeb621c374,0x6c3dbf81cf5159a1d7de697324bc1e571c9ee53b,0x64dee823db2a87135e58b4c37a8580af6f10551e,1.043841,1.04384133611691,1.04384133611691,,0.8326036949784997
0x8335f5fbbfc13dc8f86e8005723420bac305876c7d34da4949bd57d298624135,41545071,1769879489,0x9231db26a7a7a2bc81abb13331edae458b2871b6,0x6c3dbf81cf5159a1d7de697324bc1e571c9ee53b,0x3df883542ca0037346acff9417ff6a7d68204096,1.043841,1.04384133611691,1.04384133611691,,0.8326036949784997
0x11693c723dfdc4a1c4ee6b428f6e42ba4099782333093048079c06d7143402f6,41545075,1769879497,0xa7272afc21f9c321024ed93892a1abfeb621c374,0x6c3dbf81cf5159a1d7de697324bc1e571c9ee53b,0x7155f46c421ddf90ef8a51bd7e01d78b710f5974,1.043841,1.04384133611691,1.04384133611691,,0.8326036949784997
0x9ed2dd0c7fb06a2d3f67136dda9cabbc5107563835c8075b4ef3889d18a8a1f1,41545081,1769879509,0xa7272afc21f9c321024ed93892a1abfeb621c374,0x6c3dbf81cf5159a1d7de697324bc1e571c9ee53b,0xd4a9cfa1d7cca50f29a46bd0f6f5646f5548a793,1.043841,1.04384133611691,1.04384133611691,,0.8326036949784997
0xa3e64886b51c9c19b64133405cb7c49cf185a8194362d2bb0895f7a7b660f8ff,41545086,1769879519,0xa7272afc21f9c321024ed93892a1abfeb621c374,0x6c3dbf81cf5159a1d7de697324bc1e571c9ee53b,0x76585fbba1eb984900eef32b48ec3560255c92d4,1.043841,1.04384133611691,1.04384133611691,,0.8326036949784997
0xa43590033b16abf2a382ceb394e4911cc567c8872f450fd157f6ef06924dfd60,41545091,1769879529,0xa7272afc21f9c321024ed93892a1abfeb621c374,0x6c3dbf81cf5159a1d7de697324bc1e571c9ee53b,0x9b6b68094b3b28093cc306b2aef3917038789406,1.043841,1.04384133611691,1.04384133611691,,0.8326036949784997
0x4c33bd58c23fc0d074163ff894824aa9806b2d7f84b3e0dafc574ead28cd6eb3,41545106,1769879559,0xa7272afc21f9c321024ed93892a1abfeb621c374,0x6c3dbf81cf5159a1d7de697324bc1e571c9ee53b,0x9b6b68094b3b28093cc306b2aef3917038789406,1.043841,1.04384133611691,1.04384133611691,,0.8326036949784997
0xa357b460be8c445058010d17410126d22239e325e3c9400b81b7275615cd8bf3,41545110,1769879567,0xa7272afc21f9c321024ed93892a1abfeb621c374,0x74513519689b1fb427747624a4dd87b3849d39cd,0x64dee823db2a87135e58b4c37a8580af6f10551e,1.043841,1.04384133611691,1.04384133611691,,0.8326036949784997
0x67d063d8ffc08f53e6122b0ba853556e1ac379974bff109a8ce79f46fe2eea4f,41545117,1769879581,0xa7272afc21f9c321024ed93892a1abfeb621c374,0x6c3dbf81cf5159a1d7de697324bc1e571c9ee53b,0xeafdc784772239dfcbd799776f4e5bc53d07a2dd,1.043841,1.04384133611691,1.04384133611691,,0.8326036949784997
0xac46ce99f990ee2c093a7a9a58b40c1c158d48808b664dae18ebb0373cb57f7f,41545121,1769879589,0xa7272afc21f9c321024ed93892a1abfeb621c374,0x6c3dbf81cf5159a1d7de697324bc1e571c9ee53b,0x9b6b68094b3b28093cc306b2aef3917038789406,1.043841,1.04384133611691,1.04384133611691,,0.8326036949784997
0xe6537a53f7cd3b723f60eee1e0d30e1dbd1cc1ec8dfbe6dff4f931c988566342,41545125,1769879597,0xa7272afc21f9c321024ed93892a1abfeb621c374,0x74513519689b1fb427747624a4dd87b3849d39cd,0x64dee823db2a87135e58b4c37a8580af6f10551e,1.043841,1.04384133611691,1.04384133611691,,0.8326036949784997
0x491b0036c2be0f044497861b568d1accc848deac040f706daaebf36ce6562832,41545126,1769879599,0xa7272afc21f9c321024ed93892a1abfeb621c374,0x6c3dbf81cf5159a1d7de697324bc1e571c9ee53b,0x76585fbba1eb984900eef32b48ec3560255c92d4,1.043841,1.04384133611691,1.04384133611691,,0.8326036949784997
0x9a13ab9c14a34b1d319e8870dc78a2c980c9f4897a70fe7d1665c008103ca571,41545202,1769879751,0xa7272afc21f9c321024ed93892a1abfeb621c374,0x00f231319f921a95284def641fd8274a8cb0e6ee,0x5d53f21e4c7fdcf42f236a089c9b3a00a53d6d74,1.043841,1.04384133611691,1.04384133611691,,0.8326036949784997
0x0089da9d5e0c38893a7db2a0be1a9be364f1d2a29b06cf8b12656d98852a886d,41545229,1769879805,0x9231db26a7a7a2bc81abb13331edae458b2871b6,0xe5dddd7a7e5c9f0374ec02d246c9b9e2ce85c75d,0x3df883542ca0037346acff9417ff6a7d68204096,1.043841,1.04384133611691,1.04384133611691,,0.8326036949784997
0x45a427a70dbfe8ca691fa3517ea7d72c62852f2d3190fa3e75dd21d653460082,41545229,1769879805,0xa7272afc21f9c321024ed93892a1abfeb621c374,0xe5dddd7a7e5c9f0374ec02d246c9b9e2ce85c75d,0x7b659ef971441dc81f6c9718bcaf978265673dec,1.043841,1.04384133611691,1.04384133611691,,0.8326036949784997
0xefb3cf81a4fccf9a49ecd5c93c7382484999219f911330ebe078f2a3bf1e2887,41545229,1769879805,0xa7272afc21f9c321024ed93892a1abfeb621c374,0x74513519689b1fb427747624a4dd87b3849d39cd,0x7b659ef971441dc81f6c9718bcaf978265673dec,1.043841,1.04384133611691,1.04384133611691,,0.8326036949784997
0x1adec001dfef9b95724d7f13eee0db25dfd7ef8708f66187c009f6d3f25fe2df,41545304,1769879955,0xa7272afc21f9c321024ed93892a1abfeb621c374,0x6c3dbf81cf5159a1d7de697324bc1e571c9ee53b,0x3322f75d3914a52153f39cdc29d7315202bce9cd,1.043841,1.04384133611691,1.04384133611691,,0.8326036949784997
0x7e12a323a349ee8b09e88cff2b4783877c6795bf1732c8b6e260ed8c93d9f43b,41545342,1769880031,0xa7272afc21f9c321024ed93892a1abfeb621c374,0xe5dddd7a7e5c9f0374ec02d246c9b9e2ce85c75d,0x7b659ef971441dc81f6c9718bcaf978265673dec,1.043841,1.04384133611691,1.04384133611691,,0.8326036949784997
0x7b9a9b0b56d99b0757d15d996b7f1c88c6dc0c74b42f9e8eaa7ee5091de94d18,41545365,1769880077,0x9231db26a7a7a2bc81abb13331edae458b2871b6,0x00f231319f921a95284def641fd8274a8cb0e6ee,0x3df883542ca0037346acff9417ff6a7d68204096,1.043841,1.04384133611691,1.04384133611691,,0.8326036949784997
0xadb9fe677d41c0a297fcfc865f0f5befba8a86df3a5add5366c251774ac348e2,41545721,1769880789,0x9231db26a7a7a2bc81abb13331edae458b2871b6,0xabf7b08a7dc4ac8a543c1112a98ddef3bb2990bd,0x3df883542ca0037346acff9417ff6a7d68204096,1.043841,1.04384133611691,1.04384133611691,,0.8326036949784997
0xcb0e7fa6132dff77f13641c43ea1b002ee03e56a23f5203f386fc7cbfc641587,41545760,1769880867,0xa7272afc21f9c321024ed93892a1abfeb621c374,0xabf7b08a7dc4ac8a543c1112a98ddef3bb2990bd,0x9b6b68094b3b28093cc306b2aef3917038789406,1.043841,1.04384133611691,1.04384133611691,,0.8326036949784997
0xa140674b7396166c5ad31f9a15e98e50dcb63fe205770ba51972268e519463f3,41545761,1769880869,0xa7272afc21f9c321024ed93892a1abfeb621c374,0xe5dddd7a7e5c9f0374ec02d246c9b9e2ce85c75d,0x7b659ef971441dc81f6c9718bcaf978265673dec,1.043841,1.04384133611691,1.04384133611691,,0.8326036949784997
0x15fbf6cd03986589c77a8241ceabe5abe99767db1a4241f4e2b4de0eaedcef60,41545761,1769880869,0xa7272afc21f9c321024ed93892a1abfeb621c374,0xe5dddd7a7e5c9f0374ec02d246c9b9e2ce85c75d,0x64dee823db2a87135e58b4c37a8580af6f10551e,1.043841,1.04384133611691,1.04384133611691,,0.8326036949784997
0x73dfb96640c044fbcf332914d844f81c11af46c217a402c994b9bb521887ebe6,41545761,1769880869,0x9231db26a7a7a2bc81abb13331edae458b2871b6,0xabf7b08a7dc4ac8a543c1112a98ddef3bb2990bd,0x3df883542ca0037346acff9417ff6a7d68204096,1.043841,1.04384133611691,1.04384133611691,,0.8326036949784997
0x849136c7f66c0e426775635f60e16165defd0482d9f9cfe5cb90c0e2b86a897f,41545796,1769880939,0xa7272afc21f9c321024ed93892a1abfeb621c374,0xe5dddd7a7e5c9f0374ec02d246c9b9e2ce85c75d,0x7b659ef971441dc81f6c9718bcaf978265673dec,1.043841,1.04384133611691,1.04384133611691,,0.8326036949784997
0xdd62708e251d9fc60002a7faf9f81ec76d1dc9f7c74333679108fbefd2721952,41545796,1769880939,0xa7272afc21f9c321024ed93892a1abfeb621c374,0xe5dddd7a7e5c9f0374ec02d246c9b9e2ce85c75d,0x64dee823db2a87135e58b4c37a8580af6f10551e,1.043841,1.04384133611691,1.04384133611691,,0.8326036949784997
0x419d4456c8adafd80b3d7a9ebe812c12996b9683d6c1481909483946c289e59a,41545806,1769880959,0xa7272afc21f9c321024ed93892a1abfeb621c374,0xe5dddd7a7e5c9f0374ec02d246c9b9e2ce85c75d,0x76585fbba1eb984900eef32b48ec3560255c92d4,1.043841,1.04384133611691,1.04384133611691,,0.8326036949784997
0x34bb49b196b358596092d52cfab0d6901eb3601313bcf921d8042c5bb3562966,41546467,1769882281,0xa7272afc21f9c321024ed93892a1abfeb621c374,0xabf7b08a7dc4ac8a543c1112a98ddef3bb2990bd,0xd4a9cfa1d7cca50f29a46bd0f6f5646f5548a793,1.045986,1.04384133611691,1.04384133611691,,0.8326036949784997
0x82c57e7525b6c4722e58fb59dab338ec4d0e4ad8e2538c996d97f3e2fc96c970,41546489,1769882325,0xa7272afc21f9c321024ed93892a1abfeb621c374,0xabf7b08a7dc4ac8a543c1112a98ddef3bb2990bd,0x941e18899c9c385ec4f8c1647d55432f747da416,1.043841,1.04384133611691,1.04384133611691,,0.8326036949784997
0x22cbefdbb5fd932f36ce58753407d2a4e61ffe685f064a051b6f171f41acbf76,41546522,1769882391,0xa7272afc21f9c321024ed93892a1abfeb621c374,0xabf7b08a7dc4ac8a543c1112a98ddef3bb2990bd,0x5d53f21e4c7fdcf42f236a089c9b3a00a53d6d74,1.043841,1.04384133611691,1.04384133611691,,0.8326036949784997
0x0a17d1aa00f06a3e0cdb2e94ba02d26c8fc0cb0fa9f65e557e3087b6cbce9df7,41546770,1769882887,0xa7272afc21f9c321024ed93892a1abfeb621c374,0xabf7b08a7dc4ac8a543c1112a98ddef3bb2990bd,0xd4a9cfa1d7cca50f29a46bd0f6f5646f5548a793,1.043841,1.04384133611691,1.04384133611691,,0.8326036949784997
0x1f75eaf7b16c2c7ed5023246ee0a84e515501c69bc317aafc1fb449a1e9f0da8,41547050,1769883447,0xa7272afc21f9c321024ed93892a1abfeb621c374,0xabf7b08a7dc4ac8a543c1112a98ddef3bb2990bd,0x9b6b68094b3b28093cc306b2aef3917038789406,1.043841,1.04384133611691,1.04384133611691,,0.8326036949784997
0x2a80502561926190818cb91a4b09b6bc29638a0c39bc66234b39348d28554d71,41547054,1769883455,0xa7272afc21f9c321024ed93892a1abfeb621c374,0xe5dddd7a7e5c9f0374ec02d246c9b9e2ce85c75d,0x7b659ef971441dc81f6c9718bcaf978265673dec,1.043841,1.04384133611691,1.04384133611691,,0.8326036949784997
0xa85d78b1b23ad40fad0662b270d78a86864ede0ddf85b0e0af5ce331ecf91577,41547054,1769883455,0xa7272afc21f9c321024ed93892a1abfeb621c374,0xe5dddd7a7e5c9f0374ec02d246c9b9e2ce85c75d,0x64dee823db2a87135e58b4c37a8580af6f10551e,1.043841,1.04384133611691,1.04384133611691,,0.8326036949784997
0x3baec6aa31d2427ff84308818dcaa1c945fd0d954e429723adfb4e4ff3e2efe4,41547056,1769883459,0xa7272afc21f9c321024ed93892a1abfeb621c374,0xe5dddd7a7e5c9f0374ec02d246c9b9e2ce85c75d,0xeafdc784772239dfcbd799776f4e5bc53d07a2dd,1.04384,1.04384133611691,1.04384133611691,,0.8326036949784997
0xd8ccdef1f2aca79707f268d8f03c9b4f642af68a861ad19cb2058e24f24a3360,41547101,1769883549,0xa7272afc21f9c321024ed93892a1abfeb621c374,0xe5dddd7a7e5c9f0374ec02d246c9b9e2ce85c75d,0x7b659ef971441dc81f6c9718bcaf978265673dec,1.043841,1.04384133611691,1.04384133611691,,0.8326036949784997
0xc0bef6aeab7dc6eb760fba9a531f5d8ab077df34415a48b613f5122f5b88a392,41547101,1769883549,0xa7272afc21f9c321024ed93892a1abfeb621c374,0xe5dddd7a7e5c9f0374ec02d246c9b9e2ce85c75d,0x64dee823db2a87135e58b4c37a8580af6f10551e,1.043841,1.04384133611691,1.04384133611691,,0.8326036949784997
0xad2afe12f15383a402ea05d955ba7cdb60ca24503f3a2a27fcfa28a277f82f8f,41547101,1769883549,0xa7272afc21f9c321024ed93892a1abfeb621c374,0xe5dddd7a7e5c9f0374ec02d246c9b9e2ce85c75d,0x76585fbba1eb984900eef32b48ec3560255c92d4,1.04384,1.04384133611691,1.04384133611691,,0.8326036949784997
0x8b9d7dfce84ff1af16cb6a415be49cb33545926652b665ea7b0c733cf402f724,41547217,1769883781,0xa7272afc21f9c321024ed93892a1abfeb621c374,0xabf7b08a7dc4ac8a543c1112a98ddef3bb2990bd,0x9b6b68094b3b28093cc306b2aef3917038789406,1.043841,1.04384133611691,1.04384133611691,,0.8326036949784997
0x246bfb2e6cc17d8d01cd2a7fca14dcf84edf33bc29bab82946d1c0d421dc7bb2,41547422,1769884191,0x9ca1dad919221d920b889aacf3023a5cea23165f,0x6c3dbf81cf5159a1d7de697324bc1e571c9ee53b,0xa91c2397677b726e727befdd6bf047d03ee35db8,1.043841,1.04384133611691,1.04384133611691,,0.8326036949784997
0x9a17b25539734d29c6a53a34e100fee3045b4c6ad3e56e233859dfe1d4e7f687,41547699,1769884745,0x9231db26a7a7a2bc81abb13331edae458b2871b6,0xe5dddd7a7e5c9f0374ec02d246c9b9e2ce85c75d,0x3df883542ca0037346acff9417ff6a7d68204096,1.043841,1.04384133611691,1.04384133611691,,0.8326036949784997
0x95fd8f0af55fadaeb782ddd9fe8d9bd189224763b7387b8e8fb05a5a060af2ef,41547717,1769884781,0xa7272afc21f9c321024ed93892a1abfeb621c374,0xe5dddd7a7e5c9f0374ec02d246c9b9e2ce85c75d,0xeafdc784772239dfcbd799776f4e5bc53d07a2dd,1.043841,1.04384133611691,1.04384133611691,,0.8326036949784997
0x27ced984de838660e1005b8c5ffe37150bb3e9a06b448d10ada13e6f5816a5a5,41547718,1769884783,0xa7272afc21f9c321024ed93892a1abfeb621c374,0xe5dddd7a7e5c9f0374ec02d246c9b9e2ce85c75d,0x9b6b68094b3b28093cc306b2aef3917038789406,1.043841,1.04384133611691,1.04384133611691,,0.8326036949784997
0x82033e09449f698fa7203e599ab2fa0d2c1b1caf59f7fc695d18e89db4bc82fa,41547834,1769885015,0xa7272afc21f9c321024ed93892a1abfeb621c374,0xab67a08d053115256008149362da8baca79fae28,0x9b6b68094b3b28093cc306b2aef3917038789406,1.043841,1.04384133611691,1.04384133611691,,0.8326036949784997
0xc49a3aff1bd2c141c4bed1316db88535c5ea4cd02cd33af408cadb761a11708c,41548021,1769885389,0xa7272afc21f9c321024ed93892a1abfeb621c374,0x6c3dbf81cf5159a1d7de697324bc1e571c9ee53b,0x76585fbba1eb984900eef32b48ec3560255c92d4,1.043841,1.04384133611691,1.04384133611691,,0.8326036949784997
0xfe06a7ec9c398c212ae7454553fbcd2abd3dc4d3b2b9e1f24c7725d72f2cc69c,41548203,1769885753,0xa7272afc21f9c321024ed93892a1abfeb621c374,0x6c3dbf81cf5159a1d7de697324bc1e571c9ee53b,0x5d53f21e4c7fdcf42f236a089c9b3a00a53d6d74,1.043841,1.04384133611691,1.04384133611691,,0.8326036949784997
0x29506fc4d1a11e58844b5f2d2cc06fe1276aadc1dd03d750ee08a546d99af263,41548505,1769886357,0xa7272afc21f9c321024ed93892a1abfeb621c374,0xe5dddd7a7e5c9f0374ec02d246c9b9e2ce85c75d,0x7b659ef971441dc81f6c9718bcaf978265673dec,1.043841,1.04384133611691,1.04384133611691,,0.8326036949784997
0xa7dbc58276a529a74fb69bf0bffe689c3f84529168ab4d1193357ef4ce35eed3,41548505,1769886357,0xa7272afc21f9c321024ed93892a1abfeb621c374,0xe5dddd7a7e5c9f0374ec02d246c9b9e2ce85c75d,0x64dee823db2a87135e58b4c37a8580af6f10551e,1.043841,1.04384133611691,1.04384133611691,,0.8326036949784997
0xef6dd2f48039dcbbc4fb1393080edfc1e6d45f6bb5b5ab0c7f0a27ffe5d42e7d,41549115,1769887577,0xa7272afc21f9c321024ed93892a1abfeb621c374,0xe5dddd7a7e5c9f0374ec02d246c9b9e2ce85c75d,0x64dee823db2a87135e58b4c37a8580af6f10551e,1.043841,1.04384133611691,1.04384133611691,,0.8326036949784997
0xeb7dc9864a9cabe60f2c8af11270fafc41b2c8163bf035716594e471d1e22c16,41549115,1769887577,0xa7272afc21f9c321024ed93892a1abfeb621c374,0xe5dddd7a7e5c9f0374ec02d246c9b9e2ce85c75d,0x7b659ef971441dc81f6c9718bcaf978265673dec,1.043841,1.04384133611691,1.04384133611691,,0.8326036949784997
0x80e08bc15b5dacf3de87a4025294036ef75eee2f776c8f84d0558b4515378345,41549115,1769887577,0xa7272afc21f9c321024ed93892a1abfeb621c374,0xe5dddd7a7e5c9f0374ec02d246c9b9e2ce85c75d,0x76585fbba1eb984900eef32b48ec3560255c92d4,1.04384,1.04384133611691,1.04384133611691,,0.8326036949784997
0x85be6fe737f93b24b400951ae16cd169454b0c5f12b615232c5d15f227c95c5c,41549338,1769888023,0xa7272afc21f9c321024ed93892a1abfeb621c374,0xe5dddd7a7e5c9f0374ec02d246c9b9e2ce85c75d,0x7b659ef971441dc81f6c9718bcaf978265673dec,1.043841,1.04384133611691,1.04384133611691,,0.8326036949784997
0x2f0fde9935fd579882279337f2ae7cee8fdbcffaee29631e513109c82bd6495d,41549338,1769888023,0xa7272afc21f9c321024ed93892a1abfeb621c374,0xe5dddd7a7e5c9f0374ec02d246c9b9e2ce85c75d,0x64dee823db2a87135e58b4c37a8580af6f10551e,1.043841,1.04384133611691,1.04384133611691,,0.8326036949784997
0x8d59c6a06fdc43751f9b474461ea261cabc5fd13242fd45e75b7956cf7e9c91a,41549338,1769888023,0xa7272afc21f9c321024ed93892a1abfeb621c374,0xe5dddd7a7e5c9f0374ec02d246c9b9e2ce85c75d,0x64dee823db2a87135e58b4c37a8580af6f10551e,1.043841,1.04384133611691,1.04384133611691,,0.8326036949784997
0xfa0ccacde2e732cfcc397b6565b3fe0ff2860e9d3a1fb8f9f9387fc848b34864,41549338,1769888023,0xa7272afc21f9c321024ed93892a1abfeb621c374,0xe5dddd7a7e5c9f0374ec02d246c9b9e2ce85c75d,0x7b659ef971441dc81f6c9718bcaf978265673dec,1.043841,1.04384133611691,1.04384133611691,,0.8326036949784997
0xc13216c511f829463cde284ff3a233908e2e17497e86ee7848ab11197524928d,41549743,1769888833,0xa7272afc21f9c321024ed93892a1abfeb621c374,0xb7ea2b36a2c94f1b17939e77a20e0cf409c88bfa,0x76585fbba1eb984900eef32b48ec3560255c92d4,1.043841,1.04384133611691,1.04384133611691,,0.8326036949784997
0x3ca624318a4a88a7006bf9cfba9a781867f2f0071bfc6f71f0155a1504d9d397,41549749,1769888845,0xa7272afc21f9c321024ed93892a1abfeb621c374,0xb7ea2b36a2c94f1b17939e77a20e0cf409c88bfa,0xeafdc784772239dfcbd799776f4e5bc53d07a2dd,1.043841,1.04384133611691,1.04384133611691,,0.8326036949784997
0x55a6296e479d3dff13df5537989827bd440d25f32e0a42db1fcee3b20e67f767,41550019,1769889385,0xa517fe2cf559e1c37d4bb844770b089ab9227ae7,0xb7ea2b36a2c94f1b17939e77a20e0cf409c88bfa,0x21376f9ea9b75358f3ce6138edec1515998cf930,1.126691,1.1267605633802817,1.1267605633802817,,0.5625919504874457
0x820a597f52adbdc874713a491a720e3e33152a9b3606752bd52f485627122988,41550693,1769890733,0x9ca1dad919221d920b889aacf3023a5cea23165f,0xb7ea2b36a2c94f1b17939e77a20e0cf409c88bfa,0xa91c2397677b726e727befdd6bf047d03ee35db8,1.04384,1.04384133611691,1.04384133611691,,0.8326036949784997
0xd05c06bbd0f424674bd75b4e5b532901be83c6adc816caf10c643b5678e8e597,41550769,1769890885,0xa7272afc21f9c321024ed93892a1abfeb621c374,0xb7ea2b36a2c94f1b17939e77a20e0cf409c88bfa,0x64dee823db2a87135e58b4c37a8580af6f10551e,1.043841,1.04384133611691,1.04384133611691,,0.8326036949784997
0xb04cb5e7759f99b487afbe2074ba03826ab9419eb30195ba474bd66cc5d1a88f,41550835,1769891017,0xa7272afc21f9c321024ed93892a1abfeb621c374,0x00f231319f921a95284def641fd8274a8cb0e6ee,0x941e18899c9c385ec4f8c1647d55432f747da416,1.043841,1.04384133611691,1.04384133611691,,0.8326036949784997
0xcc8fe5a3a92f79953247aa31fe6f7c18c6e38eddedb91e070069af9beaf6cb6f,41550903,1769891153,0xa7272afc21f9c321024ed93892a1abfeb621c374,0xb7ea2b36a2c94f1b17939e77a20e0cf409c88bfa,0x941e18899c9c385ec4f8c1647d55432f747da416,1.045228,1.04384133611691,1.04384133611691,,0.8326036949784997
0x2d26a3fa5e978c1ee9cde585ab7584362e7d5bb84592345df5b786df9e91e1d5,41550936,1769891219,0xa7272afc21f9c321024ed93892a1abfeb621c374,0xb7ea2b36a2c94f1b17939e77a20e0cf409c88bfa,0x941e18899c9c385ec4f8c1647d55432f747da416,1.043834,1.04384133611691,1.04384133611691,,0.8326036949784997
0x8f23cdd23157be04a5996144f0c69823fc23b9ab4e352234ce7799c860f947e1,41551159,1769891665,0xa7272afc21f9c321024ed93892a1abfeb621c374,0xb7ea2b36a2c94f1b17939e77a20e0cf409c88bfa,0x7b659ef971441dc81f6c9718bcaf978265673dec,1.043841,1.04384133611691,1.04384133611691,,0.8326036949784997
0x768e23efde8bb5d55bffdc33f58d2ffbe60f10335cc9b22092e8ec2224b379e4,41551167,1769891681,0xa7272afc21f9c321024ed93892a1abfeb621c374,0xb7ea2b36a2c94f1b17939e77a20e0cf409c88bfa,0x64dee823db2a87135e58b4c37a8580af6f10551e,1.043841,1.04384133611691,1.04384133611691,,0.8326036949784997
0xd14dbf77f119117e262daa9256197bad3b581e350a64f501ccae3d4730225ddd,41551174,1769891695,0xa7272afc21f9c321024ed93892a1abfeb621c374,0xb7ea2b36a2c94f1b17939e77a20e0cf409c88bfa,0x76585fbba1eb984900eef32b48ec3560255c92d4,1.043841,1.04384133611691,1.04384133611691,,0.8326036949784997
0x0ba90031eeaa488ecee6b86a32ce408238f0aa42d4bea201347c3e1362adafd3,41551191,1769891729,0xa7272afc21f9c321024ed93892a1abfeb621c374,0xb7ea2b36a2c94f1b17939e77a20e0cf409c88bfa,0xeafdc784772239dfcbd799776f4e5bc53d07a2dd,1.043841,1.04384133611691,1.04384133611691,,0.8326036949784997
0x6c88da46798f48ae07bb87c47b49a557704e45c9831b9093dfaeae8f0d8d1789,41551365,1769892077,0xa7272afc21f9c321024ed93892a1abfeb621c374,0xb7ea2b36a2c94f1b17939e77a20e0cf409c88bfa,0x5d53f21e4c7fdcf42f236a089c9b3a00a53d6d74,1.043841,1.04384133611691,1.04384133611691,,0.8326036949784997
0x6017e215ff50566508c60d32a5b89944978efd8d2ca49eb42fdd11450cc69ea0,41551370,1769892087,0xa7272afc21f9c321024ed93892a1abfeb621c374,0xb7ea2b36a2c94f1b17939e77a20e0cf409c88bfa,0x941e18899c9c385ec4f8c1647d55432f747da416,1.04384,1.04384133611691,1.04384133611691,,0.8326036949784997
0x587efc3b1a84df52a603cfb7850d94eefd80d015a575ae895404845921afbbaa,41551377,1769892101,0x9ca1dad919221d920b889aacf3023a5cea23165f,0xb7ea2b36a2c94f1b17939e77a20e0cf409c88bfa,0xa91c2397677b726e727befdd6bf047d03ee35db8,1.043838,1.04384133611691,1.04384133611691,,0.8326036949784997
0x2a6142f081ff9fbe108bc651acebdab8fdbc248073ca6436f5150452ff1165a3,41551408,1769892163,0xa7272afc21f9c321024ed93892a1abfeb621c374,0xb7ea2b36a2c94f1b17939e77a20e0cf409c88bfa,0x9b6b68094b3b28093cc306b2aef3917038789406,1.043841,1.04384133611691,1.04384133611691,,0.8326036949784997
0x779dfde267d288578c356dee2f8f6647728b7f7595239ebd37e4634ee8262039,41583599,1769956545,0x9ca1dad919221d920b889aacf3023a5cea23165f,0x00f231319f921a95284def641fd8274a8cb0e6ee,0xa91c2397677b726e727befdd6bf047d03ee35db8,1.043837,1.04384133611691,1.04384133611691,,0.8326036949784997
0xc3bedbca081018ff43486abcea68b2ee0d2dcd64f144de4824b81566085ff6d8,41583667,1769956681,0x9ca1dad919221d920b889aacf3023a5cea23165f,0xb7ea2b36a2c94f1b17939e77a20e0cf409c88bfa,0xa91c2397677b726e727befdd6bf047d03ee35db8,1.043837,1.04384133611691,1.04384133611691,,0.8326036949784997
0x0bd07ab33d02f4b164d0826b1402fa82fb966414c4363405dd1419a7cb64dbce,41583689,1769956725,0x9231db26a7a7a2bc81abb13331edae458b2871b6,0x6c3dbf81cf5159a1d7de697324bc1e571c9ee53b,0x71bd581f22260906f38a032a869faf647b36d98d,1.043841,1.04384133611691,1.04384133611691,,0.8326036949784997
0xaa85037be8a754732626dd6838317512f29f1f7a799a1c5fba60fd3439e72ac5,41583719,1769956785,0x9231db26a7a7a2bc81abb13331edae458b2871b6,0x6c3dbf81cf5159a1d7de697324bc1e571c9ee53b,0x71bd581f22260906f38a032a869faf647b36d98d,1.043841,1.04384133611691,1.04384133611691,,0.8326036949784997
0xec7ddcce3eb4a18b23ae2733506e34400b0addad22a2a32f7fecfda8bc5c0e09,41584845,1769959037,0x9231db26a7a7a2bc81abb13331edae458b2871b6,0x6c3dbf81cf5159a1d7de697324bc1e571c9ee53b,0x71bd581f22260906f38a032a869faf647b36d98d,1.043841,1.04384133611691,1.04384133611691,,0.8326036949784997
0xb0e0f881bcbf50f2f6e270f22767e2115d09e84779bcdf7c30d2667fe2d8a9a3,41584904,1769959155,0x9231db26a7a7a2bc81abb13331edae458b2871b6,0x6c3dbf81cf5159a1d7de697324bc1e571c9ee53b,0x71bd581f22260906f38a032a869faf647b36d98d,1.043841,1.04384133611691,1.04384133611691,,0.8326036949784997
0xda0b1981fcbcefb5718c2be98de75a0dde37ee9ff594c3a7a27d735db5a2c3d6,41584909,1769959165,0xa7272afc21f9c321024ed93892a1abfeb621c374,0x6c3dbf81cf5159a1d7de697324bc1e571c9ee53b,0x5d53f21e4c7fdcf42f236a089c9b3a00a53d6d74,1.043841,1.04384133611691,1.04384133611691,,0.8326036949784997
0xcdf7bad961b2aa3661aa6f12586efd9ca15eb3ac435483a5593f46e3db8dfedf,41584924,1769959195,0x9231db26a7a7a2bc81abb13331edae458b2871b6,0x6c3dbf81cf5159a1d7de697324bc1e571c9ee53b,0x71bd581f22260906f38a032a869faf647b36d98d,1.043841,1.04384133611691,1.04384133611691,,0.8326036949784997
0x635edd9143b883420adc3cd34df3ff2eb2e166af576fa57ea9d39cb429eee71d,41585116,1769959579,0xa7272afc21f9c321024ed93892a1abfeb621c374,0x6c3dbf81cf5159a1d7de697324bc1e571c9ee53b,0x5d53f21e4c7fdcf42f236a089c9b3a00a53d6d74,1.043841,1.04384133611691,1.04384133611691,,0.8326036949784997
0x7c14174d3164fad1a97863e1be5e1d6877b24c9795cca1d30a5ddf4fb3388eab,41585120,1769959587,0x9231db26a7a7a2bc81abb13331edae458b2871b6,0x6c3dbf81cf5159a1d7de697324bc1e571c9ee53b,0x71bd581f22260906f38a032a869faf647b36d98d,1.043841,1.04384133611691,1.04384133611691,,0.8326036949784997
0xd2d2e81a553f3d274ae61043d49c61cbc667c5a2fa6eb019206de031b534070b,41585143,1769959633,0xa7272afc21f9c321024ed93892a1abfeb621c374,0xe5dddd7a7e5c9f0374ec02d246c9b9e2ce85c75d,0x7b659ef971441dc81f6c9718bcaf978265673dec,1.045007,1.04384133611691,1.04384133611691,,0.8326036949784997
0x312d1f790b27fd0d3cbfdbe93b680818213da773e985a0f95cf4318781324903,41585143,1769959633,0xa7272afc21f9c321024ed93892a1abfeb621c374,0xe5dddd7a7e5c9f0374ec02d246c9b9e2ce85c75d,0x64dee823db2a87135e58b4c37a8580af6f10551e,1.045007,1.04384133611691,1.04384133611691,,0.8326036949784997
0xe53f1f2137572187d5bda1ca1268295ccb92c6737b5b652bcd0f72bffa090fad,41585144,1769959635,0xa7272afc21f9c321024ed93892a1abfeb621c374,0xabf7b08a7dc4ac8a543c1112a98ddef3bb2990bd,0x76585fbba1eb984900eef32b48ec3560255c92d4,1.043841,1.04384133611691,1.04384133611691,,0.8326036949784997
0x75ff221d41692ee9afca695f1692861222c886ea5a5722113f1a3b637dff9151,41585144,1769959635,0xa7272afc21f9c321024ed93892a1abfeb621c374,0xabf7b08a7dc4ac8a543c1112a98ddef3bb2990bd,0xeafdc784772239dfcbd799776f4e5bc53d07a2dd,1.043841,1.04384133611691,1.04384133611691,,0.8326036949784997
0xa806bb4d47bbccd75c657ff622a1cea34557c4158537f1007e0c581412d73921,41585151,1769959649,0xa7272afc21f9c321024ed93892a1abfeb621c374,0x6c3dbf81cf5159a1d7de697324bc1e571c9ee53b,0x5d53f21e4c7fdcf42f236a089c9b3a00a53d6d74,1.043841,1.04384133611691,1.04384133611691,,0.8326036949784997
0x8367bceaafb6bf22c05db92904f122746e18e012a1c4a949d80074600f6e3c10,41585188,1769959723,0xa7272afc21f9c321024ed93892a1abfeb621c374,0xe5dddd7a7e5c9f0374ec02d246c9b9e2ce85c75d,0x7b659ef971441dc81f6c9718bcaf978265673dec,1.045117,1.04384133611691,1.04384133611691,,0.8326036949784997
0xc68dd78d02951d9e9a6b20a1fba614c74c4db4786a4b11a6bcc2f879794b8eda,41585188,1769959723,0xa7272afc21f9c321024ed93892a1abfeb621c374,0xe5dddd7a7e5c9f0374ec02d246c9b9e2ce85c75d,0x64dee823db2a87135e58b4c37a8580af6f10551e,1.045117,1.04384133611691,1.04384133611691,,0.8326036949784997
0xa4a9abccbb5c4e2f0f1873b9f42bb1253e69ac2b563a71d76d8eec6f6595a873,41585188,1769959723,0xa7272afc21f9c321024ed93892a1abfeb621c374,0xabf7b08a7dc4ac8a543c1112a98ddef3bb2990bd,0x76585fbba1eb984900eef32b48ec3560255c92d4,1.045117,1.04384133611691,1.04384133611691,,0.8326036949784997
0xd8ac715f67d41368f1f07d8e0a5566ad6a1b377a3f9be3be7598feb6fe7d22a0,41585188,1769959723,0x9231db26a7a7a2bc81abb13331edae458b2871b6,0xabf7b08a7dc4ac8a543c1112a98ddef3bb2990bd,0x71bd581f22260906f38a032a869faf647b36d98d,1.043841,1.04384133611691,1.04384133611691,,0.8326036949784997
0xe0c3980582b0d6ef5b5b838c6fd0423cebee7040abe07bf0883a3c3be61213ed,41585188,1769959723,0xa7272afc21f9c321024ed93892a1abfeb621c374,0xabf7b08a7dc4ac8a543c1112a98ddef3bb2990bd,0xeafdc784772239dfcbd799776f4e5bc53d07a2dd,1.045117,1.04384133611691,1.04384133611691,,0.8326036949784997
0xe103a6d6fcd325c1137c6df0a99df24aefae8547c6c1f9b44629068efbb520e3,41585193,1769959733,0xa7272afc21f9c321024ed93892a1abfeb621c374,0xab67a08d053115256008149362da8baca79fae28,0x5d53f21e4c7fdcf42f236a089c9b3a00a53d6d74,1.043841,1.04384133611691,1.04384133611691,,0.8326036949784997
0x52e5223f43f7bbd7ee218f3fbb453d33d9445825d60912d9153df5d2b8003156,41585279,1769959905,0x9231db26a7a7a2bc81abb13331edae458b2871b6,0xabf7b08a7dc4ac8a543c1112a98ddef3bb2990bd,0x71bd581f22260906f38a032a869faf647b36d98d,1.043841,1.04384133611691,1.04384133611691,,0.8326036949784997
0x5dde7635209a1c9059fe4d2ea7465107c3fa4ab510fc3b0db5588415eee275c2,41585325,1769959997,0xa7272afc21f9c321024ed93892a1abfeb621c374,0xb7ea2b36a2c94f1b17939e77a20e0cf409c88bfa,0x941e18899c9c385ec4f8c1647d55432f747da416,1.04384,1.04384133611691,1.04384133611691,,0.8326036949784997
0xb08eb9d9b7dc6d6a4cb0e6178b501928bc6997a2db6a334f2997daca0abe2127,41585335,1769960017,0x9ca1dad919221d920b889aacf3023a5cea23165f,0xb7ea2b36a2c94f1b17939e77a20e0cf409c88bfa,0xa91c2397677b726e727befdd6bf047d03ee35db8,1.04384,1.04384133611691,1.04384133611691,,0.8326036949784997
0x50c77d8a89f5dfec54eb5ec61ae7a3dd2badd40801b57d5ad9866c8b1f57ce17,41585423,1769960193,0x9231db26a7a7a2bc81abb13331edae458b2871b6,0xabf7b08a7dc4ac8a543c1112a98ddef3bb2990bd,0x71bd581f22260906f38a032a869faf647b36d98d,1.043841,1.04384133611691,1.04384133611691,,0.8326036949784997
0x4486dde8d1d588b826f2592b0a83579150c7d2c6453d501287102acc2edf99c8,41593458,1769976263,0xa7272afc21f9c321024ed93892a1abfeb621c374,0xabf7b08a7dc4ac8a543c1112a98ddef3bb2990bd,0x7b659ef971441dc81f6c9718bcaf978265673dec,1.045272,1.04384133611691,1.04384133611691,,0.8326036949784997
0xc939fe581b669a292e8138d4da74ae0db6dbe7c973524833eadb4b057c5d0a54,41593458,1769976263,0xa7272afc21f9c321024ed93892a1abfeb621c374,0xabf7b08a7dc4ac8a543c1112a98ddef3bb2990bd,0x64dee823db2a87135e58b4c37a8580af6f10551e,1.045272,1.04384133611691,1.04384133611691,,0.8326036949784997
0x4fa768db9c423e994b7b32a54ef2e0df597531a8b523ee6285a31357b8fce81a,41593458,1769976263,0xa7272afc21f9c321024ed93892a1abfeb621c374,0xabf7b08a7dc4ac8a543c1112a98ddef3bb2990bd,0x76585fbba1eb984900eef32b48ec3560255c92d4,1.045272,1.04384133611691,1.04384133611691,,0.8326036949784997
0xb35125347561891bcc064de5e4160751b071fa27a22089d1ff1f2c74252d4d1c,41593458,1769976263,0xa7272afc21f9c321024ed93892a1abfeb621c374,0xabf7b08a7dc4ac8a543c1112a98ddef3bb2990bd,0xeafdc784772239dfcbd799776f4e5bc53d07a2dd,1.045272,1.04384133611691,1.04384133611691,,0.8326036949784997
0x735f1c59859590b743384431b2ab0cbc08fc37e1b904b4d79a10f0e2ebfc345a,41594189,1769977725,0xa7272afc21f9c321024ed93892a1abfeb621c374,0xb7ea2b36a2c94f1b17939e77a20e0cf409c88bfa,0x5d53f21e4c7fdcf42f236a089c9b3a00a53d6d74,1.04384,1.04384133611691,1.04384133611691,,0.8326036949784997
0x3b601f0b4beedeef6d03ffcb575d6bc503b6d0cecd0405046b116d8fe245abb9,41594193,1769977733,0xa7272afc21f9c321024ed93892a1abfeb621c374,0xe5dddd7a7e5c9f0374ec02d246c9b9e2ce85c75d,0x7b659ef971441dc81f6c9718bcaf978265673dec,1.047047,1.04384133611691,1.04384133611691,,0.8326036949784997
0x27362424f92a75f628f4c4ceaccae17afe27732fe16492b8382bde2fa68b5c3d,41594193,1769977733,0xa7272afc21f9c321024ed93892a1abfeb621c374,0xe5dddd7a7e5c9f0374ec02d246c9b9e2ce85c75d,0x64dee823db2a87135e58b4c37a8580af6f10551e,1.047047,1.04384133611691,1.04384133611691,,0.8326036949784997
0x236509216eb5934d6b9a4f14f3dd4c9250c4b6d35d26fa80ac6836aa74ed958c,41594193,1769977733,0xa7272afc21f9c321024ed93892a1abfeb621c374,0xabf7b08a7dc4ac8a543c1112a98ddef3bb2990bd,0x76585fbba1eb984900eef32b48ec3560255c92d4,1.047047,1.04384133611691,1.04384133611691,,0.8326036949784997
0x1ccb489fd2839ed1d24809c0cff4c83b11b92b03227e3ba756fd74573c13202b,41594193,1769977733,0xa7272afc21f9c321024ed93892a1abfeb621c374,0xabf7b08a7dc4ac8a543c1112a98ddef3bb2990bd,0xeafdc784772239dfcbd799776f4e5bc53d07a2dd,1.047047,1.04384133611691,1.04384133611691,,0.8326036949784997
0x02fe447bf9d51c8232a6512dc76a2f42410bd8b780f09b17026045488daf1e39,41594197,1769977741,0xa7272afc21f9c321024ed93892a1abfeb621c374,0x6c3dbf81cf5159a1d7de697324bc1e571c9ee53b,0x5d53f21e4c7fdcf42f236a089c9b3a00a53d6d74,1.043841,1.04384133611691,1.04384133611691,,0.8326036949784997
0x6cbaebe0cc79557656f86a5a6a38ed1b4f6e8730fe827e2741ac421d91868ca2,41594220,1769977787,0xa7272afc21f9c321024ed93892a1abfeb621c374,0xb7ea2b36a2c94f1b17939e77a20e0cf409c88bfa,0x941e18899c9c385ec4f8c1647d55432f747da416,1.04384,1.04384133611691,1.04384133611691,,0.8326036949784997
0x65e162d3de1aacc66f6cd16ab030e206a6a22d9b28efc5e3ea452ef0020e44f7,41595394,1769980135,0xa7272afc21f9c321024ed93892a1abfeb621c374,0xe5dddd7a7e5c9f0374ec02d246c9b9e2ce85c75d,0x7b659ef971441dc81f6c9718bcaf978265673dec,1.045559,1.04384133611691,1.04384133611691,,0.8326036949784997
0xa72aed4adcb000f04993724e3a7ed05ef8702145b8a2c6bac197a736280406b3,41595394,1769980135,0xa7272afc21f9c321024ed93892a1abfeb621c374,0xe5dddd7a7e5c9f0374ec02d246c9b9e2ce85c75d,0x64dee823db2a87135e58b4c37a8580af6f10551e,1.045559,1.04384133611691,1.04384133611691,,0.8326036949784997
0xf56ead4a5863a047368069cf292ee5aab75c0034b0b2424eb42eae19ab9ccf22,41595394,1769980135,0xa7272afc21f9c321024ed93892a1abfeb621c374,0xabf7b08a7dc4ac8a543c1112a98ddef3bb2990bd,0x76585fbba1eb984900eef32b48ec3560255c92d4,1.045559,1.04384133611691,1.04384133611691,,0.8326036949784997
0x9b32aa4a339300b194b3f619386caf4d1d6fd09dbaf7ba82a9c4d6d4d8a678c8,41595394,1769980135,0xa7272afc21f9c321024ed93892a1abfeb621c374,0xabf7b08a7dc4ac8a543c1112a98ddef3bb2990bd,0xeafdc784772239dfcbd799776f4e5bc53d07a2dd,1.045559,1.04384133611691,1.04384133611691,,0.8326036949784997
0x16db06feb6a28020125a1541a822b7ea4ca2af7523b8844e991bd5882fa38948,41595398,1769980143,0x9231db26a7a7a2bc81abb13331edae458b2871b6,0x6c3dbf81cf5159a1d7de697324bc1e571c9ee53b,0x71bd581f22260906f38a032a869faf647b36d98d,1.043841,1.04384133611691,1.04384133611691,,0.8326036949784997
0xed13cc70627c73faf30a12cca77a86cf1cca163c948d7462ff875799f02051ae,41595405,1769980157,0xa7272afc21f9c321024ed93892a1abfeb621c374,0xb7ea2b36a2c94f1b17939e77a20e0cf409c88bfa,0x5d53f21e4c7fdcf42f236a089c9b3a00a53d6d74,1.04384,1.04384133611691,1.04384133611691,,0.8326036949784997
0xbf71d11d93070b85463b355ac28cc0f2757166ca875ac1b712f80378ebed1180,41595410,1769980167,0x9ca1dad919221d920b889aacf3023a5cea23165f,0xb7ea2b36a2c94f1b17939e77a20e0cf409c88bfa,0xa91c2397677b726e727befdd6bf047d03ee35db8,1.043838,1.04384133611691,1.04384133611691,,0.8326036949784997
0x10699aa39153f2effa78b3a28de83e3bbb3a282574ef340d488224b16077b6d7,41595424,1769980195,0xa7272afc21f9c321024ed93892a1abfeb621c374,0xe5dddd7a7e5c9f0374ec02d246c9b9e2ce85c75d,0x7b659ef971441dc81f6c9718bcaf978265673dec,1.045363,1.04384133611691,1.04384133611691,,0.8326036949784997
0xb7cffc2fc2cf84b52959ba5f97c3b5873acd8ac30f01c40a771ac1d3f71afa50,41595424,1769980195,0xa7272afc21f9c321024ed93892a1abfeb621c374,0xe5dddd7a7e5c9f0374ec02d246c9b9e2ce85c75d,0x64dee823db2a87135e58b4c37a8580af6f10551e,1.045363,1.04384133611691,1.04384133611691,,0.8326036949784997
0xaa573fc275902a5fbe992c53c5e242fa92667552aae3e2fc07948dfff5f3b5b5,41595424,1769980195,0xa7272afc21f9c321024ed93892a1abfeb621c374,0xabf7b08a7dc4ac8a543c1112a98ddef3bb2990bd,0x76585fbba1eb984900eef32b48ec3560255c92d4,1.045363,1.04384133611691,1.04384133611691,,0.8326036949784997
0xe6a28e0bdb3eb317944f63431aabe7b880c5d07f06941fac2020f56960011d85,41595424,1769980195,0xa7272afc21f9c321024ed93892a1abfeb621c374,0xabf7b08a7dc4ac8a543c1112a98ddef3bb2990bd,0xeafdc784772239dfcbd799776f4e5bc53d07a2dd,1.045363,1.04384133611691,1.04384133611691,,0.8326036949784997
0x7250bbbc447424e2a920a2233770345b1a69fad92eb4095f267e88dfaf2ec3d4,41595427,1769980201,0xa7272afc21f9c321024ed93892a1abfeb621c374,0x6c3dbf81cf5159a1d7de697324bc1e571c9ee53b,0x5d53f21e4c7fdcf42f236a089c9b3a00a53d6d74,1.043841,1.04384133611691,1.04384133611691,,0.8326036949784997
0xccb02ff1c79e61c5ae4d8e60b7d34fca17cf4a090cb1abd2e922cf3195fd5bc6,41595432,1769980211,0xa7272afc21f9c321024ed93892a1abfeb621c374,0xb7ea2b36a2c94f1b17939e77a20e0cf409c88bfa,0x941e18899c9c385ec4f8c1647d55432f747da416,1.043837,1.04384133611691,1.04384133611691,,0.8326036949784997
0xf4393156e9f7285ab88a709914e59d80b7c2d44283cd60495016e6c6e7ffe9b7,41596507,1769982361,0x9231db26a7a7a2bc81abb13331edae458b2871b6,0x6c3dbf81cf5159a1d7de697324bc1e571c9ee53b,0x71bd581f22260906f38a032a869faf647b36d98d,1.043841,1.04384133611691,1.04384133611691,,0.8326036949784997
0x0599337b4c05446954eda4202c1a4934c3563522803295e087a88950210b5d89,41596805,1769982957,0xa7272afc21f9c321024ed93892a1abfeb621c374,0xe5dddd7a7e5c9f0374ec02d246c9b9e2ce85c75d,0x7b659ef971441dc81f6c9718bcaf978265673dec,1.045229,1.04384133611691,1.04384133611691,,0.8326036949784997
0x4dc9749550873f7d4c658a31614eb08327be4a7480cfc6f6514d7f428652f09e,41596805,1769982957,0xa7272afc21f9c321024ed93892a1abfeb621c374,0xe5dddd7a7e5c9f0374ec02d246c9b9e2ce85c75d,0x64dee823db2a87135e58b4c37a8580af6f10551e,1.045229,1.04384133611691,1.04384133611691,,0.8326036949784997
0xc49698f70ad7d1069df24bbe218437623744f09efb0242ee1ef7e16d17db8bed,41596805,1769982957,0xa7272afc21f9c321024ed93892a1abfeb621c374,0xabf7b08a7dc4ac8a543c1112a98ddef3bb2990bd,0x76585fbba1eb984900eef32b48ec3560255c92d4,1.045229,1.04384133611691,1.04384133611691,,0.8326036949784997
0x0b410bf16288fbb7b59f5ea266ec72aadf687431b54b5434a53598a4175b5d0f,41596805,1769982957,0xa7272afc21f9c321024ed93892a1abfeb621c374,0xabf7b08a7dc4ac8a543c1112a98ddef3bb2990bd,0xeafdc784772239dfcbd799776f4e5bc53d07a2dd,1.045229,1.04384133611691,1.04384133611691,,0.8326036949784997
0x06c570496f763fac100e3004db39c4daeec60693c3f71d3e72418f107ca4f979,41596835,1769983017,0xa7272afc21f9c321024ed93892a1abfeb621c374,0xb7ea2b36a2c94f1b17939e77a20e0cf409c88bfa,0x5d53f21e4c7fdcf42f236a089c9b3a00a53d6d74,1.043839,1.04384133611691,1.04384133611691,,0.8326036949784997
0x681efbdce7f8e0d2ce2a24cb42d6fd94200d0f3b31ac18fa778d4bc1c2b0be5e,41596926,1769983199,0xa7272afc21f9c321024ed93892a1abfeb621c374,0xe5dddd7a7e5c9f0374ec02d246c9b9e2ce85c75d,0x7b659ef971441dc81f6c9718bcaf978265673dec,1.043841,1.04384133611691,1.04384133611691,,0.8326036949784997
0x1fdffb30450be7913b4b691875c78447412e3f5be6fb6422c5c1c23b953577cb,41596926,1769983199,0xa7272afc21f9c321024ed93892a1abfeb621c374,0xe5dddd7a7e5c9f0374ec02d246c9b9e2ce85c75d,0x64dee823db2a87135e58b4c37a8580af6f10551e,1.043841,1.04384133611691,1.04384133611691,,0.8326036949784997
0x6e7866082af6f46e29150446b8e5c1b3d14e78b58953dfb2bf808104a273b670,41596929,1769983205,0xa7272afc21f9c321024ed93892a1abfeb621c374,0x6c3dbf81cf5159a1d7de697324bc1e571c9ee53b,0x5d53f21e4c7fdcf42f236a089c9b3a00a53d6d74,1.04384,1.04384133611691,1.04384133611691,,0.8326036949784997
0x654f88dba291422d71d602418e8fe15914eb6ea0c375b1be9c837546869fa233,41596939,1769983225,0xa7272afc21f9c321024ed93892a1abfeb621c374,0xab67a08d053115256008149362da8baca79fae28,0xeafdc784772239dfcbd799776f4e5bc53d07a2dd,1.043841,1.04384133611691,1.04384133611691,,0.8326036949784997
0xce27c6db6ef53b91f615b3bd21ef25842cb5d1a048cba4f3a9629a86176941bd,41598942,1769987231,0x9231db26a7a7a2bc81abb13331edae458b2871b6,0xe5dddd7a7e5c9f0374ec02d246c9b9e2ce85c75d,0x71bd581f22260906f38a032a869faf647b36d98d,1.043841,1.04384133611691,1.04384133611691,,0.8326036949784997
0xf39d6ab7b10d988485ae92533e1275b98a45fd2c7054175f7bd37dc148fe3272,41598945,1769987237,0x9231db26a7a7a2bc81abb13331edae458b2871b6,0xe5dddd7a7e5c9f0374ec02d246c9b9e2ce85c75d,0x71bd581f22260906f38a032a869faf647b36d98d,1.043841,1.04384133611691,1.04384133611691,,0.8326036949784997
0xac69af387ee736ed0a55d592b057f8f0e477a841d5efa6d4e3a7af7023fac844,41598946,1769987239,0xa7272afc21f9c321024ed93892a1abfeb621c374,0xe5dddd7a7e5c9f0374ec02d246c9b9e2ce85c75d,0x7b659ef971441dc81f6c9718bcaf978265673dec,1.043841,1.04384133611691,1.04384133611691,,0.8326036949784997
0x35f541a228ce03f5ade9689553de72a77285c9304292618cd75ba22ca2f55f20,41598946,1769987239,0xa7272afc21f9c321024ed93892a1abfeb621c374,0xe5dddd7a7e5c9f0374ec02d246c9b9e2ce85c75d,0x76585fbba1eb984900eef32b48ec3560255c92d4,1.043841,1.04384133611691,1.04384133611691,,0.8326036949784997
0x3d060215c495393449af84ab5abd461a84d55d24067ac3c37a554fd500f97a3c,41598946,1769987239,0xa7272afc21f9c321024ed93892a1abfeb621c374,0xe5dddd7a7e5c9f0374ec02d246c9b9e2ce85c75d,0x64dee823db2a87135e58b4c37a8580af6f10551e,1.043841,1.04384133611691,1.04384133611691,,0.8326036949784997
0x52e76cee448258a6def8f01fcf193766a9e3c5411f8770b4d3e7515b3716e7b2,41598952,1769987251,0xa7272afc21f9c321024ed93892a1abfeb621c374,0x6c3dbf81cf5159a1d7de697324bc1e571c9ee53b,0xeafdc784772239dfcbd799776f4e5bc53d07a2dd,1.043841,1.04384133611691,1.04384133611691,,0.8326036949784997
0xe86a17cc38e63b39ca82698d562ef7e9f2b2d89a29270bf90bc8913436028030,41598954,1769987255,0xa7272afc21f9c321024ed93892a1abfeb621c374,0xe5dddd7a7e5c9f0374ec02d246c9b9e2ce85c75d,0x7b659ef971441dc81f6c9718bcaf978265673dec,1.043841,1.04384133611691,1.04384133611691,,0.8326036949784997
0xe49b8c92bd81694662fe6c5ece01065d7ed5a790d422c4da8800fd2edc9ef2b7,41598954,1769987255,0xa7272afc21f9c321024ed93892a1abfeb621c374,0xe5dddd7a7e5c9f0374ec02d246c9b9e2ce85c75d,0x64dee823db2a87135e58b4c37a8580af6f10551e,1.043841,1.04384133611691,1.04384133611691,,0.8326036949784997
0x98afd0d22d24d0e11d9bf1b118537b0d944171128142a47e9c274913eaabbbff,41598967,1769987281,0xa7272afc21f9c321024ed93892a1abfeb621c374,0xab67a08d053115256008149362da8baca79fae28,0x76585fbba1eb984900eef32b48ec3560255c92d4,1.043841,1.04384133611691,1.04384133611691,,0.8326036949784997
0xd2361eb3d11ffb40da32221feea802bb6634de1aac185c1bef576ba8ee66cd5f,41598976,1769987299,0xa7272afc21f9c321024ed93892a1abfeb621c374,0xab67a08d053115256008149362da8baca79fae28,0xeafdc784772239dfcbd799776f4e5bc53d07a2dd,1.043841,1.04384133611691,1.04384133611691,,0.8326036949784997
0x146b2d7328e44a0be7f011c3b4168b3dee13c458d9172e3cde6da171e7554141,41598999,1769987345,0xa7272afc21f9c321024ed93892a1abfeb621c374,0xe5dddd7a7e5c9f0374ec02d246c9b9e2ce85c75d,0x64dee823db2a87135e58b4c37a8580af6f10551e,1.043841,1.04384133611691,1.04384133611691,,0.8326036949784997
0x9fac1048937354195b05830458a8cdd4d7f160c44428fd84f3b47cf6cec12e0b,41598999,1769987345,0xa7272afc21f9c321024ed93892a1abfeb621c374,0xe5dddd7a7e5c9f0374ec02d246c9b9e2ce85c75d,0x7b659ef971441dc81f6c9718bcaf978265673dec,1.043841,1.04384133611691,1.04384133611691,,0.8326036949784997
0xb607dc9e0a12089192aeee976c31f5b8e71b527bdc9d872a6bff7e3c25204a02,41599001,1769987349,0xa7272afc21f9c321024ed93892a1abfeb621c374,0xe5dddd7a7e5c9f0374ec02d246c9b9e2ce85c75d,0x7b659ef971441dc81f6c9718bcaf978265673dec,1.043841,1.04384133611691,1.04384133611691,,0.8326036949784997
0x674c7e7941cf201fce78392ff2928b53a37625425c1017f7959e83af130174e6,41599001,1769987349,0xa7272afc21f9c321024ed93892a1abfeb621c374,0xe5dddd7a7e5c9f0374ec02d246c9b9e2ce85c75d,0x64dee823db2a87135e58b4c37a8580af6f10551e,1.043841,1.04384133611691,1.04384133611691,,0.8326036949784997
0x5fc6cd6a4adf6676ec7321819feac272b257aa520903ddf51d24eb04ade8be49,41599003,1769987353,0xa7272afc21f9c321024ed93892a1abfeb621c374,0xe5dddd7a7e5c9f0374ec02d246c9b9e2ce85c75d,0x76585fbba1eb984900eef32b48ec3560255c92d4,1.043841,1.04384133611691,1.04384133611691,,0.8326036949784997
0x9572df034872e8336158a7b9a20afd3da8c7ad194931fcdf80cec7d0964d6496,41599009,1769987365,0xa7272afc21f9c321024ed93892a1abfeb621c374,0xab67a08d053115256008149362da8baca79fae28,0xeafdc784772239dfcbd799776f4e5bc53d07a2dd,1.043841,1.04384133611691,1.04384133611691,,0.8326036949784997
0x1fa2beb97b3ed1cd7880ab0663deab502e085a0bc2e08c832ba61a499257d08c,41599012,1769987371,0xa7272afc21f9c321024ed93892a1abfeb621c374,0xe5dddd7a7e5c9f0374ec02d246c9b9e2ce85c75d,0x7b659ef971441dc81f6c9718bcaf978265673dec,1.043841,1.04384133611691,1.04384133611691,,0.8326036949784997
0x423aa68611e78ef947f8eb7eecdf6e3905832fa52208335098193af526318b0d,41599012,1769987371,0xa7272afc21f9c321024ed93892a1abfeb621c374,0xe5dddd7a7e5c9f0374ec02d246c9b9e2ce85c75d,0x64dee823db2a87135e58b4c37a8580af6f10551e,1.043841,1.04384133611691,1.04384133611691,,0.8326036949784997
0xc58b7acd9290c8f32a1eb1430f01a2cbadb4a873e7d2fa0b0518fcf32637b148,41599020,1769987387,0xa7272afc21f9c321024ed93892a1abfeb621c374,0xab67a08d053115256008149362da8baca79fae28,0xeafdc784772239dfcbd799776f4e5bc53d07a2dd,1.043841,1.04384133611691,1.04384133611691,,0.8326036949784997
0xc248d10e0d3071566eb13b2d9181c9ef2c20b71d95a4b20bc1c48bdd6c5db048,41599027,1769987401,0xa7272afc21f9c321024ed93892a1abfeb621c374,0xe5dddd7a7e5c9f0374ec02d246c9b9e2ce85c75d,0x7b659ef971441dc81f6c9718bcaf978265673dec,1.043841,1.04384133611691,1.04384133611691,,0.8326036949784997
0x9cad515d93de73a7fba58899bbeada1ff54fa086612009b54917a4bf1d82af7d,41599027,1769987401,0xa7272afc21f9c321024ed93892a1abfeb621c374,0xe5dddd7a7e5c9f0374ec02d246c9b9e2ce85c75d,0x64dee823db2a87135e58b4c37a8580af6f10551e,1.043841,1.04384133611691,1.04384133611691,,0.8326036949784997
0x1ab18d359f389ab9a1ef2dfd691fd5f127955735e5b45057f14b2597e1af9f35,41599028,1769987403,0x9231db26a7a7a2bc81abb13331edae458b2871b6,0xe5dddd7a7e5c9f0374ec02d246c9b9e2ce85c75d,0x71bd581f22260906f38a032a869faf647b36d98d,1.043841,1.04384133611691,1.04384133611691,,0.8326036949784997
0x55a5d9f154db05348364ffdcef26ffff67e72ae9c395fba4f882095c9e464215,41599029,1769987405,0xa7272afc21f9c321024ed93892a1abfeb621c374,0xe5dddd7a7e5c9f0374ec02d246c9b9e2ce85c75d,0x76585fbba1eb984900eef32b48ec3560255c92d4,1.043841,1.04384133611691,1.04384133611691,,0.8326036949784997
0xa533362735728c3312c817a45bce187d6dc6afb76fb82ef6ce363fb16fc0cfa2,41599029,1769987405,0x9231db26a7a7a2bc81abb13331edae458b2871b6,0xe5dddd7a7e5c9f0374ec02d246c9b9e2ce85c75d,0x71bd581f22260906f38a032a869faf647b36d98d,1.043841,1.04384133611691,1.04384133611691,,0.8326036949784997
0x700b7c2eedfbb520f066dbf7e7d22e2052bb9f74e09171c98fb843d236440265,41599033,1769987413,0xa7272afc21f9c321024ed93892a1abfeb621c374,0xab67a08d053115256008149362da8baca79fae28,0x5d53f21e4c7fdcf42f236a089c9b3a00a53d6d74,1.043841,1.04384133611691,1.04384133611691,,0.8326036949784997
0x8c78b10e4326f5843630a2926366f94ccb890aea70019dfe6cd1605a3249ef57,41599070,1769987487,0x742d1c11c9cf4c84f1dda7b5c8ad8fc7bc708493,0xe5dddd7a7e5c9f0374ec02d246c9b9e2ce85c75d,0x3bfcb64ecf9727f315d3be454dc597a9d1f15769,1.043841,1.04384133611691,1.04384133611691,,0.8326036949784997
0x528f01f6faa4e0663f599f9f3bac26f002efe1ccf99219e253cd5a9e366c6c77,41599085,1769987517,0xa7272afc21f9c321024ed93892a1abfeb621c374,0xab67a08d053115256008149362da8baca79fae28,0xad95973c72045cd05b9ddaa2b27cf65f578e339e,1.043841,1.04384133611691,1.04384133611691,,0.8326036949784997
0x6ba5755be8c7ea368aadae2d1d8be4a2aca1e49769892586afd3e8848189c812,41599225,1769987797,0x9ca1dad919221d920b889aacf3023a5cea23165f,0xb7ea2b36a2c94f1b17939e77a20e0cf409c88bfa,0xc0a2f5096d5ddb2f05cae5c793ad1493a28d5321,1.043841,1.04384133611691,1.04384133611691,,0.8326036949784997
0x4d28646ee8035637572898aa75e2b4ad21c3c9b0c8c7f4b917e2026a1553c56a,41599388,1769988123,0x9ca1dad919221d920b889aacf3023a5cea23165f,0xb7ea2b36a2c94f1b17939e77a20e0cf409c88bfa,0xc0a2f5096d5ddb2f05cae5c793ad1493a28d5321,1.043841,1.04384133611691,1.04384133611691,,0.8326036949784997
0x2d271152e7777a824c4805fcb79e32fd2193fb08dfa9cb884ea6709494260c9b,41599478,1769988303,0x9ca1dad919221d920b889aacf3023a5cea23165f,0xb7ea2b36a2c94f1b17939e77a20e0cf409c88bfa,0xa91c2397677b726e727befdd6bf047d03ee35db8,1.04384,1.04384133611691,1.04384133611691,,0.8326036949784997
0xdcb3ab69b5720c1170d0ce66c34f9440df0a500079e557c007ce47f37c5ad20c,41606386,1770002119,0xa7272afc21f9c321024ed93892a1abfeb621c374,0x6c3dbf81cf5159a1d7de697324bc1e571c9ee53b,0x941e18899c9c385ec4f8c1647d55432f747da416,1.04384,1.04384133611691,1.04384133611691,,0.8326036949784997
0x6bf4e82cc5d7c051af108ab8816c512082876f3dd992557ac982ff1fc85d3310,41606410,1770002167,0xa7272afc21f9c321024ed93892a1abfeb621c374,0xabf7b08a7dc4ac8a543c1112a98ddef3bb2990bd,0xad95973c72045cd05b9ddaa2b27cf65f578e339e,1.044947,1.04384133611691,1.04384133611691,,0.8326036949784997
0x28bab2ccd85ebaf0c4647ebeae99cb9e7cf355e5c1ba263c2d8e59e6a1fa1ae7,41606410,1770002167,0xa7272afc21f9c321024ed93892a1abfeb621c374,0xabf7b08a7dc4ac8a543c1112a98ddef3bb2990bd,0xeafdc784772239dfcbd799776f4e5bc53d07a2dd,1.044947,1.04384133611691,1.04384133611691,,0.8326036949784997
0xeecb5a71f8a4b4b92e0eb0dd67a493662bb84160fb3b30f01dfecad8476e31c0,41606472,1770002291,0x9231db26a7a7a2bc81abb13331edae458b2871b6,0xabf7b08a7dc4ac8a543c1112a98ddef3bb2990bd,0x71bd581f22260906f38a032a869faf647b36d98d,1.043841,1.04384133611691,1.04384133611691,,0.8326036949784997
0x32f122f999d90f602570cb46ef4db9f4652589005cd6a200d0cd8b5e782bef5a,41606509,1770002365,0xa7272afc21f9c321024ed93892a1abfeb621c374,0xe5dddd7a7e5c9f0374ec02d246c9b9e2ce85c75d,0x7b659ef971441dc81f6c9718bcaf978265673dec,1.043841,1.04384133611691,1.04384133611691,,0.8326036949784997
0xcc816f9be6cfe07a370adeb3289b5ca4472c3baafd38cfb883f8f37eb05fa366,41606509,1770002365,0xa7272afc21f9c321024ed93892a1abfeb621c374,0xe5dddd7a7e5c9f0374ec02d246c9b9e2ce85c75d,0x64dee823db2a87135e58b4c37a8580af6f10551e,1.043841,1.04384133611691,1.04384133611691,,0.8326036949784997
0xe4bf78fff670c691d5d37afc38c082071182c39fe9228f81b32d538c1df9c3c0,41606509,1770002365,0xa7272afc21f9c321024ed93892a1abfeb621c374,0xabf7b08a7dc4ac8a543c1112a98ddef3bb2990bd,0x76585fbba1eb984900eef32b48ec3560255c92d4,1.043841,1.04384133611691,1.04384133611691,,0.8326036949784997
0x6370dc3eeea8110fd9e15ad50aff86e8bceb10cf415667b32db42a3301f3bc85,41606509,1770002365,0xa7272afc21f9c321024ed93892a1abfeb621c374,0xabf7b08a7dc4ac8a543c1112a98ddef3bb2990bd,0xad95973c72045cd05b9ddaa2b27cf65f578e339e,1.043841,1.04384133611691,1.04384133611691,,0.8326036949784997
0xee235672db3dec52354a6527b334721d05a0b6a97ff171dacfd36a831728b0db,41606509,1770002365,0xa7272afc21f9c321024ed93892a1abfeb621c374,0xabf7b08a7dc4ac8a543c1112a98ddef3bb2990bd,0xeafdc784772239dfcbd799776f4e5bc53d07a2dd,1.043841,1.04384133611691,1.04384133611691,,0.8326036949784997
0x420a9ddf88688ea5b9d9a986820974321d579f688f1e5062d08eed9877021ac7,41606532,1770002411,0x9231db26a7a7a2bc81abb13331edae458b2871b6,0xabf7b08a7dc4ac8a543c1112a98ddef3bb2990bd,0x71bd581f22260906f38a032a869faf647b36d98d,1.043841,1.04384133611691,1.04384133611691,,0.8326036949784997
0x6d6a1aaef39c02976f0732292ecebea77942abedc67582f8fd229c31888ce09f,41606603,1770002553,0xa7272afc21f9c321024ed93892a1abfeb621c374,0xabf7b08a7dc4ac8a543c1112a98ddef3bb2990bd,0x64dee823db2a87135e58b4c37a8580af6f10551e,1.043841,1.04384133611691,1.04384133611691,,0.8326036949784997
0xe492cce386e1b4be9c0363f7792e994bc4c3989bae5fc63913cc66bce92ed4bc,41606603,1770002553,0xa7272afc21f9c321024ed93892a1abfeb621c374,0xabf7b08a7dc4ac8a543c1112a98ddef3bb2990bd,0x7b659ef971441dc81f6c9718bcaf978265673dec,1.043841,1.04384133611691,1.04384133611691,,0.8326036949784997
0x7b453ea3bee57d0bfddc8e1131ce2465829106b334db4d808f6d362ca8df0e41,41606603,1770002553,0xa7272afc21f9c321024ed93892a1abfeb621c374,0xabf7b08a7dc4ac8a543c1112a98ddef3bb2990bd,0xad95973c72045cd05b9ddaa2b27cf65f578e339e,1.043841,1.04384133611691,1.04384133611691,,0.8326036949784997
0x1a04302277b40f679fb52058a376c88850299df62ebec9740bb74819ba29ed7d,41606603,1770002553,0xa7272afc21f9c321024ed93892a1abfeb621c374,0xabf7b08a7dc4ac8a543c1112a98ddef3bb2990bd,0x76585fbba1eb984900eef32b48ec3560255c92d4,1.043841,1.04384133611691,1.04384133611691,,0.8326036949784997
0x4548559ebce25a5c209f5f5d41a9becfae2313680fc1b4c541eb4846edd4aca7,41606603,1770002553,0xa7272afc21f9c321024ed93892a1abfeb621c374,0xabf7b08a7dc4ac8a543c1112a98ddef3bb2990bd,0xeafdc784772239dfcbd799776f4e5bc53d07a2dd,1.043841,1.04384133611691,1.04384133611691,,0.8326036949784997
0x914a03a41f0904330035b40a822165b2677c4029b03c6371f49525b8f57349fd,41606628,1770002603,0x9231db26a7a7a2bc81abb13331edae458b2871b6,0xabf7b08a7dc4ac8a543c1112a98ddef3bb2990bd,0x71bd581f22260906f38a032a869faf647b36d98d,1.043841,1.04384133611691,1.04384133611691,,0.8326036949784997
0x936666483b2b3bb3812142bacbf691feaac2812942da66788d5b7ce0e28d3c4d,41606641,1770002629,0xa7272afc21f9c321024ed93892a1abfeb621c374,0xabf7b08a7dc4ac8a543c1112a98ddef3bb2990bd,0x7b659ef971441dc81f6c9718bcaf978265673dec,1.043841,1.04384133611691,1.04384133611691,,0.8326036949784997
0xbaca9d7051ba84f8a48fb9909eb9b6bdd0591ac9a37ecd88aa16429e67081af0,41606641,1770002629,0xa7272afc21f9c321024ed93892a1abfeb621c374,0xabf7b08a7dc4ac8a543c1112a98ddef3bb2990bd,0x64dee823db2a87135e58b4c37a8580af6f10551e,1.043841,1.04384133611691,1.04384133611691,,0.8326036949784997
0x3420319450be23123beef3ea37966107ea86ab8c3c674e51a1d6646073326dff,41606641,1770002629,0xa7272afc21f9c321024ed93892a1abfeb621c374,0xabf7b08a7dc4ac8a543c1112a98ddef3bb2990bd,0x76585fbba1eb984900eef32b48ec3560255c92d4,1.043841,1.04384133611691,1.04384133611691,,0.8326036949784997
0x530ea5e4f217df2a1a9473f454d402328bf603da3fab00b99136f94bd6aeb25c,41606641,1770002629,0xa7272afc21f9c321024ed93892a1abfeb621c374,0xabf7b08a7dc4ac8a543c1112a98ddef3bb2990bd,0xad95973c72045cd05b9ddaa2b27cf65f578e339e,1.043841,1.04384133611691,1.04384133611691,,0.8326036949784997
0x3f4d45a55065c0cc9263f1a38b5e7630bbbe0dd59efea26b9937ff5e5193f37a,41606641,1770002629,0x9231db26a7a7a2bc81abb13331edae458b2871b6,0xabf7b08a7dc4ac8a543c1112a98ddef3bb2990bd,0x71bd581f22260906f38a032a869faf647b36d98d,1.043841,1.04384133611691,1.04384133611691,,0.8326036949784997
0x434f2046f85a19c002bfdaf9ccc218540d8b9f4645723fb22dc40980c93575e0,41606653,1770002653,0x742d1c11c9cf4c84f1dda7b5c8ad8fc7bc708493,0xe5dddd7a7e5c9f0374ec02d246c9b9e2ce85c75d,0x3bfcb64ecf9727f315d3be454dc597a9d1f15769,1.043841,1.04384133611691,1.04384133611691,,0.8326036949784997
0xb5b53498f7765ef508431224b44c1b28b42f2b049ac7b1433e90e3998a5707d0,41606740,1770002827,0xa7272afc21f9c321024ed93892a1abfeb621c374,0xabf7b08a7dc4ac8a543c1112a98ddef3bb2990bd,0x7b659ef971441dc81f6c9718bcaf978265673dec,1.045481,1.04384133611691,1.04384133611691,,0.8326036949784997
0xb62d2368e070f48e155a3388a49b3ac16721fa79a7e728aec50346288505fbde,41606740,1770002827,0xa7272afc21f9c321024ed93892a1abfeb621c374,0xabf7b08a7dc4ac8a543c1112a98ddef3bb2990bd,0x64dee823db2a87135e58b4c37a8580af6f10551e,1.045481,1.04384133611691,1.04384133611691,,0.8326036949784997
0xe8b389f51cd285e855803abb8180a1ae6949161b19f6d29ce44c8ae0dcf3f90b,41606740,1770002827,0xa7272afc21f9c321024ed93892a1abfeb621c374,0xabf7b08a7dc4ac8a543c1112a98ddef3bb2990bd,0x76585fbba1eb984900eef32b48ec3560255c92d4,1.045481,1.04384133611691,1.04384133611691,,0.8326036949784997
0x6e5fbc9e8ff755efcdd58250e1fd6080cecdcc54c3691a8352d5250190039976,41606936,1770003219,0xa7272afc21f9c321024ed93892a1abfeb621c374,0xe5dddd7a7e5c9f0374ec02d246c9b9e2ce85c75d,0xad95973c72045cd05b9ddaa2b27cf65f578e339e,1.043841,1.04384133611691,1.04384133611691,,0.8326036949784997
0xfc348733f13005f5ecf8bee0e9efea121601c4e96db83c19e7c586baa57f293a,41606937,1770003221,0xa7272afc21f9c321024ed93892a1abfeb621c374,0xe5dddd7a7e5c9f0374ec02d246c9b9e2ce85c75d,0x76acdf57551d19b31c29557d92ca5982433ff169,1.043841,1.04384133611691,1.04384133611691,,0.8326036949784997
0x7c926fb5d55f5a60b08a4e1a5dd46cbb80708d6331498cf232ed4866f979aaab,41606946,1770003239,0xa7272afc21f9c321024ed93892a1abfeb621c374,0xe5dddd7a7e5c9f0374ec02d246c9b9e2ce85c75d,0x76585fbba1eb984900eef32b48ec3560255c92d4,1.043841,1.04384133611691,1.04384133611691,,0.8326036949784997
0x0c6d02b6c39b3a919a37542aec9c0265322ec969713e79a20eea8965019d3eb4,41606980,1770003307,0xa7272afc21f9c321024ed93892a1abfeb621c374,0xe5dddd7a7e5c9f0374ec02d246c9b9e2ce85c75d,0x76acdf57551d19b31c29557d92ca5982433ff169,1.045759,1.04384133611691,1.04384133611691,,0.8326036949784997
0x315dc68e05e9c34aacb80d7976f0408c138b29820524dc1d43de6b56ce793740,41606985,1770003317,0xa7272afc21f9c321024ed93892a1abfeb621c374,0xabf7b08a7dc4ac8a543c1112a98ddef3bb2990bd,0x7b659ef971441dc81f6c9718bcaf978265673dec,1.043841,1.04384133611691,1.04384133611691,,0.8326036949784997
0x48236eb3a81dc5df030ccd0e2ce29fdc7b568b958c20edd02c2b35a83a4b1e38,41606985,1770003317,0xa7272afc21f9c321024ed93892a1abfeb621c374,0xabf7b08a7dc4ac8a543c1112a98ddef3bb2990bd,0x64dee823db2a87135e58b4c37a8580af6f10551e,1.043841,1.04384133611691,1.04384133611691,,0.8326036949784997
0xf1b9d4977c93b2fbba6156c04fe2e051b3a312b272bf63fc5868bceaa38570df,41606995,1770003337,0xa7272afc21f9c321024ed93892a1abfeb621c374,0xb7ea2b36a2c94f1b17939e77a20e0cf409c88bfa,0xeafdc784772239dfcbd799776f4e5bc53d07a2dd,1.043841,1.04384133611691,1.04384133611691,,0.8326036949784997
0xb80863429f726bcfb7048ae33f1dfef5799516dfc1de4f176a86c5ba7c850c0a,41606997,1770003341,0xa7272afc21f9c321024ed93892a1abfeb621c374,0xb7ea2b36a2c94f1b17939e77a20e0cf409c88bfa,0x9b6b68094b3b28093cc306b2aef3917038789406,1.043841,1.04384133611691,1.04384133611691,,0.8326036949784997
0x454f87f6c816189b61e151448eeaaa34708f83aa5fcc095c11bf7241eaf4992e,41606999,1770003345,0xa7272afc21f9c321024ed93892a1abfeb621c374,0xb7ea2b36a2c94f1b17939e77a20e0cf409c88bfa,0x5d53f21e4c7fdcf42f236a089c9b3a00a53d6d74,1.043841,1.04384133611691,1.04384133611691,,0.8326036949784997
0x4dbdafdd8d58c53d6d82a7be9c4f8f1ce9b5d22c016510a33ca5471fa05febb0,41607040,1770003427,0xa7272afc21f9c321024ed93892a1abfeb621c374,0xe5dddd7a7e5c9f0374ec02d246c9b9e2ce85c75d,0x76acdf57551d19b31c29557d92ca5982433ff169,1.045056,1.04384133611691,1.04384133611691,,0.8326036949784997
0x22bb82b3ade8c2543f5e9fd3eed70f76e165993054fd312e75314994cad907fd,41607042,1770003431,0xa7272afc21f9c321024ed93892a1abfeb621c374,0xabf7b08a7dc4ac8a543c1112a98ddef3bb2990bd,0x7b659ef971441dc81f6c9718bcaf978265673dec,1.043841,1.04384133611691,1.04384133611691,,0.8326036949784997
0x414ec15dc4a018944f6308997998c292166003ca0b7a658dc2ac600ede5030f2,41607042,1770003431,0xa7272afc21f9c321024ed93892a1abfeb621c374,0xabf7b08a7dc4ac8a543c1112a98ddef3bb2990bd,0x64dee823db2a87135e58b4c37a8580af6f10551e,1.043841,1.04384133611691,1.04384133611691,,0.8326036949784997
0x628b1d50187a273eb7e16d55a9d21637c3b213e91beaee0b5cae1ec0c85f951c,41607065,1770003477,0xa7272afc21f9c321024ed93892a1abfeb621c374,0xb7ea2b36a2c94f1b17939e77a20e0cf409c88bfa,0x9b6b68094b3b28093cc306b2aef3917038789406,1.043841,1.04384133611691,1.04384133611691,,0.8326036949784997
0x223fc003ca47e6b0a67fcc73b3cfc069533e0a775d402d4819cbf31f1d9d3ecc,41607066,1770003479,0xa7272afc21f9c321024ed93892a1abfeb621c374,0xabf7b08a7dc4ac8a543c1112a98ddef3bb2990bd,0x76585fbba1eb984900eef32b48ec3560255c92d4,1.043841,1.04384133611691,1.04384133611691,,0.8326036949784997
0xfa99c0236c86edfbd5fb7def99ae0e22bf152e1f1a69b036cfe8aafd7ce93368,41607067,1770003481,0xa7272afc21f9c321024ed93892a1abfeb621c374,0xb7ea2b36a2c94f1b17939e77a20e0cf409c88bfa,0xeafdc784772239dfcbd799776f4e5bc53d07a2dd,1.043841,1.04384133611691,1.04384133611691,,0.8326036949784997
0xdf764b36e402b16d222cc1cfc3ed26d35adce614e03f4785bb0f6d04297b21c0,41607069,1770003485,0xa7272afc21f9c321024ed93892a1abfeb621c374,0xb7ea2b36a2c94f1b17939e77a20e0cf409c88bfa,0xad95973c72045cd05b9ddaa2b27cf65f578e339e,1.043841,1.04384133611691,1.04384133611691,,0.8326036949784997
0xbc40fa8b34b7e4954f0bf9f87783fcd6ac469391fa7f70cf5e0ccb97c0eee3c2,41607094,1770003535,0x9ca1dad919221d920b889aacf3023a5cea23165f,0xb7ea2b36a2c94f1b17939e77a20e0cf409c88bfa,0xc0a2f5096d5ddb2f05cae5c793ad1493a28d5321,1.043841,1.04384133611691,1.04384133611691,,0.8326036949784997
0x979dac357de4dbecca17ac0806ba928dbbc0cd0920641bfd05bc199462f9941d,41607101,1770003549,0xa7272afc21f9c321024ed93892a1abfeb621c374,0xabf7b08a7dc4ac8a543c1112a98ddef3bb2990bd,0x7b659ef971441dc81f6c9718bcaf978265673dec,1.043841,1.04384133611691,1.04384133611691,,0.8326036949784997
0x06872170c534f305f60d985403d19187e50037558944cb52055ef35a3763c435,41607101,1770003549,0xa7272afc21f9c321024ed93892a1abfeb621c374,0xabf7b08a7dc4ac8a543c1112a98ddef3bb2990bd,0x64dee823db2a87135e58b4c37a8580af6f10551e,1.043841,1.04384133611691,1.04384133611691,,0.8326036949784997
0x85331e74d4abda2a5cb4eca5c4f68c186f6d60c2dce12fc63e5a7845d70c9119,41607101,1770003549,0xa7272afc21f9c321024ed93892a1abfeb621c374,0xabf7b08a7dc4ac8a543c1112a98ddef3bb2990bd,0x76acdf57551d19b31c29557d92ca5982433ff169,1.043841,1.04384133611691,1.04384133611691,,0.8326036949784997
0x6235e8d9406c972b35a6aeb02f11274f03725f6057f3fb79c0c3b8f28502b95d,41607101,1770003549,0xa7272afc21f9c321024ed93892a1abfeb621c374,0xabf7b08a7dc4ac8a543c1112a98ddef3bb2990bd,0xad95973c72045cd05b9ddaa2b27cf65f578e339e,1.043841,1.04384133611691,1.04384133611691,,0.8326036949784997
0x772770babd932bf8854f95ecabe55c2ed6abe3e2a1b5b678deafeb9ff6bdb352,41607122,1770003591,0xa7272afc21f9c321024ed93892a1abfeb621c374,0xabf7b08a7dc4ac8a543c1112a98ddef3bb2990bd,0x76585fbba1eb984900eef32b48ec3560255c92d4,1.043841,1.04384133611691,1.04384133611691,,0.8326036949784997
0xe4c30ae599bc96e2c9c38a3b0066ae2197a44f144e2b381047259bef6992a29b,41607128,1770003603,0xa7272afc21f9c321024ed93892a1abfeb621c374,0xb7ea2b36a2c94f1b17939e77a20e0cf409c88bfa,0x9b6b68094b3b28093cc306b2aef3917038789406,1.043841,1.04384133611691,1.04384133611691,,0.8326036949784997
0xdcddff35c475f03c97c0bf37535ae314ec01dfa657ca48d143fdc1919426aa4c,41607131,1770003609,0xa7272afc21f9c321024ed93892a1abfeb621c374,0xb7ea2b36a2c94f1b17939e77a20e0cf409c88bfa,0xeafdc784772239dfcbd799776f4e5bc53d07a2dd,1.043841,1.04384133611691,1.04384133611691,,0.8326036949784997
0x7d7c0a8a04ceb4896da3586a1bf93d13ad9da6e2c1bc1115a9df0477aa6e62ca,41607219,1770003785,0xa7272afc21f9c321024ed93892a1abfeb621c374,0xb7ea2b36a2c94f1b17939e77a20e0cf409c88bfa,0x9b6b68094b3b28093cc306b2aef3917038789406,1.043841,1.04384133611691,1.04384133611691,,0.8326036949784997
0xe8bf329d0b443a66a5ff2cd00d55fd732dc017d5784f09f7a85e31b20bcb8e68,41607222,1770003791,0xa7272afc21f9c321024ed93892a1abfeb621c374,0xb7ea2b36a2c94f1b17939e77a20e0cf409c88bfa,0xeafdc784772239dfcbd799776f4e5bc53d07a2dd,1.043841,1.04384133611691,1.04384133611691,,0.8326036949784997
0xb72c4bf8e395cb9bf95818ed14a475483185b113ef8783bfb9683171b049bc10,41607225,1770003797,0xa7272afc21f9c321024ed93892a1abfeb621c374,0xb7ea2b36a2c94f1b17939e77a20e0cf409c88bfa,0x5d53f21e4c7fdcf42f236a089c9b3a00a53d6d74,1.043841,1.04384133611691,1.04384133611691,,0.8326036949784997
0x6acebb6885171e632d50fd55e5e668ad8df6cf07a464973c75be77d1b510a9dd,41607268,1770003883,0xa7272afc21f9c321024ed93892a1abfeb621c374,0xabf7b08a7dc4ac8a543c1112a98ddef3bb2990bd,0x7b659ef971441dc81f6c9718bcaf978265673dec,1.043841,1.04384133611691,1.04384133611691,,0.8326036949784997
0x26865a98dd423c7c449300077d61ac6964f59d3b4feb29a7c4e3404dabcb6c96,41607268,1770003883,0xa7272afc21f9c321024ed93892a1abfeb621c374,0xabf7b08a7dc4ac8a543c1112a98ddef3bb2990bd,0x64dee823db2a87135e58b4c37a8580af6f10551e,1.043841,1.04384133611691,1.04384133611691,,0.8326036949784997
0x7081a32a853e0939b2c52e8978aed636f0952ca3aa6325e2e9515383ef18718c,41607268,1770003883,0xa7272afc21f9c321024ed93892a1abfeb621c374,0xabf7b08a7dc4ac8a543c1112a98ddef3bb2990bd,0x76acdf57551d19b31c29557d92ca5982433ff169,1.043841,1.04384133611691,1.04384133611691,,0.8326036949784997
0x71ed2694f95b424135a130505f2ecd0de955dd9bc749ee8b58174b0edb3f6654,41607295,1770003937,0xa7272afc21f9c321024ed93892a1abfeb621c374,0xb7ea2b36a2c94f1b17939e77a20e0cf409c88bfa,0x9b6b68094b3b28093cc306b2aef3917038789406,1.043841,1.04384133611691,1.04384133611691,,0.8326036949784997
0x419f6a4b648dd277809d2d812f3d8e8ac952ceaec872619604499a52457eabe8,41607297,1770003941,0xa7272afc21f9c321024ed93892a1abfeb621c374,0xb7ea2b36a2c94f1b17939e77a20e0cf409c88bfa,0x76585fbba1eb984900eef32b48ec3560255c92d4,1.043841,1.04384133611691,1.04384133611691,,0.8326036949784997
0xabf2cb19a87358b34b369242d6292402f7aa4466fe0487036cf79f9664a7a104,41607299,1770003945,0xa7272afc21f9c321024ed93892a1abfeb621c374,0xb7ea2b36a2c94f1b17939e77a20e0cf409c88bfa,0xeafdc784772239dfcbd799776f4e5bc53d07a2dd,1.043841,1.04384133611691,1.04384133611691,,0.8326036949784997
0x49a2053aea5414cb3a5d20e99197b11d92625412eef19b9e90b7e9bb5e8a67b1,41607302,1770003951,0xa7272afc21f9c321024ed93892a1abfeb621c374,0xb7ea2b36a2c94f1b17939e77a20e0cf409c88bfa,0xad95973c72045cd05b9ddaa2b27cf65f578e339e,1.043841,1.04384133611691,1.04384133611691,,0.8326036949784997
0xe178df4152856345b1563fd10089fdb54f7544f66e370435290abcf62b6faa30,41607924,1770005195,0xa7272afc21f9c321024ed93892a1abfeb621c374,0xb7ea2b36a2c94f1b17939e77a20e0cf409c88bfa,0x941e18899c9c385ec4f8c1647d55432f747da416,1.043837,1.04384133611691,1.04384133611691,,0.8326036949784997
0xe8dc939e71adbd4c892efeeb34128927ddce1e5de3ba3d29a7281f4d161a623c,41608000,1770005347,0xa7272afc21f9c321024ed93892a1abfeb621c374,0xb7ea2b36a2c94f1b17939e77a20e0cf409c88bfa,0x941e18899c9c385ec4f8c1647d55432f747da416,1.043834,1.04384133611691,1.04384133611691,,0.8326036949784997
0x40093c9f8714aeb4615d456ebb58f724468358660083bcf5d26dacfbd2786ad0,41608117,1770005581,0xa7272afc21f9c321024ed93892a1abfeb621c374,0xb7ea2b36a2c94f1b17939e77a20e0cf409c88bfa,0x941e18899c9c385ec4f8c1647d55432f747da416,1.043836,1.04384133611691,1.04384133611691,,0.8326036949784997
0xa4fc7ba6d3c4a0b291e4fec5315688bb03a5fce203d09cb2a88325c77f2f51e4,41608143,1770005633,0xa7272afc21f9c321024ed93892a1abfeb621c374,0xb7ea2b36a2c94f1b17939e77a20e0cf409c88bfa,0x941e18899c9c385ec4f8c1647d55432f747da416,1.043832,1.04384133611691,1.04384133611691,,0.8326036949784997
0x62b0a713c15bf96bf884bcbad711688c70cdda50b514a79c4c906deda91bec71,41610048,1770009443,0xa7272afc21f9c321024ed93892a1abfeb621c374,0xb7ea2b36a2c94f1b17939e77a20e0cf409c88bfa,0x941e18899c9c385ec4f8c1647d55432f747da416,1.043829,1.04384133611691,1.04384133611691,,0.8326036949784997
0xda5f243cce5f6ef1634daebd84e0baff79d9d896ffefeb04529986fb1ff4a7dd,41610078,1770009503,0xa7272afc21f9c321024ed93892a1abfeb621c374,0xb7ea2b36a2c94f1b17939e77a20e0cf409c88bfa,0x941e18899c9c385ec4f8c1647d55432f747da416,1.043839,1.04384133611691,1.04384133611691,,0.8326036949784997
0xf2440605325d144145dc8964dbce7314803edb26c692bc7ba3f653b19f8d5445,41610391,1770010129,0xa7272afc21f9c321024ed93892a1abfeb621c374,0xb7ea2b36a2c94f1b17939e77a20e0cf409c88bfa,0x941e18899c9c385ec4f8c1647d55432f747da416,1.043834,1.04384133611691,1.04384133611691,,0.8326036949784997
0x2208f361ab302d5274d54ee400244147b074a5d25d6d13c447a61071a35c7c8d,41610660,1770010667,0xa7272afc21f9c321024ed93892a1abfeb621c374,0xb7ea2b36a2c94f1b17939e77a20e0cf409c88bfa,0x941e18899c9c385ec4f8c1647d55432f747da416,1.04383,1.04384133611691,1.04384133611691,,0.8326036949784997
0xb9591c9c57c46da6c4bfdee86353058614d48b243699fc7a5420e2a7036a20a7,41612532,1770014411,0x9231db26a7a7a2bc81abb13331edae458b2871b6,0xabf7b08a7dc4ac8a543c1112a98ddef3bb2990bd,0x71bd581f22260906f38a032a869faf647b36d98d,1.043841,1.04384133611691,1.04384133611691,,0.8326036949784997
0xab933da92077ba2bd2f3c7b4a4994aa870925005abb11825a48ed0039ea6ba5a,41616674,1770022695,0x9ca1dad919221d920b889aacf3023a5cea23165f,0xc41b1af25ea9ad03e81a4d551454e9f4f519ae4e,0x948e90d9b5d53edcbefb4a7c05468ebaf72a881d,1.033149,1.04384133611691,1.04384133611691,,0.8326036949784997
0x281327ba1e5ff3ee7f6599853eea91f1e23e7f5adca1d750967a3c66321d142b,41616797,1770022941,0x9ca1dad919221d920b889aacf3023a5cea23165f,0xe6e3f8b510fecab4b9f74df24cede54567ee2f14,0x948e90d9b5d53edcbefb4a7c05468ebaf72a881d,1.021739,1.04384133611691,1.04384133611691,,0.8326036949784997
0x5a34a08f87517c092c85a7617652598f2c4a92a3ee4e3b7dd66e3051792a7704,41674569,1770138485,0x9ca1dad919221d920b889aacf3023a5cea23165f,0xe6e3f8b510fecab4b9f74df24cede54567ee2f14,0x948e90d9b5d53edcbefb4a7c05468ebaf72a881d,1.029126,1.04384133611691,1.04384133611691,,0.8326036949784997
0x9f9eb0622bc6226070a1f8defe0617f307c99d6f48554b1c21d7ec8cb5062149,41674736,1770138819,0x9ca1dad919221d920b889aacf3023a5cea23165f,0xe6e3f8b510fecab4b9f74df24cede54567ee2f14,0x948e90d9b5d53edcbefb4a7c05468ebaf72a881d,1.024691,1.04384133611691,1.04384133611691,,0.8326036949784997
0xeca3726809848fff7220f19b77783201c5789ea050c73155dac8305540f4610d,41675557,1770140461,0x9ca1dad919221d920b889aacf3023a5cea23165f,0xe6e3f8b510fecab4b9f74df24cede54567ee2f14,0x948e90d9b5d53edcbefb4a7c05468ebaf72a881d,1.020408,1.04384133611691,1.04384133611691,,0.8326036949784997
0xdba04d72a02c0c85ec1989e89df604cb93195a18b6cb80392fc072cfa283a3aa,41675587,1770140521,0x9ca1dad919221d920b889aacf3023a5cea23165f,0xe6e3f8b510fecab4b9f74df24cede54567ee2f14,0x948e90d9b5d53edcbefb4a7c05468ebaf72a881d,1.019608,1.04384133611691,1.04384133611691,,0.8326036949784997
0x4999efb615c7d4de23879535db6578b7ee260083272d1e3e4fecd00242bc73b0,41675612,1770140571,0xa517fe2cf559e1c37d4bb844770b089ab9227ae7,0xc41b1af25ea9ad03e81a4d551454e9f4f519ae4e,0x21376f9ea9b75358f3ce6138edec1515998cf930,1.125683,1.1267605633802817,1.1267605633802817,,0.5625919504874457
0xfa62ef15d16b12788b79d8ba0e00863ca082c9584d9414f8462dca68334f8b67,41676088,1770141523,0xa7272afc21f9c321024ed93892a1abfeb621c374,0xc41b1af25ea9ad03e81a4d551454e9f4f519ae4e,0x941e18899c9c385ec4f8c1647d55432f747da416,1.043817,1.04384133611691,1.04384133611691,,0.8326036949784997
0x4bad77ab063aeeec78e1058e3c98d4640d7a6ce6083d531f7a545fe7ae0d5f39,41676148,1770141643,0x9ca1dad919221d920b889aacf3023a5cea23165f,0xe6e3f8b510fecab4b9f74df24cede54567ee2f14,0x948e90d9b5d53edcbefb4a7c05468ebaf72a881d,1.031915,1.04384133611691,1.04384133611691,,0.8326036949784997
0xd8e2ede1741c7eaad9776e3986b8a67a339e0ffbcfbadb70dca7aa93426a9078,41676236,1770141819,0x9ca1dad919221d920b889aacf3023a5cea23165f,0xe6e3f8b510fecab4b9f74df24cede54567ee2f14,0x948e90d9b5d53edcbefb4a7c05468ebaf72a881d,1.018868,1.04384133611691,1.04384133611691,,0.8326036949784997
0xa44f8cdf918ac01894b856b66470cbc386e28f2e98ad1acb415f95dd0371e1b8,41676291,1770141929,0xa517fe2cf559e1c37d4bb844770b089ab9227ae7,0xc41b1af25ea9ad03e81a4d551454e9f4f519ae4e,0x21376f9ea9b75358f3ce6138edec1515998cf930,1.125774,1.1267605633802817,1.1267605633802817,,0.5625919504874457
0xe5451b9d7dad9cd49d65bdd3db1328dd7ce60364efa7ef6b4da1a93c7654c85d,41676522,1770142391,0xa7272afc21f9c321024ed93892a1abfeb621c374,0xc41b1af25ea9ad03e81a4d551454e9f4f519ae4e,0x941e18899c9c385ec4f8c1647d55432f747da416,1.043819,1.04384133611691,1.04384133611691,,0.8326036949784997
0xda13c4818d60ac379297a3b60f678492e6ac6eb2b4913b71f66e362b5e3a203c,41676606,1770142559,0xa7272afc21f9c321024ed93892a1abfeb621c374,0x6c3dbf81cf5159a1d7de697324bc1e571c9ee53b,0x5d53f21e4c7fdcf42f236a089c9b3a00a53d6d74,1.04384,1.04384133611691,1.04384133611691,,0.8326036949784997
0x6452ae88b6c139fafdf7c3afd2b6bc58a09c95b3d950e04077789debfb7e288a,41676724,1770142795,0xa7272afc21f9c321024ed93892a1abfeb621c374,0xabf7b08a7dc4ac8a543c1112a98ddef3bb2990bd,0x7b659ef971441dc81f6c9718bcaf978265673dec,1.045569,1.04384133611691,1.04384133611691,,0.8326036949784997
0xa38cfa5e14bf8a10f8fe5d7db50cd474ca7e983bd4898b2fd65c226a01114331,41676724,1770142795,0xa7272afc21f9c321024ed93892a1abfeb621c374,0xabf7b08a7dc4ac8a543c1112a98ddef3bb2990bd,0x64dee823db2a87135e58b4c37a8580af6f10551e,1.045569,1.04384133611691,1.04384133611691,,0.8326036949784997
0x830e06a2fd20b0c9752a193830d413539addd918a6a6080b4305dc6240252902,41676724,1770142795,0xa7272afc21f9c321024ed93892a1abfeb621c374,0xabf7b08a7dc4ac8a543c1112a98ddef3bb2990bd,0x76585fbba1eb984900eef32b48ec3560255c92d4,1.045569,1.04384133611691,1.04384133611691,,0.8326036949784997
0x02f793c0a3db0934a3ee605a0d7def1f3bb49e677525e944974fe6784d7bbd24,41676724,1770142795,0xa7272afc21f9c321024ed93892a1abfeb621c374,0xabf7b08a7dc4ac8a543c1112a98ddef3bb2990bd,0xad95973c72045cd05b9ddaa2b27cf65f578e339e,1.045569,1.04384133611691,1.04384133611691,,0.8326036949784997
0x9f2ac2b4bcaebe9d6d72d5c77f09e9042f75de109f7aed7fe8c996c89abe5fbf,41676761,1770142869,0xa7272afc21f9c321024ed93892a1abfeb621c374,0x00f231319f921a95284def641fd8274a8cb0e6ee,0xeafdc784772239dfcbd799776f4e5bc53d07a2dd,1.043841,1.04384133611691,1.04384133611691,,0.8326036949784997
0x8db9ccb84391c75131a89186e0ec449f5d2f91ff3dc1ad60d575928a77af9444,41676772,1770142891,0xa7272afc21f9c321024ed93892a1abfeb621c374,0xc41b1af25ea9ad03e81a4d551454e9f4f519ae4e,0x941e18899c9c385ec4f8c1647d55432f747da416,1.043837,1.04384133611691,1.04384133611691,,0.8326036949784997
0xd02b32154484ad110578f3e5d9cdf56e94b6a92b02659ed843f5372cfbcd5f95,41676816,1770142979,0xa7272afc21f9c321024ed93892a1abfeb621c374,0xe5dddd7a7e5c9f0374ec02d246c9b9e2ce85c75d,0x7b659ef971441dc81f6c9718bcaf978265673dec,1.043841,1.04384133611691,1.04384133611691,,0.8326036949784997
0x0ffa096ab5938402d0a07c34046bee95752c06cacae87788271e69653ed746f8,41676816,1770142979,0xa7272afc21f9c321024ed93892a1abfeb621c374,0xe5dddd7a7e5c9f0374ec02d246c9b9e2ce85c75d,0x64dee823db2a87135e58b4c37a8580af6f10551e,1.043841,1.04384133611691,1.04384133611691,,0.8326036949784997
0x29eb286db48b86e85fbcaa8a170c51962eb39fefa338566a8ccbbed5b47d735c,41676830,1770143007,0xa7272afc21f9c321024ed93892a1abfeb621c374,0x00f231319f921a95284def641fd8274a8cb0e6ee,0xad95973c72045cd05b9ddaa2b27cf65f578e339e,1.043841,1.04384133611691,1.04384133611691,,0.8326036949784997
0xcc0d6817e90a059b55682ccf9605a59a5adecb9e8d1e87eccbbf569f78167566,41676839,1770143025,0xa7272afc21f9c321024ed93892a1abfeb621c374,0x00f231319f921a95284def641fd8274a8cb0e6ee,0xeafdc784772239dfcbd799776f4e5bc53d07a2dd,1.043841,1.04384133611691,1.04384133611691,,0.8326036949784997
0x985956346ff3e55ab0280041f41487ca9c3c801975ce88775fc4e06d76c8842c,41676853,1770143053,0xa7272afc21f9c321024ed93892a1abfeb621c374,0xc41b1af25ea9ad03e81a4d551454e9f4f519ae4e,0x5d53f21e4c7fdcf42f236a089c9b3a00a53d6d74,1.043839,1.04384133611691,1.04384133611691,,0.8326036949784997
0x649e773505aa7724c47901bd3523098f5dcddb0b8de67335722961eaaa1b73e7,41676863,1770143073,0xa7272afc21f9c321024ed93892a1abfeb621c374,0xe5dddd7a7e5c9f0374ec02d246c9b9e2ce85c75d,0x7b659ef971441dc81f6c9718bcaf978265673dec,1.043841,1.04384133611691,1.04384133611691,,0.8326036949784997
0x22f582c2e91aa9709cd62e5ab657788889f0dcebc4ea8703d2c74be3684b876c,41676863,1770143073,0xa7272afc21f9c321024ed93892a1abfeb621c374,0xe5dddd7a7e5c9f0374ec02d246c9b9e2ce85c75d,0x64dee823db2a87135e58b4c37a8580af6f10551e,1.043841,1.04384133611691,1.04384133611691,,0.8326036949784997
0x580934bddff8add218e126c242f8fbbc2ddf4cd8876b2afa874d8369f1116a0e,41676863,1770143073,0xa7272afc21f9c321024ed93892a1abfeb621c374,0xabf7b08a7dc4ac8a543c1112a98ddef3bb2990bd,0x76585fbba1eb984900eef32b48ec3560255c92d4,1.043841,1.04384133611691,1.04384133611691,,0.8326036949784997
0x012d26de6a97700cbf470d80d6a785211baf5ea6cc2c308763f7fc9866c6d794,41676863,1770143073,0xa7272afc21f9c321024ed93892a1abfeb621c374,0xc41b1af25ea9ad03e81a4d551454e9f4f519ae4e,0x941e18899c9c385ec4f8c1647d55432f747da416,1.043829,1.04384133611691,1.04384133611691,,0.8326036949784997
0x86a7dc3d676ae0ba10b94ba2b76bd8132cf3d5fd379c051238b9fa5a0f57f41e,41676883,1770143113,0xa7272afc21f9c321024ed93892a1abfeb621c374,0x00f231319f921a95284def641fd8274a8cb0e6ee,0xad95973c72045cd05b9ddaa2b27cf65f578e339e,1.043841,1.04384133611691,1.04384133611691,,0.8326036949784997
0x3c29ae6e3ec7adff9462b4455324b7e814cc0ba9ebfb11e5431b2cc2d4d028cd,41676889,1770143125,0xa7272afc21f9c321024ed93892a1abfeb621c374,0xabf7b08a7dc4ac8a543c1112a98ddef3bb2990bd,0x7b659ef971441dc81f6c9718bcaf978265673dec,1.045871,1.04384133611691,1.04384133611691,,0.8326036949784997
0xa05a6de5d717d4df266cd4ae3a920c95113551f5f633a9a9da80d0b73cf398e0,41676889,1770143125,0xa7272afc21f9c321024ed93892a1abfeb621c374,0xabf7b08a7dc4ac8a543c1112a98ddef3bb2990bd,0x64dee823db2a87135e58b4c37a8580af6f10551e,1.045871,1.04384133611691,1.04384133611691,,0.8326036949784997
0xba2bc32e2c7af1d7eef2df77569432cf72bfd5c9deb20f54b49782eeb61ada4c,41676904,1770143155,0xa7272afc21f9c321024ed93892a1abfeb621c374,0xabf7b08a7dc4ac8a543c1112a98ddef3bb2990bd,0x7b659ef971441dc81f6c9718bcaf978265673dec,1.046252,1.04384133611691,1.04384133611691,,0.8326036949784997
0x9e7712c665926fbe550b260141b34e4a4ebbca178ca6bb7799c243940b986c00,41676904,1770143155,0xa7272afc21f9c321024ed93892a1abfeb621c374,0xabf7b08a7dc4ac8a543c1112a98ddef3bb2990bd,0x64dee823db2a87135e58b4c37a8580af6f10551e,1.046252,1.04384133611691,1.04384133611691,,0.8326036949784997
0x9962f0f137ee211cd5a9df5ada2672231471ae61fa83a5f6a20cf34a0d1f49f1,41676904,1770143155,0x9231db26a7a7a2bc81abb13331edae458b2871b6,0xe5dddd7a7e5c9f0374ec02d246c9b9e2ce85c75d,0x71bd581f22260906f38a032a869faf647b36d98d,1.043841,1.04384133611691,1.04384133611691,,0.8326036949784997
0x768b46c8f07f9b6dd9c6184f64e3d227b90b07091c26783a4f0ae71b923f8a1c,41676904,1770143155,0xa7272afc21f9c321024ed93892a1abfeb621c374,0xe5dddd7a7e5c9f0374ec02d246c9b9e2ce85c75d,0x76585fbba1eb984900eef32b48ec3560255c92d4,1.046252,1.04384133611691,1.04384133611691,,0.8326036949784997
0x67a2e6072630dc1f25e4b50aaf777ed42a14c6223a44efafbb156534ecfa3966,41676904,1770143155,0xa7272afc21f9c321024ed93892a1abfeb621c374,0xe5dddd7a7e5c9f0374ec02d246c9b9e2ce85c75d,0xad95973c72045cd05b9ddaa2b27cf65f578e339e,1.046252,1.04384133611691,1.04384133611691,,0.8326036949784997
0xd00798df429eebbfb5621c64ec3eccbfad3bfc712d9dffb710b49d8134b90ad7,41676929,1770143205,0xa7272afc21f9c321024ed93892a1abfeb621c374,0x00f231319f921a95284def641fd8274a8cb0e6ee,0xeafdc784772239dfcbd799776f4e5bc53d07a2dd,1.043841,1.04384133611691,1.04384133611691,,0.8326036949784997
0x012e6970edd652f25d3845d586331fb9d7e5ac23a0d312522da12c8fefed0bb3,41677026,1770143399,0xa7272afc21f9c321024ed93892a1abfeb621c374,0x00f231319f921a95284def641fd8274a8cb0e6ee,0x9b6b68094b3b28093cc306b2aef3917038789406,1.043841,1.04384133611691,1.04384133611691,,0.8326036949784997
0x7c85099d448518ffbfc44c3df1dff983a351678ba32bfee136c4e2bb31f65761,41677030,1770143407,0xa7272afc21f9c321024ed93892a1abfeb621c374,0x00f231319f921a95284def641fd8274a8cb0e6ee,0x5d53f21e4c7fdcf42f236a089c9b3a00a53d6d74,1.043841,1.04384133611691,1.04384133611691,,0.8326036949784997
0x3962f0666371934bf78ab0838d950288caa803060b23dc80702f37c12a091efa,41677039,1770143425,0xa7272afc21f9c321024ed93892a1abfeb621c374,0xabf7b08a7dc4ac8a543c1112a98ddef3bb2990bd,0x64dee823db2a87135e58b4c37a8580af6f10551e,1.045646,1.04384133611691,1.04384133611691,,0.8326036949784997
0x001d01480adb5103d9a08ab4308e6a7ed9c12d86b983b06260743092ccdaf9bf,41677039,1770143425,0xa7272afc21f9c321024ed93892a1abfeb621c374,0xabf7b08a7dc4ac8a543c1112a98ddef3bb2990bd,0x7b659ef971441dc81f6c9718bcaf978265673dec,1.045646,1.04384133611691,1.04384133611691,,0.8326036949784997
0xe55cf506edd35dfb89db600cc6fce851adc22e6e833509b0bd046c285c060874,41677115,1770143577,0xa7272afc21f9c321024ed93892a1abfeb621c374,0xe5dddd7a7e5c9f0374ec02d246c9b9e2ce85c75d,0x7b659ef971441dc81f6c9718bcaf978265673dec,1.043841,1.04384133611691,1.04384133611691,,0.8326036949784997
0x4795c1f354257468916900d9918c2a6b5d28c0ff5ac585c84e05d73e8dee40d9,41677115,1770143577,0xa7272afc21f9c321024ed93892a1abfeb621c374,0xe5dddd7a7e5c9f0374ec02d246c9b9e2ce85c75d,0x64dee823db2a87135e58b4c37a8580af6f10551e,1.043841,1.04384133611691,1.04384133611691,,0.8326036949784997
0xda7cb64471a3a7890d957fdef4cf62338af31da3bb75798506f2daa181e0b443,41677125,1770143597,0xa7272afc21f9c321024ed93892a1abfeb621c374,0x00f231319f921a95284def641fd8274a8cb0e6ee,0xeafdc784772239dfcbd799776f4e5bc53d07a2dd,1.043841,1.04384133611691,1.04384133611691,,0.8326036949784997
0x82d98e31c8748748f9da57c003cf37c2a082afb513d35e1d740dfbb4fc9587d7,41677130,1770143607,0xa7272afc21f9c321024ed93892a1abfeb621c374,0x74513519689b1fb427747624a4dd87b3849d39cd,0x76585fbba1eb984900eef32b48ec3560255c92d4,1.043841,1.04384133611691,1.04384133611691,,0.8326036949784997
0x2313170391ec94328c48d02f2a6820be1533fa3575e37c94fcddad7b8b78bb66,41677138,1770143623,0xa7272afc21f9c321024ed93892a1abfeb621c374,0x00f231319f921a95284def641fd8274a8cb0e6ee,0xad95973c72045cd05b9ddaa2b27cf65f578e339e,1.043841,1.04384133611691,1.04384133611691,,0.8326036949784997
0xa789e4d8f20903fe8b961f99560da2c991f50d7eb499d1bffe30f287460f3a45,41677219,1770143785,0xa7272afc21f9c321024ed93892a1abfeb621c374,0xc41b1af25ea9ad03e81a4d551454e9f4f519ae4e,0x941e18899c9c385ec4f8c1647d55432f747da416,1.043837,1.04384133611691,1.04384133611691,,0.8326036949784997
0x9568b2c4f9ce5bd2649061bf6d12aa346df4172257c1a5c77d3a271409770353,41677314,1770143975,0xa7272afc21f9c321024ed93892a1abfeb621c374,0x00f231319f921a95284def641fd8274a8cb0e6ee,0x9b6b68094b3b28093cc306b2aef3917038789406,1.043841,1.04384133611691,1.04384133611691,,0.8326036949784997
0x2e447458ac733ee331a163a885c6127f9d2e2c07c8d561f735f21c33ca333d93,41677415,1770144177,0xa7272afc21f9c321024ed93892a1abfeb621c374,0xabf7b08a7dc4ac8a543c1112a98ddef3bb2990bd,0x9b6b68094b3b28093cc306b2aef3917038789406,1.043841,1.04384133611691,1.04384133611691,,0.8326036949784997
0x0fb53d274f1ab842bcd8395ac652bedd28745b760a53eb70e4ec3156a3bfa730,41677484,1770144315,0xa7272afc21f9c321024ed93892a1abfeb621c374,0xe5dddd7a7e5c9f0374ec02d246c9b9e2ce85c75d,0x7b659ef971441dc81f6c9718bcaf978265673dec,1.043841,1.04384133611691,1.04384133611691,,0.8326036949784997
0x6cd9ab1d84e43fe5a6721703264a020ee0b63e1cf2d1a5a8188a818d948e7181,41677484,1770144315,0xa7272afc21f9c321024ed93892a1abfeb621c374,0xe5dddd7a7e5c9f0374ec02d246c9b9e2ce85c75d,0x64dee823db2a87135e58b4c37a8580af6f10551e,1.043841,1.04384133611691,1.04384133611691,,0.8326036949784997
0x2e26debee46494a1f4f77e4de27df41510059138f323298e140e8c6805a6e733,41677484,1770144315,0xa7272afc21f9c321024ed93892a1abfeb621c374,0xabf7b08a7dc4ac8a543c1112a98ddef3bb2990bd,0x76585fbba1eb984900eef32b48ec3560255c92d4,1.043841,1.04384133611691,1.04384133611691,,0.8326036949784997
0x2cb50991260a114da435a3d01de416669b390a0dfa18300513caae41f30f80cc,41677484,1770144315,0xa7272afc21f9c321024ed93892a1abfeb621c374,0xabf7b08a7dc4ac8a543c1112a98ddef3bb2990bd,0xad95973c72045cd05b9ddaa2b27cf65f578e339e,1.043841,1.04384133611691,1.04384133611691,,0.8326036949784997
0x84bf2cdfc40340273cfe2eb56b81fc73793171e52e96498006e563aba0162eef,41677499,1770144345,0xa7272afc21f9c321024ed93892a1abfeb621c374,0xe5dddd7a7e5c9f0374ec02d246c9b9e2ce85c75d,0x7b659ef971441dc81f6c9718bcaf978265673dec,1.043841,1.04384133611691,1.04384133611691,,0.8326036949784997
0x9cb5d7638a955562ac148e0d6ce7ad9446900c08584c9bb656e4ff31437adc0b,41677499,1770144345,0xa7272afc21f9c321024ed93892a1abfeb621c374,0xe5dddd7a7e5c9f0374ec02d246c9b9e2ce85c75d,0x64dee823db2a87135e58b4c37a8580af6f10551e,1.043841,1.04384133611691,1.04384133611691,,0.8326036949784997
0x38c1b4452d1b0325d20654571088586ac0452085f75dd91f7bfe5264cfc9077c,41677499,1770144345,0xa7272afc21f9c321024ed93892a1abfeb621c374,0xabf7b08a7dc4ac8a543c1112a98ddef3bb2990bd,0x76585fbba1eb984900eef32b48ec3560255c92d4,1.043841,1.04384133611691,1.04384133611691,,0.8326036949784997
0x829261d5eecf2d1a689f179fa67790a9f201ead2a05e6ae5ec04eae5e7d96ebb,41677500,1770144347,0xa7272afc21f9c321024ed93892a1abfeb621c374,0xe5dddd7a7e5c9f0374ec02d246c9b9e2ce85c75d,0x64dee823db2a87135e58b4c37a8580af6f10551e,1.043841,1.04384133611691,1.04384133611691,,0.8326036949784997
0xd2a422c32ac1fa5359d578a4049877c2267516d30a48bd7702ed4b330643a203,41677500,1770144347,0xa7272afc21f9c321024ed93892a1abfeb621c374,0xabf7b08a7dc4ac8a543c1112a98ddef3bb2990bd,0x9b6b68094b3b28093cc306b2aef3917038789406,1.043841,1.04384133611691,1.04384133611691,,0.8326036949784997
0xfcfb7d8e009b6001232e36153a48d3763b75cf0f5da1085081f26eec5bbce1af,41677501,1770144349,0xa7272afc21f9c321024ed93892a1abfeb621c374,0xe5dddd7a7e5c9f0374ec02d246c9b9e2ce85c75d,0x7b659ef971441dc81f6c9718bcaf978265673dec,1.043841,1.04384133611691,1.04384133611691,,0.8326036949784997
0x58d45456faafe9f08b49c08768c62a0ccb2768dd2cf488dd05c22932a1bbacb1,41677512,1770144371,0xa7272afc21f9c321024ed93892a1abfeb621c374,0xabf7b08a7dc4ac8a543c1112a98ddef3bb2990bd,0xad95973c72045cd05b9ddaa2b27cf65f578e339e,1.043841,1.04384133611691,1.04384133611691,,0.8326036949784997
0xe82285c4e8376b2f45411ad7bcebbe0bc53fc8cd0ea7b36fda96b8b7ba4c9c2a,41677520,1770144387,0xa7272afc21f9c321024ed93892a1abfeb621c374,0xe5dddd7a7e5c9f0374ec02d246c9b9e2ce85c75d,0x7b659ef971441dc81f6c9718bcaf978265673dec,1.043841,1.04384133611691,1.04384133611691,,0.8326036949784997
0xf238004ca108372cd13de5d8f5efde96de93d5106f4a671de9c66d1dd151bd89,41677521,1770144389,0xa7272afc21f9c321024ed93892a1abfeb621c374,0xe5dddd7a7e5c9f0374ec02d246c9b9e2ce85c75d,0x64dee823db2a87135e58b4c37a8580af6f10551e,1.043841,1.04384133611691,1.04384133611691,,0.8326036949784997
0x2d1d0a29ccd3d0cc1486133e20ebf3061d9d789767cc41e4acae43943092f20b,41677521,1770144389,0xa7272afc21f9c321024ed93892a1abfeb621c374,0xe5dddd7a7e5c9f0374ec02d246c9b9e2ce85c75d,0x76585fbba1eb984900eef32b48ec3560255c92d4,1.043841,1.04384133611691,1.04384133611691,,0.8326036949784997
0xbf2c973d01b4d86100cc238c06502c88c4545ec711bc2bda3bb7f9a9156fc403,41677535,1770144417,0xa7272afc21f9c321024ed93892a1abfeb621c374,0xe5dddd7a7e5c9f0374ec02d246c9b9e2ce85c75d,0x7b659ef971441dc81f6c9718bcaf978265673dec,1.043841,1.04384133611691,1.04384133611691,,0.8326036949784997
0x570c77ec605ad89424a5c5d8ec38c7b3daa9798aa4cdd866a7f408edf314f7c4,41677536,1770144419,0xa7272afc21f9c321024ed93892a1abfeb621c374,0xe5dddd7a7e5c9f0374ec02d246c9b9e2ce85c75d,0x64dee823db2a87135e58b4c37a8580af6f10551e,1.043841,1.04384133611691,1.04384133611691,,0.8326036949784997
0x2c1fccbf5f9c653c1f61b8a80e1c803ae4a6159a94c8735f508f19a50ce10a24,41677536,1770144419,0xa7272afc21f9c321024ed93892a1abfeb621c374,0xe5dddd7a7e5c9f0374ec02d246c9b9e2ce85c75d,0xad95973c72045cd05b9ddaa2b27cf65f578e339e,1.043841,1.04384133611691,1.04384133611691,,0.8326036949784997
0x4f525d73b74cd4e47f3f55e1af2ad670b4b82ebe18311295b4fc53d6f8abf218,41677594,1770144535,0xa7272afc21f9c321024ed93892a1abfeb621c374,0xabf7b08a7dc4ac8a543c1112a98ddef3bb2990bd,0x9b6b68094b3b28093cc306b2aef3917038789406,1.045772,1.04384133611691,1.04384133611691,,0.8326036949784997
0xa289d8fe0f720ad32f1db8378f59a643e242a97dea4477163617ed857c2b4d59,41677595,1770144537,0xa7272afc21f9c321024ed93892a1abfeb621c374,0xe5dddd7a7e5c9f0374ec02d246c9b9e2ce85c75d,0x7b659ef971441dc81f6c9718bcaf978265673dec,1.043841,1.04384133611691,1.04384133611691,,0.8326036949784997
0x27603e96becaafde45e3faa311ec49727751a8040f8f3c5198d63dd5808a27fb,41677595,1770144537,0xa7272afc21f9c321024ed93892a1abfeb621c374,0xe5dddd7a7e5c9f0374ec02d246c9b9e2ce85c75d,0x64dee823db2a87135e58b4c37a8580af6f10551e,1.043841,1.04384133611691,1.04384133611691,,0.8326036949784997
0x177cac2b26addc59f76ce05e6c2ad72a3498950ded41fcde4e5b815b265c4ba5,41677596,1770144539,0xa7272afc21f9c321024ed93892a1abfeb621c374,0xe5dddd7a7e5c9f0374ec02d246c9b9e2ce85c75d,0x76585fbba1eb984900eef32b48ec3560255c92d4,1.043841,1.04384133611691,1.04384133611691,,0.8326036949784997
0x38dd7684b3a16d3903f2c2bbd5f687ba1175b1d8f3164ca2774baacc54f2882f,41677618,1770144583,0xa7272afc21f9c321024ed93892a1abfeb621c374,0xabf7b08a7dc4ac8a543c1112a98ddef3bb2990bd,0xeafdc784772239dfcbd799776f4e5bc53d07a2dd,1.043841,1.04384133611691,1.04384133611691,,0.8326036949784997
0xa24da67e19e7c49f79407371ee37fcfce5db401f8c59ae55d2670d73a40b9299,41677640,1770144627,0xa7272afc21f9c321024ed93892a1abfeb621c374,0xe5dddd7a7e5c9f0374ec02d246c9b9e2ce85c75d,0x7b659ef971441dc81f6c9718bcaf978265673dec,1.043841,1.04384133611691,1.04384133611691,,0.8326036949784997
0xc84765872ae72c24f2528d79485c0f784e10b19ac230e7175ef68a1426d320f2,41677641,1770144629,0xa7272afc21f9c321024ed93892a1abfeb621c374,0xe5dddd7a7e5c9f0374ec02d246c9b9e2ce85c75d,0x64dee823db2a87135e58b4c37a8580af6f10551e,1.043841,1.04384133611691,1.04384133611691,,0.8326036949784997
0x4e17db98cb9b78b05700d4d7880d744a02f3c380b2a46d28e1759d8426264c63,41677686,1770144719,0xa7272afc21f9c321024ed93892a1abfeb621c374,0xc41b1af25ea9ad03e81a4d551454e9f4f519ae4e,0x5d53f21e4c7fdcf42f236a089c9b3a00a53d6d74,1.043841,1.04384133611691,1.04384133611691,,0.8326036949784997
0xe1e7bd161ce1d385b91b30d21d9f5a67e6a3b4651c1f74a00e26888a2bde8877,41677687,1770144721,0xa7272afc21f9c321024ed93892a1abfeb621c374,0xc41b1af25ea9ad03e81a4d551454e9f4f519ae4e,0x941e18899c9c385ec4f8c1647d55432f747da416,1.043839,1.04384133611691,1.04384133611691,,0.8326036949784997
0x3f9548426f9bd5d9fb7e63ab8d387b8d7ca900a8f5340265b7a3592b49176f0e,41677689,1770144725,0xa517fe2cf559e1c37d4bb844770b089ab9227ae7,0xc41b1af25ea9ad03e81a4d551454e9f4f519ae4e,0x21376f9ea9b75358f3ce6138edec1515998cf930,1.12565,1.1267605633802817,1.1267605633802817,,0.5625919504874457
0x0899ed16dab62e17e7c2ba4fcfae17540fad2accbd44f91535410b1f568337b9,41677824,1770144995,0xa517fe2cf559e1c37d4bb844770b089ab9227ae7,0xc41b1af25ea9ad03e81a4d551454e9f4f519ae4e,0x21376f9ea9b75358f3ce6138edec1515998cf930,1.126431,1.1267605633802817,1.1267605633802817,,0.5625919504874457
0x6d8ce0266cbe21013d04e0c379b3b2b06c7ef791e6b6e7861a78ef4d72e11dbd,41677875,1770145097,0xa7272afc21f9c321024ed93892a1abfeb621c374,0xe5dddd7a7e5c9f0374ec02d246c9b9e2ce85c75d,0x7b659ef971441dc81f6c9718bcaf978265673dec,1.043841,1.04384133611691,1.04384133611691,,0.8326036949784997
0x63b7121f2914176fc48a3dd792c0f0a62c2b14fb09b14b1fc271080dd6f47ee0,41677878,1770145103,0xa7272afc21f9c321024ed93892a1abfeb621c374,0xe5dddd7a7e5c9f0374ec02d246c9b9e2ce85c75d,0x64dee823db2a87135e58b4c37a8580af6f10551e,1.043841,1.04384133611691,1.04384133611691,,0.8326036949784997
0x47c0c9db8ea906f5ed95c777c1f4c2f6870988d82caf6e1b0162b70a41d79623,41677879,1770145105,0xa7272afc21f9c321024ed93892a1abfeb621c374,0xe5dddd7a7e5c9f0374ec02d246c9b9e2ce85c75d,0xad95973c72045cd05b9ddaa2b27cf65f578e339e,1.04384,1.04384133611691,1.04384133611691,,0.8326036949784997
0xe77fb1f16c0be917add854ad9e0ff667c97c0d8de77455e910feccb0aab890fc,41677880,1770145107,0xa7272afc21f9c321024ed93892a1abfeb621c374,0xe5dddd7a7e5c9f0374ec02d246c9b9e2ce85c75d,0x76585fbba1eb984900eef32b48ec3560255c92d4,1.04384,1.04384133611691,1.04384133611691,,0.8326036949784997
0xa3aa9fd300ca0dfb48361a6f5a3d8cac1bc3a87de1a9ddd40ac15d04f7912d75,41678022,1770145391,0xa7272afc21f9c321024ed93892a1abfeb621c374,0xe5dddd7a7e5c9f0374ec02d246c9b9e2ce85c75d,0x7b659ef971441dc81f6c9718bcaf978265673dec,1.043841,1.04384133611691,1.04384133611691,,0.8326036949784997
0xe9be54f671da77bceac3ecfc3a8214df32f3910f8cfeabb5289b29ab7fe840cc,41678022,1770145391,0xa7272afc21f9c321024ed93892a1abfeb621c374,0xe5dddd7a7e5c9f0374ec02d246c9b9e2ce85c75d,0x64dee823db2a87135e58b4c37a8580af6f10551e,1.043841,1.04384133611691,1.04384133611691,,0.8326036949784997
0x770df8c7d193ec0a7179485e23e0919be1d96604c5f603b63d7e3bb6ebbca941,41712235,1770213817,0xa517fe2cf559e1c37d4bb844770b089ab9227ae7,0xc41b1af25ea9ad03e81a4d551454e9f4f519ae4e,0x21376f9ea9b75358f3ce6138edec1515998cf930,1.126126,1.1267605633802817,1.1267605633802817,,0.5625919504874457
0x5d7c8673d7ec68ff62856788069d6a9499ee7e6f0312ad4d8f3d6338034b68bd,41713898,1770217143,0x9ca1dad919221d920b889aacf3023a5cea23165f,0xe6e3f8b510fecab4b9f74df24cede54567ee2f14,0x948e90d9b5d53edcbefb4a7c05468ebaf72a881d,1.01069,1.04384133611691,1.04384133611691,,0.8326036949784997
0x8b6d9dc640c12da2419d88569fd67ae6a6cd996f28fbd7f0d4d85640fe21dd7b,41713923,1770217193,0xa517fe2cf559e1c37d4bb844770b089ab9227ae7,0xc41b1af25ea9ad03e81a4d551454e9f4f519ae4e,0x21376f9ea9b75358f3ce6138edec1515998cf930,1.125984,1.1267605633802817,1.1267605633802817,,0.5625919504874457
0x6613fa7dad82adf9e9fa199eb4a5d77b30071f760d7b474ba66ca0e4b4f264c9,41714009,1770217365,0xa7272afc21f9c321024ed93892a1abfeb621c374,0x6c3dbf81cf5159a1d7de697324bc1e571c9ee53b,0x5d53f21e4c7fdcf42f236a089c9b3a00a53d6d74,1.043841,1.04384133611691,1.04384133611691,,0.8326036949784997
0xe9b362fe0a6da1dabdfd3a7ba0a9e242f3b2d3cb3bb35aff4521388b0924c2eb,41714013,1770217373,0xa7272afc21f9c321024ed93892a1abfeb621c374,0x00f231319f921a95284def641fd8274a8cb0e6ee,0x941e18899c9c385ec4f8c1647d55432f747da416,1.043839,1.04384133611691,1.04384133611691,,0.8326036949784997
0x5a70eb74e5a5336e9e74e0e98297b56fe3f7719ac2945c4bbc0a74b95a8750b5,41714029,1770217405,0x9ca1dad919221d920b889aacf3023a5cea23165f,0xe6e3f8b510fecab4b9f74df24cede54567ee2f14,0x948e90d9b5d53edcbefb4a7c05468ebaf72a881d,1.028463,1.04384133611691,1.04384133611691,,0.8326036949784997
0xd523a0b448556101c933ad13de1315cfbade9fdff72d58b7725755612f0dbc7c,41714832,1770219011,0xa517fe2cf559e1c37d4bb844770b089ab9227ae7,0xc41b1af25ea9ad03e81a4d551454e9f4f519ae4e,0x21376f9ea9b75358f3ce6138edec1515998cf930,1.126138,1.1267605633802817,1.1267605633802817,,0.5625919504874457
0xa0a67dec12d2e40bf61789bc7538415c8628f03d8f1a2b95cbe92b97c43d65bf,41715056,1770219459,0x9ca1dad919221d920b889aacf3023a5cea23165f,0xe6e3f8b510fecab4b9f74df24cede54567ee2f14,0x948e90d9b5d53edcbefb4a7c05468ebaf72a881d,1.027027,1.04384133611691,1.04384133611691,,0.8326036949784997
0x51dd8aab145892442c9c1eed72fdc5e8cc159b118278fc809fbe09a0c0ee382b,41715069,1770219485,0xa517fe2cf559e1c37d4bb844770b089ab9227ae7,0xc41b1af25ea9ad03e81a4d551454e9f4f519ae4e,0x21376f9ea9b75358f3ce6138edec1515998cf930,1.126183,1.1267605633802817,1.1267605633802817,,0.5625919504874457
0x69e28d1379b3d0576a16deca6410a6cc05ad8bd0d5857aec3f3fc9cb17c042bb,41715090,1770219527,0xa7272afc21f9c321024ed93892a1abfeb621c374,0x6c3dbf81cf5159a1d7de697324bc1e571c9ee53b,0x5d53f21e4c7fdcf42f236a089c9b3a00a53d6d74,1.043841,1.04384133611691,1.04384133611691,,0.8326036949784997
0x236d3b4fdfce4734b6ef5ef045b56f0e8358d128b27e68319f7b585f025ca915,41715162,1770219671,0x742d1c11c9cf4c84f1dda7b5c8ad8fc7bc708493,0xabf7b08a7dc4ac8a543c1112a98ddef3bb2990bd,0x3bfcb64ecf9727f315d3be454dc597a9d1f15769,1.043841,1.04384133611691,1.04384133611691,,0.8326036949784997
0xef6a6379be81a9eb01ff18a8ae0598c2051f31050d67a34288885c8760dc06aa,41715554,1770220455,0xa517fe2cf559e1c37d4bb844770b089ab9227ae7,0xc41b1af25ea9ad03e81a4d551454e9f4f519ae4e,0x21376f9ea9b75358f3ce6138edec1515998cf930,1.126098,1.1267605633802817,1.1267605633802817,,0.5625919504874457
0xa1c7c459753ab2bfbf93982269db910d9c6013445cf14ea7be53a2c49ad99403,41715986,1770221319,0x742d1c11c9cf4c84f1dda7b5c8ad8fc7bc708493,0xabf7b08a7dc4ac8a543c1112a98ddef3bb2990bd,0x3bfcb64ecf9727f315d3be454dc597a9d1f15769,1.043841,1.04384133611691,1.04384133611691,,0.8326036949784997
0xe5b0271e3d89cb0d34d1cbc32bcd02067d6f895a70b1bbbf3054e5f4e30099db,41716041,1770221429,0xa7272afc21f9c321024ed93892a1abfeb621c374,0xc41b1af25ea9ad03e81a4d551454e9f4f519ae4e,0x5d53f21e4c7fdcf42f236a089c9b3a00a53d6d74,1.043839,1.04384133611691,1.04384133611691,,0.8326036949784997
0x550822316cac1de523a3d3a2dd4e64aef082dec0d4b9419187ed5eba47a53dc1,41716043,1770221433,0xa7272afc21f9c321024ed93892a1abfeb621c374,0xc41b1af25ea9ad03e81a4d551454e9f4f519ae4e,0x941e18899c9c385ec4f8c1647d55432f747da416,1.043836,1.04384133611691,1.04384133611691,,0.8326036949784997
0x9ecb0f575f4a215d3da3bc49174d08e20acc62ebb62c407f6a65f8feb4bc2527,41716049,1770221445,0xa7272afc21f9c321024ed93892a1abfeb621c374,0x00f231319f921a95284def641fd8274a8cb0e6ee,0x5d53f21e4c7fdcf42f236a089c9b3a00a53d6d74,1.04384,1.04384133611691,1.04384133611691,,0.8326036949784997
0x1bfbd19f3ec6bc9e77d3ad1f91978555bf7529f99ca06d1a32f509db51e922f9,41716051,1770221449,0xa7272afc21f9c321024ed93892a1abfeb621c374,0x00f231319f921a95284def641fd8274a8cb0e6ee,0x5d53f21e4c7fdcf42f236a089c9b3a00a53d6d74,1.04384,1.04384133611691,1.04384133611691,,0.8326036949784997
0x1f0d31099b127222f41fbae2e3567c32adfb72eea53a3e4967a260d62bc04dfc,41716238,1770221823,0x9231db26a7a7a2bc81abb13331edae458b2871b6,0xabf7b08a7dc4ac8a543c1112a98ddef3bb2990bd,0x71bd581f22260906f38a032a869faf647b36d98d,1.043841,1.04384133611691,1.04384133611691,,0.8326036949784997
0x47db30812b8c96f78f6f50563d8739e6fba5560ac6c781683a5aa691048f24a6,41716260,1770221867,0xa7272afc21f9c321024ed93892a1abfeb621c374,0xab67a08d053115256008149362da8baca79fae28,0x5d53f21e4c7fdcf42f236a089c9b3a00a53d6d74,1.04384,1.04384133611691,1.04384133611691,,0.8326036949784997
0x937e59009f53b2399d441bbe45f906d94beea3450242e8565c3552c6478bf5c3,41716266,1770221879,0x9231db26a7a7a2bc81abb13331edae458b2871b6,0x00f231319f921a95284def641fd8274a8cb0e6ee,0x71bd581f22260906f38a032a869faf647b36d98d,1.043841,1.04384133611691,1.04384133611691,,0.8326036949784997
0xc25e4ce93335c7e9ba40b4b6f0df87026be1caa0a603d288d8827c50c46b5fd7,41716266,1770221879,0x9231db26a7a7a2bc81abb13331edae458b2871b6,0xabf7b08a7dc4ac8a543c1112a98ddef3bb2990bd,0x71bd581f22260906f38a032a869faf647b36d98d,1.043841,1.04384133611691,1.04384133611691,,0.8326036949784997
0x45847cddad2abeaae3d3b8a9d2d3e5a67018586fd337b5a38d21015a99027457,41716333,1770222013,0x9ca1dad919221d920b889aacf3023a5cea23165f,0xe6e3f8b510fecab4b9f74df24cede54567ee2f14,0x948e90d9b5d53edcbefb4a7c05468ebaf72a881d,1.035211,1.04384133611691,1.04384133611691,,0.8326036949784997
0xf92b2ee653aac1271d1f9ef4093ebb53fc4d36fe65f39618ce1bd10cf7dbb420,41716399,1770222145,0xa7272afc21f9c321024ed93892a1abfeb621c374,0x00f231319f921a95284def641fd8274a8cb0e6ee,0x5d53f21e4c7fdcf42f236a089c9b3a00a53d6d74,1.04384,1.04384133611691,1.04384133611691,,0.8326036949784997
0xffcbed53ab56b83eaf2dfc04c069a4dfe67f225634a930b6b95bb4c25c492ab9,41716402,1770222151,0xa7272afc21f9c321024ed93892a1abfeb621c374,0xc41b1af25ea9ad03e81a4d551454e9f4f519ae4e,0x941e18899c9c385ec4f8c1647d55432f747da416,1.043836,1.04384133611691,1.04384133611691,,0.8326036949784997
0x6b78032b778e190a14e2a7743009d0e8ae77055d403f28ec54f1467e6f790ad8,41716825,1770222997,0x742d1c11c9cf4c84f1dda7b5c8ad8fc7bc708493,0xabf7b08a7dc4ac8a543c1112a98ddef3bb2990bd,0x3bfcb64ecf9727f315d3be454dc597a9d1f15769,1.043841,1.04384133611691,1.04384133611691,,0.8326036949784997
0x00918d8e92008d2b99e342bd56eaddd8f31e2916255fc65f1179776630fef38b,41716858,1770223063,0xa517fe2cf559e1c37d4bb844770b089ab9227ae7,0xc41b1af25ea9ad03e81a4d551454e9f4f519ae4e,0x21376f9ea9b75358f3ce6138edec1515998cf930,1.126134,1.1267605633802817,1.1267605633802817,,0.5625919504874457
0x998ae7885037bfcf97f7ce7703d669ac5dad03025fa60e6dae2e07d39e872401,41716977,1770223301,0xa7272afc21f9c321024ed93892a1abfeb621c374,0x6c3dbf81cf5159a1d7de697324bc1e571c9ee53b,0x5d53f21e4c7fdcf42f236a089c9b3a00a53d6d74,1.043841,1.04384133611691,1.04384133611691,,0.8326036949784997
0xa3ffcdbaa6c604d178fb47b8655ed81fe4643e4106a4efd5f9e8717cc7b9f52a,41717003,1770223353,0xa7272afc21f9c321024ed93892a1abfeb621c374,0xab67a08d053115256008149362da8baca79fae28,0x5d53f21e4c7fdcf42f236a089c9b3a00a53d6d74,1.04384,1.04384133611691,1.04384133611691,,0.8326036949784997
0xf09664270a7acf70c6a71dcfcec2ef32d9bcf772a29f34eb31e9fbd8dc1e3e08,41717012,1770223371,0xa7272afc21f9c321024ed93892a1abfeb621c374,0xabf7b08a7dc4ac8a543c1112a98ddef3bb2990bd,0x9b6b68094b3b28093cc306b2aef3917038789406,1.043841,1.04384133611691,1.04384133611691,,0.8326036949784997
0xb6c3235eaca23d55dc451aaa3e9a925021141d1856d82cb623f03f22d830df93,41717012,1770223371,0xa7272afc21f9c321024ed93892a1abfeb621c374,0xabf7b08a7dc4ac8a543c1112a98ddef3bb2990bd,0xeafdc784772239dfcbd799776f4e5bc53d07a2dd,1.043841,1.04384133611691,1.04384133611691,,0.8326036949784997
0x8c022ba2331b4c4dcf30b0126d077f8c78e4f90a63dab3d761b123becae72abe,41717017,1770223381,0x9ca1dad919221d920b889aacf3023a5cea23165f,0xe6e3f8b510fecab4b9f74df24cede54567ee2f14,0x948e90d9b5d53edcbefb4a7c05468ebaf72a881d,1.017604,1.04384133611691,1.04384133611691,,0.8326036949784997
0x7fc6e34b17a2ba5d2f5f69f7a74e90aa2de94af1197f1b3df0e8dde0f753b405,41717065,1770223477,0xa7272afc21f9c321024ed93892a1abfeb621c374,0x6c3dbf81cf5159a1d7de697324bc1e571c9ee53b,0x5d53f21e4c7fdcf42f236a089c9b3a00a53d6d74,1.043841,1.04384133611691,1.04384133611691,,0.8326036949784997
0x0f30d95a909c70f3e9251a3cd1c70252f7442e3369c6f40689a5ae69413a482f,41717076,1770223499,0xa7272afc21f9c321024ed93892a1abfeb621c374,0xabf7b08a7dc4ac8a543c1112a98ddef3bb2990bd,0x76585fbba1eb984900eef32b48ec3560255c92d4,1.043841,1.04384133611691,1.04384133611691,,0.8326036949784997
0x19adfe8efc9596faa1ce60595b3f998b8b6c5637d531b60763cba5266c77eff0,41717076,1770223499,0xa7272afc21f9c321024ed93892a1abfeb621c374,0xabf7b08a7dc4ac8a543c1112a98ddef3bb2990bd,0xad95973c72045cd05b9ddaa2b27cf65f578e339e,1.043841,1.04384133611691,1.04384133611691,,0.8326036949784997
0x68936cfa9ae083dcf864b49c997ff6f0ebcc791c19698a310ff9c531e1500b25,41717076,1770223499,0xa7272afc21f9c321024ed93892a1abfeb621c374,0xabf7b08a7dc4ac8a543c1112a98ddef3bb2990bd,0x9b6b68094b3b28093cc306b2aef3917038789406,1.043841,1.04384133611691,1.04384133611691,,0.8326036949784997
0x4e25029ad64c5690a66dc72a72b69dd81232f9456c6f7bc9a3aac8732b6d9750,41717076,1770223499,0xa7272afc21f9c321024ed93892a1abfeb621c374,0xabf7b08a7dc4ac8a543c1112a98ddef3bb2990bd,0xeafdc784772239dfcbd799776f4e5bc53d07a2dd,1.043841,1.04384133611691,1.04384133611691,,0.8326036949784997
0x5bb2d42b846936e241e2e15088e4867826575d4a3d85cdcbefc07a1a3ab6becf,41717118,1770223583,0xa7272afc21f9c321024ed93892a1abfeb621c374,0xc41b1af25ea9ad03e81a4d551454e9f4f519ae4e,0x5d53f21e4c7fdcf42f236a089c9b3a00a53d6d74,1.043841,1.04384133611691,1.04384133611691,,0.8326036949784997
0x6ca9b890d0f6b901a22d05e1eba2e62b4fd0b420bb72150ac0a5b64f786ba6af,41717621,1770224589,0xa7272afc21f9c321024ed93892a1abfeb621c374,0xc41b1af25ea9ad03e81a4d551454e9f4f519ae4e,0x941e18899c9c385ec4f8c1647d55432f747da416,1.043823,1.04384133611691,1.04384133611691,,0.8326036949784997
0xc58e1e74a39f4366390f61d2c4cef7426a420837f50a9a14be9fea28ebd83e64,41717675,1770224697,0xa7272afc21f9c321024ed93892a1abfeb621c374,0xc41b1af25ea9ad03e81a4d551454e9f4f519ae4e,0x941e18899c9c385ec4f8c1647d55432f747da416,1.043833,1.04384133611691,1.04384133611691,,0.8326036949784997
0x81e50ff738373821eb9427cfef1a8230e6e1212a8d27d6521cd1b6d3d12c1ee8,41717763,1770224873,0x9231db26a7a7a2bc81abb13331edae458b2871b6,0x6c3dbf81cf5159a1d7de697324bc1e571c9ee53b,0x71bd581f22260906f38a032a869faf647b36d98d,1.043841,1.04384133611691,1.04384133611691,,0.8326036949784997
0xd31940b8ccb988b0c43c5a8b585276ed88316d2b47f778cf3d4f2ae9f0182dde,41717778,1770224903,0xa7272afc21f9c321024ed93892a1abfeb621c374,0x00f231319f921a95284def641fd8274a8cb0e6ee,0x941e18899c9c385ec4f8c1647d55432f747da416,1.043837,1.04384133611691,1.04384133611691,,0.8326036949784997
0x2568c3de092d2dccbba3d03765b713e5b961487279744ecc5e3c1fd172712e7b,41717833,1770225013,0xa7272afc21f9c321024ed93892a1abfeb621c374,0x6c3dbf81cf5159a1d7de697324bc1e571c9ee53b,0x9b6b68094b3b28093cc306b2aef3917038789406,1.043841,1.04384133611691,1.04384133611691,,0.8326036949784997
0x51e80aa785644014ece633fa27dd3a8ce00bf8dbc0d7533bc233bde4101a1adc,41717838,1770225023,0xa7272afc21f9c321024ed93892a1abfeb621c374,0x6c3dbf81cf5159a1d7de697324bc1e571c9ee53b,0x76585fbba1eb984900eef32b48ec3560255c92d4,1.043841,1.04384133611691,1.04384133611691,,0.8326036949784997
0x1c0188cddce0d053d14fb2547e5727195362d0d2de0c5e52d372398d5dc8fd5c,41717842,1770225031,0xa7272afc21f9c321024ed93892a1abfeb621c374,0xab67a08d053115256008149362da8baca79fae28,0xad95973c72045cd05b9ddaa2b27cf65f578e339e,1.043841,1.04384133611691,1.04384133611691,,0.8326036949784997
0x8400cd1472a34453b7c392e95f6b627772808d5a2557cd7328421d1741209b7a,41717854,1770225055,0xa7272afc21f9c321024ed93892a1abfeb621c374,0x6c3dbf81cf5159a1d7de697324bc1e571c9ee53b,0xeafdc784772239dfcbd799776f4e5bc53d07a2dd,1.043841,1.04384133611691,1.04384133611691,,0.8326036949784997
0x6cbac61c3f01da904edee9492834748d28da74755e153b62dd0bb9bea42645d0,41717857,1770225061,0xa7272afc21f9c321024ed93892a1abfeb621c374,0xabf7b08a7dc4ac8a543c1112a98ddef3bb2990bd,0x7b659ef971441dc81f6c9718bcaf978265673dec,1.043841,1.04384133611691,1.04384133611691,,0.8326036949784997
0xbea97b676419603599df47a6b69ab56d041370ee14a5bf14eff093c621ba97b8,41717857,1770225061,0xa7272afc21f9c321024ed93892a1abfeb621c374,0xabf7b08a7dc4ac8a543c1112a98ddef3bb2990bd,0x64dee823db2a87135e58b4c37a8580af6f10551e,1.043841,1.04384133611691,1.04384133611691,,0.8326036949784997
0x99a06fec4ec2bf01834265f4a555c25c161454a96d71e6cca28dc9e22df0a128,41717857,1770225061,0xa7272afc21f9c321024ed93892a1abfeb621c374,0xabf7b08a7dc4ac8a543c1112a98ddef3bb2990bd,0x76585fbba1eb984900eef32b48ec3560255c92d4,1.043841,1.04384133611691,1.04384133611691,,0.8326036949784997
0x077f923997735df6c8f3d5ecb2d603a29a1f3a3c9bda3fac5461a8fe574e6869,41717857,1770225061,0xa7272afc21f9c321024ed93892a1abfeb621c374,0xabf7b08a7dc4ac8a543c1112a98ddef3bb2990bd,0xad95973c72045cd05b9ddaa2b27cf65f578e339e,1.043841,1.04384133611691,1.04384133611691,,0.8326036949784997
0x9e5297fd47b55067741398a9df45fa2dea61b7decaacbb252e7eb2321cc4bdc7,41717857,1770225061,0xa7272afc21f9c321024ed93892a1abfeb621c374,0xabf7b08a7dc4ac8a543c1112a98ddef3bb2990bd,0x9b6b68094b3b28093cc306b2aef3917038789406,1.043841,1.04384133611691,1.04384133611691,,0.8326036949784997
0xa43e39ab7917c0326a296354ac6c0f46596d514fe6059d6b6886c9d832cb16c9,41717868,1770225083,0xa7272afc21f9c321024ed93892a1abfeb621c374,0x6c3dbf81cf5159a1d7de697324bc1e571c9ee53b,0xeafdc784772239dfcbd799776f4e5bc53d07a2dd,1.043841,1.04384133611691,1.04384133611691,,0.8326036949784997
0xa65a5f22cbc70956e175a6a22108a4dca7fe12426ea4dd7e362855bf1646ce69,41717872,1770225091,0xa7272afc21f9c321024ed93892a1abfeb621c374,0xe5dddd7a7e5c9f0374ec02d246c9b9e2ce85c75d,0x7b659ef971441dc81f6c9718bcaf978265673dec,1.043841,1.04384133611691,1.04384133611691,,0.8326036949784997
0x973a09ea2243b95997043dac814df6e548d817d774d704d94e0d6a105562fc60,41717872,1770225091,0xa7272afc21f9c321024ed93892a1abfeb621c374,0xe5dddd7a7e5c9f0374ec02d246c9b9e2ce85c75d,0x64dee823db2a87135e58b4c37a8580af6f10551e,1.043841,1.04384133611691,1.04384133611691,,0.8326036949784997
0xeb70b1ba2f2633cbd45c23b049e5fefccb9028d06c842f7b9a10ae8c02cd71b3,41717872,1770225091,0xa7272afc21f9c321024ed93892a1abfeb621c374,0xabf7b08a7dc4ac8a543c1112a98ddef3bb2990bd,0x76585fbba1eb984900eef32b48ec3560255c92d4,1.043841,1.04384133611691,1.04384133611691,,0.8326036949784997
0x7f43786f5f3f2ab3d827326e82af148052f80c801355386efbc030c243d1a427,41717872,1770225091,0xa7272afc21f9c321024ed93892a1abfeb621c374,0xabf7b08a7dc4ac8a543c1112a98ddef3bb2990bd,0x9b6b68094b3b28093cc306b2aef3917038789406,1.043841,1.04384133611691,1.04384133611691,,0.8326036949784997
0x4429197e9c95c3d07c8b0c2b740ac91e3062526784012a19771d9e6089a39c29,41717874,1770225095,0x1d11866ca5b409b286e32c8279a84213ada1c399,0xe5dddd7a7e5c9f0374ec02d246c9b9e2ce85c75d,0xf77e58a86d40cff6914ccd055073387c581a3fdd,1.04384,1.04384133611691,1.04384133611691,,0.8326036949784997
0xe16dcb9b4de1a0751e4f7a6d2b2ef0b84d297f86ecd9b8b40b2b162532a7e672,41717877,1770225101,0xa7272afc21f9c321024ed93892a1abfeb621c374,0x6c3dbf81cf5159a1d7de697324bc1e571c9ee53b,0xeafdc784772239dfcbd799776f4e5bc53d07a2dd,1.043841,1.04384133611691,1.04384133611691,,0.8326036949784997
0xb065459202e6237180069f9bf62b99d82f4e1acb9bb54f511ad5a2a40fe5f166,41717881,1770225109,0xa7272afc21f9c321024ed93892a1abfeb621c374,0x6c3dbf81cf5159a1d7de697324bc1e571c9ee53b,0x5d53f21e4c7fdcf42f236a089c9b3a00a53d6d74,1.043841,1.04384133611691,1.04384133611691,,0.8326036949784997
0x1267d30ff96e4a654e3a1742db32d8ef6441e693a9765437e6be3ca8a89cea1f,41717885,1770225117,0xa7272afc21f9c321024ed93892a1abfeb621c374,0x6c3dbf81cf5159a1d7de697324bc1e571c9ee53b,0xad95973c72045cd05b9ddaa2b27cf65f578e339e,1.043841,1.04384133611691,1.04384133611691,,0.8326036949784997
0x0549b4fd3e2a778791b0e40f8172aaf99d3db58eb3155260724694133f7faf73,41718212,1770225771,0xa7272afc21f9c321024ed93892a1abfeb621c374,0x6c3dbf81cf5159a1d7de697324bc1e571c9ee53b,0xad95973c72045cd05b9ddaa2b27cf65f578e339e,1.043841,1.04384133611691,1.04384133611691,,0.8326036949784997
0xf608270568291755a29a539bf592a048f4c9efae23538ae3b1d28d17a29e883c,41718263,1770225873,0xa7272afc21f9c321024ed93892a1abfeb621c374,0xc41b1af25ea9ad03e81a4d551454e9f4f519ae4e,0x941e18899c9c385ec4f8c1647d55432f747da416,1.043838,1.04384133611691,1.04384133611691,,0.8326036949784997
0xaa603e6a4c938970da674bd5f5793e28494bfe765d96301e1bdb04d61e9ba13c,41718365,1770226077,0xa7272afc21f9c321024ed93892a1abfeb621c374,0xe5dddd7a7e5c9f0374ec02d246c9b9e2ce85c75d,0x64dee823db2a87135e58b4c37a8580af6f10551e,1.043841,1.04384133611691,1.04384133611691,,0.8326036949784997
0x4351e494acecdf3a3d68228b0ae35890d1766a764d699c34d213743b91117b1d,41718365,1770226077,0xa7272afc21f9c321024ed93892a1abfeb621c374,0xe5dddd7a7e5c9f0374ec02d246c9b9e2ce85c75d,0x7b659ef971441dc81f6c9718bcaf978265673dec,1.043841,1.04384133611691,1.04384133611691,,0.8326036949784997
0x912a13765e17fea4d0f34c67e7054848a20e944b5fe58f75e1759fd8f1401c51,41718381,1770226109,0xa7272afc21f9c321024ed93892a1abfeb621c374,0xabf7b08a7dc4ac8a543c1112a98ddef3bb2990bd,0xad95973c72045cd05b9ddaa2b27cf65f578e339e,1.043841,1.04384133611691,1.04384133611691,,0.8326036949784997
0x2bd2a8124b9b9184e824d5c13d7551aa55461263b6d6cb0f4ecf03a411485ffb,41718381,1770226109,0xa7272afc21f9c321024ed93892a1abfeb621c374,0xabf7b08a7dc4ac8a543c1112a98ddef3bb2990bd,0x76585fbba1eb984900eef32b48ec3560255c92d4,1.043841,1.04384133611691,1.04384133611691,,0.8326036949784997
0x29af96f2bc655f3abb862cc22d52680a6f87b800cb01645cda245dae503e7163,41718389,1770226125,0xa7272afc21f9c321024ed93892a1abfeb621c374,0xabf7b08a7dc4ac8a543c1112a98ddef3bb2990bd,0x7b659ef971441dc81f6c9718bcaf978265673dec,1.043841,1.04384133611691,1.04384133611691,,0.8326036949784997
0xc778b25e5e9dbd75255cbc003df5b9e7edde73aa12c780d9cc560cd01a73b77a,41718389,1770226125,0xa7272afc21f9c321024ed93892a1abfeb621c374,0xabf7b08a7dc4ac8a543c1112a98ddef3bb2990bd,0x7b659ef971441dc81f6c9718bcaf978265673dec,1.043841,1.04384133611691,1.04384133611691,,0.8326036949784997
0xfec389e9cd7312bb6f3ca4c19e98ba22f338cd0a2d0926f2ba51366b807e5d4a,41718389,1770226125,0xa7272afc21f9c321024ed93892a1abfeb621c374,0xabf7b08a7dc4ac8a543c1112a98ddef3bb2990bd,0xad95973c72045cd05b9ddaa2b27cf65f578e339e,1.043841,1.04384133611691,1.04384133611691,,0.8326036949784997
0x8d205ab386d352847c411b9da4ac136b070b2326526e6c270be9f556631bb1f5,41718389,1770226125,0xa7272afc21f9c321024ed93892a1abfeb621c374,0xabf7b08a7dc4ac8a543c1112a98ddef3bb2990bd,0x76585fbba1eb984900eef32b48ec3560255c92d4,1.043841,1.04384133611691,1.04384133611691,,0.8326036949784997
0x3e6473a8b921d6c3e02e91155dcc6c3d9524f772ce645b1f8ca916fabe37a928,41718394,1770226135,0xa7272afc21f9c321024ed93892a1abfeb621c374,0x6c3dbf81cf5159a1d7de697324bc1e571c9ee53b,0xad95973c72045cd05b9ddaa2b27cf65f578e339e,1.043841,1.04384133611691,1.04384133611691,,0.8326036949784997
0xac3f822cc8c3e6acf21730feb9c373d22a9d731c947b75854dff08e568638b42,41718394,1770226135,0xa7272afc21f9c321024ed93892a1abfeb621c374,0xab67a08d053115256008149362da8baca79fae28,0xad95973c72045cd05b9ddaa2b27cf65f578e339e,1.043841,1.04384133611691,1.04384133611691,,0.8326036949784997
0x60708801d306eb6001092c8c740fe1677b46582d0ac943a3e3f5d803d9858ecc,41718398,1770226143,0xa7272afc21f9c321024ed93892a1abfeb621c374,0xabf7b08a7dc4ac8a543c1112a98ddef3bb2990bd,0x64dee823db2a87135e58b4c37a8580af6f10551e,1.043841,1.04384133611691,1.04384133611691,,0.8326036949784997
0x144e3a5d2e28edd77b79ef6ec2d841017fcd64075dad9f716755dddcf809558f,41718398,1770226143,0xa7272afc21f9c321024ed93892a1abfeb621c374,0xabf7b08a7dc4ac8a543c1112a98ddef3bb2990bd,0x9b6b68094b3b28093cc306b2aef3917038789406,1.043841,1.04384133611691,1.04384133611691,,0.8326036949784997
0xa49abfa409ba440067209cf37fc7f0296ed8a3a3bf79bd0a8be68e2bb23249ba,41718398,1770226143,0xa7272afc21f9c321024ed93892a1abfeb621c374,0xabf7b08a7dc4ac8a543c1112a98ddef3bb2990bd,0xeafdc784772239dfcbd799776f4e5bc53d07a2dd,1.043841,1.04384133611691,1.04384133611691,,0.8326036949784997
0x7e04a34e7042e625b6f0a939e337359f40b7296cf990917abcccf2e9c23157b2,41718399,1770226145,0xa7272afc21f9c321024ed93892a1abfeb621c374,0xe5dddd7a7e5c9f0374ec02d246c9b9e2ce85c75d,0x7b659ef971441dc81f6c9718bcaf978265673dec,1.043841,1.04384133611691,1.04384133611691,,0.8326036949784997
0x5dd12dd7a6b806e4055bef12eef2b6c30340eabf35d30e12f4f738baf19f1043,41718403,1770226153,0xa7272afc21f9c321024ed93892a1abfeb621c374,0xe5dddd7a7e5c9f0374ec02d246c9b9e2ce85c75d,0x76585fbba1eb984900eef32b48ec3560255c92d4,1.043841,1.04384133611691,1.04384133611691,,0.8326036949784997
0xbc2d3744bd0302f9c882a577ae55e0ddf0e15fb0ffa84ad4d6c6950960186dd5,41718408,1770226163,0xa7272afc21f9c321024ed93892a1abfeb621c374,0xe5dddd7a7e5c9f0374ec02d246c9b9e2ce85c75d,0x7b659ef971441dc81f6c9718bcaf978265673dec,1.043841,1.04384133611691,1.04384133611691,,0.8326036949784997
0x4864c69dd71134537bbee2694b409ad8544d781cb61328d808194dd658b5dc99,41718409,1770226165,0xa7272afc21f9c321024ed93892a1abfeb621c374,0xabf7b08a7dc4ac8a543c1112a98ddef3bb2990bd,0x64dee823db2a87135e58b4c37a8580af6f10551e,1.043841,1.04384133611691,1.04384133611691,,0.8326036949784997
0xe030e57f7d252bc5d9493d2ba67dc1c56fe27fe45bccda44fc21dfffdef249c5,41718409,1770226165,0xa7272afc21f9c321024ed93892a1abfeb621c374,0x6c3dbf81cf5159a1d7de697324bc1e571c9ee53b,0xad95973c72045cd05b9ddaa2b27cf65f578e339e,1.043841,1.04384133611691,1.04384133611691,,0.8326036949784997
0xdc8813506259317ae4474f30c2efa6439bb5d257b16aa736704fab3d10ec055d,41718409,1770226165,0xa7272afc21f9c321024ed93892a1abfeb621c374,0xabf7b08a7dc4ac8a543c1112a98ddef3bb2990bd,0x9b6b68094b3b28093cc306b2aef3917038789406,1.043841,1.04384133611691,1.04384133611691,,0.8326036949784997
0xda8ebea54e84e50c21dd6d4addd3328a487df4176e334f4b460beda7a56014bd,41718411,1770226169,0x1d11866ca5b409b286e32c8279a84213ada1c399,0xe5dddd7a7e5c9f0374ec02d246c9b9e2ce85c75d,0xf77e58a86d40cff6914ccd055073387c581a3fdd,1.043841,1.04384133611691,1.04384133611691,,0.8326036949784997
0xd203fe52ac3f5a34c0563635358bec28c1c960a5c543ecb740c77373df6b7fe7,41718414,1770226175,0xa7272afc21f9c321024ed93892a1abfeb621c374,0x6c3dbf81cf5159a1d7de697324bc1e571c9ee53b,0xeafdc784772239dfcbd799776f4e5bc53d07a2dd,1.043841,1.04384133611691,1.04384133611691,,0.8326036949784997
0x83c0eb9557b810880a82d1e161231835687b4d5afc4445992352b8202007df0e,41718417,1770226181,0xa7272afc21f9c321024ed93892a1abfeb621c374,0x6c3dbf81cf5159a1d7de697324bc1e571c9ee53b,0xad95973c72045cd05b9ddaa2b27cf65f578e339e,1.043841,1.04384133611691,1.04384133611691,,0.8326036949784997
0x17ab85ceb34593dc707b1221b917f5426f0b8b7b44e1c6ef291496ca3cedd235,41718423,1770226193,0xa7272afc21f9c321024ed93892a1abfeb621c374,0x6c3dbf81cf5159a1d7de697324bc1e571c9ee53b,0x76585fbba1eb984900eef32b48ec3560255c92d4,1.043841,1.04384133611691,1.04384133611691,,0.8326036949784997
0xd0da2121abd6a87f46b01ca79c56e64e92dd2130ec4e360c701a13a04448eac1,41718443,1770226233,0xa7272afc21f9c321024ed93892a1abfeb621c374,0x6c3dbf81cf5159a1d7de697324bc1e571c9ee53b,0x5d53f21e4c7fdcf42f236a089c9b3a00a53d6d74,1.043841,1.04384133611691,1.04384133611691,,0.8326036949784997
0xb11aa43b3de8145c514d6d8474feaec717afbcd5277a19b0e5de17b2eebc831a,41718536,1770226419,0xa7272afc21f9c321024ed93892a1abfeb621c374,0xc41b1af25ea9ad03e81a4d551454e9f4f519ae4e,0x941e18899c9c385ec4f8c1647d55432f747da416,1.043836,1.04384133611691,1.04384133611691,,0.8326036949784997
0x6eea2dc1016920fdf536fc16db1294634d65c3779580addd5be22370aa738946,41718687,1770226721,0xa7272afc21f9c321024ed93892a1abfeb621c374,0xe5dddd7a7e5c9f0374ec02d246c9b9e2ce85c75d,0x7b659ef971441dc81f6c9718bcaf978265673dec,1.043841,1.04384133611691,1.04384133611691,,0.8326036949784997
0x2823a14faa2c5026e675f8dba37ced4b19511a19f32d0f1326f8c282dcf6b161,41718687,1770226721,0xa7272afc21f9c321024ed93892a1abfeb621c374,0xe5dddd7a7e5c9f0374ec02d246c9b9e2ce85c75d,0x64dee823db2a87135e58b4c37a8580af6f10551e,1.043841,1.04384133611691,1.04384133611691,,0.8326036949784997
0x16ea48bef07a2e3d6bdbd0c1f05fe8e3f026f8d051c2ca0b76c8aff1d9461817,41718693,1770226733,0xa7272afc21f9c321024ed93892a1abfeb621c374,0x6c3dbf81cf5159a1d7de697324bc1e571c9ee53b,0x9b6b68094b3b28093cc306b2aef3917038789406,1.043841,1.04384133611691,1.04384133611691,,0.8326036949784997
0x107eac9e7b23d25b1b65a23943cef517b5afeb243b6773a18ca263dfd8736ae0,41718699,1770226745,0xa7272afc21f9c321024ed93892a1abfeb621c374,0x6c3dbf81cf5159a1d7de697324bc1e571c9ee53b,0x76585fbba1eb984900eef32b48ec3560255c92d4,1.043841,1.04384133611691,1.04384133611691,,0.8326036949784997
0x92f15725b89deca066899f7addc76f5bb0599bfb0fb6e0c88cb775ba63ce957c,41718705,1770226757,0xa7272afc21f9c321024ed93892a1abfeb621c374,0xabf7b08a7dc4ac8a543c1112a98ddef3bb2990bd,0x7b659ef971441dc81f6c9718bcaf978265673dec,1.043841,1.04384133611691,1.04384133611691,,0.8326036949784997
0x435af5827dfaac7655f6f8d1c0581c51f02133fbfd1d4d53583cc3b698aa4bf9,41718705,1770226757,0xa7272afc21f9c321024ed93892a1abfeb621c374,0xabf7b08a7dc4ac8a543c1112a98ddef3bb2990bd,0x64dee823db2a87135e58b4c37a8580af6f10551e,1.043841,1.04384133611691,1.04384133611691,,0.8326036949784997
0x718ac9bcbb959a4f4d930b33c4ea6328331952db042f49812eb6346a570a7b4f,41718706,1770226759,0xa7272afc21f9c321024ed93892a1abfeb621c374,0x6c3dbf81cf5159a1d7de697324bc1e571c9ee53b,0xad95973c72045cd05b9ddaa2b27cf65f578e339e,1.043841,1.04384133611691,1.04384133611691,,0.8326036949784997
0x71934996f708dd625e0fa141eaf8182c133bc824ff5a5377339634714382750e,41718718,1770226783,0xa7272afc21f9c321024ed93892a1abfeb621c374,0x6c3dbf81cf5159a1d7de697324bc1e571c9ee53b,0xeafdc784772239dfcbd799776f4e5bc53d07a2dd,1.043841,1.04384133611691,1.04384133611691,,0.8326036949784997
0x5d757c3c194e0d4207e078bd427cdb34005b372b4e401f6ac0470dca0f158e56,41718718,1770226783,0xa7272afc21f9c321024ed93892a1abfeb621c374,0xab67a08d053115256008149362da8baca79fae28,0x9b6b68094b3b28093cc306b2aef3917038789406,1.043841,1.04384133611691,1.04384133611691,,0.8326036949784997
0x6bcf792df098a90c99d7ae249d53aae71dc174201822deee9460e0dbab426a10,41718800,1770226947,0xa7272afc21f9c321024ed93892a1abfeb621c374,0x6c3dbf81cf5159a1d7de697324bc1e571c9ee53b,0x76585fbba1eb984900eef32b48ec3560255c92d4,1.043841,1.04384133611691,1.04384133611691,,0.8326036949784997
0x67aa2cf153e6160813589280c4b65c3e8dd316bca278ee38d554fb697e2b7b2e,41719155,1770227657,0xa7272afc21f9c321024ed93892a1abfeb621c374,0xabf7b08a7dc4ac8a543c1112a98ddef3bb2990bd,0x7b659ef971441dc81f6c9718bcaf978265673dec,1.043841,1.04384133611691,1.04384133611691,,0.8326036949784997
0xa63bb63ac9bdda42ed13bfeabae320223939cf9abcdf16f92ba460f6289bb3f7,41719155,1770227657,0xa7272afc21f9c321024ed93892a1abfeb621c374,0xabf7b08a7dc4ac8a543c1112a98ddef3bb2990bd,0x64dee823db2a87135e58b4c37a8580af6f10551e,1.043841,1.04384133611691,1.04384133611691,,0.8326036949784997
0x4451f665fa7855d7786d05e279703111763b623749a4c97633fec7eca101a01c,41719156,1770227659,0x1d11866ca5b409b286e32c8279a84213ada1c399,0xabf7b08a7dc4ac8a543c1112a98ddef3bb2990bd,0xf77e58a86d40cff6914ccd055073387c581a3fdd,1.043841,1.04384133611691,1.04384133611691,,0.8326036949784997
0xe39caaab243395d4c3a4bc1e2cbbac2ab4720f69e18d30414f11b90405949a00,41719159,1770227665,0xa7272afc21f9c321024ed93892a1abfeb621c374,0x6c3dbf81cf5159a1d7de697324bc1e571c9ee53b,0x9b6b68094b3b28093cc306b2aef3917038789406,1.043841,1.04384133611691,1.04384133611691,,0.8326036949784997
0x0c9f6a848b6b28b9682a023368d0f51761edcdaa980482c5ce43b533a3f99788,41719161,1770227669,0xa7272afc21f9c321024ed93892a1abfeb621c374,0x6c3dbf81cf5159a1d7de697324bc1e571c9ee53b,0x76585fbba1eb984900eef32b48ec3560255c92d4,1.043841,1.04384133611691,1.04384133611691,,0.8326036949784997
0xfba39ea2e0244740d0f2a5677b367581d427bc0ff19a2131f1fd73cfecc4bf27,41719166,1770227679,0xa7272afc21f9c321024ed93892a1abfeb621c374,0x6c3dbf81cf5159a1d7de697324bc1e571c9ee53b,0xad95973c72045cd05b9ddaa2b27cf65f578e339e,1.043841,1.04384133611691,1.04384133611691,,0.8326036949784997
0x7379eeb5924128a3c534681a33923d9f9347e6e1d271c6e3aaebaebb0d1e2fb0,41719171,1770227689,0xa7272afc21f9c321024ed93892a1abfeb621c374,0xab67a08d053115256008149362da8baca79fae28,0xeafdc784772239dfcbd799776f4e5bc53d07a2dd,1.043841,1.04384133611691,1.04384133611691,,0.8326036949784997
0x33b3f6562af501f6dde8f0b0e98efe1ced5a2e60736d0edd15a4de0572f98737,41719717,1770228781,0x9ca1dad919221d920b889aacf3023a5cea23165f,0xe6e3f8b510fecab4b9f74df24cede54567ee2f14,0x948e90d9b5d53edcbefb4a7c05468ebaf72a881d,1.01684,1.04384133611691,1.04384133611691,,0.8326036949784997
0x9e9c77108dde6a2a9a44ef10e87db5cacd14afa7eec7cea28f927e9712842fe2,41719851,1770229049,0x9ca1dad919221d920b889aacf3023a5cea23165f,0xe6e3f8b510fecab4b9f74df24cede54567ee2f14,0x948e90d9b5d53edcbefb4a7c05468ebaf72a881d,1.027295,1.04384133611691,1.04384133611691,,0.8326036949784997
0xa3d4e057a912bbc921009c457d053cd35aee0f836a9dc44a60ff3335cf182f00,41719986,1770229319,0x742d1c11c9cf4c84f1dda7b5c8ad8fc7bc708493,0xabf7b08a7dc4ac8a543c1112a98ddef3bb2990bd,0x3bfcb64ecf9727f315d3be454dc597a9d1f15769,1.043841,1.04384133611691,1.04384133611691,,0.8326036949784997
0x195261d61e4839d76c31375c4f64012bed3540c2121352f4a4f64f30feed5f65,41726098,1770241543,0xa7272afc21f9c321024ed93892a1abfeb621c374,0x00f231319f921a95284def641fd8274a8cb0e6ee,0x941e18899c9c385ec4f8c1647d55432f747da416,1.043838,1.04384133611691,1.04384133611691,,0.8326036949784997
0x7a994cc81e2f93072ee7db5fd2cf74702692f027f5befd95d1c50edd4d2a4ec4,41726152,1770241651,0xa7272afc21f9c321024ed93892a1abfeb621c374,0xc41b1af25ea9ad03e81a4d551454e9f4f519ae4e,0x941e18899c9c385ec4f8c1647d55432f747da416,1.04382,1.04384133611691,1.04384133611691,,0.8326036949784997
0x355320bcffd3584a52e593282cde27487a07db9e55ec2804e5595e0637a844d4,41726193,1770241733,0xa7272afc21f9c321024ed93892a1abfeb621c374,0xab67a08d053115256008149362da8baca79fae28,0x5d53f21e4c7fdcf42f236a089c9b3a00a53d6d74,1.04384,1.04384133611691,1.04384133611691,,0.8326036949784997
0x06fcaf31a7e3b71218c847e2f1ab46e9b75a15bc27a4ec65a0f7d7e8ef712a20,41726209,1770241765,0xa7272afc21f9c321024ed93892a1abfeb621c374,0x6c3dbf81cf5159a1d7de697324bc1e571c9ee53b,0x5d53f21e4c7fdcf42f236a089c9b3a00a53d6d74,1.04384,1.04384133611691,1.04384133611691,,0.8326036949784997
0x2b99a01b7f64f47624f9f2f2355f811e3c0e464ec8459df758433ed5dab8714f,41726271,1770241889,0xa7272afc21f9c321024ed93892a1abfeb621c374,0x00f231319f921a95284def641fd8274a8cb0e6ee,0x941e18899c9c385ec4f8c1647d55432f747da416,1.043838,1.04384133611691,1.04384133611691,,0.8326036949784997
0xd42c3eaacff5ab33d6d78c25551ee8969be60848fcbefd8ed10efe9fd3051526,41726739,1770242825,0xa7272afc21f9c321024ed93892a1abfeb621c374,0xe5dddd7a7e5c9f0374ec02d246c9b9e2ce85c75d,0x7b659ef971441dc81f6c9718bcaf978265673dec,1.043841,1.04384133611691,1.04384133611691,,0.8326036949784997
0x388b0c9a4a746034640fd29602813e3cd1eb1350ea38b6f3e3b51a498c406e8f,41726739,1770242825,0xa7272afc21f9c321024ed93892a1abfeb621c374,0x6c3dbf81cf5159a1d7de697324bc1e571c9ee53b,0x9b6b68094b3b28093cc306b2aef3917038789406,1.043841,1.04384133611691,1.04384133611691,,0.8326036949784997
0x524c8e8c82adf10bdc06530d9711c9d0a3b92126d6ff727c91ecb7d888e386ac,41726739,1770242825,0xa7272afc21f9c321024ed93892a1abfeb621c374,0xe5dddd7a7e5c9f0374ec02d246c9b9e2ce85c75d,0x64dee823db2a87135e58b4c37a8580af6f10551e,1.043841,1.04384133611691,1.04384133611691,,0.8326036949784997
0xb0973b37a3a3ee3843981c32142fcb7ad78c52fb29a5bafbf679630551a93d2e,41726743,1770242833,0xa7272afc21f9c321024ed93892a1abfeb621c374,0xe5dddd7a7e5c9f0374ec02d246c9b9e2ce85c75d,0x6551faf485f5a474f3091dc9c00e5c1240d8f2da,1.043841,1.04384133611691,1.04384133611691,,0.8326036949784997
0x6915ed87681bbeee4d3bc5a09073de82d1e248373ddc4be084925dfe8f3bd124,41726745,1770242837,0xa7272afc21f9c321024ed93892a1abfeb621c374,0xe5dddd7a7e5c9f0374ec02d246c9b9e2ce85c75d,0x76585fbba1eb984900eef32b48ec3560255c92d4,1.043841,1.04384133611691,1.04384133611691,,0.8326036949784997
0xdad8da40e8e7ccfc0344794f87151aacceffe7ecd6b257d10c64e1198d29c510,41726750,1770242847,0xa7272afc21f9c321024ed93892a1abfeb621c374,0xabf7b08a7dc4ac8a543c1112a98ddef3bb2990bd,0x7b659ef971441dc81f6c9718bcaf978265673dec,1.043841,1.04384133611691,1.04384133611691,,0.8326036949784997
0xa63379c6c5bc2d64cbadf4d45796aa1d746c6242e56babee07213749af417179,41726750,1770242847,0xa7272afc21f9c321024ed93892a1abfeb621c374,0xabf7b08a7dc4ac8a543c1112a98ddef3bb2990bd,0x64dee823db2a87135e58b4c37a8580af6f10551e,1.043841,1.04384133611691,1.04384133611691,,0.8326036949784997
0xca87acc0c757310c19695d0d7295b105ff71eefd5ef4097b9db0e467c9338004,41726750,1770242847,0xa7272afc21f9c321024ed93892a1abfeb621c374,0xabf7b08a7dc4ac8a543c1112a98ddef3bb2990bd,0x6551faf485f5a474f3091dc9c00e5c1240d8f2da,1.043841,1.04384133611691,1.04384133611691,,0.8326036949784997
0x62baa808eaba05fc549fe72a6f0fffda3aafe520b65abd30886206eba5358710,41726750,1770242847,0xa7272afc21f9c321024ed93892a1abfeb621c374,0xabf7b08a7dc4ac8a543c1112a98ddef3bb2990bd,0x76585fbba1eb984900eef32b48ec3560255c92d4,1.043841,1.04384133611691,1.04384133611691,,0.8326036949784997
0xc15f534527d3d91010df76081722b444ccce68b256a97ad00f99dd1d9db58613,41726750,1770242847,0xa7272afc21f9c321024ed93892a1abfeb621c374,0xab67a08d053115256008149362da8baca79fae28,0xad95973c72045cd05b9ddaa2b27cf65f578e339e,1.043841,1.04384133611691,1.04384133611691,,0.8326036949784997
0x3639b63073fdc1e1086a3f96372de2d1fbc924f12b8b1055320a3b8612114550,41726750,1770242847,0xa7272afc21f9c321024ed93892a1abfeb621c374,0xabf7b08a7dc4ac8a543c1112a98ddef3bb2990bd,0x9b6b68094b3b28093cc306b2aef3917038789406,1.043841,1.04384133611691,1.04384133611691,,0.8326036949784997
0xadf584325640f3d5c43c294186ae7fd7982e25392a02b3fab509c1169669fc45,41726750,1770242847,0xa7272afc21f9c321024ed93892a1abfeb621c374,0xabf7b08a7dc4ac8a543c1112a98ddef3bb2990bd,0xeafdc784772239dfcbd799776f4e5bc53d07a2dd,1.043841,1.04384133611691,1.04384133611691,,0.8326036949784997
0xc37094accff3441b97a61933d514d86315f7190016fb2d73d0d68f7dafd8df86,41726753,1770242853,0xa7272afc21f9c321024ed93892a1abfeb621c374,0xe5dddd7a7e5c9f0374ec02d246c9b9e2ce85c75d,0xad95973c72045cd05b9ddaa2b27cf65f578e339e,1.04384,1.04384133611691,1.04384133611691,,0.8326036949784997
0x1b21e59dd28b88218355dcf23263baf09b493b7e3640a248387121e917f5a4ec,41726768,1770242883,0xa7272afc21f9c321024ed93892a1abfeb621c374,0xab67a08d053115256008149362da8baca79fae28,0x5d53f21e4c7fdcf42f236a089c9b3a00a53d6d74,1.043841,1.04384133611691,1.04384133611691,,0.8326036949784997
0xab0198cbe0c73cbd33c5c1f264cb22faba2aa9bb247f2ee95d307d7b35faef3a,41733848,1770257043,0xa7272afc21f9c321024ed93892a1abfeb621c374,0x00f231319f921a95284def641fd8274a8cb0e6ee,0x941e18899c9c385ec4f8c1647d55432f747da416,1.043835,1.04384133611691,1.04384133611691,,0.8326036949784997
0x26f6c1210efdce04002a6276cd3e62a8c10aa290c2da2552df8ed1dadd76001c,41733952,1770257251,0xa7272afc21f9c321024ed93892a1abfeb621c374,0xc41b1af25ea9ad03e81a4d551454e9f4f519ae4e,0x941e18899c9c385ec4f8c1647d55432f747da416,1.043831,1.04384133611691,1.04384133611691,,0.8326036949784997
0xa7bae46a8500b3417c07af3c3dfd0db39e74e8185ef41aa456af7c27f40d0bce,41734201,1770257749,0xa517fe2cf559e1c37d4bb844770b089ab9227ae7,0xc41b1af25ea9ad03e81a4d551454e9f4f519ae4e,0x21376f9ea9b75358f3ce6138edec1515998cf930,1.125704,1.1267605633802817,1.1267605633802817,,0.5625919504874457
0x98eac17975f1e0132ac5cb7934ec22e1c4a3f29e022ad7c902e16fa0bd5a1af2,41734205,1770257757,0xa7272afc21f9c321024ed93892a1abfeb621c374,0xabf7b08a7dc4ac8a543c1112a98ddef3bb2990bd,0xeafdc784772239dfcbd799776f4e5bc53d07a2dd,1.045375,1.04384133611691,1.04384133611691,,0.8326036949784997
0x14890900ad1dfdb5c22691929e2d8a1a5f7d6f998676fbf9be45569ec1855870,41734210,1770257767,0xa7272afc21f9c321024ed93892a1abfeb621c374,0xab67a08d053115256008149362da8baca79fae28,0x5d53f21e4c7fdcf42f236a089c9b3a00a53d6d74,1.04384,1.04384133611691,1.04384133611691,,0.8326036949784997
0xd46596253a8cfce54db19a841194f65a791a8ab547ee105432bffc52cec9b432,41734276,1770257899,0xa7272afc21f9c321024ed93892a1abfeb621c374,0xabf7b08a7dc4ac8a543c1112a98ddef3bb2990bd,0x7b659ef971441dc81f6c9718bcaf978265673dec,1.043841,1.04384133611691,1.04384133611691,,0.8326036949784997
0x47ad4ca327e79089bec99a25910b7c6e10ac278af62597a136e1f05e92472fa7,41734276,1770257899,0xa7272afc21f9c321024ed93892a1abfeb621c374,0xabf7b08a7dc4ac8a543c1112a98ddef3bb2990bd,0x64dee823db2a87135e58b4c37a8580af6f10551e,1.043841,1.04384133611691,1.04384133611691,,0.8326036949784997
0xa61e785cd4c6046119af6b05a2afba9e06930543dbf266b50b76055ea33d6b60,41734276,1770257899,0xa7272afc21f9c321024ed93892a1abfeb621c374,0xabf7b08a7dc4ac8a543c1112a98ddef3bb2990bd,0x6551faf485f5a474f3091dc9c00e5c1240d8f2da,1.043841,1.04384133611691,1.04384133611691,,0.8326036949784997
0x9c7932f3820e226813e8a2f496bbabf09fbd3231d1c220ae972b7932626669ce,41734276,1770257899,0xa7272afc21f9c321024ed93892a1abfeb621c374,0xabf7b08a7dc4ac8a543c1112a98ddef3bb2990bd,0x76585fbba1eb984900eef32b48ec3560255c92d4,1.043841,1.04384133611691,1.04384133611691,,0.8326036949784997
0xe2abeacf1f4ee9bb52476a1701897f044de153e0c01c5032227d097e36493f53,41734276,1770257899,0xa7272afc21f9c321024ed93892a1abfeb621c374,0xabf7b08a7dc4ac8a543c1112a98ddef3bb2990bd,0xad95973c72045cd05b9ddaa2b27cf65f578e339e,1.043841,1.04384133611691,1.04384133611691,,0.8326036949784997
0xcd15375c4f0d4d08c6c80d6bf878492f0b853d1bdbbfb8a10245c622455ccc19,41734276,1770257899,0xa7272afc21f9c321024ed93892a1abfeb621c374,0xabf7b08a7dc4ac8a543c1112a98ddef3bb2990bd,0xeafdc784772239dfcbd799776f4e5bc53d07a2dd,1.043841,1.04384133611691,1.04384133611691,,0.8326036949784997
0x6bd193c96e8637a9db8b69a8de55ebc14371db10bfd54e0e1d265a996fe53518,41734276,1770257899,0xa7272afc21f9c321024ed93892a1abfeb621c374,0xabf7b08a7dc4ac8a543c1112a98ddef3bb2990bd,0x9b6b68094b3b28093cc306b2aef3917038789406,1.043841,1.04384133611691,1.04384133611691,,0.8326036949784997
0xa6a41646f671577378ab87905b4c230ba0f912fe387af86658c457634c21ed49,41735231,1770259809,0xa7272afc21f9c321024ed93892a1abfeb621c374,0xab67a08d053115256008149362da8baca79fae28,0x5d53f21e4c7fdcf42f236a089c9b3a00a53d6d74,1.043841,1.04384133611691,1.04384133611691,,0.8326036949784997
0x406893019402b58a7f1b64f60aa35eab32098b6b1b3c26522a640595727f6a0c,41735292,1770259931,0xa7272afc21f9c321024ed93892a1abfeb621c374,0x00f231319f921a95284def641fd8274a8cb0e6ee,0x941e18899c9c385ec4f8c1647d55432f747da416,1.043837,1.04384133611691,1.04384133611691,,0.8326036949784997
0x985e7efd7cb921e7346e22deb40e0794b7fa8058124d4fb212b19cb55329bd3e,41735399,1770260145,0xa7272afc21f9c321024ed93892a1abfeb621c374,0x00f231319f921a95284def641fd8274a8cb0e6ee,0x5d53f21e4c7fdcf42f236a089c9b3a00a53d6d74,1.043838,1.04384133611691,1.04384133611691,,0.8326036949784997
0x48772672971fe800b19ee9f187a26126a3c090756d2f51d32f2c40c02e8703ff,41735544,1770260435,0xa7272afc21f9c321024ed93892a1abfeb621c374,0xe5dddd7a7e5c9f0374ec02d246c9b9e2ce85c75d,0x7b659ef971441dc81f6c9718bcaf978265673dec,1.043841,1.04384133611691,1.04384133611691,,0.8326036949784997
0xd91518c5a5b3639708d773e454460172ca1809202da48b1d51ebff8bc3bc5da3,41735544,1770260435,0xa7272afc21f9c321024ed93892a1abfeb621c374,0xe5dddd7a7e5c9f0374ec02d246c9b9e2ce85c75d,0x64dee823db2a87135e58b4c37a8580af6f10551e,1.043841,1.04384133611691,1.04384133611691,,0.8326036949784997
0x58e3547b6d9453a400692c8b7a7388046dd784448325137ed8a39508a7980a02,41735550,1770260447,0xa7272afc21f9c321024ed93892a1abfeb621c374,0xe5dddd7a7e5c9f0374ec02d246c9b9e2ce85c75d,0x6551faf485f5a474f3091dc9c00e5c1240d8f2da,1.043841,1.04384133611691,1.04384133611691,,0.8326036949784997
0x1dced5402d89e24fddf541ab429d3c71a8e84d58a6167685b9ddd691e4b66f79,41735550,1770260447,0xa7272afc21f9c321024ed93892a1abfeb621c374,0xe5dddd7a7e5c9f0374ec02d246c9b9e2ce85c75d,0x76585fbba1eb984900eef32b48ec3560255c92d4,1.043841,1.04384133611691,1.04384133611691,,0.8326036949784997
0x594ae33ff6b51b579affc8835df7768e21b3af54339ca36aaaf743f14262efb8,41735552,1770260451,0xa7272afc21f9c321024ed93892a1abfeb621c374,0xabf7b08a7dc4ac8a543c1112a98ddef3bb2990bd,0xad95973c72045cd05b9ddaa2b27cf65f578e339e,1.043841,1.04384133611691,1.04384133611691,,0.8326036949784997
0xd10bef9ecb9479c6e8a3616a32dee94c4623918f5f9d0b3648b0b97c96fb2aa3,41735552,1770260451,0xa7272afc21f9c321024ed93892a1abfeb621c374,0xabf7b08a7dc4ac8a543c1112a98ddef3bb2990bd,0x9b6b68094b3b28093cc306b2aef3917038789406,1.043841,1.04384133611691,1.04384133611691,,0.8326036949784997
0x1b5823b196d4687c9350c54c2000a78cb3a7beedcb8d1486a015666bd687951c,41735552,1770260451,0xa7272afc21f9c321024ed93892a1abfeb621c374,0xabf7b08a7dc4ac8a543c1112a98ddef3bb2990bd,0xeafdc784772239dfcbd799776f4e5bc53d07a2dd,1.043841,1.04384133611691,1.04384133611691,,0.8326036949784997
0x0a85c58672fe8f93244d3e661d79dda7c57150e74904e566bc13f451f5bb5d08,41735556,1770260459,0xa7272afc21f9c321024ed93892a1abfeb621c374,0x6c3dbf81cf5159a1d7de697324bc1e571c9ee53b,0x5d53f21e4c7fdcf42f236a089c9b3a00a53d6d74,1.043841,1.04384133611691,1.04384133611691,,0.8326036949784997
0x19a5a06afef42d82355d4ccfe8d73600d3d0bead12fca0101cdc891d6f14821a,41735721,1770260789,0xa7272afc21f9c321024ed93892a1abfeb621c374,0xe5dddd7a7e5c9f0374ec02d246c9b9e2ce85c75d,0x6551faf485f5a474f3091dc9c00e5c1240d8f2da,1.045443,1.04384133611691,1.04384133611691,,0.8326036949784997
0x2234955316b9cef32b4d4250d60b003c4cd61426aa9e860f371bbd2a10cbc06d,41735726,1770260799,0xa7272afc21f9c321024ed93892a1abfeb621c374,0x6c3dbf81cf5159a1d7de697324bc1e571c9ee53b,0x9b6b68094b3b28093cc306b2aef3917038789406,1.043841,1.04384133611691,1.04384133611691,,0.8326036949784997
0x85fbe4aa9613cff5c7a88f356b9304c5dfddfabed95977592cb498337c056bc3,41735731,1770260809,0xa7272afc21f9c321024ed93892a1abfeb621c374,0x6c3dbf81cf5159a1d7de697324bc1e571c9ee53b,0xeafdc784772239dfcbd799776f4e5bc53d07a2dd,1.043841,1.04384133611691,1.04384133611691,,0.8326036949784997
0x7ea290b4f1a8a56b4ad7ff4a8789c21670bda1870786b0b6742e6c7d41ae29dc,41735736,1770260819,0xa7272afc21f9c321024ed93892a1abfeb621c374,0x6c3dbf81cf5159a1d7de697324bc1e571c9ee53b,0x76585fbba1eb984900eef32b48ec3560255c92d4,1.043841,1.04384133611691,1.04384133611691,,0.8326036949784997
0xd210cbc281b0218a58e9cae9f07d89a62bd6764a45360b19cf95c4b359351b01,41735741,1770260829,0xa7272afc21f9c321024ed93892a1abfeb621c374,0x6c3dbf81cf5159a1d7de697324bc1e571c9ee53b,0xad95973c72045cd05b9ddaa2b27cf65f578e339e,1.043841,1.04384133611691,1.04384133611691,,0.8326036949784997
0xa9534f314d21f64071f87ade3d175689f92e68e2637d0eba0b1fa3ea829a9e54,41736021,1770261389,0xa7272afc21f9c321024ed93892a1abfeb621c374,0xe5dddd7a7e5c9f0374ec02d246c9b9e2ce85c75d,0x6551faf485f5a474f3091dc9c00e5c1240d8f2da,1.045732,1.04384133611691,1.04384133611691,,0.8326036949784997
0x5079a8f60c1c63abe7de97057bbe391ffc5c52c0ed16881d08ef7b1fb35485e1,41736022,1770261391,0xa7272afc21f9c321024ed93892a1abfeb621c374,0xabf7b08a7dc4ac8a543c1112a98ddef3bb2990bd,0x76585fbba1eb984900eef32b48ec3560255c92d4,1.043841,1.04384133611691,1.04384133611691,,0.8326036949784997
0x3ffcc670b8250988a8bc29fe877557ee6cb3e11deaa32723a2e04cf5ad7e9b2a,41736022,1770261391,0xa7272afc21f9c321024ed93892a1abfeb621c374,0xabf7b08a7dc4ac8a543c1112a98ddef3bb2990bd,0xad95973c72045cd05b9ddaa2b27cf65f578e339e,1.043841,1.04384133611691,1.04384133611691,,0.8326036949784997
0xe5a6e145da2feda6d28648a43663d63b53e2559dec33093a81e4a3d2f8149b0c,41736031,1770261409,0xa7272afc21f9c321024ed93892a1abfeb621c374,0x6c3dbf81cf5159a1d7de697324bc1e571c9ee53b,0xeafdc784772239dfcbd799776f4e5bc53d07a2dd,1.043841,1.04384133611691,1.04384133611691,,0.8326036949784997
0x6dd9012f5f410cb2dd2640b5dffc4169a24b5a04185f06366c262454ca1624fe,41736033,1770261413,0xa7272afc21f9c321024ed93892a1abfeb621c374,0xab67a08d053115256008149362da8baca79fae28,0x9b6b68094b3b28093cc306b2aef3917038789406,1.043841,1.04384133611691,1.04384133611691,,0.8326036949784997
0x795d72f81d564399d5f7065771d18fb8d1050f75f96016774ba498fb26c14d8c,41736049,1770261445,0xa7272afc21f9c321024ed93892a1abfeb621c374,0xabf7b08a7dc4ac8a543c1112a98ddef3bb2990bd,0x7b659ef971441dc81f6c9718bcaf978265673dec,1.043841,1.04384133611691,1.04384133611691,,0.8326036949784997
0xfc665da242ef1dcd4ee2b14bb4fd8aea76ac5d37088d289373c18510ef494a5e,41736049,1770261445,0xa7272afc21f9c321024ed93892a1abfeb621c374,0xabf7b08a7dc4ac8a543c1112a98ddef3bb2990bd,0x6551faf485f5a474f3091dc9c00e5c1240d8f2da,1.043841,1.04384133611691,1.04384133611691,,0.8326036949784997
0xcb88ce25f72dc911cbdcb5b47c90ba7fd5a46ed3bfe59fd493547b16ecda556f,41736049,1770261445,0xa7272afc21f9c321024ed93892a1abfeb621c374,0xabf7b08a7dc4ac8a543c1112a98ddef3bb2990bd,0x64dee823db2a87135e58b4c37a8580af6f10551e,1.043841,1.04384133611691,1.04384133611691,,0.8326036949784997
0xe3961a8a7481ca638d4bfd45ef253bd0e508e2b5856ba84ffeceb0e886427dc5,41736049,1770261445,0xa7272afc21f9c321024ed93892a1abfeb621c374,0xabf7b08a7dc4ac8a543c1112a98ddef3bb2990bd,0x76585fbba1eb984900eef32b48ec3560255c92d4,1.043841,1.04384133611691,1.04384133611691,,0.8326036949784997
0xa180e3ab3db197842878a088972117b837f60250282bcb942c21202f64054fcb,41736049,1770261445,0xa7272afc21f9c321024ed93892a1abfeb621c374,0xabf7b08a7dc4ac8a543c1112a98ddef3bb2990bd,0xad95973c72045cd05b9ddaa2b27cf65f578e339e,1.043841,1.04384133611691,1.04384133611691,,0.8326036949784997
0x7d0c4c64aa5a75159dacf0c749f8efbddaebd4d53ee0fc4c9ce01625f7eefa0a,41736049,1770261445,0xa7272afc21f9c321024ed93892a1abfeb621c374,0xabf7b08a7dc4ac8a543c1112a98ddef3bb2990bd,0x9b6b68094b3b28093cc306b2aef3917038789406,1.043841,1.04384133611691,1.04384133611691,,0.8326036949784997
0x50c3b3d30a04e5ed2a2d18ac7db325daf1dabb81309e2128f397091432a97d72,41737063,1770263473,0xa7272afc21f9c321024ed93892a1abfeb621c374,0x6c3dbf81cf5159a1d7de697324bc1e571c9ee53b,0xeafdc784772239dfcbd799776f4e5bc53d07a2dd,1.043841,1.04384133611691,1.04384133611691,,0.8326036949784997
0x1b60baada340233157ead522a10ba8988b757cb75b9ae776f7dbfdf663196a03,41737207,1770263761,0xa7272afc21f9c321024ed93892a1abfeb621c374,0xabf7b08a7dc4ac8a543c1112a98ddef3bb2990bd,0x7b659ef971441dc81f6c9718bcaf978265673dec,1.043841,1.04384133611691,1.04384133611691,,0.8326036949784997
0x27dae9ea3102fbc42f50049a5a448f5d6d4f1c3118c9a8fda7498c0d8e9b761a,41737207,1770263761,0xa7272afc21f9c321024ed93892a1abfeb621c374,0xabf7b08a7dc4ac8a543c1112a98ddef3bb2990bd,0x64dee823db2a87135e58b4c37a8580af6f10551e,1.043841,1.04384133611691,1.04384133611691,,0.8326036949784997
0x23d1c422e10658b2920624baae2b6e6a60cfd1778940138eae2472ef72e8627d,41737207,1770263761,0xa7272afc21f9c321024ed93892a1abfeb621c374,0xabf7b08a7dc4ac8a543c1112a98ddef3bb2990bd,0x6551faf485f5a474f3091dc9c00e5c1240d8f2da,1.043841,1.04384133611691,1.04384133611691,,0.8326036949784997
0x8a63cfd4bcebfbe0e2eef1134c3ba36c833bf1b7745443c209c04d2b4bc6c2de,41737207,1770263761,0xa7272afc21f9c321024ed93892a1abfeb621c374,0xabf7b08a7dc4ac8a543c1112a98ddef3bb2990bd,0xa6da7e3bfad3c8b20c4ac34b2ba055bed9e5d762,1.043841,1.04384133611691,1.04384133611691,,0.8326036949784997
0x0fc1e73a8b89336ccb1faad4d08568eee140ef2ce365904288bbf88f049a2a21,41737207,1770263761,0xa7272afc21f9c321024ed93892a1abfeb621c374,0xabf7b08a7dc4ac8a543c1112a98ddef3bb2990bd,0x76585fbba1eb984900eef32b48ec3560255c92d4,1.043841,1.04384133611691,1.04384133611691,,0.8326036949784997
0xacca3e00e8039d0af25dffb48b74e5f735a9e023fc54666624596ac0c0248aa4,41737207,1770263761,0xa7272afc21f9c321024ed93892a1abfeb621c374,0xabf7b08a7dc4ac8a543c1112a98ddef3bb2990bd,0xad95973c72045cd05b9ddaa2b27cf65f578e339e,1.043841,1.04384133611691,1.04384133611691,,0.8326036949784997
0x1b3f8c827f9afbe1a00cd3e459bfcf19fdbf44789b04f52ea007049e477e1346,41737232,1770263811,0xa7272afc21f9c321024ed93892a1abfeb621c374,0xf00001968c1d6196d3d0553030c7af8d1905dcbb,0x7b659ef971441dc81f6c9718bcaf978265673dec,1.043841,1.04384133611691,1.04384133611691,,0.8326036949784997
0xca3b9f0de03a5d44d10bf63b39135611e27d9a139c358fc976bd0e7abd34c16c,41737235,1770263817,0xa7272afc21f9c321024ed93892a1abfeb621c374,0xabf7b08a7dc4ac8a543c1112a98ddef3bb2990bd,0x7b659ef971441dc81f6c9718bcaf978265673dec,1.043841,1.04384133611691,1.04384133611691,,0.8326036949784997
0xf267206240691bb8a7a89c975f6d3acbecd195fe11507c5e4c52de0bcf4577dc,41737235,1770263817,0xa7272afc21f9c321024ed93892a1abfeb621c374,0xabf7b08a7dc4ac8a543c1112a98ddef3bb2990bd,0x6551faf485f5a474f3091dc9c00e5c1240d8f2da,1.043841,1.04384133611691,1.04384133611691,,0.8326036949784997
0x9f4e41752da8c93996a901548272a6863d60668294c930170861bfd251e3f832,41737235,1770263817,0xa7272afc21f9c321024ed93892a1abfeb621c374,0xabf7b08a7dc4ac8a543c1112a98ddef3bb2990bd,0xa6da7e3bfad3c8b20c4ac34b2ba055bed9e5d762,1.043841,1.04384133611691,1.04384133611691,,0.8326036949784997
0x4ec135188344fcb8e7fdac29b25afa4eeddc2cfe8f037228d65897ce162d2e09,41737235,1770263817,0xa7272afc21f9c321024ed93892a1abfeb621c374,0xabf7b08a7dc4ac8a543c1112a98ddef3bb2990bd,0x76585fbba1eb984900eef32b48ec3560255c92d4,1.043841,1.04384133611691,1.04384133611691,,0.8326036949784997
0x719bd547873425887047c8b3e7b73db42d584ed192f7fc851c47ee5264884230,41737235,1770263817,0xa7272afc21f9c321024ed93892a1abfeb621c374,0xabf7b08a7dc4ac8a543c1112a98ddef3bb2990bd,0xad95973c72045cd05b9ddaa2b27cf65f578e339e,1.043841,1.04384133611691,1.04384133611691,,0.8326036949784997
0x834d93fd17ecda7b84b14c05513e2d8cdedfcd50c89c306cda597846453086ca,41737236,1770263819,0xa7272afc21f9c321024ed93892a1abfeb621c374,0xabf7b08a7dc4ac8a543c1112a98ddef3bb2990bd,0x64dee823db2a87135e58b4c37a8580af6f10551e,1.043841,1.04384133611691,1.04384133611691,,0.8326036949784997
0xda2c1958ca3a0459f06d05444b8c93b7876ec2177c0bd5612aeb40080061df1f,41737250,1770263847,0xa7272afc21f9c321024ed93892a1abfeb621c374,0x00f231319f921a95284def641fd8274a8cb0e6ee,0x64dee823db2a87135e58b4c37a8580af6f10551e,1.043841,1.04384133611691,1.04384133611691,,0.8326036949784997
0x37b4eadddeec57cbe4bdba33bf03cabd5038fb5a96545093e5d0e2cf6ba33edd,41737276,1770263899,0xa7272afc21f9c321024ed93892a1abfeb621c374,0xe5dddd7a7e5c9f0374ec02d246c9b9e2ce85c75d,0x6551faf485f5a474f3091dc9c00e5c1240d8f2da,1.043841,1.04384133611691,1.04384133611691,,0.8326036949784997
0xa57e89e0d1f5ddde6b4e80fd747fdaa24e2d2dbc67c3dd08671a9af52c7b94d4,41737277,1770263901,0xa7272afc21f9c321024ed93892a1abfeb621c374,0xe5dddd7a7e5c9f0374ec02d246c9b9e2ce85c75d,0xa6da7e3bfad3c8b20c4ac34b2ba055bed9e5d762,1.043841,1.04384133611691,1.04384133611691,,0.8326036949784997
0xb7164cbb8b2f00f0d06b67ca3a3b83b0759946f4850ed39263a023671ae675bb,41737330,1770264007,0xa7272afc21f9c321024ed93892a1abfeb621c374,0x6c3dbf81cf5159a1d7de697324bc1e571c9ee53b,0xeafdc784772239dfcbd799776f4e5bc53d07a2dd,1.043841,1.04384133611691,1.04384133611691,,0.8326036949784997
0x1b2ebc31e764ce3044a5a3d165d923385973f955a9ebfcc25954ac861d260629,41737333,1770264013,0xa7272afc21f9c321024ed93892a1abfeb621c374,0x00f231319f921a95284def641fd8274a8cb0e6ee,0x5d53f21e4c7fdcf42f236a089c9b3a00a53d6d74,1.043841,1.04384133611691,1.04384133611691,,0.8326036949784997
0xb645fabd20be78f645352288461405458d878d4ada740df32eefcbab1c6df8e1,41737428,1770264203,0xa7272afc21f9c321024ed93892a1abfeb621c374,0x6c3dbf81cf5159a1d7de697324bc1e571c9ee53b,0x76585fbba1eb984900eef32b48ec3560255c92d4,1.043841,1.04384133611691,1.04384133611691,,0.8326036949784997
0xc5e6db9a711d24c6fb633883ced2c91de931ae9ced573dc7675440258fbe9d32,41737432,1770264211,0xa7272afc21f9c321024ed93892a1abfeb621c374,0xab67a08d053115256008149362da8baca79fae28,0xeafdc784772239dfcbd799776f4e5bc53d07a2dd,1.043841,1.04384133611691,1.04384133611691,,0.8326036949784997
0x7b07df00cc60b95fda43a7464822b8dd968925e00515bd4f3e16a6ff6d978535,41737459,1770264265,0xa7272afc21f9c321024ed93892a1abfeb621c374,0x6c3dbf81cf5159a1d7de697324bc1e571c9ee53b,0x9b6b68094b3b28093cc306b2aef3917038789406,1.043841,1.04384133611691,1.04384133611691,,0.8326036949784997
0x0fa7c26786f234cd045085aa6e254dcee4e394a22310c06f01d44d1459b8e01d,41737508,1770264363,0xa7272afc21f9c321024ed93892a1abfeb621c374,0x6c3dbf81cf5159a1d7de697324bc1e571c9ee53b,0xad95973c72045cd05b9ddaa2b27cf65f578e339e,1.043841,1.04384133611691,1.04384133611691,,0.8326036949784997
0x9a78d954457ff59c3e8020f9c9add6a09579fa17f952ba22cbc2eb043d8ab2a0,41737540,1770264427,0xa7272afc21f9c321024ed93892a1abfeb621c374,0xabf7b08a7dc4ac8a543c1112a98ddef3bb2990bd,0x7b659ef971441dc81f6c9718bcaf978265673dec,1.043841,1.04384133611691,1.04384133611691,,0.8326036949784997
0xf290f46d9170fe61cccdc08d5e25bc879123a8ccb0942d738bd6287828ca8297,41737540,1770264427,0xa7272afc21f9c321024ed93892a1abfeb621c374,0xabf7b08a7dc4ac8a543c1112a98ddef3bb2990bd,0x64dee823db2a87135e58b4c37a8580af6f10551e,1.043841,1.04384133611691,1.04384133611691,,0.8326036949784997
0x91232e0d8e4128ef59da51450c3b6319c18574761a1433844050446f367bd09a,41737540,1770264427,0xa7272afc21f9c321024ed93892a1abfeb621c374,0xabf7b08a7dc4ac8a543c1112a98ddef3bb2990bd,0x6551faf485f5a474f3091dc9c00e5c1240d8f2da,1.043841,1.04384133611691,1.04384133611691,,0.8326036949784997
0x9e1ea4fbf9b4c8c90011e0712c8cb7f4f597742d35535bdcc724c6764f10ef0e,41737543,1770264433,0xa7272afc21f9c321024ed93892a1abfeb621c374,0xe5dddd7a7e5c9f0374ec02d246c9b9e2ce85c75d,0xa6da7e3bfad3c8b20c4ac34b2ba055bed9e5d762,1.043841,1.04384133611691,1.04384133611691,,0.8326036949784997
0xcb3da76e000e16d6140d1cfcca7284bc246619daca54cb001266f618bcb55f55,41737545,1770264437,0xa7272afc21f9c321024ed93892a1abfeb621c374,0x6c3dbf81cf5159a1d7de697324bc1e571c9ee53b,0xeafdc784772239dfcbd799776f4e5bc53d07a2dd,1.043841,1.04384133611691,1.04384133611691,,0.8326036949784997
0x033731b3083c79579d937290cf6f192872d11d894b89d5154764040ec9319afb,41737549,1770264445,0xa7272afc21f9c321024ed93892a1abfeb621c374,0xab67a08d053115256008149362da8baca79fae28,0x944263ed7db20091a728faccd56920159042d183,1.043841,1.04384133611691,1.04384133611691,,0.8326036949784997
0x8d6fe889b64b23eafd901f26fd1fbf1dd2af7b38f0249ed811023e302a7fc1aa,41737554,1770264455,0xa7272afc21f9c321024ed93892a1abfeb621c374,0xf1a3686f4d394e52d9fdf60132e46ebdcd231b01,0x76585fbba1eb984900eef32b48ec3560255c92d4,1.043841,1.04384133611691,1.04384133611691,,0.8326036949784997
0xc4c92fa341980ed446418899fb63f94d5fa1d6a0cc824f1e8270b6c1f3e48add,41737556,1770264459,0xa7272afc21f9c321024ed93892a1abfeb621c374,0x6c3dbf81cf5159a1d7de697324bc1e571c9ee53b,0x9b6b68094b3b28093cc306b2aef3917038789406,1.043841,1.04384133611691,1.04384133611691,,0.8326036949784997
0xe2fb99f97eecc9d7d6f1c8de39fb5fac24d47c74211df72400bd146d4b15eff5,41737557,1770264461,0xa7272afc21f9c321024ed93892a1abfeb621c374,0xf1a3686f4d394e52d9fdf60132e46ebdcd231b01,0xad95973c72045cd05b9ddaa2b27cf65f578e339e,1.043841,1.04384133611691,1.04384133611691,,0.8326036949784997
0xb917d6ccda9fbc0e61d2e2e4ddf7e13c22739dbaef07d98ff3091874fc013ca5,41737570,1770264487,0xa7272afc21f9c321024ed93892a1abfeb621c374,0xabf7b08a7dc4ac8a543c1112a98ddef3bb2990bd,0x7b659ef971441dc81f6c9718bcaf978265673dec,1.043841,1.04384133611691,1.04384133611691,,0.8326036949784997
0x47f62e976c31c1a20fa8a01076db74f278182f38be57e9578ac52d95747452b6,41737570,1770264487,0xa7272afc21f9c321024ed93892a1abfeb621c374,0xabf7b08a7dc4ac8a543c1112a98ddef3bb2990bd,0x64dee823db2a87135e58b4c37a8580af6f10551e,1.043841,1.04384133611691,1.04384133611691,,0.8326036949784997
0x291d79e0b34d44fbaeca19c62d95435db6c454cd901f1f2bc6896686047cd2dc,41737570,1770264487,0xa7272afc21f9c321024ed93892a1abfeb621c374,0xabf7b08a7dc4ac8a543c1112a98ddef3bb2990bd,0x6551faf485f5a474f3091dc9c00e5c1240d8f2da,1.043841,1.04384133611691,1.04384133611691,,0.8326036949784997
0xd331b9c6129067e2a71b8a7f4039fd133c3d3fbeb70705f722000ca1c5225441,41737575,1770264497,0xa7272afc21f9c321024ed93892a1abfeb621c374,0x6c3dbf81cf5159a1d7de697324bc1e571c9ee53b,0xeafdc784772239dfcbd799776f4e5bc53d07a2dd,1.043841,1.04384133611691,1.04384133611691,,0.8326036949784997
0xc2d48e4f3d4b56988e18773d598f71290bc41bed2082126bb5b8ec21e231a6a7,41737580,1770264507,0xa7272afc21f9c321024ed93892a1abfeb621c374,0xab67a08d053115256008149362da8baca79fae28,0x76585fbba1eb984900eef32b48ec3560255c92d4,1.043841,1.04384133611691,1.04384133611691,,0.8326036949784997
0x4e03a7872a10ea676b9e21400168bbd0b67e56d6b786c3d3c318274567bf0044,41737582,1770264511,0xa7272afc21f9c321024ed93892a1abfeb621c374,0x6c3dbf81cf5159a1d7de697324bc1e571c9ee53b,0xad95973c72045cd05b9ddaa2b27cf65f578e339e,1.043841,1.04384133611691,1.04384133611691,,0.8326036949784997
0x6f3a74afdf5485826e900294f653edba8fd911f3469187b027c24e10444c5f26,41737584,1770264515,0xa7272afc21f9c321024ed93892a1abfeb621c374,0xe5dddd7a7e5c9f0374ec02d246c9b9e2ce85c75d,0x64dee823db2a87135e58b4c37a8580af6f10551e,1.043841,1.04384133611691,1.04384133611691,,0.8326036949784997
0x5c786d8d524eecbcf11bb05e8a0323bf8d21473e9c6e66075ca0c58737ffdfc5,41737587,1770264521,0xa7272afc21f9c321024ed93892a1abfeb621c374,0xe5dddd7a7e5c9f0374ec02d246c9b9e2ce85c75d,0x7b659ef971441dc81f6c9718bcaf978265673dec,1.043841,1.04384133611691,1.04384133611691,,0.8326036949784997
0x1fef529af7279ba98b8cf85f357cb69e23fe146ff0dc29dd4e06134bb62071e4,41737587,1770264521,0xa7272afc21f9c321024ed93892a1abfeb621c374,0xe5dddd7a7e5c9f0374ec02d246c9b9e2ce85c75d,0x6551faf485f5a474f3091dc9c00e5c1240d8f2da,1.043841,1.04384133611691,1.04384133611691,,0.8326036949784997
0xf0764384fc3d34ad61d725eeb2947d5fb8eafa3e9c34133ed2dea86bd3fa6cba,41737588,1770264523,0xa7272afc21f9c321024ed93892a1abfeb621c374,0xe5dddd7a7e5c9f0374ec02d246c9b9e2ce85c75d,0xa6da7e3bfad3c8b20c4ac34b2ba055bed9e5d762,1.043841,1.04384133611691,1.04384133611691,,0.8326036949784997
0xe938c9d6ade9fb1b93a17f9e0a0e664324e7390cc47775f641cd81e53339911f,41737592,1770264531,0xa7272afc21f9c321024ed93892a1abfeb621c374,0x6c3dbf81cf5159a1d7de697324bc1e571c9ee53b,0x9b6b68094b3b28093cc306b2aef3917038789406,1.043841,1.04384133611691,1.04384133611691,,0.8326036949784997
0x887b621253028a8b34fa544acce1cd0fb04fea940a2e5cfaaf8316e1f4728f83,41737597,1770264541,0xa7272afc21f9c321024ed93892a1abfeb621c374,0x6c3dbf81cf5159a1d7de697324bc1e571c9ee53b,0x944263ed7db20091a728faccd56920159042d183,1.043841,1.04384133611691,1.04384133611691,,0.8326036949784997
0x2ecc4992bedf868b9a0edbc29ace3154d8107c86ffb8d60a6d9df2e52aa624c5,41737601,1770264549,0xa7272afc21f9c321024ed93892a1abfeb621c374,0xab67a08d053115256008149362da8baca79fae28,0xad95973c72045cd05b9ddaa2b27cf65f578e339e,1.043841,1.04384133611691,1.04384133611691,,0.8326036949784997
0x4b4ed2925c5f973b3921c0d858ab8af4fdda5a6f1b9073604e0b20a0a4c53b3f,41737602,1770264551,0xa7272afc21f9c321024ed93892a1abfeb621c374,0x6c3dbf81cf5159a1d7de697324bc1e571c9ee53b,0xeafdc784772239dfcbd799776f4e5bc53d07a2dd,1.043841,1.04384133611691,1.04384133611691,,0.8326036949784997
0x9f354df2fe9baf1ca57297495e60d7039be6b019f06886dae9ead7260e8ae0ba,41737608,1770264563,0xa7272afc21f9c321024ed93892a1abfeb621c374,0x6c3dbf81cf5159a1d7de697324bc1e571c9ee53b,0x76585fbba1eb984900eef32b48ec3560255c92d4,1.043841,1.04384133611691,1.04384133611691,,0.8326036949784997
0x9c33a76d7ede337329ff6b011d92e032c99239acdb43e4a33a8fda1ed6e40b21,41737766,1770264879,0xa517fe2cf559e1c37d4bb844770b089ab9227ae7,0xc41b1af25ea9ad03e81a4d551454e9f4f519ae4e,0x21376f9ea9b75358f3ce6138edec1515998cf930,1.126549,1.1267605633802817,1.1267605633802817,,0.5625919504874457
0x5fd60c6eb2e93a9510d5b7739877bf0e8110ba23253deb3c3b979ddf6a5924ce,41737803,1770264953,0xa7272afc21f9c321024ed93892a1abfeb621c374,0x00f231319f921a95284def641fd8274a8cb0e6ee,0x5d53f21e4c7fdcf42f236a089c9b3a00a53d6d74,1.043841,1.04384133611691,1.04384133611691,,0.8326036949784997
0x49bbd8dd8f41ad979056a776e533ee3336e44eeb723f6d032561068484037ec6,41738036,1770265419,0xa7272afc21f9c321024ed93892a1abfeb621c374,0xc41b1af25ea9ad03e81a4d551454e9f4f519ae4e,0x941e18899c9c385ec4f8c1647d55432f747da416,1.04384,1.04384133611691,1.04384133611691,,0.8326036949784997
0xba3dd37a14bdcede9decf6696cccb99d05bf3cb366e9e8c2487eb54cc0b10b2e,41738087,1770265521,0xa7272afc21f9c321024ed93892a1abfeb621c374,0xc41b1af25ea9ad03e81a4d551454e9f4f519ae4e,0x941e18899c9c385ec4f8c1647d55432f747da416,1.043838,1.04384133611691,1.04384133611691,,0.8326036949784997
0x515d165ab897f62ae3cfe2ccfc4ef3415dec1daa87307091aa9750d674e0a9fe,41738218,1770265783,0xa7272afc21f9c321024ed93892a1abfeb621c374,0xc41b1af25ea9ad03e81a4d551454e9f4f519ae4e,0x941e18899c9c385ec4f8c1647d55432f747da416,1.043835,1.04384133611691,1.04384133611691,,0.8326036949784997
0x14644eedb5b3d31908a22902b9d0319a5735e91e7c991394c4f1398146eb003c,41738387,1770266121,0xa7272afc21f9c321024ed93892a1abfeb621c374,0x00f231319f921a95284def641fd8274a8cb0e6ee,0x5d53f21e4c7fdcf42f236a089c9b3a00a53d6d74,1.043839,1.04384133611691,1.04384133611691,,0.8326036949784997
0xd49c5d14368b71c02c9c1e32adc6dbbe5130394e69eff31a3241f1d236e06f6b,41738461,1770266269,0xa7272afc21f9c321024ed93892a1abfeb621c374,0xc41b1af25ea9ad03e81a4d551454e9f4f519ae4e,0x941e18899c9c385ec4f8c1647d55432f747da416,1.043827,1.04384133611691,1.04384133611691,,0.8326036949784997
0x9c34cdaddbbca7d349963199b5724263471321bee91d0a8608b51f4dae5a0828,41739047,1770267441,0xa7272afc21f9c321024ed93892a1abfeb621c374,0xc41b1af25ea9ad03e81a4d551454e9f4f519ae4e,0x941e18899c9c385ec4f8c1647d55432f747da416,1.043813,1.04384133611691,1.04384133611691,,0.8326036949784997
0x45cfd42e7a7c71fbd749c049c864e92b31ea6ef3e65d40caab1c0a9a305b9675,41739054,1770267455,0xa7272afc21f9c321024ed93892a1abfeb621c374,0xabf7b08a7dc4ac8a543c1112a98ddef3bb2990bd,0x7b659ef971441dc81f6c9718bcaf978265673dec,1.043841,1.04384133611691,1.04384133611691,,0.8326036949784997
0xa47df0a67d4c850429793ed22fc3abd4482e50f07a65a02c64b15c48f2be526e,41739054,1770267455,0xa7272afc21f9c321024ed93892a1abfeb621c374,0xabf7b08a7dc4ac8a543c1112a98ddef3bb2990bd,0x64dee823db2a87135e58b4c37a8580af6f10551e,1.043841,1.04384133611691,1.04384133611691,,0.8326036949784997
0x2fee0a8264213f1246fe45e372169a4e25dc7e7f16e2ba7c3fdf7f072fb57b72,41739054,1770267455,0xa7272afc21f9c321024ed93892a1abfeb621c374,0xabf7b08a7dc4ac8a543c1112a98ddef3bb2990bd,0x6551faf485f5a474f3091dc9c00e5c1240d8f2da,1.043841,1.04384133611691,1.04384133611691,,0.8326036949784997
0xd5fce37c86fecdc706270b3a78fa86663524d2398365d7b8f293d8620b242b82,41739054,1770267455,0xa7272afc21f9c321024ed93892a1abfeb621c374,0xabf7b08a7dc4ac8a543c1112a98ddef3bb2990bd,0xa6da7e3bfad3c8b20c4ac34b2ba055bed9e5d762,1.043841,1.04384133611691,1.04384133611691,,0.8326036949784997
0x68ce212a0c6bdbe0d59d5e2d1c15beca6eee638a4b699a3f80738258397b291d,41739054,1770267455,0xa7272afc21f9c321024ed93892a1abfeb621c374,0xabf7b08a7dc4ac8a543c1112a98ddef3bb2990bd,0x76585fbba1eb984900eef32b48ec3560255c92d4,1.043841,1.04384133611691,1.04384133611691,,0.8326036949784997
0x0a757a7a24b2b713ab23f5d1e9fe9fabd6e80f1a468df39359019d3a094088ee,41739054,1770267455,0xa7272afc21f9c321024ed93892a1abfeb621c374,0xabf7b08a7dc4ac8a543c1112a98ddef3bb2990bd,0xad95973c72045cd05b9ddaa2b27cf65f578e339e,1.043841,1.04384133611691,1.04384133611691,,0.8326036949784997
0xbe235b0ce079a3e65a50bdb57ca9ef91848623995d5c94f08c2a2b43bd55e53d,41739054,1770267455,0xa7272afc21f9c321024ed93892a1abfeb621c374,0xabf7b08a7dc4ac8a543c1112a98ddef3bb2990bd,0x944263ed7db20091a728faccd56920159042d183,1.043841,1.04384133611691,1.04384133611691,,0.8326036949784997
0x2e5d8f0c2876213c2693580bf5e5f54fa98a2c12c14ec39712bbe7e4e95a616e,41739061,1770267469,0xa7272afc21f9c321024ed93892a1abfeb621c374,0xab67a08d053115256008149362da8baca79fae28,0x9b6b68094b3b28093cc306b2aef3917038789406,1.043841,1.04384133611691,1.04384133611691,,0.8326036949784997
0x59075a447a4b635aa28ef877a3feef81cc4c0fa2085c45dd7475e3082b84403a,41739063,1770267473,0xa7272afc21f9c321024ed93892a1abfeb621c374,0x6c3dbf81cf5159a1d7de697324bc1e571c9ee53b,0xeafdc784772239dfcbd799776f4e5bc53d07a2dd,1.043841,1.04384133611691,1.04384133611691,,0.8326036949784997
0xbb8fdf875912a5504a9a3013b51465b322565cc27d97b3921ce6f2168da1f4f4,41739077,1770267501,0xa7272afc21f9c321024ed93892a1abfeb621c374,0x6c3dbf81cf5159a1d7de697324bc1e571c9ee53b,0x5d53f21e4c7fdcf42f236a089c9b3a00a53d6d74,1.043841,1.04384133611691,1.04384133611691,,0.8326036949784997
0xfaef65bc9c83afc08e674cd02dd6b05c4ee706d3b3d9998cd9fb0e8233214024,41739503,1770268353,0xa7272afc21f9c321024ed93892a1abfeb621c374,0xc41b1af25ea9ad03e81a4d551454e9f4f519ae4e,0x941e18899c9c385ec4f8c1647d55432f747da416,1.043819,1.04384133611691,1.04384133611691,,0.8326036949784997
0xa70c10c68db025c65994c41a782b3f171f1951a96d4a0b0550061eedd4fcba19,41739705,1770268757,0xa7272afc21f9c321024ed93892a1abfeb621c374,0xabf7b08a7dc4ac8a543c1112a98ddef3bb2990bd,0x7b659ef971441dc81f6c9718bcaf978265673dec,1.043841,1.04384133611691,1.04384133611691,,0.8326036949784997
0x28eb8889a3ceeba40f1fc61f827b45cf84de5f532d0bc388b6fa5d3b8b77b560,41739705,1770268757,0xa7272afc21f9c321024ed93892a1abfeb621c374,0xabf7b08a7dc4ac8a543c1112a98ddef3bb2990bd,0x6551faf485f5a474f3091dc9c00e5c1240d8f2da,1.043841,1.04384133611691,1.04384133611691,,0.8326036949784997
0xf47911b6e55fa1848f9091dd75c336d22a67b1576a540612a1a3a8b9a4266048,41739705,1770268757,0xa7272afc21f9c321024ed93892a1abfeb621c374,0xabf7b08a7dc4ac8a543c1112a98ddef3bb2990bd,0xa6da7e3bfad3c8b20c4ac34b2ba055bed9e5d762,1.043841,1.04384133611691,1.04384133611691,,0.8326036949784997
0x3910b6f3526fa4157be39b6437ac58c4bf823d35c222b6443035fdbbf6e4f235,41739706,1770268759,0xa7272afc21f9c321024ed93892a1abfeb621c374,0xabf7b08a7dc4ac8a543c1112a98ddef3bb2990bd,0x64dee823db2a87135e58b4c37a8580af6f10551e,1.043841,1.04384133611691,1.04384133611691,,0.8326036949784997
0x10dc33b6269a86c3e42f6cbfbe47ca02858a40d40b8a0ee3c64255c71c9a116d,41739725,1770268797,0xa7272afc21f9c321024ed93892a1abfeb621c374,0x6c3dbf81cf5159a1d7de697324bc1e571c9ee53b,0x9b6b68094b3b28093cc306b2aef3917038789406,1.043841,1.04384133611691,1.04384133611691,,0.8326036949784997
0x819e8236304d3f9e1495de97421d921472550f8434010272f9daeb46db46fc73,41739735,1770268817,0xa7272afc21f9c321024ed93892a1abfeb621c374,0xab67a08d053115256008149362da8baca79fae28,0x944263ed7db20091a728faccd56920159042d183,1.043841,1.04384133611691,1.04384133611691,,0.8326036949784997
0x209f67c3e5d562cde55926854d0721c36e83cca3f12adf44fb762a99882e58f3,41739780,1770268907,0xa7272afc21f9c321024ed93892a1abfeb621c374,0x6c3dbf81cf5159a1d7de697324bc1e571c9ee53b,0x944263ed7db20091a728faccd56920159042d183,1.043841,1.04384133611691,1.04384133611691,,0.8326036949784997
0x8b43e9a4ede722423cf5a968523c0d9d07b7e1d05d0302f45d4cd6a38c909399,41739799,1770268945,0xa7272afc21f9c321024ed93892a1abfeb621c374,0xab67a08d053115256008149362da8baca79fae28,0xeafdc784772239dfcbd799776f4e5bc53d07a2dd,1.043841,1.04384133611691,1.04384133611691,,0.8326036949784997
0x32b02474f1d351fb5649711b86f7fec257040aeed6dd563986d972cbeee94876,41739803,1770268953,0xa7272afc21f9c321024ed93892a1abfeb621c374,0x00f231319f921a95284def641fd8274a8cb0e6ee,0x76585fbba1eb984900eef32b48ec3560255c92d4,1.043841,1.04384133611691,1.04384133611691,,0.8326036949784997
0x2a95992d7fb64279401b0f9029fc605517aa0fa6559ecb6b73b86f0de28c85aa,41739826,1770268999,0xa7272afc21f9c321024ed93892a1abfeb621c374,0xe5dddd7a7e5c9f0374ec02d246c9b9e2ce85c75d,0x7b659ef971441dc81f6c9718bcaf978265673dec,1.043841,1.04384133611691,1.04384133611691,,0.8326036949784997
0x00b664fd2a11f4684a9b1c5894da14cfde7411b8ec6c9feaec27b9cb7f49ed05,41739826,1770268999,0xa7272afc21f9c321024ed93892a1abfeb621c374,0xe5dddd7a7e5c9f0374ec02d246c9b9e2ce85c75d,0x6551faf485f5a474f3091dc9c00e5c1240d8f2da,1.043841,1.04384133611691,1.04384133611691,,0.8326036949784997
0xa62ea41b54986ad048eb7b1a2f47e88e5ee7626ff6ceaf9102a20214698256ef,41739826,1770268999,0xa7272afc21f9c321024ed93892a1abfeb621c374,0xe5dddd7a7e5c9f0374ec02d246c9b9e2ce85c75d,0xa6da7e3bfad3c8b20c4ac34b2ba055bed9e5d762,1.043841,1.04384133611691,1.04384133611691,,0.8326036949784997
0x571facad857191be6316b887ff4190b416509b92005858204359fb8d4ad4d211,41739838,1770269023,0xa7272afc21f9c321024ed93892a1abfeb621c374,0xabf7b08a7dc4ac8a543c1112a98ddef3bb2990bd,0x64dee823db2a87135e58b4c37a8580af6f10551e,1.043841,1.04384133611691,1.04384133611691,,0.8326036949784997
0xa73a7836cf1621140a81befda9f5bc24fb443d0b4466666f934da7802df2e868,41739856,1770269059,0xa7272afc21f9c321024ed93892a1abfeb621c374,0xabf7b08a7dc4ac8a543c1112a98ddef3bb2990bd,0xad95973c72045cd05b9ddaa2b27cf65f578e339e,1.043841,1.04384133611691,1.04384133611691,,0.8326036949784997
0x9de93af083dc7f71675d0e4498555c4c8c819f84ed78f95abbf36122cb75e75c,41739856,1770269059,0xa7272afc21f9c321024ed93892a1abfeb621c374,0xabf7b08a7dc4ac8a543c1112a98ddef3bb2990bd,0x944263ed7db20091a728faccd56920159042d183,1.043841,1.04384133611691,1.04384133611691,,0.8326036949784997
0xaccfbe8a74ee84f5d5dcb63e263d236250265072d7317c22c8b038db10f15f02,41739867,1770269081,0xa7272afc21f9c321024ed93892a1abfeb621c374,0xabf7b08a7dc4ac8a543c1112a98ddef3bb2990bd,0x76585fbba1eb984900eef32b48ec3560255c92d4,1.043841,1.04384133611691,1.04384133611691,,0.8326036949784997
0xb56b1a519f8f55801b8fcee741ebdfceb59e1a242a82de560e6e6d8085dd28d2,41739867,1770269081,0xa7272afc21f9c321024ed93892a1abfeb621c374,0xabf7b08a7dc4ac8a543c1112a98ddef3bb2990bd,0x944263ed7db20091a728faccd56920159042d183,1.043841,1.04384133611691,1.04384133611691,,0.8326036949784997
0xfa63ebd086c004284a1c6b37a8f1a3f67e5fb3fde5055daac0e3a44d6766f54d,41739867,1770269081,0xa7272afc21f9c321024ed93892a1abfeb621c374,0xabf7b08a7dc4ac8a543c1112a98ddef3bb2990bd,0x7b659ef971441dc81f6c9718bcaf978265673dec,1.047219,1.04384133611691,1.04384133611691,,0.8326036949784997
0x737cb5d89928de90fde15b1c8ed000a9761d004b2ed6678264190b68dc00e2b6,41739867,1770269081,0xa7272afc21f9c321024ed93892a1abfeb621c374,0xabf7b08a7dc4ac8a543c1112a98ddef3bb2990bd,0x6551faf485f5a474f3091dc9c00e5c1240d8f2da,1.047219,1.04384133611691,1.04384133611691,,0.8326036949784997
0xe33f71f4e5940f6f4ce10936e377f3a788bb7205b61092380ae31bdd47f73d39,41739876,1770269099,0xa7272afc21f9c321024ed93892a1abfeb621c374,0xe5dddd7a7e5c9f0374ec02d246c9b9e2ce85c75d,0x64dee823db2a87135e58b4c37a8580af6f10551e,1.043841,1.04384133611691,1.04384133611691,,0.8326036949784997
0xe59d6da52b1edf9eabb244125581f46cf40ccc8420a46652b50632382a476ad5,41739892,1770269131,0xa7272afc21f9c321024ed93892a1abfeb621c374,0xe5dddd7a7e5c9f0374ec02d246c9b9e2ce85c75d,0x64dee823db2a87135e58b4c37a8580af6f10551e,1.043841,1.04384133611691,1.04384133611691,,0.8326036949784997
0x745eb4e60311264916dc471ed3f75e48cd11e251a68726d2aed6e4b90c4b3079,41739892,1770269131,0xa7272afc21f9c321024ed93892a1abfeb621c374,0xe5dddd7a7e5c9f0374ec02d246c9b9e2ce85c75d,0x64dee823db2a87135e58b4c37a8580af6f10551e,1.043841,1.04384133611691,1.04384133611691,,0.8326036949784997
0xe7ee7b98ed065d828e11d075910a7f2f8b532382817f70d17780a399a45e9f78,41739892,1770269131,0xa7272afc21f9c321024ed93892a1abfeb621c374,0xe5dddd7a7e5c9f0374ec02d246c9b9e2ce85c75d,0x6551faf485f5a474f3091dc9c00e5c1240d8f2da,1.043841,1.04384133611691,1.04384133611691,,0.8326036949784997
0x4e35321805d4e705756c7bbae92ae54d9f8c2ae94f6219eca27b6447c49a6767,41739894,1770269135,0xa7272afc21f9c321024ed93892a1abfeb621c374,0xabf7b08a7dc4ac8a543c1112a98ddef3bb2990bd,0xad95973c72045cd05b9ddaa2b27cf65f578e339e,1.043841,1.04384133611691,1.04384133611691,,0.8326036949784997
0x5b4a40b97467caaa4edfcd9f36f81cbb11e775e1ea19db4bebc022c2db47f8de,41739894,1770269135,0xa7272afc21f9c321024ed93892a1abfeb621c374,0xabf7b08a7dc4ac8a543c1112a98ddef3bb2990bd,0x9b6b68094b3b28093cc306b2aef3917038789406,1.043841,1.04384133611691,1.04384133611691,,0.8326036949784997
0xc7b9c79d689da25c63de5ddd3d511e2460f5392f3c4ddac39977009052d7da52,41739894,1770269135,0xa7272afc21f9c321024ed93892a1abfeb621c374,0xabf7b08a7dc4ac8a543c1112a98ddef3bb2990bd,0x944263ed7db20091a728faccd56920159042d183,1.043841,1.04384133611691,1.04384133611691,,0.8326036949784997
0x8cd0b2b32695b02674fce6dbe50393623aa552c988fe32f42b4c727e03395b3c,41739899,1770269145,0xa7272afc21f9c321024ed93892a1abfeb621c374,0xe5dddd7a7e5c9f0374ec02d246c9b9e2ce85c75d,0x7b659ef971441dc81f6c9718bcaf978265673dec,1.043841,1.04384133611691,1.04384133611691,,0.8326036949784997
0x8f464239c4620c1af983308e6963ec4ecdff3f3ff1d690d7e83c80403fd4994c,41739900,1770269147,0xa7272afc21f9c321024ed93892a1abfeb621c374,0xf00001968c1d6196d3d0553030c7af8d1905dcbb,0x76acdf57551d19b31c29557d92ca5982433ff169,1.043841,1.04384133611691,1.04384133611691,,0.8326036949784997
0x6704943adadf66823e18a56a1097377cd59ba89158d43eb0fc2ae0da98963b08,41739901,1770269149,0xa7272afc21f9c321024ed93892a1abfeb621c374,0xabf7b08a7dc4ac8a543c1112a98ddef3bb2990bd,0x76585fbba1eb984900eef32b48ec3560255c92d4,1.043841,1.04384133611691,1.04384133611691,,0.8326036949784997
0xa9ddfc1cc6f432fd00a787e672d5460e3c1b3019eea73b6d30595e773f0eb1e0,41739902,1770269151,0xa7272afc21f9c321024ed93892a1abfeb621c374,0x6c3dbf81cf5159a1d7de697324bc1e571c9ee53b,0xeafdc784772239dfcbd799776f4e5bc53d07a2dd,1.043841,1.04384133611691,1.04384133611691,,0.8326036949784997
0x7e7b4a07d11acbb99105a199fbe675e266579541be2a4ada160e641bd04fc00e,41739902,1770269151,0xa7272afc21f9c321024ed93892a1abfeb621c374,0xabf7b08a7dc4ac8a543c1112a98ddef3bb2990bd,0x6551faf485f5a474f3091dc9c00e5c1240d8f2da,1.043841,1.04384133611691,1.04384133611691,,0.8326036949784997
0xae8ace52e4d817273ea4d1b8c30ba692d298d21b42ee1676bfac49f431f3f6bf,41739902,1770269151,0xa7272afc21f9c321024ed93892a1abfeb621c374,0xabf7b08a7dc4ac8a543c1112a98ddef3bb2990bd,0xa6da7e3bfad3c8b20c4ac34b2ba055bed9e5d762,1.043841,1.04384133611691,1.04384133611691,,0.8326036949784997
0xcf911a73d16bc933c5b12f35dab4859199641bb49c093524d33af23a88a2eb1e,41739902,1770269151,0xa7272afc21f9c321024ed93892a1abfeb621c374,0xabf7b08a7dc4ac8a543c1112a98ddef3bb2990bd,0x944263ed7db20091a728faccd56920159042d183,1.043841,1.04384133611691,1.04384133611691,,0.8326036949784997
0xcda58d415c0d82251597ca69be9dd9a750e5841c823ac407c2f697a35d0a67d2,41739903,1770269153,0xa7272afc21f9c321024ed93892a1abfeb621c374,0xe5dddd7a7e5c9f0374ec02d246c9b9e2ce85c75d,0x7b659ef971441dc81f6c9718bcaf978265673dec,1.043841,1.04384133611691,1.04384133611691,,0.8326036949784997
0x8e808f859f8f53f86b820b907815ffe02e87a1ebf6788ae0807ac931c4dc1554,41739905,1770269157,0xa7272afc21f9c321024ed93892a1abfeb621c374,0xe5dddd7a7e5c9f0374ec02d246c9b9e2ce85c75d,0x76585fbba1eb984900eef32b48ec3560255c92d4,1.043838,1.04384133611691,1.04384133611691,,0.8326036949784997
0xc3a3e1a2058de35c2d3a75b717568b86d989ed8d6f218ddf3430488b92c63a39,41739906,1770269159,0xa7272afc21f9c321024ed93892a1abfeb621c374,0xe5dddd7a7e5c9f0374ec02d246c9b9e2ce85c75d,0x76acdf57551d19b31c29557d92ca5982433ff169,1.043841,1.04384133611691,1.04384133611691,,0.8326036949784997
0x7d256c4eb626e55fdfd20971b2dd07edad0432beb7264a7df269ea90cfd5ff9c,41739907,1770269161,0xa7272afc21f9c321024ed93892a1abfeb621c374,0xe5dddd7a7e5c9f0374ec02d246c9b9e2ce85c75d,0x64dee823db2a87135e58b4c37a8580af6f10551e,1.043841,1.04384133611691,1.04384133611691,,0.8326036949784997
0xc0b6aa2be7c6b0bf46b24390b14abff61a0e02866f20cc8f3701c0d901aa677a,41739908,1770269163,0xa7272afc21f9c321024ed93892a1abfeb621c374,0xe5dddd7a7e5c9f0374ec02d246c9b9e2ce85c75d,0xa6da7e3bfad3c8b20c4ac34b2ba055bed9e5d762,1.043841,1.04384133611691,1.04384133611691,,0.8326036949784997
0x1346d2f10759f94c701c8c75088b89ada450071d035e17ce811d8bce9ea91057,41739912,1770269171,0xa7272afc21f9c321024ed93892a1abfeb621c374,0xabf7b08a7dc4ac8a543c1112a98ddef3bb2990bd,0xad95973c72045cd05b9ddaa2b27cf65f578e339e,1.043841,1.04384133611691,1.04384133611691,,0.8326036949784997
0x5cfc0df7b03ce07a22907bbe8859962a3b5c89e13e4337d311248d45f1666057,41739912,1770269171,0xa7272afc21f9c321024ed93892a1abfeb621c374,0xabf7b08a7dc4ac8a543c1112a98ddef3bb2990bd,0x9b6b68094b3b28093cc306b2aef3917038789406,1.043841,1.04384133611691,1.04384133611691,,0.8326036949784997
0x1afe37c5a8344231500b2b7a604945804d5792609e2c6121671b471a4cc30d9d,41740009,1770269365,0xa7272afc21f9c321024ed93892a1abfeb621c374,0xc41b1af25ea9ad03e81a4d551454e9f4f519ae4e,0x5d53f21e4c7fdcf42f236a089c9b3a00a53d6d74,1.04384,1.04384133611691,1.04384133611691,,0.8326036949784997
0x2ff31c5bd7214a23e90ad54e926e1d4a367e94c78e95d15e854701e3cd16a07b,41740009,1770269365,0xa7272afc21f9c321024ed93892a1abfeb621c374,0xc41b1af25ea9ad03e81a4d551454e9f4f519ae4e,0x5d53f21e4c7fdcf42f236a089c9b3a00a53d6d74,1.043838,1.04384133611691,1.04384133611691,,0.8326036949784997
0x81eb87ef07fc79bb86081b2f3a7ea6750d4f267b0cc38a6150a0dc8f5f1c811a,41740011,1770269369,0xa7272afc21f9c321024ed93892a1abfeb621c374,0xc41b1af25ea9ad03e81a4d551454e9f4f519ae4e,0x941e18899c9c385ec4f8c1647d55432f747da416,1.043835,1.04384133611691,1.04384133611691,,0.8326036949784997
0xfcc9c3ceb1b4aef9c968c73a4cb576c58a9d928367dabefd65c044d48842551c,41740602,1770270551,0xa517fe2cf559e1c37d4bb844770b089ab9227ae7,0xc41b1af25ea9ad03e81a4d551454e9f4f519ae4e,0x21376f9ea9b75358f3ce6138edec1515998cf930,1.125,1.1267605633802817,1.1267605633802817,,0.5625919504874457
0x39a9a5cf56c9057954ca3023b160d5fd9fde6140002dd1ef306c2b0fc1469220,41740792,1770270931,0xa7272afc21f9c321024ed93892a1abfeb621c374,0xc41b1af25ea9ad03e81a4d551454e9f4f519ae4e,0x941e18899c9c385ec4f8c1647d55432f747da416,1.043817,1.04384133611691,1.04384133611691,,0.8326036949784997
0x625474ff4382bb4ff6bb327ff763a5471d8c98b0c2c7c37534ded186f3141b4b,41741088,1770271523,0xa7272afc21f9c321024ed93892a1abfeb621c374,0xc41b1af25ea9ad03e81a4d551454e9f4f519ae4e,0x941e18899c9c385ec4f8c1647d55432f747da416,1.043825,1.04384133611691,1.04384133611691,,0.8326036949784997
0xf41adc456ca65d2d344e822e67dc80d514a2cd3d7267ae2f9aacd6e9e8d141f1,41741219,1770271785,0xa517fe2cf559e1c37d4bb844770b089ab9227ae7,0xc41b1af25ea9ad03e81a4d551454e9f4f519ae4e,0x21376f9ea9b75358f3ce6138edec1515998cf930,1.125945,1.1267605633802817,1.1267605633802817,,0.5625919504874457
0xf94d8bfd6f4a42c43c1be4e63e9603c0e1e243bb6c745b152ec5285fc50afd16,41741232,1770271811,0xa7272afc21f9c321024ed93892a1abfeb621c374,0xc41b1af25ea9ad03e81a4d551454e9f4f519ae4e,0x5d53f21e4c7fdcf42f236a089c9b3a00a53d6d74,1.043837,1.04384133611691,1.04384133611691,,0.8326036949784997
0x4fa85bd29b4ad4a330accf84d83893db399697aff10feb62c2e89a488ecc48f8,41741234,1770271815,0xa7272afc21f9c321024ed93892a1abfeb621c374,0xc41b1af25ea9ad03e81a4d551454e9f4f519ae4e,0x941e18899c9c385ec4f8c1647d55432f747da416,1.043803,1.04384133611691,1.04384133611691,,0.8326036949784997
0x5277eccdc16b88990448830e83fd88d0a72ddce83c32b7bed6b439cc09ec9ba5,41741619,1770272585,0xa7272afc21f9c321024ed93892a1abfeb621c374,0xc41b1af25ea9ad03e81a4d551454e9f4f519ae4e,0x5d53f21e4c7fdcf42f236a089c9b3a00a53d6d74,1.04384,1.04384133611691,1.04384133611691,,0.8326036949784997
0x1d08f176c7421d63ad2403e0df2449b58f2d28c836faad728bb2bec123598afb,41741621,1770272589,0xa7272afc21f9c321024ed93892a1abfeb621c374,0xc41b1af25ea9ad03e81a4d551454e9f4f519ae4e,0x941e18899c9c385ec4f8c1647d55432f747da416,1.043831,1.04384133611691,1.04384133611691,,0.8326036949784997
0x268d4e4b19196a5d0768d7d3444892525ce3454e8a372222310dec3fbd76ac45,41741664,1770272675,0xa517fe2cf559e1c37d4bb844770b089ab9227ae7,0xc41b1af25ea9ad03e81a4d551454e9f4f519ae4e,0x21376f9ea9b75358f3ce6138edec1515998cf930,1.125641,1.1267605633802817,1.1267605633802817,,0.5625919504874457
0xbca9b7881f25e950d151f73710dffad277399dbe520d6533fc8ded276bc6f1cc,41750432,1770290211,0x742d1c11c9cf4c84f1dda7b5c8ad8fc7bc708493,0xb7ea2b36a2c94f1b17939e77a20e0cf409c88bfa,0x3bfcb64ecf9727f315d3be454dc597a9d1f15769,1.043841,1.04384133611691,1.04384133611691,,0.8326036949784997
0x6342fccc1e88523874519d14c9647809db0b96dade6a3d7c3f959c03e393215e,41750609,1770290565,0xa517fe2cf559e1c37d4bb844770b089ab9227ae7,0xc41b1af25ea9ad03e81a4d551454e9f4f519ae4e,0x21376f9ea9b75358f3ce6138edec1515998cf930,1.126372,1.1267605633802817,1.1267605633802817,,0.5625919504874457
0x7e5d37ea73e76eea0c1641db49c0debe8a4ab95e9ebe596453654f926e0cd16a,41750665,1770290677,0x742d1c11c9cf4c84f1dda7b5c8ad8fc7bc708493,0xb7ea2b36a2c94f1b17939e77a20e0cf409c88bfa,0x3bfcb64ecf9727f315d3be454dc597a9d1f15769,1.043841,1.04384133611691,1.04384133611691,,0.8326036949784997
0xf28afd581e2769314bc728f6d3cc10bc6ebf8dfb61dc43dc7464e5ac72f24425,41750676,1770290699,0xa7272afc21f9c321024ed93892a1abfeb621c374,0xabf7b08a7dc4ac8a543c1112a98ddef3bb2990bd,0xeafdc784772239dfcbd799776f4e5bc53d07a2dd,1.043841,1.04384133611691,1.04384133611691,,0.8326036949784997
0xb9166f99e8d607ad4697538d48e91139ec1e081a8db3263029a5a42970bfdfff,41750697,1770290741,0xa7272afc21f9c321024ed93892a1abfeb621c374,0xab67a08d053115256008149362da8baca79fae28,0x5d53f21e4c7fdcf42f236a089c9b3a00a53d6d74,1.04384,1.04384133611691,1.04384133611691,,0.8326036949784997
0x8338d1edb01d0f497c6437a02a3c6df99a2dfeb991b6f2a6dbd974c81164e809,41750702,1770290751,0xa7272afc21f9c321024ed93892a1abfeb621c374,0xabf7b08a7dc4ac8a543c1112a98ddef3bb2990bd,0x7b659ef971441dc81f6c9718bcaf978265673dec,1.043841,1.04384133611691,1.04384133611691,,0.8326036949784997
0xc9eadc99c9e6f3f405f0267119fe1b372d63bf53f4f845941dce067314441574,41750702,1770290751,0xa7272afc21f9c321024ed93892a1abfeb621c374,0xabf7b08a7dc4ac8a543c1112a98ddef3bb2990bd,0x64dee823db2a87135e58b4c37a8580af6f10551e,1.043841,1.04384133611691,1.04384133611691,,0.8326036949784997
0xd91c9c53869a177a37e6fdedb8135c9774226a743eb36e935a85f72fdcb2e673,41750702,1770290751,0xa7272afc21f9c321024ed93892a1abfeb621c374,0xabf7b08a7dc4ac8a543c1112a98ddef3bb2990bd,0x6551faf485f5a474f3091dc9c00e5c1240d8f2da,1.043841,1.04384133611691,1.04384133611691,,0.8326036949784997
0x33a7ce1121d546255392280fc978489c7f5bececa5aa93736e4f69ae0b1ef277,41750702,1770290751,0xa7272afc21f9c321024ed93892a1abfeb621c374,0xabf7b08a7dc4ac8a543c1112a98ddef3bb2990bd,0xa6da7e3bfad3c8b20c4ac34b2ba055bed9e5d762,1.043841,1.04384133611691,1.04384133611691,,0.8326036949784997
0xb2c5d3bfbc7965b014e9657fa80366aa03a3a24ccfd5b58fc1131a7ccee8a07d,41750702,1770290751,0xa7272afc21f9c321024ed93892a1abfeb621c374,0xabf7b08a7dc4ac8a543c1112a98ddef3bb2990bd,0x76585fbba1eb984900eef32b48ec3560255c92d4,1.043841,1.04384133611691,1.04384133611691,,0.8326036949784997
0x0a068d2512af9ca53827b8d4c577a18629fa80ee26700a7e96b2f42f47eb5553,41750702,1770290751,0xa7272afc21f9c321024ed93892a1abfeb621c374,0xabf7b08a7dc4ac8a543c1112a98ddef3bb2990bd,0xad95973c72045cd05b9ddaa2b27cf65f578e339e,1.043841,1.04384133611691,1.04384133611691,,0.8326036949784997
0xf9e29d162a52d98ae7acc6776416535b0b3adb52d53ca7b3e3106761bbeb55ba,41750702,1770290751,0xa7272afc21f9c321024ed93892a1abfeb621c374,0xabf7b08a7dc4ac8a543c1112a98ddef3bb2990bd,0x944263ed7db20091a728faccd56920159042d183,1.043841,1.04384133611691,1.04384133611691,,0.8326036949784997
0x7debc65f7f47ec85cf8596be00f4d46a092a1b7ac0d14fa61de5bd281c135aa6,41750702,1770290751,0xa7272afc21f9c321024ed93892a1abfeb621c374,0xabf7b08a7dc4ac8a543c1112a98ddef3bb2990bd,0x9b6b68094b3b28093cc306b2aef3917038789406,1.043841,1.04384133611691,1.04384133611691,,0.8326036949784997
0xae9be5b63b9e377ae0a8a5964a210da1c62cff9d3a921c6f294c8edc3eedba86,41750702,1770290751,0xa7272afc21f9c321024ed93892a1abfeb621c374,0xabf7b08a7dc4ac8a543c1112a98ddef3bb2990bd,0xeafdc784772239dfcbd799776f4e5bc53d07a2dd,1.043841,1.04384133611691,1.04384133611691,,0.8326036949784997
0x38428bfead207f4eea08fea6800d90648718f3faec4542e9a918cb7f15c94be3,41750764,1770290875,0xa7272afc21f9c321024ed93892a1abfeb621c374,0x6c3dbf81cf5159a1d7de697324bc1e571c9ee53b,0x5d53f21e4c7fdcf42f236a089c9b3a00a53d6d74,1.043841,1.04384133611691,1.04384133611691,,0.8326036949784997
0xe5544729560551b9c39ac91abe9c610bd20be842287b5dce6a8a25967faf0ca2,41750820,1770290987,0xa7272afc21f9c321024ed93892a1abfeb621c374,0xabf7b08a7dc4ac8a543c1112a98ddef3bb2990bd,0x7b659ef971441dc81f6c9718bcaf978265673dec,1.043841,1.04384133611691,1.04384133611691,,0.8326036949784997
0xfe7354ba32b4ddf67ba7b61f1813129d42727ae67549b26eb6b62ac917720faa,41750820,1770290987,0xa7272afc21f9c321024ed93892a1abfeb621c374,0xabf7b08a7dc4ac8a543c1112a98ddef3bb2990bd,0x64dee823db2a87135e58b4c37a8580af6f10551e,1.043841,1.04384133611691,1.04384133611691,,0.8326036949784997
0x4c0255983d6f10cda3245729994f0c1faca4700365224745d4f2e153a1a530a5,41750820,1770290987,0xa7272afc21f9c321024ed93892a1abfeb621c374,0xabf7b08a7dc4ac8a543c1112a98ddef3bb2990bd,0x6551faf485f5a474f3091dc9c00e5c1240d8f2da,1.043841,1.04384133611691,1.04384133611691,,0.8326036949784997
0x803f17ee31217e0cfdb814bf91255f17f1ede3ed258f23e3050dc5445cff3758,41750820,1770290987,0xa7272afc21f9c321024ed93892a1abfeb621c374,0xabf7b08a7dc4ac8a543c1112a98ddef3bb2990bd,0xa6da7e3bfad3c8b20c4ac34b2ba055bed9e5d762,1.043841,1.04384133611691,1.04384133611691,,0.8326036949784997
0x0a03905b2f327b7fda8d3eb8023bfedddba5721e5da2ef5e1c4733f7b9ec4771,41750820,1770290987,0xa7272afc21f9c321024ed93892a1abfeb621c374,0xabf7b08a7dc4ac8a543c1112a98ddef3bb2990bd,0x76585fbba1eb984900eef32b48ec3560255c92d4,1.043841,1.04384133611691,1.04384133611691,,0.8326036949784997
0xdb940eefe507020d9fb061d17977defa6c0012fd407eb0e0e42c07063782717c,41750820,1770290987,0xa7272afc21f9c321024ed93892a1abfeb621c374,0xabf7b08a7dc4ac8a543c1112a98ddef3bb2990bd,0xad95973c72045cd05b9ddaa2b27cf65f578e339e,1.043841,1.04384133611691,1.04384133611691,,0.8326036949784997
0x3b7dd668661ea2f67f10b993d83f2fd80d4d14d46d9fc95d3344bd6d8f1cf099,41750820,1770290987,0xa7272afc21f9c321024ed93892a1abfeb621c374,0xabf7b08a7dc4ac8a543c1112a98ddef3bb2990bd,0x944263ed7db20091a728faccd56920159042d183,1.043841,1.04384133611691,1.04384133611691,,0.8326036949784997
0x229574414bb72056f4593e48ee97d08417adf7bf38db69149f2874982a9ef0d8,41750820,1770290987,0xa7272afc21f9c321024ed93892a1abfeb621c374,0xabf7b08a7dc4ac8a543c1112a98ddef3bb2990bd,0x9b6b68094b3b28093cc306b2aef3917038789406,1.043841,1.04384133611691,1.04384133611691,,0.8326036949784997
0x18e890a9f8714e4e99e4f310475e9680f481c6d2008f58e47c8fef433f7cf3e8,41750820,1770290987,0xa7272afc21f9c321024ed93892a1abfeb621c374,0xabf7b08a7dc4ac8a543c1112a98ddef3bb2990bd,0xeafdc784772239dfcbd799776f4e5bc53d07a2dd,1.043841,1.04384133611691,1.04384133611691,,0.8326036949784997
0x029b7f1a60514906c1e6991eb59920425f1b8437f1115f98a574e722574bcd40,41750885,1770291117,0x742d1c11c9cf4c84f1dda7b5c8ad8fc7bc708493,0xabf7b08a7dc4ac8a543c1112a98ddef3bb2990bd,0x3bfcb64ecf9727f315d3be454dc597a9d1f15769,1.043841,1.04384133611691,1.04384133611691,,0.8326036949784997
0x35e9378d22dbe61d612a6a0a16d8dcfa20f68261ce3a4d8ed1131a40171c58f7,41750886,1770291119,0xa7272afc21f9c321024ed93892a1abfeb621c374,0xe5dddd7a7e5c9f0374ec02d246c9b9e2ce85c75d,0x7b659ef971441dc81f6c9718bcaf978265673dec,1.043841,1.04384133611691,1.04384133611691,,0.8326036949784997
0xe2b824106d99334c85d1243a595a26915518f7f72248de2aeeb3573afea53fef,41750886,1770291119,0xa7272afc21f9c321024ed93892a1abfeb621c374,0xe5dddd7a7e5c9f0374ec02d246c9b9e2ce85c75d,0x64dee823db2a87135e58b4c37a8580af6f10551e,1.043841,1.04384133611691,1.04384133611691,,0.8326036949784997
0x8380ab0d6ab5cf0d4de1bb331b7499369984753a9bc5788918ac519cf24d39ca,41750893,1770291133,0xa7272afc21f9c321024ed93892a1abfeb621c374,0xe5dddd7a7e5c9f0374ec02d246c9b9e2ce85c75d,0x6551faf485f5a474f3091dc9c00e5c1240d8f2da,1.043841,1.04384133611691,1.04384133611691,,0.8326036949784997
0xe550adfc6357670de5513922f4de336935c5b9ae23e200f2be2f495786a3d3db,41750931,1770291209,0xa7272afc21f9c321024ed93892a1abfeb621c374,0x6c3dbf81cf5159a1d7de697324bc1e571c9ee53b,0x9b6b68094b3b28093cc306b2aef3917038789406,1.043841,1.04384133611691,1.04384133611691,,0.8326036949784997
0xc188512c492c4bfdb27c5d17a228d69f7ac1bcad146f9ec5d1a13cb1c6422d3c,41750932,1770291211,0xa7272afc21f9c321024ed93892a1abfeb621c374,0xab67a08d053115256008149362da8baca79fae28,0x76585fbba1eb984900eef32b48ec3560255c92d4,1.043841,1.04384133611691,1.04384133611691,,0.8326036949784997
0x37d58b10b0dd658fb836b90ca27b00aa76228f8e1a5594f8c88e3ac91786f9d3,41751048,1770291443,0x742d1c11c9cf4c84f1dda7b5c8ad8fc7bc708493,0xb7ea2b36a2c94f1b17939e77a20e0cf409c88bfa,0x3bfcb64ecf9727f315d3be454dc597a9d1f15769,1.043841,1.04384133611691,1.04384133611691,,0.8326036949784997
0x26397e5e19bb68bb9152142980c6e40e597927c630bd5f10e0f3c6e0d74698ce,41752041,1770293429,0xa7272afc21f9c321024ed93892a1abfeb621c374,0xab67a08d053115256008149362da8baca79fae28,0x5d53f21e4c7fdcf42f236a089c9b3a00a53d6d74,1.04384,1.04384133611691,1.04384133611691,,0.8326036949784997
0xb8aedda56ecf70eb3ec9a1a9aeb69253e4b91023883bb989d72a97c45a7a6dd9,41752133,1770293613,0xa7272afc21f9c321024ed93892a1abfeb621c374,0xabf7b08a7dc4ac8a543c1112a98ddef3bb2990bd,0xa6da7e3bfad3c8b20c4ac34b2ba055bed9e5d762,1.043841,1.04384133611691,1.04384133611691,,0.8326036949784997
0xaf1db0a39de2844ab8937069a52ec6454235471ad5411792e8aeed3056197ee7,41752133,1770293613,0xa7272afc21f9c321024ed93892a1abfeb621c374,0xabf7b08a7dc4ac8a543c1112a98ddef3bb2990bd,0xad95973c72045cd05b9ddaa2b27cf65f578e339e,1.043841,1.04384133611691,1.04384133611691,,0.8326036949784997
0xdb1d08c325a18e1fa2581c6a3d61db6459c890506a5ccea28879b2865aaa6612,41752133,1770293613,0xa7272afc21f9c321024ed93892a1abfeb621c374,0xabf7b08a7dc4ac8a543c1112a98ddef3bb2990bd,0x944263ed7db20091a728faccd56920159042d183,1.043841,1.04384133611691,1.04384133611691,,0.8326036949784997
0x98e7381e8b2c76a0059b1152e554d2c99ac21294fef8c9c6af217b37569b7aa4,41752163,1770293673,0xa7272afc21f9c321024ed93892a1abfeb621c374,0xab67a08d053115256008149362da8baca79fae28,0xeafdc784772239dfcbd799776f4e5bc53d07a2dd,1.043841,1.04384133611691,1.04384133611691,,0.8326036949784997
0x516db482f967b16fb682e2a86dbc96df24601cea50a994e5411215b23230f8cf,41752164,1770293675,0xa7272afc21f9c321024ed93892a1abfeb621c374,0x6c3dbf81cf5159a1d7de697324bc1e571c9ee53b,0x5d53f21e4c7fdcf42f236a089c9b3a00a53d6d74,1.04384,1.04384133611691,1.04384133611691,,0.8326036949784997
0x96d97a263b5b01b2dd280bfe4c3df22ec8b57eaea8d21a38488260ba5d64b3be,41752200,1770293747,0xa7272afc21f9c321024ed93892a1abfeb621c374,0xe5dddd7a7e5c9f0374ec02d246c9b9e2ce85c75d,0x7b659ef971441dc81f6c9718bcaf978265673dec,1.043841,1.04384133611691,1.04384133611691,,0.8326036949784997
0xf548e3bdd84a635ecfb6c8b88d9a72eaf0625f34e39814e993d403a4d3ca9098,41752201,1770293749,0xa7272afc21f9c321024ed93892a1abfeb621c374,0xe5dddd7a7e5c9f0374ec02d246c9b9e2ce85c75d,0x6551faf485f5a474f3091dc9c00e5c1240d8f2da,1.043841,1.04384133611691,1.04384133611691,,0.8326036949784997
0x2f95af8bafb1f7bd42bdacf3b7a201cf4cf9bc509d7293d38ccbb450dd7e5088,41752201,1770293749,0xa7272afc21f9c321024ed93892a1abfeb621c374,0xe5dddd7a7e5c9f0374ec02d246c9b9e2ce85c75d,0x64dee823db2a87135e58b4c37a8580af6f10551e,1.043841,1.04384133611691,1.04384133611691,,0.8326036949784997
0x79b67d188a205c4f20402ee417a6bbaed91419d178abd4b7ebdff2880333717e,41752203,1770293753,0xa7272afc21f9c321024ed93892a1abfeb621c374,0xe5dddd7a7e5c9f0374ec02d246c9b9e2ce85c75d,0xa6da7e3bfad3c8b20c4ac34b2ba055bed9e5d762,1.043841,1.04384133611691,1.04384133611691,,0.8326036949784997
0x7aad1484d1d4d66936ae855c26446cdfb8d1cddf87c10cd6f4572716938550b2,41752205,1770293757,0xa7272afc21f9c321024ed93892a1abfeb621c374,0x6c3dbf81cf5159a1d7de697324bc1e571c9ee53b,0xeafdc784772239dfcbd799776f4e5bc53d07a2dd,1.043841,1.04384133611691,1.04384133611691,,0.8326036949784997
0xf6964156b8b2ee2089e1bf498892a3882a1bb738200730587871f667549202e2,41752214,1770293775,0xa7272afc21f9c321024ed93892a1abfeb621c374,0xe5dddd7a7e5c9f0374ec02d246c9b9e2ce85c75d,0x7b659ef971441dc81f6c9718bcaf978265673dec,1.043841,1.04384133611691,1.04384133611691,,0.8326036949784997
0x27a237995001c51dabcfed68ae611daf80d9eff9a079675eccc0c2443737fde8,41752214,1770293775,0xa7272afc21f9c321024ed93892a1abfeb621c374,0xe5dddd7a7e5c9f0374ec02d246c9b9e2ce85c75d,0x64dee823db2a87135e58b4c37a8580af6f10551e,1.043841,1.04384133611691,1.04384133611691,,0.8326036949784997
0xe7bbf32642f7b1f92471d225dff1b14e966bd6b36da3080d5ec19a44df33b082,41752216,1770293779,0xa7272afc21f9c321024ed93892a1abfeb621c374,0xe5dddd7a7e5c9f0374ec02d246c9b9e2ce85c75d,0x6551faf485f5a474f3091dc9c00e5c1240d8f2da,1.043841,1.04384133611691,1.04384133611691,,0.8326036949784997
0x5289f3e2dc5454f3fb6ad5f0ea600b087b5489f7b3b1a78e74a09b58fe41962f,41752216,1770293779,0xa7272afc21f9c321024ed93892a1abfeb621c374,0xe5dddd7a7e5c9f0374ec02d246c9b9e2ce85c75d,0xa6da7e3bfad3c8b20c4ac34b2ba055bed9e5d762,1.043841,1.04384133611691,1.04384133611691,,0.8326036949784997
0x562a0625d613aee05a9477555da57aa121f21ee4b2907b83989a0f218fc67168,41752220,1770293787,0xa7272afc21f9c321024ed93892a1abfeb621c374,0xe5dddd7a7e5c9f0374ec02d246c9b9e2ce85c75d,0x76585fbba1eb984900eef32b48ec3560255c92d4,1.043841,1.04384133611691,1.04384133611691,,0.8326036949784997
0x8e73b7f1820141e9f9cd79bdec84cd64a4445be8da85d7df5b7a3a66590fa8ba,41752235,1770293817,0xa7272afc21f9c321024ed93892a1abfeb621c374,0xabf7b08a7dc4ac8a543c1112a98ddef3bb2990bd,0xad95973c72045cd05b9ddaa2b27cf65f578e339e,1.043841,1.04384133611691,1.04384133611691,,0.8326036949784997
0x36d8857225713e3dc3d73664066de3d5b71c0e7ca471e9414c2aada7434c2b87,41752235,1770293817,0xa7272afc21f9c321024ed93892a1abfeb621c374,0xabf7b08a7dc4ac8a543c1112a98ddef3bb2990bd,0x944263ed7db20091a728faccd56920159042d183,1.043841,1.04384133611691,1.04384133611691,,0.8326036949784997
0xf4eafcf78cf0068b36c086bba0dae99969d5da76788bb60b521a193b97f47cf7,41752235,1770293817,0xa7272afc21f9c321024ed93892a1abfeb621c374,0xabf7b08a7dc4ac8a543c1112a98ddef3bb2990bd,0x9b6b68094b3b28093cc306b2aef3917038789406,1.043841,1.04384133611691,1.04384133611691,,0.8326036949784997
0x7f48183e6c5634b32c2d59bd9a2bbc402b1d0d2e6a05c6596664db5cdd2aac1a,41752237,1770293821,0xa7272afc21f9c321024ed93892a1abfeb621c374,0xab67a08d053115256008149362da8baca79fae28,0x5d53f21e4c7fdcf42f236a089c9b3a00a53d6d74,1.043841,1.04384133611691,1.04384133611691,,0.8326036949784997
0x4987f6dc4b775ceb2768363f45b252c1b5896c3789dd4b0b58f42e74af828bad,41752266,1770293879,0xa7272afc21f9c321024ed93892a1abfeb621c374,0x6c3dbf81cf5159a1d7de697324bc1e571c9ee53b,0xeafdc784772239dfcbd799776f4e5bc53d07a2dd,1.043841,1.04384133611691,1.04384133611691,,0.8326036949784997
0xf02c687917cf16b3b62db8bf32e8d99c44af1ec0a0b1a22c8a39d94659aefec3,41752272,1770293891,0xa7272afc21f9c321024ed93892a1abfeb621c374,0xe5dddd7a7e5c9f0374ec02d246c9b9e2ce85c75d,0x7b659ef971441dc81f6c9718bcaf978265673dec,1.043841,1.04384133611691,1.04384133611691,,0.8326036949784997
0xa2b127fbf0530a781ac6b5937438fa78af7227b25b3a254355f2eb3c03b50aea,41752272,1770293891,0xa7272afc21f9c321024ed93892a1abfeb621c374,0xe5dddd7a7e5c9f0374ec02d246c9b9e2ce85c75d,0x64dee823db2a87135e58b4c37a8580af6f10551e,1.043841,1.04384133611691,1.04384133611691,,0.8326036949784997
0x8324296c200ac9d0b5e3f6a6638a06eac39d70c31b1a4ac41f0fe6ed004fc676,41752272,1770293891,0xa7272afc21f9c321024ed93892a1abfeb621c374,0xe5dddd7a7e5c9f0374ec02d246c9b9e2ce85c75d,0x6551faf485f5a474f3091dc9c00e5c1240d8f2da,1.043841,1.04384133611691,1.04384133611691,,0.8326036949784997
0xd56f9d7b8311af6c7d723b0a64a61e7e2bc70c55fba531e5d4327e6abac90f53,41752272,1770293891,0xa7272afc21f9c321024ed93892a1abfeb621c374,0xabf7b08a7dc4ac8a543c1112a98ddef3bb2990bd,0x76585fbba1eb984900eef32b48ec3560255c92d4,1.043841,1.04384133611691,1.04384133611691,,0.8326036949784997
0x3c279b0c8afac44235ead65c9fc490c3ac76372b7a5056e19fee2554db4fe00e,41752274,1770293895,0xa7272afc21f9c321024ed93892a1abfeb621c374,0xe5dddd7a7e5c9f0374ec02d246c9b9e2ce85c75d,0xa6da7e3bfad3c8b20c4ac34b2ba055bed9e5d762,1.043841,1.04384133611691,1.04384133611691,,0.8326036949784997
0x1e881db8d67eebfdcd79f98a54f4a37d80d49773c04fc2426c5888086f30c11d,41752278,1770293903,0xa7272afc21f9c321024ed93892a1abfeb621c374,0xab67a08d053115256008149362da8baca79fae28,0x9b6b68094b3b28093cc306b2aef3917038789406,1.043841,1.04384133611691,1.04384133611691,,0.8326036949784997
0x8b3500362e153a40ddecdef4cb587e8c5ef7add0edb1c0e2b6cd8e56c18bdce2,41752280,1770293907,0xa7272afc21f9c321024ed93892a1abfeb621c374,0x6c3dbf81cf5159a1d7de697324bc1e571c9ee53b,0xeafdc784772239dfcbd799776f4e5bc53d07a2dd,1.043841,1.04384133611691,1.04384133611691,,0.8326036949784997
0xac8dd69f2a7de46e97304b1506587cc3c3fda7780ff95de51837417665e635b0,41752298,1770293943,0xa7272afc21f9c321024ed93892a1abfeb621c374,0xab67a08d053115256008149362da8baca79fae28,0x70f6409c2075efdd6fd06094fe5303f7c8a5fcc6,1.043841,1.04384133611691,1.04384133611691,,0.8326036949784997
0x19e8cb44944ab0315e61cd2d6016093cfa4f800b267d9dc7cc7b69b7a769d777,41752331,1770294009,0xa7272afc21f9c321024ed93892a1abfeb621c374,0xe5dddd7a7e5c9f0374ec02d246c9b9e2ce85c75d,0x7b659ef971441dc81f6c9718bcaf978265673dec,1.043841,1.04384133611691,1.04384133611691,,0.8326036949784997
0x98ad9ec5d000d7e365ed8f72bb684970bf215644bf05504bf2a09f6caba96a8d,41752331,1770294009,0xa7272afc21f9c321024ed93892a1abfeb621c374,0xe5dddd7a7e5c9f0374ec02d246c9b9e2ce85c75d,0x64dee823db2a87135e58b4c37a8580af6f10551e,1.043841,1.04384133611691,1.04384133611691,,0.8326036949784997
0x16086e9d05af72a74c7bc5f34cde36c66856dd32e50b4febaf8def252c478721,41752331,1770294009,0xa7272afc21f9c321024ed93892a1abfeb621c374,0xe5dddd7a7e5c9f0374ec02d246c9b9e2ce85c75d,0x6551faf485f5a474f3091dc9c00e5c1240d8f2da,1.043841,1.04384133611691,1.04384133611691,,0.8326036949784997
0xff039e092fd4505bcc49cc90a255eb007ad5535c3def2f3b61ad235ee8d9852e,41752331,1770294009,0xa7272afc21f9c321024ed93892a1abfeb621c374,0xe5dddd7a7e5c9f0374ec02d246c9b9e2ce85c75d,0x76acdf57551d19b31c29557d92ca5982433ff169,1.043841,1.04384133611691,1.04384133611691,,0.8326036949784997
0x89a12e218c0f2c93d55001ed1b22c4bb46ef18dca7fd3396724c3e08fdee07d2,41752331,1770294009,0xa7272afc21f9c321024ed93892a1abfeb621c374,0xe5dddd7a7e5c9f0374ec02d246c9b9e2ce85c75d,0xa6da7e3bfad3c8b20c4ac34b2ba055bed9e5d762,1.043841,1.04384133611691,1.04384133611691,,0.8326036949784997
0x19ee3a71a8c2a8723eaedd07beb000e01ae3c8b2e0ab437a78372f0e19072d87,41752363,1770294073,0xa7272afc21f9c321024ed93892a1abfeb621c374,0xe5dddd7a7e5c9f0374ec02d246c9b9e2ce85c75d,0x7b659ef971441dc81f6c9718bcaf978265673dec,1.043841,1.04384133611691,1.04384133611691,,0.8326036949784997
0x867c07def8f28a9999814f64fa51319c4efa8f623ca40f566b480b66bd309314,41752363,1770294073,0xa7272afc21f9c321024ed93892a1abfeb621c374,0xe5dddd7a7e5c9f0374ec02d246c9b9e2ce85c75d,0x64dee823db2a87135e58b4c37a8580af6f10551e,1.043841,1.04384133611691,1.04384133611691,,0.8326036949784997
0xfd818af8a3a02a158340115ce3efbbb23ccf2ab6442f5254db8433d70a3514ff,41752363,1770294073,0xa7272afc21f9c321024ed93892a1abfeb621c374,0xe5dddd7a7e5c9f0374ec02d246c9b9e2ce85c75d,0x6551faf485f5a474f3091dc9c00e5c1240d8f2da,1.043841,1.04384133611691,1.04384133611691,,0.8326036949784997
0xa129f2ba58d3d5eb45338e48f79816d4bfb7974db3a079797a7f421892616603,41752367,1770294081,0xa7272afc21f9c321024ed93892a1abfeb621c374,0xe5dddd7a7e5c9f0374ec02d246c9b9e2ce85c75d,0x76acdf57551d19b31c29557d92ca5982433ff169,1.043841,1.04384133611691,1.04384133611691,,0.8326036949784997
0x2f93ca11f2675b813e33a1e18cbc2e7d04a0406bd353de8d2646157270b8a049,41752367,1770294081,0xa7272afc21f9c321024ed93892a1abfeb621c374,0xe5dddd7a7e5c9f0374ec02d246c9b9e2ce85c75d,0xa6da7e3bfad3c8b20c4ac34b2ba055bed9e5d762,1.043841,1.04384133611691,1.04384133611691,,0.8326036949784997
0x3fa76a36711c01e39d118acd98d1b3f28c436ff339e6501cca4a8128b09081b5,41752371,1770294089,0xa7272afc21f9c321024ed93892a1abfeb621c374,0x6c3dbf81cf5159a1d7de697324bc1e571c9ee53b,0x944263ed7db20091a728faccd56920159042d183,1.043841,1.04384133611691,1.04384133611691,,0.8326036949784997
0x487351d26d8cd8e6db793cdb3a27d42fc21edd945ced60acfd544106ab25d9f4,41752371,1770294089,0xa7272afc21f9c321024ed93892a1abfeb621c374,0xe5dddd7a7e5c9f0374ec02d246c9b9e2ce85c75d,0xad95973c72045cd05b9ddaa2b27cf65f578e339e,1.043841,1.04384133611691,1.04384133611691,,0.8326036949784997
0x357cee76e5d6979e9454f812139f20e00cd4509f7897c5bb40b024e68a1c30a5,41752383,1770294113,0xa7272afc21f9c321024ed93892a1abfeb621c374,0x6c3dbf81cf5159a1d7de697324bc1e571c9ee53b,0x76585fbba1eb984900eef32b48ec3560255c92d4,1.043841,1.04384133611691,1.04384133611691,,0.8326036949784997
0xdb22eabe5b655dec8aa3b7aa78fc7795a7f6c83af25c8cd850d2eb386f592073,41752386,1770294119,0xa7272afc21f9c321024ed93892a1abfeb621c374,0x6c3dbf81cf5159a1d7de697324bc1e571c9ee53b,0x70f6409c2075efdd6fd06094fe5303f7c8a5fcc6,1.043841,1.04384133611691,1.04384133611691,,0.8326036949784997
0xa31c6e2ec2fa6afda6dd602bf7ade6b0485d74d1569e350ca7b246642540463f,41752386,1770294119,0xa7272afc21f9c321024ed93892a1abfeb621c374,0xab67a08d053115256008149362da8baca79fae28,0xacfa576aa81f7501e3dd1122eba67e3de7d5d5a3,1.043841,1.04384133611691,1.04384133611691,,0.8326036949784997
0xd33b51104a9b44fe37c621b92f8d69f782098b2651ac67530fb21b97f7208ca8,41752417,1770294181,0xa7272afc21f9c321024ed93892a1abfeb621c374,0xab67a08d053115256008149362da8baca79fae28,0xeafdc784772239dfcbd799776f4e5bc53d07a2dd,1.043841,1.04384133611691,1.04384133611691,,0.8326036949784997
0xebf49feff58df9acd9cadd6254c1980ed72d09f92414ebfc10d40081555edbbc,41752427,1770294201,0xa7272afc21f9c321024ed93892a1abfeb621c374,0xab67a08d053115256008149362da8baca79fae28,0x9b6b68094b3b28093cc306b2aef3917038789406,1.043841,1.04384133611691,1.04384133611691,,0.8326036949784997
0xefe73a6ff0379b5972e76aa2295d2500dd7e19f4cd7ebbb413794aea971836af,41752447,1770294241,0xa7272afc21f9c321024ed93892a1abfeb621c374,0xab67a08d053115256008149362da8baca79fae28,0xeafdc784772239dfcbd799776f4e5bc53d07a2dd,1.043841,1.04384133611691,1.04384133611691,,0.8326036949784997
0x1e223f997414248c2576bdb173754138eb9719e555840f1e918323eb41cf9ecc,41752465,1770294277,0xa7272afc21f9c321024ed93892a1abfeb621c374,0xe5dddd7a7e5c9f0374ec02d246c9b9e2ce85c75d,0x7b659ef971441dc81f6c9718bcaf978265673dec,1.043841,1.04384133611691,1.04384133611691,,0.8326036949784997
0x55b98b288e67db4abe364996f9b7887c3291dd3f2fb0b70d9fe0de122cb6af15,41752465,1770294277,0xa7272afc21f9c321024ed93892a1abfeb621c374,0xe5dddd7a7e5c9f0374ec02d246c9b9e2ce85c75d,0x64dee823db2a87135e58b4c37a8580af6f10551e,1.043841,1.04384133611691,1.04384133611691,,0.8326036949784997
0x9a7a06af9c6588db45fc12e5f484a202d01d02233c5bdb4c1fe8bd6a3fdac4c1,41752465,1770294277,0xa7272afc21f9c321024ed93892a1abfeb621c374,0xe5dddd7a7e5c9f0374ec02d246c9b9e2ce85c75d,0x6551faf485f5a474f3091dc9c00e5c1240d8f2da,1.043841,1.04384133611691,1.04384133611691,,0.8326036949784997
0xce33f849fc0bb4a011ea2ea9e29f09a7fcf9607e93e0b0cf0f08cbb8d0b04e79,41752465,1770294277,0xa7272afc21f9c321024ed93892a1abfeb621c374,0xe5dddd7a7e5c9f0374ec02d246c9b9e2ce85c75d,0x76acdf57551d19b31c29557d92ca5982433ff169,1.043841,1.04384133611691,1.04384133611691,,0.8326036949784997
0x4745edca23c245d73046515e3149fe98380369b88ca324ec71fe0d1eace4cedb,41752466,1770294279,0xa7272afc21f9c321024ed93892a1abfeb621c374,0xe5dddd7a7e5c9f0374ec02d246c9b9e2ce85c75d,0xa6da7e3bfad3c8b20c4ac34b2ba055bed9e5d762,1.043841,1.04384133611691,1.04384133611691,,0.8326036949784997
0x182b92d47c58d4f81c4b54ff5e367e4b54c851742258d42b5e902c120a957d90,41752494,1770294335,0xa7272afc21f9c321024ed93892a1abfeb621c374,0xe5dddd7a7e5c9f0374ec02d246c9b9e2ce85c75d,0x7b659ef971441dc81f6c9718bcaf978265673dec,1.045021,1.04384133611691,1.04384133611691,,0.8326036949784997
0x1f1b6d5961a784d93ef1ad6f613ccb73ddaef360086713f6f4626a7cf871a574,41752494,1770294335,0xa7272afc21f9c321024ed93892a1abfeb621c374,0xe5dddd7a7e5c9f0374ec02d246c9b9e2ce85c75d,0x64dee823db2a87135e58b4c37a8580af6f10551e,1.045021,1.04384133611691,1.04384133611691,,0.8326036949784997
0x5f6afd0c12d3392e05ddf6623d521b7fc2c10017e9f714d7a9f3d37bf194a2eb,41752494,1770294335,0xa7272afc21f9c321024ed93892a1abfeb621c374,0xe5dddd7a7e5c9f0374ec02d246c9b9e2ce85c75d,0x6551faf485f5a474f3091dc9c00e5c1240d8f2da,1.045021,1.04384133611691,1.04384133611691,,0.8326036949784997
0x7ffe83657918e513810097ffe549dc779c4d1c75a138a2dab9812f410649609c,41752494,1770294335,0xa7272afc21f9c321024ed93892a1abfeb621c374,0xe5dddd7a7e5c9f0374ec02d246c9b9e2ce85c75d,0x76acdf57551d19b31c29557d92ca5982433ff169,1.045021,1.04384133611691,1.04384133611691,,0.8326036949784997
0x336fc71d801cacb66bfe2ebc556fc163a8df787f63b43af89a42390f6d7a7efc,41752494,1770294335,0xa7272afc21f9c321024ed93892a1abfeb621c374,0xe5dddd7a7e5c9f0374ec02d246c9b9e2ce85c75d,0xa6da7e3bfad3c8b20c4ac34b2ba055bed9e5d762,1.04502,1.04384133611691,1.04384133611691,,0.8326036949784997
0x16da7c5c56771de0cdd27267b5f1774dd57b1bc0190c5cb18ddc9372b0c10e4c,41752693,1770294733,0x742d1c11c9cf4c84f1dda7b5c8ad8fc7bc708493,0xb7ea2b36a2c94f1b17939e77a20e0cf409c88bfa,0x3bfcb64ecf9727f315d3be454dc597a9d1f15769,1.043841,1.04384133611691,1.04384133611691,,0.8326036949784997
0x501e5dca5e83324d81f86740971200800272bc1e88018b2065ff4f8eb2c52996,41753003,1770295353,0x742d1c11c9cf4c84f1dda7b5c8ad8fc7bc708493,0xb7ea2b36a2c94f1b17939e77a20e0cf409c88bfa,0x3bfcb64ecf9727f315d3be454dc597a9d1f15769,1.043841,1.04384133611691,1.04384133611691,,0.8326036949784997
0xebf1ebea27b9850fd7b00572f254725ec7c5326d024ad296178ebd8dd4d35d82,41753045,1770295437,0xa7272afc21f9c321024ed93892a1abfeb621c374,0x6c3dbf81cf5159a1d7de697324bc1e571c9ee53b,0x9b6b68094b3b28093cc306b2aef3917038789406,1.043841,1.04384133611691,1.04384133611691,,0.8326036949784997
0x5d2777af9e73273bf26943f4024f50bb080d86f9156023a1c4a08072029ff920,41753161,1770295669,0x742d1c11c9cf4c84f1dda7b5c8ad8fc7bc708493,0xb7ea2b36a2c94f1b17939e77a20e0cf409c88bfa,0x3bfcb64ecf9727f315d3be454dc597a9d1f15769,1.043841,1.04384133611691,1.04384133611691,,0.8326036949784997
0xdd3d1f25a5ac7c40bb95770510acc6def2af5705461f36adecbee03158eb0193,41753358,1770296063,0xa7272afc21f9c321024ed93892a1abfeb621c374,0x6c3dbf81cf5159a1d7de697324bc1e571c9ee53b,0x5d53f21e4c7fdcf42f236a089c9b3a00a53d6d74,1.043841,1.04384133611691,1.04384133611691,,0.8326036949784997
0xed1a4464838fb9424e3ba49795c74bad126c608f73f735d79ff5560458238b56,41754152,1770297651,0x742d1c11c9cf4c84f1dda7b5c8ad8fc7bc708493,0xb7ea2b36a2c94f1b17939e77a20e0cf409c88bfa,0x3bfcb64ecf9727f315d3be454dc597a9d1f15769,1.043841,1.04384133611691,1.04384133611691,,0.8326036949784997
0x2fc623aa63bc5be08498e070c3bbdbd0fb3060542ba8295c13a72aa55a684702,41754813,1770298973,0x742d1c11c9cf4c84f1dda7b5c8ad8fc7bc708493,0xb7ea2b36a2c94f1b17939e77a20e0cf409c88bfa,0x3bfcb64ecf9727f315d3be454dc597a9d1f15769,1.043841,1.04384133611691,1.04384133611691,,0.8326036949784997
0xfbb9cec66b5f026efc12df3be0f2ee0d524e2466ac49277349183b4e401bbe1f,41754958,1770299263,0xa517fe2cf559e1c37d4bb844770b089ab9227ae7,0xc41b1af25ea9ad03e81a4d551454e9f4f519ae4e,0x21376f9ea9b75358f3ce6138edec1515998cf930,1.12624,1.1267605633802817,1.1267605633802817,,0.5625919504874457
0x34c45f0065191f47c154aa3b1bb0973a15981cf54b1fded7ab8499fc526ec55b,41754969,1770299285,0x742d1c11c9cf4c84f1dda7b5c8ad8fc7bc708493,0xb7ea2b36a2c94f1b17939e77a20e0cf409c88bfa,0x3bfcb64ecf9727f315d3be454dc597a9d1f15769,1.043841,1.04384133611691,1.04384133611691,,0.8326036949784997
0xbf1482b1cd0ef6d00cd916bf14948535b16b0124e2b8591944d349a7c1f53aa2,41755831,1770301009,0xa7272afc21f9c321024ed93892a1abfeb621c374,0x6c3dbf81cf5159a1d7de697324bc1e571c9ee53b,0x5d53f21e4c7fdcf42f236a089c9b3a00a53d6d74,1.04384,1.04384133611691,1.04384133611691,,0.8326036949784997
0x801055b166545475f1c6636acefceacd0d96cceb58bf7557aff5ad88ff7e066d,41755835,1770301017,0x742d1c11c9cf4c84f1dda7b5c8ad8fc7bc708493,0xb7ea2b36a2c94f1b17939e77a20e0cf409c88bfa,0x3bfcb64ecf9727f315d3be454dc597a9d1f15769,1.043841,1.04384133611691,1.04384133611691,,0.8326036949784997
0xdbe5a3298e458245ac30fb2b2879d5983176f472531c26ab17d6f585bb4bc6c9,41755899,1770301145,0xa7272afc21f9c321024ed93892a1abfeb621c374,0x6c3dbf81cf5159a1d7de697324bc1e571c9ee53b,0x941e18899c9c385ec4f8c1647d55432f747da416,1.04384,1.04384133611691,1.04384133611691,,0.8326036949784997
0xe30899c7724d7ab00c67015262e43671f25b74c26d98a6f16798af89e63f69b5,41757069,1770303485,0x742d1c11c9cf4c84f1dda7b5c8ad8fc7bc708493,0xb7ea2b36a2c94f1b17939e77a20e0cf409c88bfa,0x3bfcb64ecf9727f315d3be454dc597a9d1f15769,1.043841,1.04384133611691,1.04384133611691,,0.8326036949784997
0x9f45a4181cbb67d295b5194bb02fcf008de161023b8a0c777f60cd944674ebc9,41757164,1770303675,0xa7272afc21f9c321024ed93892a1abfeb621c374,0x6c3dbf81cf5159a1d7de697324bc1e571c9ee53b,0x5d53f21e4c7fdcf42f236a089c9b3a00a53d6d74,1.04384,1.04384133611691,1.04384133611691,,0.8326036949784997
0xb76cd70dd5a5dba054359b6bc593824f35355e2596946a87ccb1610adfcd3aff,41757176,1770303699,0x9ca1dad919221d920b889aacf3023a5cea23165f,0x6c3dbf81cf5159a1d7de697324bc1e571c9ee53b,0x76c5f6918c8e02ca3a51da78604d0883e524482e,1.043841,1.04384133611691,1.04384133611691,,0.8326036949784997
0x042873a554d205fbffc18736fbdb95f4686ea3d8bec6a36738523db372309398,41757177,1770303701,0xa7272afc21f9c321024ed93892a1abfeb621c374,0xabf7b08a7dc4ac8a543c1112a98ddef3bb2990bd,0x76585fbba1eb984900eef32b48ec3560255c92d4,1.043841,1.04384133611691,1.04384133611691,,0.8326036949784997
0x5fc3bdf4437fe166867f78b6803cd3d7cab23f9eb70e2934e7283d518bab3209,41757177,1770303701,0xa7272afc21f9c321024ed93892a1abfeb621c374,0xabf7b08a7dc4ac8a543c1112a98ddef3bb2990bd,0xad95973c72045cd05b9ddaa2b27cf65f578e339e,1.043841,1.04384133611691,1.04384133611691,,0.8326036949784997
0x4cb6cf9fc9a93f4ceef918cb9d94e2b937f6d4005cfc40dbb208eb0ec90f77e4,41757177,1770303701,0xa7272afc21f9c321024ed93892a1abfeb621c374,0xabf7b08a7dc4ac8a543c1112a98ddef3bb2990bd,0x944263ed7db20091a728faccd56920159042d183,1.043841,1.04384133611691,1.04384133611691,,0.8326036949784997
0x26676a8370c1309b132d8e1a6edb9effe6be2354890eacebd135a9db7b046bb8,41757177,1770303701,0xa7272afc21f9c321024ed93892a1abfeb621c374,0xabf7b08a7dc4ac8a543c1112a98ddef3bb2990bd,0xeafdc784772239dfcbd799776f4e5bc53d07a2dd,1.043841,1.04384133611691,1.04384133611691,,0.8326036949784997
0x05fa30c9f689f9ae8ec04cf31f40b99b4877ec25d0029c0ff5c1a50784f67692,41757179,1770303705,0xa7272afc21f9c321024ed93892a1abfeb621c374,0x6c3dbf81cf5159a1d7de697324bc1e571c9ee53b,0xacfa576aa81f7501e3dd1122eba67e3de7d5d5a3,1.043841,1.04384133611691,1.04384133611691,,0.8326036949784997
0xe75c48b720487e2eeed4756b73a623c6d9a7422640c5391ca601edaa08ec1d7c,41757185,1770303717,0xa7272afc21f9c321024ed93892a1abfeb621c374,0x6c3dbf81cf5159a1d7de697324bc1e571c9ee53b,0x70f6409c2075efdd6fd06094fe5303f7c8a5fcc6,1.043841,1.04384133611691,1.04384133611691,,0.8326036949784997
0xd2f5a1c9c8c671d87eab413efbdeef05b50c6385e8c141fd478937415996ab78,41757197,1770303741,0xa7272afc21f9c321024ed93892a1abfeb621c374,0xabf7b08a7dc4ac8a543c1112a98ddef3bb2990bd,0x6551faf485f5a474f3091dc9c00e5c1240d8f2da,1.043841,1.04384133611691,1.04384133611691,,0.8326036949784997
0x3a752f0ec3c8d12592caaa47abf1b295a874f6a1ec67b1b4752e62770df86b83,41757197,1770303741,0xa7272afc21f9c321024ed93892a1abfeb621c374,0xabf7b08a7dc4ac8a543c1112a98ddef3bb2990bd,0x76acdf57551d19b31c29557d92ca5982433ff169,1.043841,1.04384133611691,1.04384133611691,,0.8326036949784997
0x88026c132c1a1eece1b5a5d49f49d685934400431b6ff8698e13b3eed51303e5,41757197,1770303741,0xa7272afc21f9c321024ed93892a1abfeb621c374,0xabf7b08a7dc4ac8a543c1112a98ddef3bb2990bd,0xa6da7e3bfad3c8b20c4ac34b2ba055bed9e5d762,1.043841,1.04384133611691,1.04384133611691,,0.8326036949784997
0x7466bf3b9ec8795f9614d7f55f1a02ade9bef21aa892bbce7a037bd84645484a,41757197,1770303741,0xa7272afc21f9c321024ed93892a1abfeb621c374,0xabf7b08a7dc4ac8a543c1112a98ddef3bb2990bd,0x76585fbba1eb984900eef32b48ec3560255c92d4,1.043841,1.04384133611691,1.04384133611691,,0.8326036949784997
0xaa9714c47122ac92e48563c0fa02370210f4ecbdc158a84b62adc5f98536f541,41757197,1770303741,0xa7272afc21f9c321024ed93892a1abfeb621c374,0xabf7b08a7dc4ac8a543c1112a98ddef3bb2990bd,0xad95973c72045cd05b9ddaa2b27cf65f578e339e,1.043841,1.04384133611691,1.04384133611691,,0.8326036949784997
0x6a012bdb51b8529b13be25895a5ff00ab72bc50a6bf20f3fccc64656559bc76e,41757197,1770303741,0xa7272afc21f9c321024ed93892a1abfeb621c374,0xabf7b08a7dc4ac8a543c1112a98ddef3bb2990bd,0x944263ed7db20091a728faccd56920159042d183,1.043841,1.04384133611691,1.04384133611691,,0.8326036949784997
0x37be7873f6f8a65f344a12b5c11db60e20ec47469556e86f9f0b8edc88504b11,41757197,1770303741,0xa7272afc21f9c321024ed93892a1abfeb621c374,0xabf7b08a7dc4ac8a543c1112a98ddef3bb2990bd,0x9b6b68094b3b28093cc306b2aef3917038789406,1.043841,1.04384133611691,1.04384133611691,,0.8326036949784997
0x7f3a7bd92612be23151eff31b5d397e050be55bd5c6e7990e8d9708b2c161520,41757207,1770303761,0xa7272afc21f9c321024ed93892a1abfeb621c374,0xabf7b08a7dc4ac8a543c1112a98ddef3bb2990bd,0xeafdc784772239dfcbd799776f4e5bc53d07a2dd,1.043841,1.04384133611691,1.04384133611691,,0.8326036949784997
0x65d0a666923a5322e0b87d5208afdf3c586ac57f47bfbadae9559fd5449b54a0,41757207,1770303761,0x9ca1dad919221d920b889aacf3023a5cea23165f,0x6c3dbf81cf5159a1d7de697324bc1e571c9ee53b,0x76c5f6918c8e02ca3a51da78604d0883e524482e,1.043841,1.04384133611691,1.04384133611691,,0.8326036949784997
0xc353ac2e0e583568a2df6a468e50dd2c735dc20029e5d17c7c3a66974b623648,41757215,1770303777,0xa7272afc21f9c321024ed93892a1abfeb621c374,0x6c3dbf81cf5159a1d7de697324bc1e571c9ee53b,0x5d53f21e4c7fdcf42f236a089c9b3a00a53d6d74,1.043841,1.04384133611691,1.04384133611691,,0.8326036949784997
0x144b9588ad887715fdda93353a452bae0551e537134b70006696b0912af0bda0,41757231,1770303809,0xa7272afc21f9c321024ed93892a1abfeb621c374,0x6c3dbf81cf5159a1d7de697324bc1e571c9ee53b,0x70f6409c2075efdd6fd06094fe5303f7c8a5fcc6,1.043841,1.04384133611691,1.04384133611691,,0.8326036949784997
0x2649c35becc313cec2f1f79e38fb8a1829ab07cec2f4bf58c1db26cb7c2d7b59,41757231,1770303809,0xa7272afc21f9c321024ed93892a1abfeb621c374,0x6c3dbf81cf5159a1d7de697324bc1e571c9ee53b,0xacfa576aa81f7501e3dd1122eba67e3de7d5d5a3,1.043841,1.04384133611691,1.04384133611691,,0.8326036949784997
0x07c3722ee0b65660d1c6c336b0883e6859452321bfce9dd325c712fd6b2a2c36,41757243,1770303833,0xa7272afc21f9c321024ed93892a1abfeb621c374,0xe5dddd7a7e5c9f0374ec02d246c9b9e2ce85c75d,0x6551faf485f5a474f3091dc9c00e5c1240d8f2da,1.043841,1.04384133611691,1.04384133611691,,0.8326036949784997
0xd02d9bfc65b74e077792f4a5f2077a9a1deed6e2df7a9a69ee3557a4a1ffa2ac,41757243,1770303833,0xa7272afc21f9c321024ed93892a1abfeb621c374,0xe5dddd7a7e5c9f0374ec02d246c9b9e2ce85c75d,0x76acdf57551d19b31c29557d92ca5982433ff169,1.043841,1.04384133611691,1.04384133611691,,0.8326036949784997
0xa6a67e976a925e00b761e748205c0d58aadac88577a5aff7628d382ef644315b,41757244,1770303835,0xa7272afc21f9c321024ed93892a1abfeb621c374,0xe5dddd7a7e5c9f0374ec02d246c9b9e2ce85c75d,0xa6da7e3bfad3c8b20c4ac34b2ba055bed9e5d762,1.04384,1.04384133611691,1.04384133611691,,0.8326036949784997
0x38dcb4e3ccf5ac3df84bf15a82c94ccfcfee955f7e9a1a05d171f22c631ef057,41757244,1770303835,0x9ca1dad919221d920b889aacf3023a5cea23165f,0xabf7b08a7dc4ac8a543c1112a98ddef3bb2990bd,0x76c5f6918c8e02ca3a51da78604d0883e524482e,1.043841,1.04384133611691,1.04384133611691,,0.8326036949784997
0xd1e129468818080f949d4ac574e7969e586b6e6e54b06500a8326b822b812f97,41757252,1770303851,0xa7272afc21f9c321024ed93892a1abfeb621c374,0x6c3dbf81cf5159a1d7de697324bc1e571c9ee53b,0xad95973c72045cd05b9ddaa2b27cf65f578e339e,1.045048,1.04384133611691,1.04384133611691,,0.8326036949784997
0x3ad72fe375bed81da7297c7092b250f1f77007b59bd6f7003c35dd7c5324ce10,41757255,1770303857,0xa7272afc21f9c321024ed93892a1abfeb621c374,0xe5dddd7a7e5c9f0374ec02d246c9b9e2ce85c75d,0x6551faf485f5a474f3091dc9c00e5c1240d8f2da,1.043841,1.04384133611691,1.04384133611691,,0.8326036949784997
0x98380ecd688b0919a747ce81c183dfad970a11939cda9b0f3abcf783a5c4c8a8,41757255,1770303857,0xa7272afc21f9c321024ed93892a1abfeb621c374,0xe5dddd7a7e5c9f0374ec02d246c9b9e2ce85c75d,0x76acdf57551d19b31c29557d92ca5982433ff169,1.043841,1.04384133611691,1.04384133611691,,0.8326036949784997
0x84aa3553427faeccf9a589f14d547f110045dadc15947a865758fbdecb3b67e2,41757258,1770303863,0xa7272afc21f9c321024ed93892a1abfeb621c374,0xe5dddd7a7e5c9f0374ec02d246c9b9e2ce85c75d,0xa6da7e3bfad3c8b20c4ac34b2ba055bed9e5d762,1.04384,1.04384133611691,1.04384133611691,,0.8326036949784997
0x8a68ed673ec89f4c17ecc81755845c0c76925f4fc35f2d46fa34c5ee4259849e,41757299,1770303945,0xa7272afc21f9c321024ed93892a1abfeb621c374,0xabf7b08a7dc4ac8a543c1112a98ddef3bb2990bd,0x9b6b68094b3b28093cc306b2aef3917038789406,1.043841,1.04384133611691,1.04384133611691,,0.8326036949784997
0x072914849ce23e554b9247f033af9d619421724dc1f57d14327f343e1dc550da,41757301,1770303949,0xa7272afc21f9c321024ed93892a1abfeb621c374,0xe5dddd7a7e5c9f0374ec02d246c9b9e2ce85c75d,0x6551faf485f5a474f3091dc9c00e5c1240d8f2da,1.043841,1.04384133611691,1.04384133611691,,0.8326036949784997
0x030525e371c3214c5f2fa6597890a513718a1204e57aedade4f94312cdc26cc8,41757301,1770303949,0xa7272afc21f9c321024ed93892a1abfeb621c374,0xe5dddd7a7e5c9f0374ec02d246c9b9e2ce85c75d,0x76acdf57551d19b31c29557d92ca5982433ff169,1.043841,1.04384133611691,1.04384133611691,,0.8326036949784997
0x51c7abb2a3cef8243a0e0d3d07acdde42a2f570c44834ac50adc4ce9b3b119c7,41757301,1770303949,0xa7272afc21f9c321024ed93892a1abfeb621c374,0xe5dddd7a7e5c9f0374ec02d246c9b9e2ce85c75d,0xa6da7e3bfad3c8b20c4ac34b2ba055bed9e5d762,1.043841,1.04384133611691,1.04384133611691,,0.8326036949784997
0x172e53bf7349700204a205ffb044e997f32f67e4ef01a362c5edc9c35f86ca28,41757301,1770303949,0xa7272afc21f9c321024ed93892a1abfeb621c374,0xe5dddd7a7e5c9f0374ec02d246c9b9e2ce85c75d,0x76585fbba1eb984900eef32b48ec3560255c92d4,1.04384,1.04384133611691,1.04384133611691,,0.8326036949784997
0x3b75f235a4e96b7c32d7cc80d43b35b49d632f2b59d12a1b4718a1689f5a437f,41757315,1770303977,0xa7272afc21f9c321024ed93892a1abfeb621c374,0xe5dddd7a7e5c9f0374ec02d246c9b9e2ce85c75d,0x6551faf485f5a474f3091dc9c00e5c1240d8f2da,1.043841,1.04384133611691,1.04384133611691,,0.8326036949784997
0xbaeaef3bfc3cd3ed2f21456af7012e9ee28d89ec0293871d77755e225f17216e,41757315,1770303977,0xa7272afc21f9c321024ed93892a1abfeb621c374,0xe5dddd7a7e5c9f0374ec02d246c9b9e2ce85c75d,0x76acdf57551d19b31c29557d92ca5982433ff169,1.043841,1.04384133611691,1.04384133611691,,0.8326036949784997
0xfc736294c8bc3e5af8ec759f124efc039fa2e18da910d0717423ad7852610904,41757318,1770303983,0xa7272afc21f9c321024ed93892a1abfeb621c374,0xe5dddd7a7e5c9f0374ec02d246c9b9e2ce85c75d,0xa6da7e3bfad3c8b20c4ac34b2ba055bed9e5d762,1.043841,1.04384133611691,1.04384133611691,,0.8326036949784997
0x04a6f882786ce1353d6d8100899869ced66edd27edea997d485aa15cef6be3cc,41757318,1770303983,0xa7272afc21f9c321024ed93892a1abfeb621c374,0xe5dddd7a7e5c9f0374ec02d246c9b9e2ce85c75d,0x944263ed7db20091a728faccd56920159042d183,1.043841,1.04384133611691,1.04384133611691,,0.8326036949784997
0x8e4ece2290a362ffca3837aa4d1811d0159db002930e97227ce29a4912e284dd,41757348,1770304043,0x9ca1dad919221d920b889aacf3023a5cea23165f,0xab67a08d053115256008149362da8baca79fae28,0x76c5f6918c8e02ca3a51da78604d0883e524482e,1.043841,1.04384133611691,1.04384133611691,,0.8326036949784997
0xcc04ac3e4bd6cfa3c0e1871dbf0916a2f63bf46f99c9e3d92c6d46c156bc34f7,41757350,1770304047,0xa7272afc21f9c321024ed93892a1abfeb621c374,0xab67a08d053115256008149362da8baca79fae28,0xacfa576aa81f7501e3dd1122eba67e3de7d5d5a3,1.043841,1.04384133611691,1.04384133611691,,0.8326036949784997
0x49728ecddb338ecc88c57ad111990d96d2cc1d261e6274244780755610f07cb9,41757357,1770304061,0xa7272afc21f9c321024ed93892a1abfeb621c374,0xab67a08d053115256008149362da8baca79fae28,0xeafdc784772239dfcbd799776f4e5bc53d07a2dd,1.046001,1.04384133611691,1.04384133611691,,0.8326036949784997
0x5a0eb0d297e93a06308ad5fba5d93000dda4ac79e6fc4ddd1e10bc9711469d3d,41757359,1770304065,0xa7272afc21f9c321024ed93892a1abfeb621c374,0xe5dddd7a7e5c9f0374ec02d246c9b9e2ce85c75d,0x6551faf485f5a474f3091dc9c00e5c1240d8f2da,1.043841,1.04384133611691,1.04384133611691,,0.8326036949784997
0x66064884e9ea6a4c7083fe74c5de69551b24e9bc7433769ada6848b04224098d,41757359,1770304065,0xa7272afc21f9c321024ed93892a1abfeb621c374,0xe5dddd7a7e5c9f0374ec02d246c9b9e2ce85c75d,0x76acdf57551d19b31c29557d92ca5982433ff169,1.043841,1.04384133611691,1.04384133611691,,0.8326036949784997
0x233c43d69f42450196db1d4217501c683e47922aff7f487930fa6ef069392cd6,41757376,1770304099,0xa7272afc21f9c321024ed93892a1abfeb621c374,0xabf7b08a7dc4ac8a543c1112a98ddef3bb2990bd,0xad95973c72045cd05b9ddaa2b27cf65f578e339e,1.043841,1.04384133611691,1.04384133611691,,0.8326036949784997
0x09c3044280eaf0fea76ab85380b90c731bc661215e5770ddb7c4c29332db8cf5,41757416,1770304179,0xa7272afc21f9c321024ed93892a1abfeb621c374,0xe5dddd7a7e5c9f0374ec02d246c9b9e2ce85c75d,0xa6da7e3bfad3c8b20c4ac34b2ba055bed9e5d762,1.044893,1.04384133611691,1.04384133611691,,0.8326036949784997
0x6359139af4a559c16bf2b9e2442dc269ea5880fddc86a6ef0b6c9503e34b4cb7,41757416,1770304179,0xa7272afc21f9c321024ed93892a1abfeb621c374,0xe5dddd7a7e5c9f0374ec02d246c9b9e2ce85c75d,0x6551faf485f5a474f3091dc9c00e5c1240d8f2da,1.044894,1.04384133611691,1.04384133611691,,0.8326036949784997
0x8fb91e238070a3691aaa8153fb355504acc98aae64cb6d48a9b9326c01294657,41757416,1770304179,0xa7272afc21f9c321024ed93892a1abfeb621c374,0xe5dddd7a7e5c9f0374ec02d246c9b9e2ce85c75d,0x76acdf57551d19b31c29557d92ca5982433ff169,1.044893,1.04384133611691,1.04384133611691,,0.8326036949784997
0x5ce7984e79c55a2410a65e50d65be9210402245384b660b9ec0c73f68bdb68c9,41757461,1770304269,0xa7272afc21f9c321024ed93892a1abfeb621c374,0xe5dddd7a7e5c9f0374ec02d246c9b9e2ce85c75d,0x6551faf485f5a474f3091dc9c00e5c1240d8f2da,1.049591,1.04384133611691,1.04384133611691,,0.8326036949784997
0x06fa9a4a8b27049e681546fa480413a99baf1e295f145b0de1563b129a29c7f5,41757461,1770304269,0xa7272afc21f9c321024ed93892a1abfeb621c374,0xe5dddd7a7e5c9f0374ec02d246c9b9e2ce85c75d,0x76acdf57551d19b31c29557d92ca5982433ff169,1.049591,1.04384133611691,1.04384133611691,,0.8326036949784997
0x6393d6c306f610ee38caf3461e0dffa16e421307060aa22ef28b79549249081d,41757461,1770304269,0xa7272afc21f9c321024ed93892a1abfeb621c374,0xe5dddd7a7e5c9f0374ec02d246c9b9e2ce85c75d,0xa6da7e3bfad3c8b20c4ac34b2ba055bed9e5d762,1.049591,1.04384133611691,1.04384133611691,,0.8326036949784997
0x8eb17268029782e769c2af90b95e4b78da6c0db4da30ae00a9bfbee7c94f817a,41757462,1770304271,0xa7272afc21f9c321024ed93892a1abfeb621c374,0xe5dddd7a7e5c9f0374ec02d246c9b9e2ce85c75d,0x76585fbba1eb984900eef32b48ec3560255c92d4,1.043841,1.04384133611691,1.04384133611691,,0.8326036949784997
0xaa5c4eaebe2e7604dc31cbc18c81ed36de8c9ed48180002eb2ee103f8ff40c00,41757492,1770304331,0xa7272afc21f9c321024ed93892a1abfeb621c374,0xe5dddd7a7e5c9f0374ec02d246c9b9e2ce85c75d,0x6551faf485f5a474f3091dc9c00e5c1240d8f2da,1.043841,1.04384133611691,1.04384133611691,,0.8326036949784997
0x1b03276f661ade0d08b7dfcdfa3655f6be78c6f37246d0cc3545798a684fb17d,41757492,1770304331,0xa7272afc21f9c321024ed93892a1abfeb621c374,0xe5dddd7a7e5c9f0374ec02d246c9b9e2ce85c75d,0x76acdf57551d19b31c29557d92ca5982433ff169,1.043841,1.04384133611691,1.04384133611691,,0.8326036949784997
0xf669984c12502a332e3b9f5ff3f5aa7986b00ead0f27a8fd9714599c1ca5c512,41757492,1770304331,0xa7272afc21f9c321024ed93892a1abfeb621c374,0xe5dddd7a7e5c9f0374ec02d246c9b9e2ce85c75d,0xa6da7e3bfad3c8b20c4ac34b2ba055bed9e5d762,1.043841,1.04384133611691,1.04384133611691,,0.8326036949784997
0x27e59f946914f20899ee1285b209d9be05a2bbfb15b2fcf4c8f7221be21eb49f,41757501,1770304349,0xa7272afc21f9c321024ed93892a1abfeb621c374,0x74513519689b1fb427747624a4dd87b3849d39cd,0x19dd96d1435b2f31bcdbfb2dc2dc9fa75ce5abe4,1.043841,1.04384133611691,1.04384133611691,,0.8326036949784997
0xbb9014defc797bdfe00817096ce59724823a3dec55b3e038fea572cf99512a03,41757521,1770304389,0xa7272afc21f9c321024ed93892a1abfeb621c374,0xe5dddd7a7e5c9f0374ec02d246c9b9e2ce85c75d,0xa6da7e3bfad3c8b20c4ac34b2ba055bed9e5d762,1.0466,1.04384133611691,1.04384133611691,,0.8326036949784997
0x81724b50c88159b9fb187bb66bf8a39703b34415d7e03223a9a85717766573b4,41757521,1770304389,0xa7272afc21f9c321024ed93892a1abfeb621c374,0xe5dddd7a7e5c9f0374ec02d246c9b9e2ce85c75d,0x6551faf485f5a474f3091dc9c00e5c1240d8f2da,1.046601,1.04384133611691,1.04384133611691,,0.8326036949784997
0xcae450fe44d8c8700bf04072dbe9708c163deacf57742defae3b1696d24154a7,41757521,1770304389,0xa7272afc21f9c321024ed93892a1abfeb621c374,0xe5dddd7a7e5c9f0374ec02d246c9b9e2ce85c75d,0x76acdf57551d19b31c29557d92ca5982433ff169,1.046601,1.04384133611691,1.04384133611691,,0.8326036949784997
0xb1071a56ac6acc6665b53c5e2e4307d9bbc769ee61e2289035c5f0744028700a,41757522,1770304391,0xa7272afc21f9c321024ed93892a1abfeb621c374,0xe5dddd7a7e5c9f0374ec02d246c9b9e2ce85c75d,0x19dd96d1435b2f31bcdbfb2dc2dc9fa75ce5abe4,1.043841,1.04384133611691,1.04384133611691,,0.8326036949784997
0x684e58122d1159497a8947ef03443ed42ffe8751e4f73079ff9d1be552059867,41757522,1770304391,0xa7272afc21f9c321024ed93892a1abfeb621c374,0xe5dddd7a7e5c9f0374ec02d246c9b9e2ce85c75d,0xad95973c72045cd05b9ddaa2b27cf65f578e339e,1.043841,1.04384133611691,1.04384133611691,,0.8326036949784997
0xefe2d15460957d40b0d085f7436f87008a1d5b66dd6463ab24a78d71ff4d4380,41757522,1770304391,0xa7272afc21f9c321024ed93892a1abfeb621c374,0xe5dddd7a7e5c9f0374ec02d246c9b9e2ce85c75d,0x944263ed7db20091a728faccd56920159042d183,1.04384,1.04384133611691,1.04384133611691,,0.8326036949784997
0x4ae193d2d5f2dd6b767a5efb868deea79022b505cba779a8d274d46814e988f3,41757526,1770304399,0xa7272afc21f9c321024ed93892a1abfeb621c374,0xf00001968c1d6196d3d0553030c7af8d1905dcbb,0x2b093f057dca6ec2dbf47f6df250f1d07727329e,1.043841,1.04384133611691,1.04384133611691,,0.8326036949784997
0xb3edf421f6539c983c28903c15df188424bdcf65c5bd7ab89fc51f642a12d453,41757582,1770304511,0xa7272afc21f9c321024ed93892a1abfeb621c374,0xe5dddd7a7e5c9f0374ec02d246c9b9e2ce85c75d,0x6551faf485f5a474f3091dc9c00e5c1240d8f2da,1.04554,1.04384133611691,1.04384133611691,,0.8326036949784997
0x8b1ee3a0fdfa67dc86ca93588391c09faff859c7a5e43d60769820dc05915ca1,41757582,1770304511,0xa7272afc21f9c321024ed93892a1abfeb621c374,0xe5dddd7a7e5c9f0374ec02d246c9b9e2ce85c75d,0x76acdf57551d19b31c29557d92ca5982433ff169,1.04554,1.04384133611691,1.04384133611691,,0.8326036949784997
0x20b0ba4ba745fbf678a8ccb9d42a929522809c4768f1ec8ef99ca8cedc00d193,41757582,1770304511,0xa7272afc21f9c321024ed93892a1abfeb621c374,0xe5dddd7a7e5c9f0374ec02d246c9b9e2ce85c75d,0x76585fbba1eb984900eef32b48ec3560255c92d4,1.04554,1.04384133611691,1.04384133611691,,0.8326036949784997
0xbbf9146f744d3f20abbf325b9dd1d9ea1e278edc722a7dfe84b7d08899d3b194,41757583,1770304513,0xa7272afc21f9c321024ed93892a1abfeb621c374,0xe5dddd7a7e5c9f0374ec02d246c9b9e2ce85c75d,0x19dd96d1435b2f31bcdbfb2dc2dc9fa75ce5abe4,1.043841,1.04384133611691,1.04384133611691,,0.8326036949784997
0xd57093f8970e19613d75980fd31b7c3aad28e2efc4c510522a89207a376b807b,41757586,1770304519,0xa7272afc21f9c321024ed93892a1abfeb621c374,0x74513519689b1fb427747624a4dd87b3849d39cd,0x2b093f057dca6ec2dbf47f6df250f1d07727329e,1.043841,1.04384133611691,1.04384133611691,,0.8326036949784997
0x8a56a5bb6984da54ac3acf201c8872041bc3919e76af1795e2ec48b9d83a6ece,41757592,1770304531,0x9ca1dad919221d920b889aacf3023a5cea23165f,0xe6e3f8b510fecab4b9f74df24cede54567ee2f14,0x76c5f6918c8e02ca3a51da78604d0883e524482e,1.043841,1.04384133611691,1.04384133611691,,0.8326036949784997
0x9a7061a9783a903bcfabde5da0b2e58bc2480ca2beaf05515c59c464e8977532,41757762,1770304871,0xa7272afc21f9c321024ed93892a1abfeb621c374,0xe5dddd7a7e5c9f0374ec02d246c9b9e2ce85c75d,0x6551faf485f5a474f3091dc9c00e5c1240d8f2da,1.043841,1.04384133611691,1.04384133611691,,0.8326036949784997
0x78dc4bc33b87ffdb30428fe11009b90d806bfb0896ae99145997621834edef3e,41757762,1770304871,0xa7272afc21f9c321024ed93892a1abfeb621c374,0xe5dddd7a7e5c9f0374ec02d246c9b9e2ce85c75d,0x76acdf57551d19b31c29557d92ca5982433ff169,1.043841,1.04384133611691,1.04384133611691,,0.8326036949784997
0x971cf34782a5cafc6b44549c52b08d451406efc91e7480873481619257dfdad2,41757762,1770304871,0xa7272afc21f9c321024ed93892a1abfeb621c374,0xe5dddd7a7e5c9f0374ec02d246c9b9e2ce85c75d,0x19dd96d1435b2f31bcdbfb2dc2dc9fa75ce5abe4,1.043841,1.04384133611691,1.04384133611691,,0.8326036949784997
0x111ce397c27c968bbeb5ccbc4a187d619e57c5ea74b9ec2aff62625810468d4d,41757762,1770304871,0xa7272afc21f9c321024ed93892a1abfeb621c374,0xe5dddd7a7e5c9f0374ec02d246c9b9e2ce85c75d,0xa6da7e3bfad3c8b20c4ac34b2ba055bed9e5d762,1.043841,1.04384133611691,1.04384133611691,,0.8326036949784997
0xcecb2e21f2d04945309660638bc23e2e4dfb957124b8bb6f616cc08a06dc470b,41757777,1770304901,0xa7272afc21f9c321024ed93892a1abfeb621c374,0xe5dddd7a7e5c9f0374ec02d246c9b9e2ce85c75d,0x19dd96d1435b2f31bcdbfb2dc2dc9fa75ce5abe4,1.043841,1.04384133611691,1.04384133611691,,0.8326036949784997
0xae9388b0c1d1b7e03de990b92ac431f689c96a4561ecb651bbeb2bd9a574d9e4,41757777,1770304901,0xa7272afc21f9c321024ed93892a1abfeb621c374,0xe5dddd7a7e5c9f0374ec02d246c9b9e2ce85c75d,0xa6da7e3bfad3c8b20c4ac34b2ba055bed9e5d762,1.043841,1.04384133611691,1.04384133611691,,0.8326036949784997
0xb159c74b58db3fc8e3238918c93108858a22486ab262888af4b292749db5c304,41757777,1770304901,0xa7272afc21f9c321024ed93892a1abfeb621c374,0xe5dddd7a7e5c9f0374ec02d246c9b9e2ce85c75d,0x6551faf485f5a474f3091dc9c00e5c1240d8f2da,1.043841,1.04384133611691,1.04384133611691,,0.8326036949784997
0xdb734dfca469d0e61fcf871226aeb4a826026c2653ac726673410ba7a88f0da3,41757777,1770304901,0xa7272afc21f9c321024ed93892a1abfeb621c374,0xe5dddd7a7e5c9f0374ec02d246c9b9e2ce85c75d,0x76acdf57551d19b31c29557d92ca5982433ff169,1.043841,1.04384133611691,1.04384133611691,,0.8326036949784997
0x185175b51717d57321f8a1b269ef353ddc457edd0cb40f628427ed4f068b6430,41757778,1770304903,0xa7272afc21f9c321024ed93892a1abfeb621c374,0xe5dddd7a7e5c9f0374ec02d246c9b9e2ce85c75d,0x9b6b68094b3b28093cc306b2aef3917038789406,1.043841,1.04384133611691,1.04384133611691,,0.8326036949784997
0xe50c14687c10a86655b3f57dad7141c2bda3d148acd459e4aa22c3e7b229aefa,41757779,1770304905,0xa7272afc21f9c321024ed93892a1abfeb621c374,0xe5dddd7a7e5c9f0374ec02d246c9b9e2ce85c75d,0x2b093f057dca6ec2dbf47f6df250f1d07727329e,1.043841,1.04384133611691,1.04384133611691,,0.8326036949784997
0x3be102254b0ae0b34c94cd13aa07b9771ffe3eb51987ee1a1ed867aa022b0acb,41757792,1770304931,0xa7272afc21f9c321024ed93892a1abfeb621c374,0xe5dddd7a7e5c9f0374ec02d246c9b9e2ce85c75d,0x2b093f057dca6ec2dbf47f6df250f1d07727329e,1.043841,1.04384133611691,1.04384133611691,,0.8326036949784997
0x50170ad8027f75d9e137da3497f563b7156c800b3ab0d11c2394f01f0161fcb0,41757792,1770304931,0xa7272afc21f9c321024ed93892a1abfeb621c374,0xe5dddd7a7e5c9f0374ec02d246c9b9e2ce85c75d,0x6551faf485f5a474f3091dc9c00e5c1240d8f2da,1.043841,1.04384133611691,1.04384133611691,,0.8326036949784997
0x4b260e412a1c59bf53bc3645c3b962fdeb5db3be4a71e88c6999944f7ef9ca20,41757792,1770304931,0xa7272afc21f9c321024ed93892a1abfeb621c374,0xe5dddd7a7e5c9f0374ec02d246c9b9e2ce85c75d,0x76acdf57551d19b31c29557d92ca5982433ff169,1.043841,1.04384133611691,1.04384133611691,,0.8326036949784997
0xb80f2795091bf0cb786a0a8e0dfca938608888351ec9ff0ea27d1275efae5911,41757792,1770304931,0xa7272afc21f9c321024ed93892a1abfeb621c374,0xe5dddd7a7e5c9f0374ec02d246c9b9e2ce85c75d,0x19dd96d1435b2f31bcdbfb2dc2dc9fa75ce5abe4,1.043841,1.04384133611691,1.04384133611691,,0.8326036949784997
0xfc3106e80839ec2e35a75d57fffe82f21c2d3f20eabd9f44234f10d6bc5f72c1,41757822,1770304991,0xa7272afc21f9c321024ed93892a1abfeb621c374,0xabf7b08a7dc4ac8a543c1112a98ddef3bb2990bd,0x2b093f057dca6ec2dbf47f6df250f1d07727329e,1.04569,1.04384133611691,1.04384133611691,,0.8326036949784997
0x4c7ca3743665d1ef6d023064fbbbd320d93d459ae3900d50df155d597bf99cb5,41757822,1770304991,0xa7272afc21f9c321024ed93892a1abfeb621c374,0xabf7b08a7dc4ac8a543c1112a98ddef3bb2990bd,0x6551faf485f5a474f3091dc9c00e5c1240d8f2da,1.04569,1.04384133611691,1.04384133611691,,0.8326036949784997
0x343dc5500371be4d8f337b9dc4ad20d347af6f31c4a1be7a8abb9f21c4e7ac4f,41757822,1770304991,0xa7272afc21f9c321024ed93892a1abfeb621c374,0xabf7b08a7dc4ac8a543c1112a98ddef3bb2990bd,0x76acdf57551d19b31c29557d92ca5982433ff169,1.04569,1.04384133611691,1.04384133611691,,0.8326036949784997
0xac40bcbe1c782d9d400344c8281cae0d0b5fc49c3a033a013fced6c76e177d42,41757822,1770304991,0xa7272afc21f9c321024ed93892a1abfeb621c374,0xe5dddd7a7e5c9f0374ec02d246c9b9e2ce85c75d,0x19dd96d1435b2f31bcdbfb2dc2dc9fa75ce5abe4,1.045689,1.04384133611691,1.04384133611691,,0.8326036949784997
0x0f778cfdb4979a36724bca0b4b71968f6fa84a9709884898cd8e0fd0ba6d6526,41757822,1770304991,0xa7272afc21f9c321024ed93892a1abfeb621c374,0xe5dddd7a7e5c9f0374ec02d246c9b9e2ce85c75d,0xa6da7e3bfad3c8b20c4ac34b2ba055bed9e5d762,1.045689,1.04384133611691,1.04384133611691,,0.8326036949784997
0xaf9846fbe989ec9d7bc068d87be970e1f51c7eac39d983b4cf8da2e86455c9d9,41757838,1770305023,0xa7272afc21f9c321024ed93892a1abfeb621c374,0xe5dddd7a7e5c9f0374ec02d246c9b9e2ce85c75d,0x2b093f057dca6ec2dbf47f6df250f1d07727329e,1.043841,1.04384133611691,1.04384133611691,,0.8326036949784997
0x5bb14f9b5794e3aed3f297ffe486ce68a5a6080bae86a84889e1d2c09804ffca,41757838,1770305023,0xa7272afc21f9c321024ed93892a1abfeb621c374,0xabf7b08a7dc4ac8a543c1112a98ddef3bb2990bd,0x76acdf57551d19b31c29557d92ca5982433ff169,1.043841,1.04384133611691,1.04384133611691,,0.8326036949784997
0x9cef32e2db5a35101a593b55d06281d187f207f4aed3513360a2b411c48f8d62,41757838,1770305023,0xa7272afc21f9c321024ed93892a1abfeb621c374,0xe5dddd7a7e5c9f0374ec02d246c9b9e2ce85c75d,0x6551faf485f5a474f3091dc9c00e5c1240d8f2da,1.043841,1.04384133611691,1.04384133611691,,0.8326036949784997
0xcdcd8809be28cae08cba6d8d9f7451f3f2d607c1a09837a6121a99699370a822,41757838,1770305023,0xa7272afc21f9c321024ed93892a1abfeb621c374,0xabf7b08a7dc4ac8a543c1112a98ddef3bb2990bd,0x19dd96d1435b2f31bcdbfb2dc2dc9fa75ce5abe4,1.043841,1.04384133611691,1.04384133611691,,0.8326036949784997
0xf61478302c9da5d23e31bae607ae77d6d36a547a4678651c37eae9b32fe0357a,41757849,1770305045,0xd577d9dcff3e46e97d2b859df6d6c68a7dbb6612,0xabf7b08a7dc4ac8a543c1112a98ddef3bb2990bd,0x5ec6090b325abd98a441a2a35c26cdceb6ee82de,1.059347,1.04384133611691,1.04384133611691,,0.8326036949784997
0x7fd55b3663bb3c61e9a256811e751b02fbbeb7d5829209dc9af080ac45e39316,41757850,1770305047,0xa7272afc21f9c321024ed93892a1abfeb621c374,0xe5dddd7a7e5c9f0374ec02d246c9b9e2ce85c75d,0xa6da7e3bfad3c8b20c4ac34b2ba055bed9e5d762,1.043841,1.04384133611691,1.04384133611691,,0.8326036949784997
0xe2c4e3db15f9373ca01b39856ce66ddc3f6a31ed400433ef514a685f20b1ff65,41757852,1770305051,0xa7272afc21f9c321024ed93892a1abfeb621c374,0xe5dddd7a7e5c9f0374ec02d246c9b9e2ce85c75d,0x19dd96d1435b2f31bcdbfb2dc2dc9fa75ce5abe4,1.046863,1.04384133611691,1.04384133611691,,0.8326036949784997
0x76e8c77e11f3971fcb4163c75db6e4b547a3c4961459be5ed6f61c6f021032d9,41757853,1770305053,0xa7272afc21f9c321024ed93892a1abfeb621c374,0xe5dddd7a7e5c9f0374ec02d246c9b9e2ce85c75d,0x6551faf485f5a474f3091dc9c00e5c1240d8f2da,1.043841,1.04384133611691,1.04384133611691,,0.8326036949784997
0x5e736f2bdea6b85ecd0ba007a7b3f7581e48537cb7bb7792889a31c4683f20da,41757853,1770305053,0xa7272afc21f9c321024ed93892a1abfeb621c374,0xe5dddd7a7e5c9f0374ec02d246c9b9e2ce85c75d,0x76acdf57551d19b31c29557d92ca5982433ff169,1.043841,1.04384133611691,1.04384133611691,,0.8326036949784997
0x703d90009324810ebdf1b5a4042a1487c7846bbd971bb6613171992a686e3380,41757853,1770305053,0xa7272afc21f9c321024ed93892a1abfeb621c374,0xe5dddd7a7e5c9f0374ec02d246c9b9e2ce85c75d,0x2b093f057dca6ec2dbf47f6df250f1d07727329e,1.043841,1.04384133611691,1.04384133611691,,0.8326036949784997
0xcaa8d718eaf609cd3b166d5cd2622295c251b0123126dae56ef4fd959d8a13de,41757853,1770305053,0xa7272afc21f9c321024ed93892a1abfeb621c374,0xe5dddd7a7e5c9f0374ec02d246c9b9e2ce85c75d,0x76585fbba1eb984900eef32b48ec3560255c92d4,1.043841,1.04384133611691,1.04384133611691,,0.8326036949784997
0x954700c77a9f2e2b76a5b7a616ffe32210a8abf348803809a7adc76903fefa5d,41757929,1770305205,0xa7272afc21f9c321024ed93892a1abfeb621c374,0x00f231319f921a95284def641fd8274a8cb0e6ee,0x70f6409c2075efdd6fd06094fe5303f7c8a5fcc6,1.043841,1.04384133611691,1.04384133611691,,0.8326036949784997
0xf848306c0ba16ceb9e727ca9f28f2ef0dd38377747e6624353928f40ccb1e67b,41757968,1770305283,0xa517fe2cf559e1c37d4bb844770b089ab9227ae7,0xc41b1af25ea9ad03e81a4d551454e9f4f519ae4e,0x21376f9ea9b75358f3ce6138edec1515998cf930,1.126465,1.1267605633802817,1.1267605633802817,,0.5625919504874457
0x625c3c5a4408f36f0f2d63d9ba21021d3ba22a3d26d26a3a7999b9d8845efb00,41758032,1770305411,0xa7272afc21f9c321024ed93892a1abfeb621c374,0xe5dddd7a7e5c9f0374ec02d246c9b9e2ce85c75d,0x6551faf485f5a474f3091dc9c00e5c1240d8f2da,1.047904,1.04384133611691,1.04384133611691,,0.8326036949784997
0x7e03c8d061f47c431f46e893c32fefd5d2cf743b90c7062f9c5c2e03554696a8,41758032,1770305411,0xa7272afc21f9c321024ed93892a1abfeb621c374,0xe5dddd7a7e5c9f0374ec02d246c9b9e2ce85c75d,0x19dd96d1435b2f31bcdbfb2dc2dc9fa75ce5abe4,1.047904,1.04384133611691,1.04384133611691,,0.8326036949784997
0xd56c6161038ffb842267389bb5872e3e1a17070b16163a3b2421728ae98fe4a0,41758032,1770305411,0xa7272afc21f9c321024ed93892a1abfeb621c374,0xe5dddd7a7e5c9f0374ec02d246c9b9e2ce85c75d,0x76acdf57551d19b31c29557d92ca5982433ff169,1.047904,1.04384133611691,1.04384133611691,,0.8326036949784997
0x617b1a010547640aac56438e6d04d76d32103727ac2e5cb02a32971c004cd979,41758032,1770305411,0xa7272afc21f9c321024ed93892a1abfeb621c374,0xabf7b08a7dc4ac8a543c1112a98ddef3bb2990bd,0xa6da7e3bfad3c8b20c4ac34b2ba055bed9e5d762,1.047904,1.04384133611691,1.04384133611691,,0.8326036949784997
0x0609d90ae55c1123e8a9c0677a17239f496ae0ff369336f03fe1628b71aad110,41758033,1770305413,0xa7272afc21f9c321024ed93892a1abfeb621c374,0xe5dddd7a7e5c9f0374ec02d246c9b9e2ce85c75d,0x2b093f057dca6ec2dbf47f6df250f1d07727329e,1.043841,1.04384133611691,1.04384133611691,,0.8326036949784997
0x0e29a03031efcfaf1b8b5b7c4317ac778f641d7184bf38cdf1734e70ff866360,41758089,1770305525,0xd577d9dcff3e46e97d2b859df6d6c68a7dbb6612,0xe5dddd7a7e5c9f0374ec02d246c9b9e2ce85c75d,0x5ec6090b325abd98a441a2a35c26cdceb6ee82de,1.047691,1.04384133611691,1.04384133611691,,0.8326036949784997
0xebda24420c2bc46a361fc6452446b5687a083c3301cb7a43957f979f3e062a47,41758258,1770305863,0x742d1c11c9cf4c84f1dda7b5c8ad8fc7bc708493,0xb7ea2b36a2c94f1b17939e77a20e0cf409c88bfa,0x97e7cf55540bc6ea10124edf71e6278b4c5093fb,1.043841,1.04384133611691,1.04384133611691,,0.8326036949784997
0xbcc131c5e6c54b8875ca91f42e953fe80ca1ee6ecdf5b41618165a1d02e2a75e,41758270,1770305887,0xa7272afc21f9c321024ed93892a1abfeb621c374,0xabf7b08a7dc4ac8a543c1112a98ddef3bb2990bd,0xad95973c72045cd05b9ddaa2b27cf65f578e339e,1.043841,1.04384133611691,1.04384133611691,,0.8326036949784997
0x845ed1933daeb257c9914814e66d76fcf454eb7f95267f45dd9568f461554f75,41758274,1770305895,0xa7272afc21f9c321024ed93892a1abfeb621c374,0xabf7b08a7dc4ac8a543c1112a98ddef3bb2990bd,0x944263ed7db20091a728faccd56920159042d183,1.043841,1.04384133611691,1.04384133611691,,0.8326036949784997
0x874f589878dc6b124fb40b06f211a3de8067f46b4e0cd20c71e1fb93fb17773a,41758377,1770306101,0xa7272afc21f9c321024ed93892a1abfeb621c374,0x918d91855b1e131e617b53f6373923bb292046b0,0xeafdc784772239dfcbd799776f4e5bc53d07a2dd,1.043841,1.04384133611691,1.04384133611691,,0.8326036949784997
0xbe267f9707e064c50f7e0eeefd30084b6da1053481f3d7adb9d808e24f0fd986,41758512,1770306371,0xa7272afc21f9c321024ed93892a1abfeb621c374,0xabf7b08a7dc4ac8a543c1112a98ddef3bb2990bd,0x9b6b68094b3b28093cc306b2aef3917038789406,1.045559,1.04384133611691,1.04384133611691,,0.8326036949784997
0x7e8c06de960d21da2d3ac9e37452aa3f935473fe41604ffcc6ee481478086050,41758521,1770306389,0x742d1c11c9cf4c84f1dda7b5c8ad8fc7bc708493,0xb7ea2b36a2c94f1b17939e77a20e0cf409c88bfa,0x97e7cf55540bc6ea10124edf71e6278b4c5093fb,1.043841,1.04384133611691,1.04384133611691,,0.8326036949784997
0xffb32901ee95a9bcca28e84d82b0a4ba8b3ea743b8745a9491f1499166bef6df,41758553,1770306453,0x95c3b46afbee56d6125bf6bb847fe080df02e9ce,0xb7ea2b36a2c94f1b17939e77a20e0cf409c88bfa,0x3cc4d5e7d3f4ae8cdb34d1a011b07b00309b556f,1.043841,1.04384133611691,1.04384133611691,,0.8326036949784997
0x8bd44735a93c579efdb1d82f55bbb4d7628c2b9322e6126d4eb59215be8d2f8d,41758843,1770307033,0xa7272afc21f9c321024ed93892a1abfeb621c374,0xabf7b08a7dc4ac8a543c1112a98ddef3bb2990bd,0xacfa576aa81f7501e3dd1122eba67e3de7d5d5a3,1.043841,1.04384133611691,1.04384133611691,,0.8326036949784997
0x984a6cb0078b15039972b67f9b52e2643b8e98a8737ddac2fbcb16a6f6090fdc,41759037,1770307421,0xa7272afc21f9c321024ed93892a1abfeb621c374,0xabf7b08a7dc4ac8a543c1112a98ddef3bb2990bd,0x70f6409c2075efdd6fd06094fe5303f7c8a5fcc6,1.048831,1.04384133611691,1.04384133611691,,0.8326036949784997
0xd5d9fd674c4fcd5a7670ec644b58275b55dac509b9e897ab19eb0f7ff50c0be2,41759037,1770307421,0xa7272afc21f9c321024ed93892a1abfeb621c374,0xabf7b08a7dc4ac8a543c1112a98ddef3bb2990bd,0xeafdc784772239dfcbd799776f4e5bc53d07a2dd,1.048831,1.04384133611691,1.04384133611691,,0.8326036949784997
0x7b57a7b0a8ec2f10071ecf214d0d0328b457f4176b0ad7c0471e3cc3394c69fd,41759054,1770307455,0x742d1c11c9cf4c84f1dda7b5c8ad8fc7bc708493,0xb7ea2b36a2c94f1b17939e77a20e0cf409c88bfa,0x97e7cf55540bc6ea10124edf71e6278b4c5093fb,1.043841,1.04384133611691,1.04384133611691,,0.8326036949784997
0x177dd880b4b1625b70001a8e4ad8a40f759d41a1ab85c95bb4882378c3a1ec50,41759173,1770307693,0xa7272afc21f9c321024ed93892a1abfeb621c374,0xabf7b08a7dc4ac8a543c1112a98ddef3bb2990bd,0xeafdc784772239dfcbd799776f4e5bc53d07a2dd,1.043841,1.04384133611691,1.04384133611691,,0.8326036949784997
0xad998008eebfbd7083afb13dea923ed9687f35a1cc8942b99f89b44bda9bbc04,41759173,1770307693,0xa7272afc21f9c321024ed93892a1abfeb621c374,0xabf7b08a7dc4ac8a543c1112a98ddef3bb2990bd,0x5d53f21e4c7fdcf42f236a089c9b3a00a53d6d74,1.043841,1.04384133611691,1.04384133611691,,0.8326036949784997
0x5619064ae61efefaa6e3e5f3cd54a29386a7d4bf44406a541fddcbc92e093abe,41759173,1770307693,0xa7272afc21f9c321024ed93892a1abfeb621c374,0xabf7b08a7dc4ac8a543c1112a98ddef3bb2990bd,0x9b6b68094b3b28093cc306b2aef3917038789406,1.043841,1.04384133611691,1.04384133611691,,0.8326036949784997
0xac9d2cee2d9524a8731c4826f81775b99ab1d55c52043b62a26f13a8772df8fa,41759188,1770307723,0xa7272afc21f9c321024ed93892a1abfeb621c374,0xabf7b08a7dc4ac8a543c1112a98ddef3bb2990bd,0x9b6b68094b3b28093cc306b2aef3917038789406,1.043841,1.04384133611691,1.04384133611691,,0.8326036949784997
0xe5f39cab0cf8aba904cbf53263ddaa060faa02ece2d6b7a9f0bc2fc75e94e3c1,41759207,1770307761,0x742d1c11c9cf4c84f1dda7b5c8ad8fc7bc708493,0xb7ea2b36a2c94f1b17939e77a20e0cf409c88bfa,0x97e7cf55540bc6ea10124edf71e6278b4c5093fb,1.043841,1.04384133611691,1.04384133611691,,0.8326036949784997
0x102c4f6187c26f295c4f27e13d5bc7e73f359cc003c33bd8001ae809ad839e5c,41759234,1770307815,0xa7272afc21f9c321024ed93892a1abfeb621c374,0xabf7b08a7dc4ac8a543c1112a98ddef3bb2990bd,0x76585fbba1eb984900eef32b48ec3560255c92d4,1.043841,1.04384133611691,1.04384133611691,,0.8326036949784997
0x2020dad53cdd45f504e8828b57285f1c6263cbc1681ef18a5f288c7a4514d8dd,41759234,1770307815,0xa7272afc21f9c321024ed93892a1abfeb621c374,0xabf7b08a7dc4ac8a543c1112a98ddef3bb2990bd,0xeafdc784772239dfcbd799776f4e5bc53d07a2dd,1.043841,1.04384133611691,1.04384133611691,,0.8326036949784997
0xbc5f0044ab3d35343a0c824cfe98a126968034a9f1facb49ae8e76fe99564385,41759234,1770307815,0xa7272afc21f9c321024ed93892a1abfeb621c374,0xabf7b08a7dc4ac8a543c1112a98ddef3bb2990bd,0x9b6b68094b3b28093cc306b2aef3917038789406,1.043841,1.04384133611691,1.04384133611691,,0.8326036949784997
0x215dacc291856a78e21dbec19a4a0c9747db4fca74e934c6f95f35ef3575850b,41759234,1770307815,0xa7272afc21f9c321024ed93892a1abfeb621c374,0xabf7b08a7dc4ac8a543c1112a98ddef3bb2990bd,0xad95973c72045cd05b9ddaa2b27cf65f578e339e,1.043841,1.04384133611691,1.04384133611691,,0.8326036949784997
0x0dc81b602c600a86a0145dc29d9e7e6d4a76da6f11aea87c6a2db793680f13e2,41759234,1770307815,0xa7272afc21f9c321024ed93892a1abfeb621c374,0xabf7b08a7dc4ac8a543c1112a98ddef3bb2990bd,0x944263ed7db20091a728faccd56920159042d183,1.043841,1.04384133611691,1.04384133611691,,0.8326036949784997
0x024a120a50e54197cb316a694ac876240994a187a2da056de808b5b907d3325f,41759234,1770307815,0xa7272afc21f9c321024ed93892a1abfeb621c374,0xabf7b08a7dc4ac8a543c1112a98ddef3bb2990bd,0xacfa576aa81f7501e3dd1122eba67e3de7d5d5a3,1.043841,1.04384133611691,1.04384133611691,,0.8326036949784997
0x5a39e0c441596f32a62e45d77645419fdd4fb993baec812e48e0511e37faeb44,41761096,1770311539,0xa7272afc21f9c321024ed93892a1abfeb621c374,0x6c3dbf81cf5159a1d7de697324bc1e571c9ee53b,0x70f6409c2075efdd6fd06094fe5303f7c8a5fcc6,1.043841,1.04384133611691,1.04384133611691,,0.8326036949784997
0xee5b4a06ee4dba89ed860edf968bde43f8dc8e052e68bcb4fc908198904de403,41761202,1770311751,0xa7272afc21f9c321024ed93892a1abfeb621c374,0x6c3dbf81cf5159a1d7de697324bc1e571c9ee53b,0x70f6409c2075efdd6fd06094fe5303f7c8a5fcc6,1.043841,1.04384133611691,1.04384133611691,,0.8326036949784997
0x6154ccaf7a63ade775949dc951633b3aaf434b479c1b3f8078e387f6a67b8a9b,41761262,1770311871,0xa7272afc21f9c321024ed93892a1abfeb621c374,0x6c3dbf81cf5159a1d7de697324bc1e571c9ee53b,0x70f6409c2075efdd6fd06094fe5303f7c8a5fcc6,1.043841,1.04384133611691,1.04384133611691,,0.8326036949784997
0xa1384cff266162a42267d12db965e5016ee740959553c9475f1b65a1ea6386fb,41761320,1770311987,0xa7272afc21f9c321024ed93892a1abfeb621c374,0xabf7b08a7dc4ac8a543c1112a98ddef3bb2990bd,0x76585fbba1eb984900eef32b48ec3560255c92d4,1.043841,1.04384133611691,1.04384133611691,,0.8326036949784997
0x44491380a2fd487161ed7bcc1965431ff20f1b4c18c6856aa5a5b7f44106e371,41761320,1770311987,0xa7272afc21f9c321024ed93892a1abfeb621c374,0xabf7b08a7dc4ac8a543c1112a98ddef3bb2990bd,0xad95973c72045cd05b9ddaa2b27cf65f578e339e,1.043841,1.04384133611691,1.04384133611691,,0.8326036949784997
0x59abd7e2f19a7875057235a3403d2a59ce0a72116820d655d300963736b05dd6,41761320,1770311987,0xa7272afc21f9c321024ed93892a1abfeb621c374,0xabf7b08a7dc4ac8a543c1112a98ddef3bb2990bd,0x944263ed7db20091a728faccd56920159042d183,1.043841,1.04384133611691,1.04384133611691,,0.8326036949784997
0xb068d8bb6c08f07eb2358674afe6e9e479c372bedbec8161cd5b382f70566161,41761320,1770311987,0xa7272afc21f9c321024ed93892a1abfeb621c374,0xabf7b08a7dc4ac8a543c1112a98ddef3bb2990bd,0x9b6b68094b3b28093cc306b2aef3917038789406,1.043841,1.04384133611691,1.04384133611691,,0.8326036949784997
0xf45dba0a35c0602c6964e89407dbdbda8867dca192a078cb26711b9dfd4fd58d,41761321,1770311989,0xa7272afc21f9c321024ed93892a1abfeb621c374,0xabf7b08a7dc4ac8a543c1112a98ddef3bb2990bd,0xeafdc784772239dfcbd799776f4e5bc53d07a2dd,1.043841,1.04384133611691,1.04384133611691,,0.8326036949784997
0xd8a350e17c982329afa4ebc5bd4158f2d65b6f54448887aa6e9d2cb9c36d99a1,41761324,1770311995,0xa7272afc21f9c321024ed93892a1abfeb621c374,0x6c3dbf81cf5159a1d7de697324bc1e571c9ee53b,0xacfa576aa81f7501e3dd1122eba67e3de7d5d5a3,1.043841,1.04384133611691,1.04384133611691,,0.8326036949784997
0xc80ce5160011a10cf7198727f3988d55811a04bf69453c509feabf2f0da14f0f,41761389,1770312125,0xa7272afc21f9c321024ed93892a1abfeb621c374,0xabf7b08a7dc4ac8a543c1112a98ddef3bb2990bd,0x2b093f057dca6ec2dbf47f6df250f1d07727329e,1.043841,1.04384133611691,1.04384133611691,,0.8326036949784997
0xe7b67fdddf26f0ddb2a812bd11c92a5e24b0beb250942ecf13c7872dc8a3da52,41761389,1770312125,0xa7272afc21f9c321024ed93892a1abfeb621c374,0xabf7b08a7dc4ac8a543c1112a98ddef3bb2990bd,0x6551faf485f5a474f3091dc9c00e5c1240d8f2da,1.043841,1.04384133611691,1.04384133611691,,0.8326036949784997
0x79a2b299763c3707e20274922690aeeb25d187f50271ac15d3d9b64a357ec873,41761389,1770312125,0xa7272afc21f9c321024ed93892a1abfeb621c374,0xabf7b08a7dc4ac8a543c1112a98ddef3bb2990bd,0x19dd96d1435b2f31bcdbfb2dc2dc9fa75ce5abe4,1.043841,1.04384133611691,1.04384133611691,,0.8326036949784997
0xd5689577ee1b3433da387883f2dc35aae0059f6619e238c2317a6bdda4133662,41761389,1770312125,0xa7272afc21f9c321024ed93892a1abfeb621c374,0xabf7b08a7dc4ac8a543c1112a98ddef3bb2990bd,0xa6da7e3bfad3c8b20c4ac34b2ba055bed9e5d762,1.043841,1.04384133611691,1.04384133611691,,0.8326036949784997
0xf12e5e0de3f87a4fc516e31fc7ddd1de0e26904e5f7ff8e910e8622e63b558b9,41761389,1770312125,0xa7272afc21f9c321024ed93892a1abfeb621c374,0xabf7b08a7dc4ac8a543c1112a98ddef3bb2990bd,0x76585fbba1eb984900eef32b48ec3560255c92d4,1.043841,1.04384133611691,1.04384133611691,,0.8326036949784997
0xa33815018e2a4a74cfb7898fa8857408842008d625fccddd9e03c0fff881f6d6,41761389,1770312125,0xa7272afc21f9c321024ed93892a1abfeb621c374,0xabf7b08a7dc4ac8a543c1112a98ddef3bb2990bd,0xad95973c72045cd05b9ddaa2b27cf65f578e339e,1.043841,1.04384133611691,1.04384133611691,,0.8326036949784997
0x5efbb764065dbbdf114d264a4efdcd736a78f6a95d34e4b1e94c899d4aa13deb,41761389,1770312125,0xa7272afc21f9c321024ed93892a1abfeb621c374,0xabf7b08a7dc4ac8a543c1112a98ddef3bb2990bd,0x944263ed7db20091a728faccd56920159042d183,1.043841,1.04384133611691,1.04384133611691,,0.8326036949784997
0xed3f62589baad9fe2e00ee0ffb0709a23ee5106db7c5709ad986e6c8ad3a2ec3,41761389,1770312125,0xa7272afc21f9c321024ed93892a1abfeb621c374,0xabf7b08a7dc4ac8a543c1112a98ddef3bb2990bd,0x9b6b68094b3b28093cc306b2aef3917038789406,1.043841,1.04384133611691,1.04384133611691,,0.8326036949784997
0x11743cacfa4a59515aec93bbeff2a2a7faf97b452ec9ce01046143105b0ff3a3,41761726,1770312799,0xa7272afc21f9c321024ed93892a1abfeb621c374,0x6c3dbf81cf5159a1d7de697324bc1e571c9ee53b,0x70f6409c2075efdd6fd06094fe5303f7c8a5fcc6,1.043841,1.04384133611691,1.04384133611691,,0.8326036949784997
0x74b4edf9f6bac123e9b4b64ac162d1430632f814f4f44364a48b79b8d3265d60,41761726,1770312799,0xa7272afc21f9c321024ed93892a1abfeb621c374,0x6c3dbf81cf5159a1d7de697324bc1e571c9ee53b,0x5d53f21e4c7fdcf42f236a089c9b3a00a53d6d74,1.043841,1.04384133611691,1.04384133611691,,0.8326036949784997
0x7a000fc47e46848857fe59e48244cb5872cea170c91a52e95f2e5b18d1865756,41762205,1770313757,0xa7272afc21f9c321024ed93892a1abfeb621c374,0xabf7b08a7dc4ac8a543c1112a98ddef3bb2990bd,0xeafdc784772239dfcbd799776f4e5bc53d07a2dd,1.043841,1.04384133611691,1.04384133611691,,0.8326036949784997
0x7a3d069aa19127ba46d36799d71eb0a9cf906b52476b5f1e967186614907355f,41762209,1770313765,0xa7272afc21f9c321024ed93892a1abfeb621c374,0x6c3dbf81cf5159a1d7de697324bc1e571c9ee53b,0xacfa576aa81f7501e3dd1122eba67e3de7d5d5a3,1.043841,1.04384133611691,1.04384133611691,,0.8326036949784997
0x3b2d358eff4c197a9262ffd8812d9df5b947d684eb88471c82fd5c41480fc475,41762211,1770313769,0xa7272afc21f9c321024ed93892a1abfeb621c374,0x6c3dbf81cf5159a1d7de697324bc1e571c9ee53b,0x70f6409c2075efdd6fd06094fe5303f7c8a5fcc6,1.043841,1.04384133611691,1.04384133611691,,0.8326036949784997
0x06fdf9cfe5a8215ea45fb3f3eb648949f999a032dbbc4cbb12f545068b46cc7f,41762313,1770313973,0xa7272afc21f9c321024ed93892a1abfeb621c374,0x6c3dbf81cf5159a1d7de697324bc1e571c9ee53b,0xeafdc784772239dfcbd799776f4e5bc53d07a2dd,1.043841,1.04384133611691,1.04384133611691,,0.8326036949784997
0x877e343606e22049b537f876fe27e639462e115dc619b5c0e926858a9a3711ee,41762340,1770314027,0xa7272afc21f9c321024ed93892a1abfeb621c374,0xabf7b08a7dc4ac8a543c1112a98ddef3bb2990bd,0xeafdc784772239dfcbd799776f4e5bc53d07a2dd,1.043841,1.04384133611691,1.04384133611691,,0.8326036949784997
0x2e865017400d877d83665afaf879758527b7516d18930b7ec039b22fe5d425b5,41762470,1770314287,0xa7272afc21f9c321024ed93892a1abfeb621c374,0x6c3dbf81cf5159a1d7de697324bc1e571c9ee53b,0xacfa576aa81f7501e3dd1122eba67e3de7d5d5a3,1.04384,1.04384133611691,1.04384133611691,,0.8326036949784997
0x0ec15ff8b729b003b09535b1014cdbad667bb81a0478d84b705f1006ebb6d84b,41762470,1770314287,0xa7272afc21f9c321024ed93892a1abfeb621c374,0x00f231319f921a95284def641fd8274a8cb0e6ee,0x70f6409c2075efdd6fd06094fe5303f7c8a5fcc6,1.043841,1.04384133611691,1.04384133611691,,0.8326036949784997
0xd06d6cfa02fb8afaac79f22739fa0a476e7325eed2d7ade93621e1919b115be0,41762471,1770314289,0xa7272afc21f9c321024ed93892a1abfeb621c374,0x6c3dbf81cf5159a1d7de697324bc1e571c9ee53b,0x70f6409c2075efdd6fd06094fe5303f7c8a5fcc6,1.043841,1.04384133611691,1.04384133611691,,0.8326036949784997
0x48fb7ccde932971ef0dd5f28d77d1307e78d24185383c982bcf999598ead3cfb,41762506,1770314359,0xa7272afc21f9c321024ed93892a1abfeb621c374,0xe5dddd7a7e5c9f0374ec02d246c9b9e2ce85c75d,0x19dd96d1435b2f31bcdbfb2dc2dc9fa75ce5abe4,1.043841,1.04384133611691,1.04384133611691,,0.8326036949784997
0xe5290daf6a7187f75977596d1916649187122e7f4d0d10d426050bbce043c0df,41762506,1770314359,0xa7272afc21f9c321024ed93892a1abfeb621c374,0xe5dddd7a7e5c9f0374ec02d246c9b9e2ce85c75d,0x6551faf485f5a474f3091dc9c00e5c1240d8f2da,1.043841,1.04384133611691,1.04384133611691,,0.8326036949784997
0x97acbe2d562dfbe5d256edb08b4e4b348febe929cdde49de854d75157786c4ac,41762528,1770314403,0xa7272afc21f9c321024ed93892a1abfeb621c374,0xe5dddd7a7e5c9f0374ec02d246c9b9e2ce85c75d,0x2b093f057dca6ec2dbf47f6df250f1d07727329e,1.043841,1.04384133611691,1.04384133611691,,0.8326036949784997
0x57abbbceae0b049be92d48b945144a649549bf9743ae9945c63f6b0a2820e986,41762528,1770314403,0xa7272afc21f9c321024ed93892a1abfeb621c374,0xe5dddd7a7e5c9f0374ec02d246c9b9e2ce85c75d,0x2b093f057dca6ec2dbf47f6df250f1d07727329e,1.043841,1.04384133611691,1.04384133611691,,0.8326036949784997
0xa8b31dcc0be6e175a4027761ed290e114030c9c29598aac89c077a707dbf901a,41762528,1770314403,0x1d11866ca5b409b286e32c8279a84213ada1c399,0xabf7b08a7dc4ac8a543c1112a98ddef3bb2990bd,0xa9334a34f0fe9f6adb2eb532b3fc00e464cc9132,1.043841,1.04384133611691,1.04384133611691,,0.8326036949784997
0xa7377eb8bd3b888155ac680f15794d5572b2b45a99162095d14ef866427ad799,41762528,1770314403,0xa7272afc21f9c321024ed93892a1abfeb621c374,0xe5dddd7a7e5c9f0374ec02d246c9b9e2ce85c75d,0xa6da7e3bfad3c8b20c4ac34b2ba055bed9e5d762,1.043841,1.04384133611691,1.04384133611691,,0.8326036949784997
0xd6da17e81f413339d751d5b2a788f0eeac34bbb68254ab3a8aa685d26a06fd8a,41762542,1770314431,0xa7272afc21f9c321024ed93892a1abfeb621c374,0xabf7b08a7dc4ac8a543c1112a98ddef3bb2990bd,0x76585fbba1eb984900eef32b48ec3560255c92d4,1.043841,1.04384133611691,1.04384133611691,,0.8326036949784997
0x3a752165b1080580324c7299c47bf76bcc763064fdcd772279593f519a137a65,41762542,1770314431,0xa7272afc21f9c321024ed93892a1abfeb621c374,0xabf7b08a7dc4ac8a543c1112a98ddef3bb2990bd,0xad95973c72045cd05b9ddaa2b27cf65f578e339e,1.043841,1.04384133611691,1.04384133611691,,0.8326036949784997
0xad8f81bbe176b01e25de54aa092b19a4d20ba580f5b6f05ef05b1c4a7d0c7a17,41762542,1770314431,0xa7272afc21f9c321024ed93892a1abfeb621c374,0xabf7b08a7dc4ac8a543c1112a98ddef3bb2990bd,0x944263ed7db20091a728faccd56920159042d183,1.043841,1.04384133611691,1.04384133611691,,0.8326036949784997
0x3af4699672895c491fe1b4393d808a3a3e51a91897108e55c65867b0001ecbfd,41762542,1770314431,0xa7272afc21f9c321024ed93892a1abfeb621c374,0xabf7b08a7dc4ac8a543c1112a98ddef3bb2990bd,0x9b6b68094b3b28093cc306b2aef3917038789406,1.043841,1.04384133611691,1.04384133611691,,0.8326036949784997
0x05d35c77ad6e0f6b3b6d2f55c0d9ab8df491f3dcc59fecbc5fc657b3662eda05,41762542,1770314431,0xa7272afc21f9c321024ed93892a1abfeb621c374,0xabf7b08a7dc4ac8a543c1112a98ddef3bb2990bd,0xeafdc784772239dfcbd799776f4e5bc53d07a2dd,1.043841,1.04384133611691,1.04384133611691,,0.8326036949784997
0x6b56d6f8e5aa3eeba720aac0b71d88926db3403fd603f8eed97b22946fd52f5a,41762542,1770314431,0xa7272afc21f9c321024ed93892a1abfeb621c374,0xabf7b08a7dc4ac8a543c1112a98ddef3bb2990bd,0x6551faf485f5a474f3091dc9c00e5c1240d8f2da,1.043841,1.04384133611691,1.04384133611691,,0.8326036949784997
0x0feb72fab3abe4cd0be534c4dbfa9adcfd945387a0d0e616808dd3ab369cb56a,41762542,1770314431,0xa7272afc21f9c321024ed93892a1abfeb621c374,0xabf7b08a7dc4ac8a543c1112a98ddef3bb2990bd,0x19dd96d1435b2f31bcdbfb2dc2dc9fa75ce5abe4,1.043841,1.04384133611691,1.04384133611691,,0.8326036949784997
0x7f15c4f2cb127d1155cbf8aa22033e728dbb7fadf49b664db19172feb4c069a5,41762544,1770314435,0x1d11866ca5b409b286e32c8279a84213ada1c399,0xabf7b08a7dc4ac8a543c1112a98ddef3bb2990bd,0xa9334a34f0fe9f6adb2eb532b3fc00e464cc9132,1.043841,1.04384133611691,1.04384133611691,,0.8326036949784997
0x59337de4b7d01a8b8f939e9ba08ec2b97d497f75f6f4ad3e9f6d53b2cb0f9da8,41762556,1770314459,0xa7272afc21f9c321024ed93892a1abfeb621c374,0xabf7b08a7dc4ac8a543c1112a98ddef3bb2990bd,0xa6da7e3bfad3c8b20c4ac34b2ba055bed9e5d762,1.043841,1.04384133611691,1.04384133611691,,0.8326036949784997
0x290a4b2dd24e7707aec467fe5b48eafba7ea699c634974bd6494067345bc172f,41762572,1770314491,0xa7272afc21f9c321024ed93892a1abfeb621c374,0x6c3dbf81cf5159a1d7de697324bc1e571c9ee53b,0xe60452a821c98ed3a77296b5b8b0d74ff75a305d,1.043841,1.04384133611691,1.04384133611691,,0.8326036949784997
0x147f9ae3dbad10686538f814dccd3e6b20b9ecefada04b2de0ef1f90c4a174fe,41762603,1770314553,0xa7272afc21f9c321024ed93892a1abfeb621c374,0x6c3dbf81cf5159a1d7de697324bc1e571c9ee53b,0xacfa576aa81f7501e3dd1122eba67e3de7d5d5a3,1.043841,1.04384133611691,1.04384133611691,,0.8326036949784997
0x16b9a87b6ec022ee384be17deb5a225d129eebbe1088ed137a62514aff8ebe39,41763058,1770315463,0xa7272afc21f9c321024ed93892a1abfeb621c374,0xabf7b08a7dc4ac8a543c1112a98ddef3bb2990bd,0x2b093f057dca6ec2dbf47f6df250f1d07727329e,1.043841,1.04384133611691,1.04384133611691,,0.8326036949784997
0x3c1130799b3da86552cf03bf271054184639ef4b502947911f451ab3b6d20bbb,41763058,1770315463,0xa7272afc21f9c321024ed93892a1abfeb621c374,0xabf7b08a7dc4ac8a543c1112a98ddef3bb2990bd,0x6551faf485f5a474f3091dc9c00e5c1240d8f2da,1.043841,1.04384133611691,1.04384133611691,,0.8326036949784997
0x411fd750a2ee119be737f81aced24e08b55c83eaac66399c7f46fe1a31201c20,41763058,1770315463,0xa7272afc21f9c321024ed93892a1abfeb621c374,0xabf7b08a7dc4ac8a543c1112a98ddef3bb2990bd,0x19dd96d1435b2f31bcdbfb2dc2dc9fa75ce5abe4,1.043841,1.04384133611691,1.04384133611691,,0.8326036949784997
0x48bc609972dc10439558d17a28a3537bfc10953f339a9750782ce428700126ee,41763058,1770315463,0xa7272afc21f9c321024ed93892a1abfeb621c374,0xabf7b08a7dc4ac8a543c1112a98ddef3bb2990bd,0xa6da7e3bfad3c8b20c4ac34b2ba055bed9e5d762,1.043841,1.04384133611691,1.04384133611691,,0.8326036949784997
0xf0f698830c977e50c173bec419d00bd4932eed171c3a1122995e751168434e94,41763068,1770315483,0x1d11866ca5b409b286e32c8279a84213ada1c399,0xe5dddd7a7e5c9f0374ec02d246c9b9e2ce85c75d,0xa9334a34f0fe9f6adb2eb532b3fc00e464cc9132,1.043841,1.04384133611691,1.04384133611691,,0.8326036949784997
0x4c2b3cc4dca61911ea093f57bbc5191e0619ca06d7fdea2a1cd700f5762016a7,41763079,1770315505,0xa7272afc21f9c321024ed93892a1abfeb621c374,0xabf7b08a7dc4ac8a543c1112a98ddef3bb2990bd,0x2b093f057dca6ec2dbf47f6df250f1d07727329e,1.043841,1.04384133611691,1.04384133611691,,0.8326036949784997
0x3aa0ae26288524ff56003d8b35064545519d3b8d21f3f7b2c95c1893c9dc50f9,41763079,1770315505,0xa7272afc21f9c321024ed93892a1abfeb621c374,0xabf7b08a7dc4ac8a543c1112a98ddef3bb2990bd,0x6551faf485f5a474f3091dc9c00e5c1240d8f2da,1.043841,1.04384133611691,1.04384133611691,,0.8326036949784997
0x63ad0aec96fb133ddd11b7c4825d3c94311a1ad622365bfbe201eed3ab26355f,41763079,1770315505,0x1d11866ca5b409b286e32c8279a84213ada1c399,0xe5dddd7a7e5c9f0374ec02d246c9b9e2ce85c75d,0xa9334a34f0fe9f6adb2eb532b3fc00e464cc9132,1.043841,1.04384133611691,1.04384133611691,,0.8326036949784997
0xea84341d3a27c3d2ff738356b8e99f0108c1e43be2ceffb4dc12b70d39770432,41763081,1770315509,0xa7272afc21f9c321024ed93892a1abfeb621c374,0xe5dddd7a7e5c9f0374ec02d246c9b9e2ce85c75d,0x19dd96d1435b2f31bcdbfb2dc2dc9fa75ce5abe4,1.043841,1.04384133611691,1.04384133611691,,0.8326036949784997
0x24beee6210e5ed0dc37f4c75cccd9981094bc447d753b659deaf357087cac87c,41763081,1770315509,0xa7272afc21f9c321024ed93892a1abfeb621c374,0xe5dddd7a7e5c9f0374ec02d246c9b9e2ce85c75d,0xa6da7e3bfad3c8b20c4ac34b2ba055bed9e5d762,1.043841,1.04384133611691,1.04384133611691,,0.8326036949784997
0x8b06b408dae708da9ac2af72c128e44f2ecfb1a6a34aa2703e9167ae89d655eb,41763093,1770315533,0xa7272afc21f9c321024ed93892a1abfeb621c374,0xe5dddd7a7e5c9f0374ec02d246c9b9e2ce85c75d,0x2b093f057dca6ec2dbf47f6df250f1d07727329e,1.043841,1.04384133611691,1.04384133611691,,0.8326036949784997
0x8747e8d7023b19cf7dd610810aec894b07df32f38c20da1c8f4a4008af6bf8b4,41763093,1770315533,0xa7272afc21f9c321024ed93892a1abfeb621c374,0xe5dddd7a7e5c9f0374ec02d246c9b9e2ce85c75d,0x6551faf485f5a474f3091dc9c00e5c1240d8f2da,1.043841,1.04384133611691,1.04384133611691,,0.8326036949784997
0xd9f75130ded81d92880ed4085de1e27b519d71d9bd5c9171de7f4a94042cb649,41763093,1770315533,0xa7272afc21f9c321024ed93892a1abfeb621c374,0xabf7b08a7dc4ac8a543c1112a98ddef3bb2990bd,0x944263ed7db20091a728faccd56920159042d183,1.043841,1.04384133611691,1.04384133611691,,0.8326036949784997
0xa94e15d015d2f15b7cdef4b284811deb38926074fcf51567de421abc509f4573,41763094,1770315535,0xa7272afc21f9c321024ed93892a1abfeb621c374,0xabf7b08a7dc4ac8a543c1112a98ddef3bb2990bd,0x19dd96d1435b2f31bcdbfb2dc2dc9fa75ce5abe4,1.043841,1.04384133611691,1.04384133611691,,0.8326036949784997
0x0b84e357fe617d12d6f665f97c2f31612eaf7369228610bb8b8993ef53d18534,41763094,1770315535,0xa7272afc21f9c321024ed93892a1abfeb621c374,0xabf7b08a7dc4ac8a543c1112a98ddef3bb2990bd,0xa6da7e3bfad3c8b20c4ac34b2ba055bed9e5d762,1.043841,1.04384133611691,1.04384133611691,,0.8326036949784997
0x710e40a1236e1080b710826551687e4bf2375b9d44133c826e9a0a278e0e7a17,41763094,1770315535,0xa7272afc21f9c321024ed93892a1abfeb621c374,0xabf7b08a7dc4ac8a543c1112a98ddef3bb2990bd,0x76585fbba1eb984900eef32b48ec3560255c92d4,1.043841,1.04384133611691,1.04384133611691,,0.8326036949784997
0xc3ea4399c38830f85b09a0e2799a33b9c0f6f3179b2d398f6868d1bd88011bfd,41763094,1770315535,0xa7272afc21f9c321024ed93892a1abfeb621c374,0xabf7b08a7dc4ac8a543c1112a98ddef3bb2990bd,0xad95973c72045cd05b9ddaa2b27cf65f578e339e,1.043841,1.04384133611691,1.04384133611691,,0.8326036949784997
0x12a9a22126a8cf0931fe98dde9e0ffa79a8ee2858b2cdca8acff8cdec4b4540d,41763095,1770315537,0x1d11866ca5b409b286e32c8279a84213ada1c399,0xe5dddd7a7e5c9f0374ec02d246c9b9e2ce85c75d,0xa9334a34f0fe9f6adb2eb532b3fc00e464cc9132,1.043841,1.04384133611691,1.04384133611691,,0.8326036949784997
0xc960aae8a131bd36865e6371344ca6c4f15077fecdd0dec00b6793ffb3d7fe13,41763137,1770315621,0xa7272afc21f9c321024ed93892a1abfeb621c374,0x6c3dbf81cf5159a1d7de697324bc1e571c9ee53b,0x9b6b68094b3b28093cc306b2aef3917038789406,1.043841,1.04384133611691,1.04384133611691,,0.8326036949784997
0x9747700bd680e5e4a2e98d2715661ac8d31d863fd5d3f40d71d8ce10ce67df51,41763154,1770315655,0xa7272afc21f9c321024ed93892a1abfeb621c374,0xe5dddd7a7e5c9f0374ec02d246c9b9e2ce85c75d,0x2b093f057dca6ec2dbf47f6df250f1d07727329e,1.043841,1.04384133611691,1.04384133611691,,0.8326036949784997
0x60713f48aa24e58ad307c323702d9297a30d71a1c94c4c966156653a88f0c198,41763154,1770315655,0xa7272afc21f9c321024ed93892a1abfeb621c374,0xe5dddd7a7e5c9f0374ec02d246c9b9e2ce85c75d,0x6551faf485f5a474f3091dc9c00e5c1240d8f2da,1.043841,1.04384133611691,1.04384133611691,,0.8326036949784997
0x6eb44540ecec7a96fb966eaa7923954102ae21efdd6a4ce42eea45c488465cfa,41763155,1770315657,0x1d11866ca5b409b286e32c8279a84213ada1c399,0xe5dddd7a7e5c9f0374ec02d246c9b9e2ce85c75d,0xa9334a34f0fe9f6adb2eb532b3fc00e464cc9132,1.043841,1.04384133611691,1.04384133611691,,0.8326036949784997
0x47e46810ba6bb0ce45be66d949ae5270bcb8662bb997041132158965361f718f,41763155,1770315657,0xa7272afc21f9c321024ed93892a1abfeb621c374,0xabf7b08a7dc4ac8a543c1112a98ddef3bb2990bd,0x19dd96d1435b2f31bcdbfb2dc2dc9fa75ce5abe4,1.043841,1.04384133611691,1.04384133611691,,0.8326036949784997
0xf095dca6957a618493fbff47b28958e06785979916281d3423a582071b88a08a,41763169,1770315685,0xa7272afc21f9c321024ed93892a1abfeb621c374,0xabf7b08a7dc4ac8a543c1112a98ddef3bb2990bd,0x2b093f057dca6ec2dbf47f6df250f1d07727329e,1.043841,1.04384133611691,1.04384133611691,,0.8326036949784997
0x5e2501f509f632972c63708aea282c7c20e4cb4cc640c06ae70d040b3d60d6a1,41763169,1770315685,0xa7272afc21f9c321024ed93892a1abfeb621c374,0xabf7b08a7dc4ac8a543c1112a98ddef3bb2990bd,0x6551faf485f5a474f3091dc9c00e5c1240d8f2da,1.043841,1.04384133611691,1.04384133611691,,0.8326036949784997
0x15e40e252564ad4609bf4ed07ea64dc736242f96f756b88d69e7f7c80fb429b2,41763169,1770315685,0x1d11866ca5b409b286e32c8279a84213ada1c399,0xe5dddd7a7e5c9f0374ec02d246c9b9e2ce85c75d,0xa9334a34f0fe9f6adb2eb532b3fc00e464cc9132,1.043841,1.04384133611691,1.04384133611691,,0.8326036949784997
0xbb63717b2d8ef811c0af8fa05d11d70e3d4761c1719e8257b286221f4c57d28d,41763169,1770315685,0xa7272afc21f9c321024ed93892a1abfeb621c374,0xabf7b08a7dc4ac8a543c1112a98ddef3bb2990bd,0xa6da7e3bfad3c8b20c4ac34b2ba055bed9e5d762,1.043841,1.04384133611691,1.04384133611691,,0.8326036949784997
0x77da071a6f5d1a7c83cb8b2eb6ed8653c6b54f8b7cee336d31299ba41bba326c,41763172,1770315691,0xa7272afc21f9c321024ed93892a1abfeb621c374,0x6c3dbf81cf5159a1d7de697324bc1e571c9ee53b,0x944263ed7db20091a728faccd56920159042d183,1.043841,1.04384133611691,1.04384133611691,,0.8326036949784997
0x881801b5268922decca899520194fc3a1c5472398a75aca82e14bbc9f3aac2a2,41763172,1770315691,0xa7272afc21f9c321024ed93892a1abfeb621c374,0xe5dddd7a7e5c9f0374ec02d246c9b9e2ce85c75d,0x19dd96d1435b2f31bcdbfb2dc2dc9fa75ce5abe4,1.043841,1.04384133611691,1.04384133611691,,0.8326036949784997
0x9b72367470b94c112cca155200b5e56c61bc5a7af695e6955e88f3e6e4321535,41763172,1770315691,0xa7272afc21f9c321024ed93892a1abfeb621c374,0x00f231319f921a95284def641fd8274a8cb0e6ee,0x70f6409c2075efdd6fd06094fe5303f7c8a5fcc6,1.043841,1.04384133611691,1.04384133611691,,0.8326036949784997
0x102dbba246b40cbcdf9bebd3e4ceff1e779d876ef167aa1b52cfb9fb62e5fc89,41763174,1770315695,0xa7272afc21f9c321024ed93892a1abfeb621c374,0x6c3dbf81cf5159a1d7de697324bc1e571c9ee53b,0x9b6b68094b3b28093cc306b2aef3917038789406,1.043841,1.04384133611691,1.04384133611691,,0.8326036949784997
0xabf95710ee6515cc1a83107b899b43dcfeb326a769c38710650e802b9c9beb50,41763183,1770315713,0xa7272afc21f9c321024ed93892a1abfeb621c374,0x6c3dbf81cf5159a1d7de697324bc1e571c9ee53b,0xeafdc784772239dfcbd799776f4e5bc53d07a2dd,1.043841,1.04384133611691,1.04384133611691,,0.8326036949784997
0x9a08b24eee5cae868fa3df61add9c17f80cbef5cc5c49e0eeed2bd3425e0f14c,41763183,1770315713,0xa7272afc21f9c321024ed93892a1abfeb621c374,0xe5dddd7a7e5c9f0374ec02d246c9b9e2ce85c75d,0x2b093f057dca6ec2dbf47f6df250f1d07727329e,1.043841,1.04384133611691,1.04384133611691,,0.8326036949784997
0xbed955b1ad33efd761b9f5d159311e15336406815e4d73caca211b6bc909b17a,41763183,1770315713,0xa7272afc21f9c321024ed93892a1abfeb621c374,0xe5dddd7a7e5c9f0374ec02d246c9b9e2ce85c75d,0x6551faf485f5a474f3091dc9c00e5c1240d8f2da,1.043841,1.04384133611691,1.04384133611691,,0.8326036949784997
0x9afbdd2bee124f7963f2ef95a3c60af2f24c2415142215b49712238ebe303544,41763183,1770315713,0x1d11866ca5b409b286e32c8279a84213ada1c399,0xe5dddd7a7e5c9f0374ec02d246c9b9e2ce85c75d,0xa9334a34f0fe9f6adb2eb532b3fc00e464cc9132,1.043841,1.04384133611691,1.04384133611691,,0.8326036949784997
0x6a5de49c59645deadff82168c49614ddbf96ce39fcdcbb88966196b3186570ed,41763187,1770315721,0xa7272afc21f9c321024ed93892a1abfeb621c374,0x6c3dbf81cf5159a1d7de697324bc1e571c9ee53b,0x76585fbba1eb984900eef32b48ec3560255c92d4,1.043841,1.04384133611691,1.04384133611691,,0.8326036949784997
0x7e87b3e33263989006b8c24f72858f2e2597d4787d4c6d793e8c8b3a002e95a6,41763188,1770315723,0xa7272afc21f9c321024ed93892a1abfeb621c374,0x6c3dbf81cf5159a1d7de697324bc1e571c9ee53b,0x19dd96d1435b2f31bcdbfb2dc2dc9fa75ce5abe4,1.043841,1.04384133611691,1.04384133611691,,0.8326036949784997
0x38d0dbf4276be5f090bd79fcf34e86ca1122a74faf822a7d0a612fae9b9d7014,41763193,1770315733,0xa7272afc21f9c321024ed93892a1abfeb621c374,0x6c3dbf81cf5159a1d7de697324bc1e571c9ee53b,0x944263ed7db20091a728faccd56920159042d183,1.043841,1.04384133611691,1.04384133611691,,0.8326036949784997
0xe2086256232bc637d915cd0376e5e5517863f86bb03228522517aea60bab4100,41763196,1770315739,0xa7272afc21f9c321024ed93892a1abfeb621c374,0x6c3dbf81cf5159a1d7de697324bc1e571c9ee53b,0xad95973c72045cd05b9ddaa2b27cf65f578e339e,1.043841,1.04384133611691,1.04384133611691,,0.8326036949784997
0x313bbee2eb18d86182f6b134d796836611dd10bd064005032d03555bceea70b4,41763198,1770315743,0xa7272afc21f9c321024ed93892a1abfeb621c374,0x6c3dbf81cf5159a1d7de697324bc1e571c9ee53b,0xa6da7e3bfad3c8b20c4ac34b2ba055bed9e5d762,1.043841,1.04384133611691,1.04384133611691,,0.8326036949784997
0x4e9b466ceb242d0d0d3e85945dfed492e4f6382db3026f361531a0829a3e31c3,41763210,1770315767,0xa7272afc21f9c321024ed93892a1abfeb621c374,0xe5dddd7a7e5c9f0374ec02d246c9b9e2ce85c75d,0x2b093f057dca6ec2dbf47f6df250f1d07727329e,1.044929,1.04384133611691,1.04384133611691,,0.8326036949784997
0xb53458e6e7ff153192fa78b5d03c3cfd90b79cf9037a1bedb5b668ab77526d17,41763210,1770315767,0xa7272afc21f9c321024ed93892a1abfeb621c374,0xe5dddd7a7e5c9f0374ec02d246c9b9e2ce85c75d,0x6551faf485f5a474f3091dc9c00e5c1240d8f2da,1.044929,1.04384133611691,1.04384133611691,,0.8326036949784997
0xed5feee1ceb7045d259fec2256fd2b6acc25244cfae35eb5ce044fe5791e28c2,41763210,1770315767,0x1d11866ca5b409b286e32c8279a84213ada1c399,0xe5dddd7a7e5c9f0374ec02d246c9b9e2ce85c75d,0xa9334a34f0fe9f6adb2eb532b3fc00e464cc9132,1.044928,1.04384133611691,1.04384133611691,,0.8326036949784997
0x8f2e6c81758e76fb3c4ddf3bcba5cf321bc0781a0d5aaf2298ccb2092ccc0683,41763221,1770315789,0xa7272afc21f9c321024ed93892a1abfeb621c374,0xe5dddd7a7e5c9f0374ec02d246c9b9e2ce85c75d,0x19dd96d1435b2f31bcdbfb2dc2dc9fa75ce5abe4,1.043841,1.04384133611691,1.04384133611691,,0.8326036949784997
0x8e261a00aad263ebda623d4d5d7d62b98e46141d8264644ee4337963278a9889,41763363,1770316073,0xa7272afc21f9c321024ed93892a1abfeb621c374,0x6c3dbf81cf5159a1d7de697324bc1e571c9ee53b,0x9b6b68094b3b28093cc306b2aef3917038789406,1.043841,1.04384133611691,1.04384133611691,,0.8326036949784997
0xe1d963c6cda371528957140a27236b5d2dd45a9e6f72e60b3a90395f9ad19fa1,41763440,1770316227,0xfbd56e6c63c3d24f87bd7b890815d40553845112,0xe6e3f8b510fecab4b9f74df24cede54567ee2f14,0x3cc4d5e7d3f4ae8cdb34d1a011b07b00309b556f,1.043841,1.04384133611691,1.04384133611691,,0.8326036949784997
0xd9c67bd1a02d6f2bbfea5b145d83c5e2e50e3cb5ecc364f970f9e984a14a1b37,41763724,1770316795,0xa7272afc21f9c321024ed93892a1abfeb621c374,0x6c3dbf81cf5159a1d7de697324bc1e571c9ee53b,0xe60452a821c98ed3a77296b5b8b0d74ff75a305d,1.043841,1.04384133611691,1.04384133611691,,0.8326036949784997
0x076f770ea49ce12deeb490730df6c8bf0b00f3d0937c75505305e28bab7d9cf4,41763808,1770316963,0x742d1c11c9cf4c84f1dda7b5c8ad8fc7bc708493,0xb7ea2b36a2c94f1b17939e77a20e0cf409c88bfa,0x97e7cf55540bc6ea10124edf71e6278b4c5093fb,1.043841,1.04384133611691,1.04384133611691,,0.8326036949784997
0x8b5863edd6c6351e4946fa6457e49a714a5d91f11ebfefd9512e705fec2802da,41763955,1770317257,0xa7272afc21f9c321024ed93892a1abfeb621c374,0x6c3dbf81cf5159a1d7de697324bc1e571c9ee53b,0x76585fbba1eb984900eef32b48ec3560255c92d4,1.043841,1.04384133611691,1.04384133611691,,0.8326036949784997
0x022c567a8db6b2f4bd7c4e40f54d17367a68ce207082a6ea463d342d33bb1614,41763964,1770317275,0xa7272afc21f9c321024ed93892a1abfeb621c374,0xe5dddd7a7e5c9f0374ec02d246c9b9e2ce85c75d,0x2b093f057dca6ec2dbf47f6df250f1d07727329e,1.043841,1.04384133611691,1.04384133611691,,0.8326036949784997
0xa0a79601e85ea521cd3d98b921db83591bdad5b1fd90cdbf1183c96e0f97227e,41763964,1770317275,0xa7272afc21f9c321024ed93892a1abfeb621c374,0xe5dddd7a7e5c9f0374ec02d246c9b9e2ce85c75d,0x6551faf485f5a474f3091dc9c00e5c1240d8f2da,1.043841,1.04384133611691,1.04384133611691,,0.8326036949784997
0xa4cca09886b23318ffb64f621d783dd1b2b415fc76be37a2a89ed14be90fb938,41763964,1770317275,0xa7272afc21f9c321024ed93892a1abfeb621c374,0xabf7b08a7dc4ac8a543c1112a98ddef3bb2990bd,0xa6da7e3bfad3c8b20c4ac34b2ba055bed9e5d762,1.043841,1.04384133611691,1.04384133611691,,0.8326036949784997
0x91af1c9ac32ce696c6a4dfb2e3dedf449ebc9e639da854f9f1d8a627fa683e38,41763966,1770317279,0xa7272afc21f9c321024ed93892a1abfeb621c374,0xe5dddd7a7e5c9f0374ec02d246c9b9e2ce85c75d,0x19dd96d1435b2f31bcdbfb2dc2dc9fa75ce5abe4,1.043841,1.04384133611691,1.04384133611691,,0.8326036949784997
0xc56645706a1ee5a5fe9aba9744a32a3c8c6ff46dff8feda58dd1b996fda74cbb,41763993,1770317333,0xa7272afc21f9c321024ed93892a1abfeb621c374,0xe5dddd7a7e5c9f0374ec02d246c9b9e2ce85c75d,0x2b093f057dca6ec2dbf47f6df250f1d07727329e,1.043841,1.04384133611691,1.04384133611691,,0.8326036949784997
0x1d972685f491800be1657c8f431e8cd8bd915dec00c0fadbd2cfbde8aeaec141,41763993,1770317333,0xa7272afc21f9c321024ed93892a1abfeb621c374,0xe5dddd7a7e5c9f0374ec02d246c9b9e2ce85c75d,0x6551faf485f5a474f3091dc9c00e5c1240d8f2da,1.043841,1.04384133611691,1.04384133611691,,0.8326036949784997
0x6a9cfdecc0ae103726d2a80b7555cdc8ab4ac295e3671797e6be3e60b0caad74,41763993,1770317333,0x1d11866ca5b409b286e32c8279a84213ada1c399,0xe5dddd7a7e5c9f0374ec02d246c9b9e2ce85c75d,0xa9334a34f0fe9f6adb2eb532b3fc00e464cc9132,1.043841,1.04384133611691,1.04384133611691,,0.8326036949784997
0x90f9464b6ae63d7e8b2f98b2788ede0d6caf25f0a75bd2d7558a995f07a56328,41763995,1770317337,0xa7272afc21f9c321024ed93892a1abfeb621c374,0xe5dddd7a7e5c9f0374ec02d246c9b9e2ce85c75d,0x19dd96d1435b2f31bcdbfb2dc2dc9fa75ce5abe4,1.043841,1.04384133611691,1.04384133611691,,0.8326036949784997
0xf306f41eee4e2e6bd6d42e9883adc4cd99f542e8ab6af3793681c6ce07389a3d,41764125,1770317597,0xa7272afc21f9c321024ed93892a1abfeb621c374,0x00f231319f921a95284def641fd8274a8cb0e6ee,0x5d53f21e4c7fdcf42f236a089c9b3a00a53d6d74,1.043841,1.04384133611691,1.04384133611691,,0.8326036949784997
0xea3c498f227176a1d53adb19eb87283da68658a1624f38787aa9c0c78e268e1b,41764125,1770317597,0xa7272afc21f9c321024ed93892a1abfeb621c374,0x00f231319f921a95284def641fd8274a8cb0e6ee,0xeafdc784772239dfcbd799776f4e5bc53d07a2dd,1.043841,1.04384133611691,1.04384133611691,,0.8326036949784997
0x585887a9ff54411d685dde527da443948001193adf0172f3be41a2d69024f4d9,41764125,1770317597,0xa7272afc21f9c321024ed93892a1abfeb621c374,0x00f231319f921a95284def641fd8274a8cb0e6ee,0xacfa576aa81f7501e3dd1122eba67e3de7d5d5a3,1.043841,1.04384133611691,1.04384133611691,,0.8326036949784997
0x316261aaba164b5d466d1740e38e7d8ab6c11f39c6e8c9f516c338fa2bc8d1bb,41764581,1770318509,0x9231db26a7a7a2bc81abb13331edae458b2871b6,0xabf7b08a7dc4ac8a543c1112a98ddef3bb2990bd,0x4822529530ecc268b42f0fe76e9df03cde09d9a1,1.043841,1.04384133611691,1.04384133611691,,0.8326036949784997
0x536ef65c69c47bf77942b19fe47bad06b11b185af0d14c22654b0a84677df91f,41764644,1770318635,0x742d1c11c9cf4c84f1dda7b5c8ad8fc7bc708493,0xb7ea2b36a2c94f1b17939e77a20e0cf409c88bfa,0x97e7cf55540bc6ea10124edf71e6278b4c5093fb,1.043841,1.04384133611691,1.04384133611691,,0.8326036949784997
0x3c38822f71f2ad3f14fd4d1d44eab6aa17f3eb4dc4d1a0781d980df4f017d406,41765037,1770319421,0x9231db26a7a7a2bc81abb13331edae458b2871b6,0x0b9bd5b59ba4580de141fa2f326696189a6968d7,0x4822529530ecc268b42f0fe76e9df03cde09d9a1,1.043841,1.04384133611691,1.04384133611691,,0.8326036949784997
0xcc6be6a147622a5b0c0e0494565262fdfd18d50c3f6db788f4531d071379e0d6,41765067,1770319481,0xfbd56e6c63c3d24f87bd7b890815d40553845112,0x0b9bd5b59ba4580de141fa2f326696189a6968d7,0x3cc4d5e7d3f4ae8cdb34d1a011b07b00309b556f,1.047037,1.04384133611691,1.04384133611691,,0.8326036949784997
0xb200890d7da4aeb782c5da1e001340999b67de97671ece91e0fc986c7e03e248,41765067,1770319481,0x9231db26a7a7a2bc81abb13331edae458b2871b6,0x0b9bd5b59ba4580de141fa2f326696189a6968d7,0x4822529530ecc268b42f0fe76e9df03cde09d9a1,1.047037,1.04384133611691,1.04384133611691,,0.8326036949784997
0xedd8ec4957b06baa09919ff0f6a6e7bfacf445d8eb0b473074b3a8d8817c8e73,41765097,1770319541,0x9231db26a7a7a2bc81abb13331edae458b2871b6,0x0b9bd5b59ba4580de141fa2f326696189a6968d7,0x4822529530ecc268b42f0fe76e9df03cde09d9a1,1.045512,1.04384133611691,1.04384133611691,,0.8326036949784997
0x14525d9d00578cbc9ccc773cb1eb91693c162c1892c7e10091dde415aebce299,41765097,1770319541,0xfbd56e6c63c3d24f87bd7b890815d40553845112,0x0b9bd5b59ba4580de141fa2f326696189a6968d7,0x3cc4d5e7d3f4ae8cdb34d1a011b07b00309b556f,1.045512,1.04384133611691,1.04384133611691,,0.8326036949784997
0x3649a04cddb13cd08847518cafe57c46db605f70abf836e612ab147c951593ac,41765736,1770320819,0x742d1c11c9cf4c84f1dda7b5c8ad8fc7bc708493,0xb7ea2b36a2c94f1b17939e77a20e0cf409c88bfa,0x97e7cf55540bc6ea10124edf71e6278b4c5093fb,1.043841,1.04384133611691,1.04384133611691,,0.8326036949784997
0xa351674982fee603917f04be95ea9aec07a078a0587743ddcfc02320e7cd557b,41765752,1770320851,0xa7272afc21f9c321024ed93892a1abfeb621c374,0x00f231319f921a95284def641fd8274a8cb0e6ee,0x70f6409c2075efdd6fd06094fe5303f7c8a5fcc6,1.043841,1.04384133611691,1.04384133611691,,0.8326036949784997
0x0ade10d99044d8c6c6fe1e04d04018c79833a7b50f7cf897a93e1602d71303fa,41765761,1770320869,0xa7272afc21f9c321024ed93892a1abfeb621c374,0xabf7b08a7dc4ac8a543c1112a98ddef3bb2990bd,0xad95973c72045cd05b9ddaa2b27cf65f578e339e,1.045484,1.04384133611691,1.04384133611691,,0.8326036949784997
0xa5153ee533745eb27b5b7263619f63cf573bcf1ac680343e7b1623a47dd2dd10,41765761,1770320869,0xa7272afc21f9c321024ed93892a1abfeb621c374,0xabf7b08a7dc4ac8a543c1112a98ddef3bb2990bd,0x944263ed7db20091a728faccd56920159042d183,1.045484,1.04384133611691,1.04384133611691,,0.8326036949784997
0xcda8b8cb87c389b8b61cf0a6840b1072980a9f5fc6bfe6180b770ea556b9e0d9,41765766,1770320879,0xa7272afc21f9c321024ed93892a1abfeb621c374,0x6c3dbf81cf5159a1d7de697324bc1e571c9ee53b,0xe60452a821c98ed3a77296b5b8b0d74ff75a305d,1.04384,1.04384133611691,1.04384133611691,,0.8326036949784997
0xa59d94915742600717461324424427b9b8b8f7af5bebe431a7caf6edf680e7ed,41765768,1770320883,0xa7272afc21f9c321024ed93892a1abfeb621c374,0x6c3dbf81cf5159a1d7de697324bc1e571c9ee53b,0x9b6b68094b3b28093cc306b2aef3917038789406,1.043841,1.04384133611691,1.04384133611691,,0.8326036949784997
0x714eb1094b2bb3f98b189f06892c5db732efe18bbb4e60d7e51c1cb5572c8dd4,41765770,1770320887,0xa7272afc21f9c321024ed93892a1abfeb621c374,0x6c3dbf81cf5159a1d7de697324bc1e571c9ee53b,0xeafdc784772239dfcbd799776f4e5bc53d07a2dd,1.043841,1.04384133611691,1.04384133611691,,0.8326036949784997
0x8519a57b8b20d89be966e5dae4067153ce8a236017758c547dd528511e94d35b,41765772,1770320891,0xa7272afc21f9c321024ed93892a1abfeb621c374,0x6c3dbf81cf5159a1d7de697324bc1e571c9ee53b,0x70f6409c2075efdd6fd06094fe5303f7c8a5fcc6,1.043841,1.04384133611691,1.04384133611691,,0.8326036949784997
0x8750817972665bfe2ad9a0be1047f2f26cd2406748d5b34e0fbb40ad1a8c26c2,41765774,1770320895,0xa7272afc21f9c321024ed93892a1abfeb621c374,0x6c3dbf81cf5159a1d7de697324bc1e571c9ee53b,0xacfa576aa81f7501e3dd1122eba67e3de7d5d5a3,1.043841,1.04384133611691,1.04384133611691,,0.8326036949784997
0x8397b3427535ec34f9a7ab8e06ac569ff068b12e8e4c5a0efe1ea585630e569c,41765851,1770321049,0xa7272afc21f9c321024ed93892a1abfeb621c374,0x960b749933566a088df40b8cefb4c753094a2193,0x76585fbba1eb984900eef32b48ec3560255c92d4,1.045072,1.04384133611691,1.04384133611691,,0.8326036949784997
0xfa0156c1a1fe626367e14eaa1133a9b01428b58cf90dda97e883efe0ae2a269f,41765851,1770321049,0xa7272afc21f9c321024ed93892a1abfeb621c374,0x960b749933566a088df40b8cefb4c753094a2193,0xad95973c72045cd05b9ddaa2b27cf65f578e339e,1.045072,1.04384133611691,1.04384133611691,,0.8326036949784997
0x5b1af3fa1629a95a0236213177765971354fa19c0eb44d5e0215f8062d0020ec,41765851,1770321049,0xa7272afc21f9c321024ed93892a1abfeb621c374,0x960b749933566a088df40b8cefb4c753094a2193,0x944263ed7db20091a728faccd56920159042d183,1.045072,1.04384133611691,1.04384133611691,,0.8326036949784997
0xec99400de0736d08c387c233d953b032ed49bb627b8e5cc26c0cb0c45f9a07c6,41765851,1770321049,0xa7272afc21f9c321024ed93892a1abfeb621c374,0x960b749933566a088df40b8cefb4c753094a2193,0x9b6b68094b3b28093cc306b2aef3917038789406,1.045072,1.04384133611691,1.04384133611691,,0.8326036949784997
0x794ecf63e9ff38556071d661927b400f0e703b0e3aee6d7d807b416d771accb5,41765854,1770321055,0xa7272afc21f9c321024ed93892a1abfeb621c374,0x6c3dbf81cf5159a1d7de697324bc1e571c9ee53b,0xeafdc784772239dfcbd799776f4e5bc53d07a2dd,1.043841,1.04384133611691,1.04384133611691,,0.8326036949784997
0x95d5fa92ac0ab12ede025eae95f43021d39e997b9c9fa3a6214be839ae997582,41765856,1770321059,0xa7272afc21f9c321024ed93892a1abfeb621c374,0x6c3dbf81cf5159a1d7de697324bc1e571c9ee53b,0xacfa576aa81f7501e3dd1122eba67e3de7d5d5a3,1.043841,1.04384133611691,1.04384133611691,,0.8326036949784997
0x5f1f193ae5628ec5aefc788a929dc4581057054fb1657b11171f4d93e80e9379,41765858,1770321063,0xa7272afc21f9c321024ed93892a1abfeb621c374,0x6c3dbf81cf5159a1d7de697324bc1e571c9ee53b,0x70f6409c2075efdd6fd06094fe5303f7c8a5fcc6,1.043841,1.04384133611691,1.04384133611691,,0.8326036949784997
0x54ba851060ed39a0ca1cf8e6e469528b5ddcc224c00f908ba4ec4d53bb5f3735,41765860,1770321067,0xa7272afc21f9c321024ed93892a1abfeb621c374,0x6c3dbf81cf5159a1d7de697324bc1e571c9ee53b,0xe60452a821c98ed3a77296b5b8b0d74ff75a305d,1.043841,1.04384133611691,1.04384133611691,,0.8326036949784997
0x1a61a5b5bbf082d79a38ca599ba878c1aeeaba83b9e416e965bba1e1c9d4fbdf,41765889,1770321125,0x9231db26a7a7a2bc81abb13331edae458b2871b6,0x960b749933566a088df40b8cefb4c753094a2193,0x4822529530ecc268b42f0fe76e9df03cde09d9a1,1.043841,1.04384133611691,1.04384133611691,,0.8326036949784997
0x838cb4b7cea66d64745a36139ac67a13040459433fc6c0c76a14cde7f3abe5a6,41765889,1770321125,0xfbd56e6c63c3d24f87bd7b890815d40553845112,0x960b749933566a088df40b8cefb4c753094a2193,0x3cc4d5e7d3f4ae8cdb34d1a011b07b00309b556f,1.043841,1.04384133611691,1.04384133611691,,0.8326036949784997
0x9d20dc89ac98e2a1968b9e2a8e8ac6c1a2f42783f87923e6396899656b9f223c,41765889,1770321125,0x99863730ede7c930bfddeb6550209b5705e869bb,0x960b749933566a088df40b8cefb4c753094a2193,0x28ef1ddb573e2136b165d15870b72d4b661173db,1.074114,1.0741138560687433,1.0741138560687433,,0.727366070175296
0x7f736619ab43e7c28942d8184ace4a5993944684a9277243fc6669f42213917e,41765914,1770321175,0xa7272afc21f9c321024ed93892a1abfeb621c374,0x960b749933566a088df40b8cefb4c753094a2193,0x2b093f057dca6ec2dbf47f6df250f1d07727329e,1.043841,1.04384133611691,1.04384133611691,,0.8326036949784997
0xdfa1cbae34cfd3c32b9804a1b5ea586ef2a634d20234b37cd8148f8232c59170,41765914,1770321175,0xa7272afc21f9c321024ed93892a1abfeb621c374,0x960b749933566a088df40b8cefb4c753094a2193,0x6551faf485f5a474f3091dc9c00e5c1240d8f2da,1.043841,1.04384133611691,1.04384133611691,,0.8326036949784997
0x2315b0ec8c34bfa6c37a63711fd7525cb9939f611154b52fc7e8fe156b1366f7,41765914,1770321175,0xa7272afc21f9c321024ed93892a1abfeb621c374,0x960b749933566a088df40b8cefb4c753094a2193,0x19dd96d1435b2f31bcdbfb2dc2dc9fa75ce5abe4,1.043841,1.04384133611691,1.04384133611691,,0.8326036949784997
0x00d6bd780cc4a76b309f560135d38c0378346a9b396d896f98151fad172c5948,41765914,1770321175,0x1d11866ca5b409b286e32c8279a84213ada1c399,0x960b749933566a088df40b8cefb4c753094a2193,0xa9334a34f0fe9f6adb2eb532b3fc00e464cc9132,1.043841,1.04384133611691,1.04384133611691,,0.8326036949784997
0x9b09bb7a12e7bee82c0cc087b837de9c8dbf043fe0fef0a4a6df4ec8ed4629d7,41765914,1770321175,0xa7272afc21f9c321024ed93892a1abfeb621c374,0x960b749933566a088df40b8cefb4c753094a2193,0x76585fbba1eb984900eef32b48ec3560255c92d4,1.043841,1.04384133611691,1.04384133611691,,0.8326036949784997
0xfef45be005e4f1b8e4228448d94d25ed71f26d04293b4dffb923de46da4e4fa3,41765914,1770321175,0xa7272afc21f9c321024ed93892a1abfeb621c374,0x960b749933566a088df40b8cefb4c753094a2193,0xad95973c72045cd05b9ddaa2b27cf65f578e339e,1.043841,1.04384133611691,1.04384133611691,,0.8326036949784997
0x4fab30d2ef49d22648ff26471baacca2b9e2d27181e65c63a357466e8745ccee,41765914,1770321175,0xa7272afc21f9c321024ed93892a1abfeb621c374,0xabf7b08a7dc4ac8a543c1112a98ddef3bb2990bd,0x944263ed7db20091a728faccd56920159042d183,1.043841,1.04384133611691,1.04384133611691,,0.8326036949784997
0x2a4086e51ae354d02d8afab85fcc8bac4c4f1532c328ddc164000b607aa6a9d7,41765914,1770321175,0xa7272afc21f9c321024ed93892a1abfeb621c374,0x960b749933566a088df40b8cefb4c753094a2193,0xeafdc784772239dfcbd799776f4e5bc53d07a2dd,1.043841,1.04384133611691,1.04384133611691,,0.8326036949784997
0x8b88ab0be38f82dce9af2274cf5b8b7f80b271d34394be2ad74418800e272dac,41765914,1770321175,0xa7272afc21f9c321024ed93892a1abfeb621c374,0xabf7b08a7dc4ac8a543c1112a98ddef3bb2990bd,0x9b6b68094b3b28093cc306b2aef3917038789406,1.043841,1.04384133611691,1.04384133611691,,0.8326036949784997
0x429deaa7c016c38c274f90a1c0c39ae27dae59fcbfbac0079df797874006b39c,41765939,1770321225,0xa7272afc21f9c321024ed93892a1abfeb621c374,0x960b749933566a088df40b8cefb4c753094a2193,0xa6da7e3bfad3c8b20c4ac34b2ba055bed9e5d762,1.043841,1.04384133611691,1.04384133611691,,0.8326036949784997
0x58d441b220a00f94ce96b4d347a3c73702afd866531d5617e153d3436c6969c3,41765943,1770321233,0xa7272afc21f9c321024ed93892a1abfeb621c374,0xe5dddd7a7e5c9f0374ec02d246c9b9e2ce85c75d,0xa6da7e3bfad3c8b20c4ac34b2ba055bed9e5d762,1.045437,1.04384133611691,1.04384133611691,,0.8326036949784997
0x81940180258b4bc3fb3d341c9d275a5f70a714843c45f05310b168dc71208c05,41765944,1770321235,0xa7272afc21f9c321024ed93892a1abfeb621c374,0x6c3dbf81cf5159a1d7de697324bc1e571c9ee53b,0x5d53f21e4c7fdcf42f236a089c9b3a00a53d6d74,1.043841,1.04384133611691,1.04384133611691,,0.8326036949784997
0xfc1a394f6e1ab884d6b2eeef02bdf9d290584919aa7134ec3a2294a99710ac92,41765961,1770321269,0xfbd56e6c63c3d24f87bd7b890815d40553845112,0x960b749933566a088df40b8cefb4c753094a2193,0x3cc4d5e7d3f4ae8cdb34d1a011b07b00309b556f,1.043841,1.04384133611691,1.04384133611691,,0.8326036949784997
0x98fb003d685b19b35b662498d6e0a14c939e719a856c04544cb3966cced52336,41765963,1770321273,0x742d1c11c9cf4c84f1dda7b5c8ad8fc7bc708493,0x960b749933566a088df40b8cefb4c753094a2193,0x97e7cf55540bc6ea10124edf71e6278b4c5093fb,1.043841,1.04384133611691,1.04384133611691,,0.8326036949784997
0x22451c820154ebaea44da1032361bc5df55cc46342461f756ac56a4288aec365,41765964,1770321275,0xa7272afc21f9c321024ed93892a1abfeb621c374,0xe5dddd7a7e5c9f0374ec02d246c9b9e2ce85c75d,0x2b093f057dca6ec2dbf47f6df250f1d07727329e,1.043841,1.04384133611691,1.04384133611691,,0.8326036949784997
0x310f65095945706fda1a326772030fe7ef1ac4e27e6d08662117885f74067be5,41765964,1770321275,0xa7272afc21f9c321024ed93892a1abfeb621c374,0xe5dddd7a7e5c9f0374ec02d246c9b9e2ce85c75d,0x6551faf485f5a474f3091dc9c00e5c1240d8f2da,1.043841,1.04384133611691,1.04384133611691,,0.8326036949784997
0xdb49c9ef365053467d4e46940a8eafad42c10214e94174c5198725b4ae4e6d56,41765964,1770321275,0xa7272afc21f9c321024ed93892a1abfeb621c374,0x960b749933566a088df40b8cefb4c753094a2193,0x19dd96d1435b2f31bcdbfb2dc2dc9fa75ce5abe4,1.043841,1.04384133611691,1.04384133611691,,0.8326036949784997
0x7ddd93a3f5fb564f127e2f95a653d96f39b5ff1208d4d47e61dcb8d3d7315689,41765964,1770321275,0xa7272afc21f9c321024ed93892a1abfeb621c374,0xabf7b08a7dc4ac8a543c1112a98ddef3bb2990bd,0x76acdf57551d19b31c29557d92ca5982433ff169,1.043841,1.04384133611691,1.04384133611691,,0.8326036949784997
0x644d5cc9812938a2316c1d2c1a3dbede6366a4b7584b2e341b0165742789132d,41765964,1770321275,0x1d11866ca5b409b286e32c8279a84213ada1c399,0xe5dddd7a7e5c9f0374ec02d246c9b9e2ce85c75d,0xa9334a34f0fe9f6adb2eb532b3fc00e464cc9132,1.043841,1.04384133611691,1.04384133611691,,0.8326036949784997
0x0cc46ecf7d49a89be4e080d6eca592de2c8f888ed436364335f220fab032fdde,41765964,1770321275,0xa7272afc21f9c321024ed93892a1abfeb621c374,0xabf7b08a7dc4ac8a543c1112a98ddef3bb2990bd,0x76585fbba1eb984900eef32b48ec3560255c92d4,1.043841,1.04384133611691,1.04384133611691,,0.8326036949784997
0xbf55e75269f5e280c2c16fa169cd31108d59aa43dc41a949bd0f2ae3287d152c,41765968,1770321283,0xa7272afc21f9c321024ed93892a1abfeb621c374,0x960b749933566a088df40b8cefb4c753094a2193,0xad95973c72045cd05b9ddaa2b27cf65f578e339e,1.043841,1.04384133611691,1.04384133611691,,0.8326036949784997
0xc0bf7164360164f41f2256ec9ac5dc99778fb0251ff7b362a760a4c1962080fc,41765968,1770321283,0xa7272afc21f9c321024ed93892a1abfeb621c374,0x960b749933566a088df40b8cefb4c753094a2193,0xeafdc784772239dfcbd799776f4e5bc53d07a2dd,1.043841,1.04384133611691,1.04384133611691,,0.8326036949784997
0xc3b20ae96ee99b77d4a08db7f93f98998d7ee06e3106c982ebd83c35d3ff6a6e,41765968,1770321283,0xa7272afc21f9c321024ed93892a1abfeb621c374,0x960b749933566a088df40b8cefb4c753094a2193,0x9b6b68094b3b28093cc306b2aef3917038789406,1.043841,1.04384133611691,1.04384133611691,,0.8326036949784997
0xb690979de455c1bb1b3cca99f2774b0634ecea843b3556ef3231e8ea695dd3ad,41765971,1770321289,0xa7272afc21f9c321024ed93892a1abfeb621c374,0x960b749933566a088df40b8cefb4c753094a2193,0x944263ed7db20091a728faccd56920159042d183,1.043841,1.04384133611691,1.04384133611691,,0.8326036949784997
0x570924e91f1d6f85e8de36a5e491b265d4acf8211acb349671bdecd474df5ca9,41765981,1770321309,0xa7272afc21f9c321024ed93892a1abfeb621c374,0x6c3dbf81cf5159a1d7de697324bc1e571c9ee53b,0xacfa576aa81f7501e3dd1122eba67e3de7d5d5a3,1.043841,1.04384133611691,1.04384133611691,,0.8326036949784997
0x82ea33238de8a8c5dd789b98448a708f63a064499deae4e17686670a7fad5b5c,41765983,1770321313,0xa7272afc21f9c321024ed93892a1abfeb621c374,0x6c3dbf81cf5159a1d7de697324bc1e571c9ee53b,0xe60452a821c98ed3a77296b5b8b0d74ff75a305d,1.043841,1.04384133611691,1.04384133611691,,0.8326036949784997
0x03f529a380986c9a92c5e2339f5386a7508835d49d792dd3144f675ef0eb627b,41765985,1770321317,0xa7272afc21f9c321024ed93892a1abfeb621c374,0x6c3dbf81cf5159a1d7de697324bc1e571c9ee53b,0x70f6409c2075efdd6fd06094fe5303f7c8a5fcc6,1.043841,1.04384133611691,1.04384133611691,,0.8326036949784997
0xb4eb3a5eb3cb1dce50083286b051858e36f82fb081f5594ae7b773e703763b90,41766095,1770321537,0xa7272afc21f9c321024ed93892a1abfeb621c374,0x960b749933566a088df40b8cefb4c753094a2193,0x2b093f057dca6ec2dbf47f6df250f1d07727329e,1.043841,1.04384133611691,1.04384133611691,,0.8326036949784997
0x16aa0f60bbec80ed6233315c49bb9116751d9410dc79e000de50e1ee939370ab,41766095,1770321537,0xa7272afc21f9c321024ed93892a1abfeb621c374,0x960b749933566a088df40b8cefb4c753094a2193,0x6551faf485f5a474f3091dc9c00e5c1240d8f2da,1.043841,1.04384133611691,1.04384133611691,,0.8326036949784997
0x5c61685c70fe5a92a185599daed1f35fa28e8e070b271f5a412ae8978af3546e,41766095,1770321537,0xa7272afc21f9c321024ed93892a1abfeb621c374,0x960b749933566a088df40b8cefb4c753094a2193,0x76acdf57551d19b31c29557d92ca5982433ff169,1.043841,1.04384133611691,1.04384133611691,,0.8326036949784997
0xee2536c76fdc1699ef0cf7eb83f819fc2e42c49641378d4ca630400ac3f5aac9,41766095,1770321537,0xa7272afc21f9c321024ed93892a1abfeb621c374,0x960b749933566a088df40b8cefb4c753094a2193,0x19dd96d1435b2f31bcdbfb2dc2dc9fa75ce5abe4,1.043841,1.04384133611691,1.04384133611691,,0.8326036949784997
0x69a4a829aa0c557253a6d4d5b4636ffc5978e87d1e1fba7b89468cfeca0c10ea,41766095,1770321537,0x1d11866ca5b409b286e32c8279a84213ada1c399,0x960b749933566a088df40b8cefb4c753094a2193,0xa9334a34f0fe9f6adb2eb532b3fc00e464cc9132,1.043841,1.04384133611691,1.04384133611691,,0.8326036949784997
0x2e332ea109f77c63d864353a0d9f5b9d5cc89e29d976d179b4f7d3c09c9997f0,41766095,1770321537,0xa7272afc21f9c321024ed93892a1abfeb621c374,0x960b749933566a088df40b8cefb4c753094a2193,0xa6da7e3bfad3c8b20c4ac34b2ba055bed9e5d762,1.043841,1.04384133611691,1.04384133611691,,0.8326036949784997
0xc981525ce46d25158126f494c1d91b7077cfce363be8692d20441bb625af5f1a,41766095,1770321537,0xa7272afc21f9c321024ed93892a1abfeb621c374,0x960b749933566a088df40b8cefb4c753094a2193,0x76585fbba1eb984900eef32b48ec3560255c92d4,1.043841,1.04384133611691,1.04384133611691,,0.8326036949784997
0x8a38ed02d5f02199a27e5819371b8da2e58b99d0b4969f4dc4b85bfbbf0538fe,41766102,1770321551,0xa7272afc21f9c321024ed93892a1abfeb621c374,0x6c3dbf81cf5159a1d7de697324bc1e571c9ee53b,0xad95973c72045cd05b9ddaa2b27cf65f578e339e,1.043841,1.04384133611691,1.04384133611691,,0.8326036949784997
0x1380cf2448ff1ee2130eb9e21395194f799889330126dd6d9bf7da6d252f047e,41766106,1770321559,0xa7272afc21f9c321024ed93892a1abfeb621c374,0x6c3dbf81cf5159a1d7de697324bc1e571c9ee53b,0x944263ed7db20091a728faccd56920159042d183,1.043841,1.04384133611691,1.04384133611691,,0.8326036949784997
0x2375b8a7c4b9a3f3f8763028651d4bc18a3dff55d172968d5d878edaa09cadbb,41766110,1770321567,0xa7272afc21f9c321024ed93892a1abfeb621c374,0x6c3dbf81cf5159a1d7de697324bc1e571c9ee53b,0x9b6b68094b3b28093cc306b2aef3917038789406,1.043841,1.04384133611691,1.04384133611691,,0.8326036949784997
0x32112755e41992914e0afa64bc18b95a094ee26baff7f106928b944a14b687d1,41766116,1770321579,0xa7272afc21f9c321024ed93892a1abfeb621c374,0x6c3dbf81cf5159a1d7de697324bc1e571c9ee53b,0xd4a9cfa1d7cca50f29a46bd0f6f5646f5548a793,1.043841,1.04384133611691,1.04384133611691,,0.8326036949784997
0x9266377da6ef97c287aa6843f5f96f0bd8aab94aaea2da63dec72f2c858b387b,41766338,1770322023,0xa7272afc21f9c321024ed93892a1abfeb621c374,0x960b749933566a088df40b8cefb4c753094a2193,0x2b093f057dca6ec2dbf47f6df250f1d07727329e,1.043841,1.04384133611691,1.04384133611691,,0.8326036949784997
0x7246e093aaf34f804528517e2d16a86bde372fde7d70dff9365b2d444f600d18,41766338,1770322023,0xa7272afc21f9c321024ed93892a1abfeb621c374,0x960b749933566a088df40b8cefb4c753094a2193,0x76acdf57551d19b31c29557d92ca5982433ff169,1.043841,1.04384133611691,1.04384133611691,,0.8326036949784997
0x4db42797682383fc781bca13ef0351f6548f8255b6491f3b3f9aeece93e7418e,41766338,1770322023,0xa7272afc21f9c321024ed93892a1abfeb621c374,0x960b749933566a088df40b8cefb4c753094a2193,0x19dd96d1435b2f31bcdbfb2dc2dc9fa75ce5abe4,1.043841,1.04384133611691,1.04384133611691,,0.8326036949784997
0xd1a4b62aca6eb7762fde300342245e70feccfd1d9dbc87dde18e3c33e6f828ce,41766338,1770322023,0xa7272afc21f9c321024ed93892a1abfeb621c374,0x960b749933566a088df40b8cefb4c753094a2193,0xa6da7e3bfad3c8b20c4ac34b2ba055bed9e5d762,1.043841,1.04384133611691,1.04384133611691,,0.8326036949784997
0x09ca7062bf99dff0a74e876936e3b551379aa89e87b61b64098a9e28d42f5e7b,41766339,1770322025,0xa7272afc21f9c321024ed93892a1abfeb621c374,0x960b749933566a088df40b8cefb4c753094a2193,0x6551faf485f5a474f3091dc9c00e5c1240d8f2da,1.043841,1.04384133611691,1.04384133611691,,0.8326036949784997
0x2e1a27c17db7ae1745d60f0c4c72bcff73e91db10bbc3b2e972197d640fe741d,41766339,1770322025,0xa7272afc21f9c321024ed93892a1abfeb621c374,0x960b749933566a088df40b8cefb4c753094a2193,0x76585fbba1eb984900eef32b48ec3560255c92d4,1.043841,1.04384133611691,1.04384133611691,,0.8326036949784997
0x14a6f60832b25cd28745ccd1ad2d3895bd0fdec98188e3631154a9842ce590f8,41766390,1770322127,0x9231db26a7a7a2bc81abb13331edae458b2871b6,0x960b749933566a088df40b8cefb4c753094a2193,0x4822529530ecc268b42f0fe76e9df03cde09d9a1,1.043841,1.04384133611691,1.04384133611691,,0.8326036949784997
0x8dd868f573f01314732478b2019d6644f8b5d031ab27bd1f7405c98687e1cf97,41766394,1770322135,0xa7272afc21f9c321024ed93892a1abfeb621c374,0x6c3dbf81cf5159a1d7de697324bc1e571c9ee53b,0x944263ed7db20091a728faccd56920159042d183,1.043841,1.04384133611691,1.04384133611691,,0.8326036949784997
0xd25d5dc8886cdb2255012c4e4a9d298aedbdaf63aa6f4c4381b522b377295ee2,41766582,1770322511,0xa7272afc21f9c321024ed93892a1abfeb621c374,0x960b749933566a088df40b8cefb4c753094a2193,0x2b093f057dca6ec2dbf47f6df250f1d07727329e,1.043841,1.04384133611691,1.04384133611691,,0.8326036949784997
0xd25299f0499528630b617bdb8e2f88f52dd3354f97c7bc1f7e484d3efc0a546c,41766582,1770322511,0xa7272afc21f9c321024ed93892a1abfeb621c374,0x960b749933566a088df40b8cefb4c753094a2193,0x6551faf485f5a474f3091dc9c00e5c1240d8f2da,1.043841,1.04384133611691,1.04384133611691,,0.8326036949784997
0x46bb0fd989702768aa356164018d2581fb52023a370783ddfa02dfa48bd55949,41766582,1770322511,0xa7272afc21f9c321024ed93892a1abfeb621c374,0x960b749933566a088df40b8cefb4c753094a2193,0x76acdf57551d19b31c29557d92ca5982433ff169,1.043841,1.04384133611691,1.04384133611691,,0.8326036949784997
0x8147a88ac5a1a121be31fe582ec0ab26f8c8b5ec5be34f5ad069e847570ea28a,41766582,1770322511,0xa7272afc21f9c321024ed93892a1abfeb621c374,0x960b749933566a088df40b8cefb4c753094a2193,0x19dd96d1435b2f31bcdbfb2dc2dc9fa75ce5abe4,1.043841,1.04384133611691,1.04384133611691,,0.8326036949784997
0xad9bd7837709f45d8b6e774048278b9a10f9b5ab48d007964228c47e8d3d502f,41766582,1770322511,0xa7272afc21f9c321024ed93892a1abfeb621c374,0x960b749933566a088df40b8cefb4c753094a2193,0xa6da7e3bfad3c8b20c4ac34b2ba055bed9e5d762,1.043841,1.04384133611691,1.04384133611691,,0.8326036949784997
0x103817b246d2a0887fc0698ec1190d706e50762962b6d74fa11ea6c2096e2c8e,41766582,1770322511,0xa7272afc21f9c321024ed93892a1abfeb621c374,0x960b749933566a088df40b8cefb4c753094a2193,0x76585fbba1eb984900eef32b48ec3560255c92d4,1.043841,1.04384133611691,1.04384133611691,,0.8326036949784997
0xf502ac08714a84d6fb77800975cf2c1b2f8891a2c06c6f9c472f97fb5bc9903b,41766582,1770322511,0xa7272afc21f9c321024ed93892a1abfeb621c374,0x960b749933566a088df40b8cefb4c753094a2193,0xad95973c72045cd05b9ddaa2b27cf65f578e339e,1.043841,1.04384133611691,1.04384133611691,,0.8326036949784997
0x67858db73300a676fbcba2426454430b30c5251972452489c9d7eed0569ebfab,41766582,1770322511,0xa7272afc21f9c321024ed93892a1abfeb621c374,0x960b749933566a088df40b8cefb4c753094a2193,0x944263ed7db20091a728faccd56920159042d183,1.043841,1.04384133611691,1.04384133611691,,0.8326036949784997
0x137abfaac71484bedc0fa30d816dcd335c3f43f3656eba558c624c7718cec487,41766582,1770322511,0xa7272afc21f9c321024ed93892a1abfeb621c374,0x960b749933566a088df40b8cefb4c753094a2193,0x9b6b68094b3b28093cc306b2aef3917038789406,1.043841,1.04384133611691,1.04384133611691,,0.8326036949784997
0x50ec6df6dbca707868002daba7121c259e8de705ab020f78793fccf9310f6739,41766582,1770322511,0xa7272afc21f9c321024ed93892a1abfeb621c374,0x960b749933566a088df40b8cefb4c753094a2193,0xeafdc784772239dfcbd799776f4e5bc53d07a2dd,1.043841,1.04384133611691,1.04384133611691,,0.8326036949784997
0x15ef38ecde7a6f443e18fa42c952ecd9a9723296ac057ebf0736353b11e6cd62,41766627,1770322601,0xa7272afc21f9c321024ed93892a1abfeb621c374,0x960b749933566a088df40b8cefb4c753094a2193,0x2b093f057dca6ec2dbf47f6df250f1d07727329e,1.043841,1.04384133611691,1.04384133611691,,0.8326036949784997
0xdbfdc225f350584f6ccd2933af3ec02c7a2fe0d41cf2aa3a31bfa8789d24c024,41766627,1770322601,0xa7272afc21f9c321024ed93892a1abfeb621c374,0x960b749933566a088df40b8cefb4c753094a2193,0x6551faf485f5a474f3091dc9c00e5c1240d8f2da,1.043841,1.04384133611691,1.04384133611691,,0.8326036949784997
0x227e3bf2953cada06da37054f471751422908f302df9242f9a9c200bbc0c5c5c,41766627,1770322601,0xa7272afc21f9c321024ed93892a1abfeb621c374,0xe5dddd7a7e5c9f0374ec02d246c9b9e2ce85c75d,0x76acdf57551d19b31c29557d92ca5982433ff169,1.043841,1.04384133611691,1.04384133611691,,0.8326036949784997
0xae1047d63144288427d35c09d551f6ce6aefac15dfeb2d7f8f1376ff0cd35815,41766627,1770322601,0xa7272afc21f9c321024ed93892a1abfeb621c374,0xe5dddd7a7e5c9f0374ec02d246c9b9e2ce85c75d,0x76acdf57551d19b31c29557d92ca5982433ff169,1.043841,1.04384133611691,1.04384133611691,,0.8326036949784997
0xc1e1157bedab7aeb7a73b61e40664db020a6a272015a16855379ba6fb4f3716a,41766627,1770322601,0xa7272afc21f9c321024ed93892a1abfeb621c374,0x960b749933566a088df40b8cefb4c753094a2193,0x19dd96d1435b2f31bcdbfb2dc2dc9fa75ce5abe4,1.043841,1.04384133611691,1.04384133611691,,0.8326036949784997
0xb11e31835feffa535c5f0b5b2b9dd225aac09362451933e001f1f0913431a04b,41766627,1770322601,0xa7272afc21f9c321024ed93892a1abfeb621c374,0x960b749933566a088df40b8cefb4c753094a2193,0xa6da7e3bfad3c8b20c4ac34b2ba055bed9e5d762,1.043841,1.04384133611691,1.04384133611691,,0.8326036949784997
0xcb934947bc7c8ddd931c2d20d25761e0126406a9bcc47fbd67ade1a547ac3f03,41766627,1770322601,0xa7272afc21f9c321024ed93892a1abfeb621c374,0x960b749933566a088df40b8cefb4c753094a2193,0x76585fbba1eb984900eef32b48ec3560255c92d4,1.043841,1.04384133611691,1.04384133611691,,0.8326036949784997
0xf874c9cd0d567549a99f41c0c8f012a038c8faca8c968442982b460931f2b751,41766627,1770322601,0xa7272afc21f9c321024ed93892a1abfeb621c374,0x960b749933566a088df40b8cefb4c753094a2193,0xad95973c72045cd05b9ddaa2b27cf65f578e339e,1.043841,1.04384133611691,1.04384133611691,,0.8326036949784997
0x370e9c551998a2b4f95521c39dd085e3af299d19b3a63c2c4e769b274db7fc50,41766627,1770322601,0xa7272afc21f9c321024ed93892a1abfeb621c374,0x960b749933566a088df40b8cefb4c753094a2193,0x944263ed7db20091a728faccd56920159042d183,1.043841,1.04384133611691,1.04384133611691,,0.8326036949784997
0x9cb5a48805d376677f8d6234f856f1133c34f550f5ad0927c605824d204f8870,41766627,1770322601,0xa7272afc21f9c321024ed93892a1abfeb621c374,0x960b749933566a088df40b8cefb4c753094a2193,0x9b6b68094b3b28093cc306b2aef3917038789406,1.043841,1.04384133611691,1.04384133611691,,0.8326036949784997
0x05acbfa9a51a545da4641c29709c24827be8f6ad33ac10f1a594337f35ecc5b2,41766627,1770322601,0xa7272afc21f9c321024ed93892a1abfeb621c374,0x960b749933566a088df40b8cefb4c753094a2193,0xeafdc784772239dfcbd799776f4e5bc53d07a2dd,1.043841,1.04384133611691,1.04384133611691,,0.8326036949784997
0x9ddcf30a50ef04b4a16fa947cd4d4bc35dd84f92607f2513b46456182dc43c6b,41766627,1770322601,0xa7272afc21f9c321024ed93892a1abfeb621c374,0x960b749933566a088df40b8cefb4c753094a2193,0xd4a9cfa1d7cca50f29a46bd0f6f5646f5548a793,1.043841,1.04384133611691,1.04384133611691,,0.8326036949784997
0x6f55eb1f5493ba3896bf8858c7f2f1e7dc18e81661e9ea08e115ef77e8ba9565,41766628,1770322603,0xa7272afc21f9c321024ed93892a1abfeb621c374,0xe5dddd7a7e5c9f0374ec02d246c9b9e2ce85c75d,0x76acdf57551d19b31c29557d92ca5982433ff169,1.043841,1.04384133611691,1.04384133611691,,0.8326036949784997
0x19a48346934c7d52268b7e58805dad9cf9810709e2d23dc25f02de7a05838328,41766653,1770322653,0xd577d9dcff3e46e97d2b859df6d6c68a7dbb6612,0x960b749933566a088df40b8cefb4c753094a2193,0x5ec6090b325abd98a441a2a35c26cdceb6ee82de,1.043841,1.04384133611691,1.04384133611691,,0.8326036949784997
0x4a3b87426f2abe3e17f88511e208806b6e035b04c53053f0fa58db529dcb705e,41766658,1770322663,0xa7272afc21f9c321024ed93892a1abfeb621c374,0x960b749933566a088df40b8cefb4c753094a2193,0xeafdc784772239dfcbd799776f4e5bc53d07a2dd,1.043841,1.04384133611691,1.04384133611691,,0.8326036949784997
0x033a90a87e59d372f825c4a7dd5948b48c2ba98eea0c5f8d4fb2ff4b98d20219,41766658,1770322663,0xa7272afc21f9c321024ed93892a1abfeb621c374,0x960b749933566a088df40b8cefb4c753094a2193,0xad95973c72045cd05b9ddaa2b27cf65f578e339e,1.043841,1.04384133611691,1.04384133611691,,0.8326036949784997
0xb836e18775d6a36456979b22fbccd6fa40dcc7a668af80a59bce684bbaf86485,41766658,1770322663,0x742d1c11c9cf4c84f1dda7b5c8ad8fc7bc708493,0x960b749933566a088df40b8cefb4c753094a2193,0x97e7cf55540bc6ea10124edf71e6278b4c5093fb,1.043841,1.04384133611691,1.04384133611691,,0.8326036949784997
0x9848ad8355d7ae8312bb6398cee8c9f07c777963a41b9bb6625f459d9c62a935,41766659,1770322665,0xa7272afc21f9c321024ed93892a1abfeb621c374,0xe5dddd7a7e5c9f0374ec02d246c9b9e2ce85c75d,0x2b093f057dca6ec2dbf47f6df250f1d07727329e,1.043841,1.04384133611691,1.04384133611691,,0.8326036949784997
0x26abf2567f0f89c71e513024607f1537880750dcdea49e5122df5c77d8ed1c6f,41766664,1770322675,0xa7272afc21f9c321024ed93892a1abfeb621c374,0xabf7b08a7dc4ac8a543c1112a98ddef3bb2990bd,0x64dee823db2a87135e58b4c37a8580af6f10551e,1.043841,1.04384133611691,1.04384133611691,,0.8326036949784997
0xc16ed986eceec064918e5da7a64c43bbf36ccd6dad78e3376cca0cb89d22cb7e,41766664,1770322675,0xa7272afc21f9c321024ed93892a1abfeb621c374,0x960b749933566a088df40b8cefb4c753094a2193,0x19dd96d1435b2f31bcdbfb2dc2dc9fa75ce5abe4,1.043841,1.04384133611691,1.04384133611691,,0.8326036949784997
0x1acebc87c487728800aacbee81b8abdb39bfecfd3a02cec50fd75b99c693b209,41766664,1770322675,0x1d11866ca5b409b286e32c8279a84213ada1c399,0x960b749933566a088df40b8cefb4c753094a2193,0xf77e58a86d40cff6914ccd055073387c581a3fdd,1.043841,1.04384133611691,1.04384133611691,,0.8326036949784997
0x100072f5218543f9c71378183b96ab2165f3d06706bd9ee856eaf28c275ef86d,41766664,1770322675,0xa7272afc21f9c321024ed93892a1abfeb621c374,0x960b749933566a088df40b8cefb4c753094a2193,0x9b6b68094b3b28093cc306b2aef3917038789406,1.043841,1.04384133611691,1.04384133611691,,0.8326036949784997
0x0d0b74c3f3bf72d274f7488b0f88e8c2342091fbe63890a1fb79debd82dc3d66,41766664,1770322675,0x9231db26a7a7a2bc81abb13331edae458b2871b6,0x960b749933566a088df40b8cefb4c753094a2193,0x4822529530ecc268b42f0fe76e9df03cde09d9a1,1.041895,1.04384133611691,1.04384133611691,,0.8326036949784997
0x01b426b1091ab773fb13fd730f7724496eac40ceca92725e85a0977e4e95b203,41766664,1770322675,0xa7272afc21f9c321024ed93892a1abfeb621c374,0x960b749933566a088df40b8cefb4c753094a2193,0x76585fbba1eb984900eef32b48ec3560255c92d4,1.043841,1.04384133611691,1.04384133611691,,0.8326036949784997
0x07424295452d85ef9e3bad3ff61db4d9291800437fa184afe802a53fbd167db2,41766664,1770322675,0x742d1c11c9cf4c84f1dda7b5c8ad8fc7bc708493,0x960b749933566a088df40b8cefb4c753094a2193,0x5ec6090b325abd98a441a2a35c26cdceb6ee82de,1.041895,1.04384133611691,1.04384133611691,,0.8326036949784997
0x909d713b8c1068783a93d83e097f8ebdc9eb033e6ea76d78127208ca20ccada2,41766664,1770322675,0xfbd56e6c63c3d24f87bd7b890815d40553845112,0x960b749933566a088df40b8cefb4c753094a2193,0x3cc4d5e7d3f4ae8cdb34d1a011b07b00309b556f,1.041895,1.04384133611691,1.04384133611691,,0.8326036949784997
0x479f872a1a4ce61f13ad6733f49565e2cd75ee199daa92daacdd1dd69425c936,41766664,1770322675,0x99863730ede7c930bfddeb6550209b5705e869bb,0x960b749933566a088df40b8cefb4c753094a2193,0x28ef1ddb573e2136b165d15870b72d4b661173db,1.072111,1.0741138560687433,1.0741138560687433,,0.727366070175296
0x06c32a3704e2299ed0cb7780cc3ec2514b2c4bb58cc5ef60f020ff2fdbbbabb0,41766664,1770322675,0xa7272afc21f9c321024ed93892a1abfeb621c374,0x960b749933566a088df40b8cefb4c753094a2193,0x70f6409c2075efdd6fd06094fe5303f7c8a5fcc6,1.043841,1.04384133611691,1.04384133611691,,0.8326036949784997
0x2ef68683a9be9d8d3893216e4c1c67d6c71091a6f9697e7ed56a35fe0546b977,41766664,1770322675,0xa7272afc21f9c321024ed93892a1abfeb621c374,0x960b749933566a088df40b8cefb4c753094a2193,0xacfa576aa81f7501e3dd1122eba67e3de7d5d5a3,1.043841,1.04384133611691,1.04384133611691,,0.8326036949784997
0xd999ded3c09286b724606ceeda4ffdb3a745dfff1e97d9d89ec6d5937ebc4fe2,41766664,1770322675,0xa7272afc21f9c321024ed93892a1abfeb621c374,0x960b749933566a088df40b8cefb4c753094a2193,0xd4a9cfa1d7cca50f29a46bd0f6f5646f5548a793,1.043841,1.04384133611691,1.04384133611691,,0.8326036949784997
0x101327ad0f0fd64d36d322e164f4782f12010cfb0a9b36c18e37b85de0577787,41766664,1770322675,0xa7272afc21f9c321024ed93892a1abfeb621c374,0x960b749933566a088df40b8cefb4c753094a2193,0xe60452a821c98ed3a77296b5b8b0d74ff75a305d,1.043841,1.04384133611691,1.04384133611691,,0.8326036949784997
0x9ee24d2d66a7f27faf525a93f6ee96735b70e4a3bc400eb5e77cae93dc72ca78,41766667,1770322681,0xa7272afc21f9c321024ed93892a1abfeb621c374,0xe5dddd7a7e5c9f0374ec02d246c9b9e2ce85c75d,0x6551faf485f5a474f3091dc9c00e5c1240d8f2da,1.043841,1.04384133611691,1.04384133611691,,0.8326036949784997
0x3296db58cddcecb7d7ae81f083bbe3f654d33597576fd97df7b8ca70b5ceed39,41766667,1770322681,0xa7272afc21f9c321024ed93892a1abfeb621c374,0xe5dddd7a7e5c9f0374ec02d246c9b9e2ce85c75d,0x2b093f057dca6ec2dbf47f6df250f1d07727329e,1.043841,1.04384133611691,1.04384133611691,,0.8326036949784997
0xd2bbdcd34f486a15c494a34e8278c445c2ec833b9fe7826c4f63f686b28cdeb0,41766667,1770322681,0xa7272afc21f9c321024ed93892a1abfeb621c374,0xe5dddd7a7e5c9f0374ec02d246c9b9e2ce85c75d,0x76acdf57551d19b31c29557d92ca5982433ff169,1.043841,1.04384133611691,1.04384133611691,,0.8326036949784997
0x01939e61ebc9b2d14c40a8080f00d0fa7ac430de38d3b0f23990a5e944805cc4,41766668,1770322683,0xd577d9dcff3e46e97d2b859df6d6c68a7dbb6612,0x960b749933566a088df40b8cefb4c753094a2193,0x5ec6090b325abd98a441a2a35c26cdceb6ee82de,1.043841,1.04384133611691,1.04384133611691,,0.8326036949784997
0xac417bc355ae812906f03b0d85f1b1020f257a6a5cba0f44bbb4530676dde431,41766668,1770322683,0xa7272afc21f9c321024ed93892a1abfeb621c374,0x960b749933566a088df40b8cefb4c753094a2193,0xa6da7e3bfad3c8b20c4ac34b2ba055bed9e5d762,1.043841,1.04384133611691,1.04384133611691,,0.8326036949784997
0xc25765fd93a25f0307971603558bb551624e955a1ef7508d3bad410f4b4f164a,41766668,1770322683,0xa7272afc21f9c321024ed93892a1abfeb621c374,0x960b749933566a088df40b8cefb4c753094a2193,0x944263ed7db20091a728faccd56920159042d183,1.043841,1.04384133611691,1.04384133611691,,0.8326036949784997
0x8591ceb2a6b8d4f2dd63301fee26e5e31af53de8497d8980b38c792fee7b1cd5,41766733,1770322813,0x742d1c11c9cf4c84f1dda7b5c8ad8fc7bc708493,0x960b749933566a088df40b8cefb4c753094a2193,0x5ec6090b325abd98a441a2a35c26cdceb6ee82de,1.047355,1.04384133611691,1.04384133611691,,0.8326036949784997
0x81b2797c3530c8946d313431caaab2bb48d06cf306654f01ca6ad32f2464a3da,41766733,1770322813,0x9231db26a7a7a2bc81abb13331edae458b2871b6,0x960b749933566a088df40b8cefb4c753094a2193,0x4822529530ecc268b42f0fe76e9df03cde09d9a1,1.047355,1.04384133611691,1.04384133611691,,0.8326036949784997
0x04d23d3370105ab6ff74a5b85127426aef35b233e768739b6f2b98fe584add0a,41766733,1770322813,0xfbd56e6c63c3d24f87bd7b890815d40553845112,0x960b749933566a088df40b8cefb4c753094a2193,0x3cc4d5e7d3f4ae8cdb34d1a011b07b00309b556f,1.047355,1.04384133611691,1.04384133611691,,0.8326036949784997
0x51213e4fadb2afcb45c5bd13192393ab970cecf684f25091f27da299e0cef3d9,41766754,1770322855,0xa7272afc21f9c321024ed93892a1abfeb621c374,0x960b749933566a088df40b8cefb4c753094a2193,0x2b093f057dca6ec2dbf47f6df250f1d07727329e,1.045153,1.04384133611691,1.04384133611691,,0.8326036949784997
0xb00a47686575e965caebbe0337d834ce1cff5b971631c9e939dc55b5b4b26844,41766754,1770322855,0xa7272afc21f9c321024ed93892a1abfeb621c374,0x960b749933566a088df40b8cefb4c753094a2193,0x6551faf485f5a474f3091dc9c00e5c1240d8f2da,1.045153,1.04384133611691,1.04384133611691,,0.8326036949784997
0xad11827d4acfe992d624a7ce5f562f2759d2bacb34d5a066e51996dfcdc044d1,41766754,1770322855,0xa7272afc21f9c321024ed93892a1abfeb621c374,0x960b749933566a088df40b8cefb4c753094a2193,0x76acdf57551d19b31c29557d92ca5982433ff169,1.045153,1.04384133611691,1.04384133611691,,0.8326036949784997
0x001e417fc216f98963eb0bdece7fa00fa13bdf84279814bc1cc44beb778a60e7,41766754,1770322855,0xa7272afc21f9c321024ed93892a1abfeb621c374,0x960b749933566a088df40b8cefb4c753094a2193,0xa6da7e3bfad3c8b20c4ac34b2ba055bed9e5d762,1.045153,1.04384133611691,1.04384133611691,,0.8326036949784997
0xeec076e341ffa4debaa0b90ef68c36c90d2f1b8d98bb1a727235faba89151792,41766754,1770322855,0xa7272afc21f9c321024ed93892a1abfeb621c374,0x960b749933566a088df40b8cefb4c753094a2193,0x944263ed7db20091a728faccd56920159042d183,1.045153,1.04384133611691,1.04384133611691,,0.8326036949784997
0x00c9e968c618efa80acf4372e0579cf379c0708384accaf93ce37af308334f82,41766784,1770322915,0xa7272afc21f9c321024ed93892a1abfeb621c374,0x960b749933566a088df40b8cefb4c753094a2193,0x2b093f057dca6ec2dbf47f6df250f1d07727329e,1.045199,1.04384133611691,1.04384133611691,,0.8326036949784997
0x6cfd9f39865813b845735a9b686ea2409a3b9dec1c3ae585f1dfcf70f010431a,41766784,1770322915,0xa7272afc21f9c321024ed93892a1abfeb621c374,0x960b749933566a088df40b8cefb4c753094a2193,0x64dee823db2a87135e58b4c37a8580af6f10551e,1.045199,1.04384133611691,1.04384133611691,,0.8326036949784997
0x5ec23dcdfd264bf9f7565ac27a1e0aa2169dcbb54faf6093e81f42205251ce99,41766784,1770322915,0xa7272afc21f9c321024ed93892a1abfeb621c374,0x960b749933566a088df40b8cefb4c753094a2193,0x6551faf485f5a474f3091dc9c00e5c1240d8f2da,1.045199,1.04384133611691,1.04384133611691,,0.8326036949784997
0x049dbf27a63ef00f79bff29b30c12386000c0101873540b9784b77a74f0f7603,41766784,1770322915,0xa7272afc21f9c321024ed93892a1abfeb621c374,0x960b749933566a088df40b8cefb4c753094a2193,0x76acdf57551d19b31c29557d92ca5982433ff169,1.045199,1.04384133611691,1.04384133611691,,0.8326036949784997
0xbc3c6e1387ebad8ed8b43405972571e794db986d3b66cf88a29a6601d352ddfa,41766784,1770322915,0xa7272afc21f9c321024ed93892a1abfeb621c374,0x960b749933566a088df40b8cefb4c753094a2193,0x19dd96d1435b2f31bcdbfb2dc2dc9fa75ce5abe4,1.045199,1.04384133611691,1.04384133611691,,0.8326036949784997
0x66687a44844c46bc762c14dac28a42db21ede3073c55a99dd9b52ea7a3ef0b89,41766784,1770322915,0xa7272afc21f9c321024ed93892a1abfeb621c374,0x960b749933566a088df40b8cefb4c753094a2193,0xa6da7e3bfad3c8b20c4ac34b2ba055bed9e5d762,1.045199,1.04384133611691,1.04384133611691,,0.8326036949784997
0x4c7a9a07171e6ccd85e056ef6518c04413f10950161d5692b3bed827585d74ca,41766784,1770322915,0x1d11866ca5b409b286e32c8279a84213ada1c399,0x960b749933566a088df40b8cefb4c753094a2193,0xf77e58a86d40cff6914ccd055073387c581a3fdd,1.045199,1.04384133611691,1.04384133611691,,0.8326036949784997
0x680c03592647abec7e87429752f5569994814eb5c70068cf083b34b84b34e685,41766784,1770322915,0xa7272afc21f9c321024ed93892a1abfeb621c374,0x960b749933566a088df40b8cefb4c753094a2193,0x944263ed7db20091a728faccd56920159042d183,1.045199,1.04384133611691,1.04384133611691,,0.8326036949784997
0x33836781874cdd26eabe63cb53436a29d94d5bcdbbda544b429d20fe835543c6,41766784,1770322915,0xa7272afc21f9c321024ed93892a1abfeb621c374,0x960b749933566a088df40b8cefb4c753094a2193,0x76585fbba1eb984900eef32b48ec3560255c92d4,1.045199,1.04384133611691,1.04384133611691,,0.8326036949784997
0x923cdb07719e90e597b31bfc1700e981c7e00c4b5813ccfc82ac8354962d0720,41766784,1770322915,0xa7272afc21f9c321024ed93892a1abfeb621c374,0x960b749933566a088df40b8cefb4c753094a2193,0xad95973c72045cd05b9ddaa2b27cf65f578e339e,1.045199,1.04384133611691,1.04384133611691,,0.8326036949784997
0x2c19da66dca9a22490cfffcf33c5565989ef92e22b754da613012273aac553bf,41766793,1770322933,0x9ca1dad919221d920b889aacf3023a5cea23165f,0x960b749933566a088df40b8cefb4c753094a2193,0x7aa0a887f03339d6296183cba37b1eac717364f8,1.049681,1.04384133611691,1.04384133611691,,0.8326036949784997
0xf5f00e9ec5ca7354e936813343bd0de4e4a6534a0906134a5ea6931214345b16,41766793,1770322933,0x742d1c11c9cf4c84f1dda7b5c8ad8fc7bc708493,0x960b749933566a088df40b8cefb4c753094a2193,0x5ec6090b325abd98a441a2a35c26cdceb6ee82de,1.049681,1.04384133611691,1.04384133611691,,0.8326036949784997
0x97390f4366f47f1c6723b9350ca2c405a642a37da5bc4b11eb3e34b11e9af572,41766793,1770322933,0x9231db26a7a7a2bc81abb13331edae458b2871b6,0x960b749933566a088df40b8cefb4c753094a2193,0x4822529530ecc268b42f0fe76e9df03cde09d9a1,1.049681,1.04384133611691,1.04384133611691,,0.8326036949784997
0x857ff3405a40860ffc0861a62845d6f9eb2e93053b88bdfe36502c89987aa612,41766793,1770322933,0x99863730ede7c930bfddeb6550209b5705e869bb,0x960b749933566a088df40b8cefb4c753094a2193,0x28ef1ddb573e2136b165d15870b72d4b661173db,1.080123,1.0741138560687433,1.0741138560687433,,0.727366070175296
0xfac519794f619e4bfb0192f21a33e3e61582a2dcf32c77ad77dd4dcf4565fb5a,41766793,1770322933,0x742d1c11c9cf4c84f1dda7b5c8ad8fc7bc708493,0x960b749933566a088df40b8cefb4c753094a2193,0x97e7cf55540bc6ea10124edf71e6278b4c5093fb,1.049681,1.04384133611691,1.04384133611691,,0.8326036949784997
0x1875153648bcd0802af03cf335a2b1c78f3b9b0c8e26dabf36b8a24a933473f0,41766794,1770322935,0xfbd56e6c63c3d24f87bd7b890815d40553845112,0x960b749933566a088df40b8cefb4c753094a2193,0x3cc4d5e7d3f4ae8cdb34d1a011b07b00309b556f,1.043841,1.04384133611691,1.04384133611691,,0.8326036949784997
0x7c1adfa99e2e3e897b487aca1247de0c00d16a21fca70c21f41d7c0bbe6cc7e3,41766799,1770322945,0xa7272afc21f9c321024ed93892a1abfeb621c374,0x960b749933566a088df40b8cefb4c753094a2193,0x2b093f057dca6ec2dbf47f6df250f1d07727329e,1.045924,1.04384133611691,1.04384133611691,,0.8326036949784997
0x1b4bcfb72122a97642a52a438de9cefebfcd1104fd4bfc0b923881d070ab97e5,41766799,1770322945,0xa7272afc21f9c321024ed93892a1abfeb621c374,0x960b749933566a088df40b8cefb4c753094a2193,0x6551faf485f5a474f3091dc9c00e5c1240d8f2da,1.045924,1.04384133611691,1.04384133611691,,0.8326036949784997
0x9ee17d9524d7368515b83c759f565ebe578d9effa6e46ae243df34684033668b,41766799,1770322945,0xa7272afc21f9c321024ed93892a1abfeb621c374,0x960b749933566a088df40b8cefb4c753094a2193,0x76acdf57551d19b31c29557d92ca5982433ff169,1.045924,1.04384133611691,1.04384133611691,,0.8326036949784997
0xd55c3444c06813771b21578f3eb94e553f54d3652365acf2ad4a65842e0225b2,41766799,1770322945,0xa7272afc21f9c321024ed93892a1abfeb621c374,0xe5dddd7a7e5c9f0374ec02d246c9b9e2ce85c75d,0x64dee823db2a87135e58b4c37a8580af6f10551e,1.045924,1.04384133611691,1.04384133611691,,0.8326036949784997
0x6e07dc288ccde3b8061745183a194886c79a3e1ebab4433037a01b9d1f2b82e8,41766799,1770322945,0xa7272afc21f9c321024ed93892a1abfeb621c374,0x960b749933566a088df40b8cefb4c753094a2193,0x19dd96d1435b2f31bcdbfb2dc2dc9fa75ce5abe4,1.045924,1.04384133611691,1.04384133611691,,0.8326036949784997
0xd766ba285f7e200bc5b14e5e421f57026dd4ffb701aa471ba294e5a4b1657f15,41766799,1770322945,0xa7272afc21f9c321024ed93892a1abfeb621c374,0x960b749933566a088df40b8cefb4c753094a2193,0xa6da7e3bfad3c8b20c4ac34b2ba055bed9e5d762,1.045924,1.04384133611691,1.04384133611691,,0.8326036949784997
0x7f36d07fd1df118a532bdbe128a80b18c161ac60823069b7108c1be23214c71f,41766799,1770322945,0x1d11866ca5b409b286e32c8279a84213ada1c399,0x960b749933566a088df40b8cefb4c753094a2193,0xf77e58a86d40cff6914ccd055073387c581a3fdd,1.045924,1.04384133611691,1.04384133611691,,0.8326036949784997
0xd499c07d8d07f259258e60b5dfd33e3c94a4d32cea70f9f86052bde880c034bd,41766799,1770322945,0xa7272afc21f9c321024ed93892a1abfeb621c374,0x960b749933566a088df40b8cefb4c753094a2193,0x76585fbba1eb984900eef32b48ec3560255c92d4,1.045924,1.04384133611691,1.04384133611691,,0.8326036949784997
0x2a5e316ac3603faca6e5ada191ab9fc740e48c0512073244ff8d10e7b3bcc098,41766799,1770322945,0xa7272afc21f9c321024ed93892a1abfeb621c374,0x960b749933566a088df40b8cefb4c753094a2193,0xad95973c72045cd05b9ddaa2b27cf65f578e339e,1.045924,1.04384133611691,1.04384133611691,,0.8326036949784997
0x0c4031d24c3dedb15d691e31a6515c86168a9f619cfe570561a645e76983ccf5,41766799,1770322945,0xa7272afc21f9c321024ed93892a1abfeb621c374,0x960b749933566a088df40b8cefb4c753094a2193,0x944263ed7db20091a728faccd56920159042d183,1.045924,1.04384133611691,1.04384133611691,,0.8326036949784997
0xfaa863f9ef51d15d80f2715a909b9c12cae4572c492c9a253df298f1dc8dad02,41766799,1770322945,0xa7272afc21f9c321024ed93892a1abfeb621c374,0x960b749933566a088df40b8cefb4c753094a2193,0x9b6b68094b3b28093cc306b2aef3917038789406,1.045924,1.04384133611691,1.04384133611691,,0.8326036949784997
0x86537f987c67b992fa2cf881e8646104ee6af3771949eeb03493aa285051ab94,41766799,1770322945,0xa7272afc21f9c321024ed93892a1abfeb621c374,0x960b749933566a088df40b8cefb4c753094a2193,0xeafdc784772239dfcbd799776f4e5bc53d07a2dd,1.045924,1.04384133611691,1.04384133611691,,0.8326036949784997
0x0e3f683af6eac744d1ae8f8f52804511c3f069ecbd4a0cda4efd314e549c0dbd,41766814,1770322975,0xa7272afc21f9c321024ed93892a1abfeb621c374,0x960b749933566a088df40b8cefb4c753094a2193,0x76acdf57551d19b31c29557d92ca5982433ff169,1.050363,1.04384133611691,1.04384133611691,,0.8326036949784997
0x0c68930a120d9e72467aa5d7a2e7982f62d1f7d2f327aacee38a058f546abee8,41766814,1770322975,0xa7272afc21f9c321024ed93892a1abfeb621c374,0x960b749933566a088df40b8cefb4c753094a2193,0xeafdc784772239dfcbd799776f4e5bc53d07a2dd,1.050363,1.04384133611691,1.04384133611691,,0.8326036949784997
0x65615a3761cd58697b4c987c0548204fe73e69e92bf961bc62c55eb5b40d9924,41766814,1770322975,0xa7272afc21f9c321024ed93892a1abfeb621c374,0xabf7b08a7dc4ac8a543c1112a98ddef3bb2990bd,0x64dee823db2a87135e58b4c37a8580af6f10551e,1.050363,1.04384133611691,1.04384133611691,,0.8326036949784997
0xb2e359cacb15520cb2ff9af3a1c448ff5fb0b9376d79840a0da8d62ad81cc9c3,41766815,1770322977,0x1d11866ca5b409b286e32c8279a84213ada1c399,0x960b749933566a088df40b8cefb4c753094a2193,0xf77e58a86d40cff6914ccd055073387c581a3fdd,1.043841,1.04384133611691,1.04384133611691,,0.8326036949784997
0xaab4c6814ce8058e8530e97988f3c780cee3f7a6aa4e93128db2766ce577ad1c,41766815,1770322977,0xa7272afc21f9c321024ed93892a1abfeb621c374,0x960b749933566a088df40b8cefb4c753094a2193,0xad95973c72045cd05b9ddaa2b27cf65f578e339e,1.043841,1.04384133611691,1.04384133611691,,0.8326036949784997
0x9f4e7d7437baeb7025204f96cb2402cbd5081acb6c0668ac5a9d0aa2a14bccff,41766815,1770322977,0xa7272afc21f9c321024ed93892a1abfeb621c374,0x960b749933566a088df40b8cefb4c753094a2193,0x9b6b68094b3b28093cc306b2aef3917038789406,1.043841,1.04384133611691,1.04384133611691,,0.8326036949784997
0x2602a3324174435c63eee1a40ef5e7e4ad2d27458b9871770d807d99f7d66fd8,41766815,1770322977,0xa7272afc21f9c321024ed93892a1abfeb621c374,0x960b749933566a088df40b8cefb4c753094a2193,0xd4a9cfa1d7cca50f29a46bd0f6f5646f5548a793,1.043841,1.04384133611691,1.04384133611691,,0.8326036949784997
0xa51dcb7764eb39a3daff5a2aa0da852d4812397e4be9c80c5f9355f878711b6f,41766815,1770322977,0xa7272afc21f9c321024ed93892a1abfeb621c374,0x960b749933566a088df40b8cefb4c753094a2193,0xacfa576aa81f7501e3dd1122eba67e3de7d5d5a3,1.043841,1.04384133611691,1.04384133611691,,0.8326036949784997
0x356471ec4820714ea72379d55b2c5db71de23cde812cedea33e270a2ffaab859,41766815,1770322977,0xa7272afc21f9c321024ed93892a1abfeb621c374,0x960b749933566a088df40b8cefb4c753094a2193,0xa6da7e3bfad3c8b20c4ac34b2ba055bed9e5d762,1.043841,1.04384133611691,1.04384133611691,,0.8326036949784997
0xa83a08d1fd35a0337af64221273a6cf1875aa32f592d6a7acdba81c383baced4,41766815,1770322977,0xa7272afc21f9c321024ed93892a1abfeb621c374,0x960b749933566a088df40b8cefb4c753094a2193,0x76585fbba1eb984900eef32b48ec3560255c92d4,1.043841,1.04384133611691,1.04384133611691,,0.8326036949784997
0x7269910ef63fc02caf16d62023ae366a17dd2d0fcb6a6f74f08114440f1798f1,41766815,1770322977,0xa7272afc21f9c321024ed93892a1abfeb621c374,0x960b749933566a088df40b8cefb4c753094a2193,0x944263ed7db20091a728faccd56920159042d183,1.043841,1.04384133611691,1.04384133611691,,0.8326036949784997
0x41c317fe7fa925b1ede6fede78d3b4c932e2bbc4cfe489bf242f7bb20d0c770a,41766815,1770322977,0xa7272afc21f9c321024ed93892a1abfeb621c374,0x960b749933566a088df40b8cefb4c753094a2193,0x70f6409c2075efdd6fd06094fe5303f7c8a5fcc6,1.043841,1.04384133611691,1.04384133611691,,0.8326036949784997
0xfa000c00cd5c97199b9ede52525de149913f8e3b58fdc4d13d32669cbb6c8da5,41766816,1770322979,0xa7272afc21f9c321024ed93892a1abfeb621c374,0xe5dddd7a7e5c9f0374ec02d246c9b9e2ce85c75d,0x6551faf485f5a474f3091dc9c00e5c1240d8f2da,1.043841,1.04384133611691,1.04384133611691,,0.8326036949784997
0x4a69a1c6e89b59f0990752e16ced72673c16ce1d81f7026861a8231ca227054c,41766816,1770322979,0xa7272afc21f9c321024ed93892a1abfeb621c374,0x960b749933566a088df40b8cefb4c753094a2193,0x2b093f057dca6ec2dbf47f6df250f1d07727329e,1.043841,1.04384133611691,1.04384133611691,,0.8326036949784997
0xb287a2a410d7f86d77c740dd185880c8e3a34e9bad8050313a1bd6d3e6b9db44,41766816,1770322979,0xa7272afc21f9c321024ed93892a1abfeb621c374,0x960b749933566a088df40b8cefb4c753094a2193,0x19dd96d1435b2f31bcdbfb2dc2dc9fa75ce5abe4,1.043841,1.04384133611691,1.04384133611691,,0.8326036949784997
0x6c92a7fb7ab988246f8d449d8a38c5f7071f543377c83a6a23491c0bc19b486a,41766823,1770322993,0x9ca1dad919221d920b889aacf3023a5cea23165f,0x960b749933566a088df40b8cefb4c753094a2193,0x7aa0a887f03339d6296183cba37b1eac717364f8,1.048975,1.04384133611691,1.04384133611691,,0.8326036949784997
0x7bb0ae6ed6c6e5f4ae239cedca8c2297192cfd1b916028afdab3fa04c981238f,41766823,1770322993,0x742d1c11c9cf4c84f1dda7b5c8ad8fc7bc708493,0x960b749933566a088df40b8cefb4c753094a2193,0x5ec6090b325abd98a441a2a35c26cdceb6ee82de,1.048975,1.04384133611691,1.04384133611691,,0.8326036949784997
0x199dd7d50561b309e7ec5e354a8e010b04f029851e8be17d4bc719dc8fdf6a67,41766823,1770322993,0x9231db26a7a7a2bc81abb13331edae458b2871b6,0x960b749933566a088df40b8cefb4c753094a2193,0x4822529530ecc268b42f0fe76e9df03cde09d9a1,1.048975,1.04384133611691,1.04384133611691,,0.8326036949784997
0xd6572fa901128b537d27e131f1287aabb4a2c6a3fcebc4125bbcfe5eacfe89df,41766823,1770322993,0xfbd56e6c63c3d24f87bd7b890815d40553845112,0x960b749933566a088df40b8cefb4c753094a2193,0x3cc4d5e7d3f4ae8cdb34d1a011b07b00309b556f,1.048975,1.04384133611691,1.04384133611691,,0.8326036949784997
0x90f3eb946a3c0ae959372597a487584faeb20a96bf7368c6a04abf6a6ba7b998,41766823,1770322993,0x99863730ede7c930bfddeb6550209b5705e869bb,0x960b749933566a088df40b8cefb4c753094a2193,0x28ef1ddb573e2136b165d15870b72d4b661173db,1.079396,1.0741138560687433,1.0741138560687433,,0.727366070175296
0x536700c31afb8f0a616de39fbbf808bfc0f5b96e9cf4fe5e33199407aef2977c,41766823,1770322993,0x742d1c11c9cf4c84f1dda7b5c8ad8fc7bc708493,0x960b749933566a088df40b8cefb4c753094a2193,0x97e7cf55540bc6ea10124edf71e6278b4c5093fb,1.048975,1.04384133611691,1.04384133611691,,0.8326036949784997
0x36b843fcb2982bc19183ce0f0d342930521e0d43ac1a2042748995b8f0df7d9d,41766874,1770323095,0xa7272afc21f9c321024ed93892a1abfeb621c374,0x960b749933566a088df40b8cefb4c753094a2193,0xe60452a821c98ed3a77296b5b8b0d74ff75a305d,1.043841,1.04384133611691,1.04384133611691,,0.8326036949784997
0xce7133fa99758d94deebbe8c4064ea8446ed0d23e74cf7b0c1500012e5e53ae1,41766899,1770323145,0xd577d9dcff3e46e97d2b859df6d6c68a7dbb6612,0x960b749933566a088df40b8cefb4c753094a2193,0x5ec6090b325abd98a441a2a35c26cdceb6ee82de,1.04886,1.04384133611691,1.04384133611691,,0.8326036949784997
0x0fd18ad0ac20b3496deb92f0e9cce4f2f6b8d76c16d4f6ca7a13dacbbdd1f25e,41766903,1770323153,0x9ca1dad919221d920b889aacf3023a5cea23165f,0x960b749933566a088df40b8cefb4c753094a2193,0x7aa0a887f03339d6296183cba37b1eac717364f8,1.052625,1.04384133611691,1.04384133611691,,0.8326036949784997
0x513063562c11c06f25d0475489512185237b0a08bbc83d6e1b9fdcdb221d3788,41766903,1770323153,0x742d1c11c9cf4c84f1dda7b5c8ad8fc7bc708493,0x960b749933566a088df40b8cefb4c753094a2193,0x5ec6090b325abd98a441a2a35c26cdceb6ee82de,1.052625,1.04384133611691,1.04384133611691,,0.8326036949784997
0x733c7e2efc9a5888ff0a34ca38769363f61e91622afe12805c1211e694dfb119,41766903,1770323153,0x9231db26a7a7a2bc81abb13331edae458b2871b6,0x960b749933566a088df40b8cefb4c753094a2193,0x4822529530ecc268b42f0fe76e9df03cde09d9a1,1.052625,1.04384133611691,1.04384133611691,,0.8326036949784997
0x8b9abd0ba80095a92d2e3fe68adc40ec0f634e8a26f1dfea381ebc5c355858cb,41766903,1770323153,0xfbd56e6c63c3d24f87bd7b890815d40553845112,0x960b749933566a088df40b8cefb4c753094a2193,0x3cc4d5e7d3f4ae8cdb34d1a011b07b00309b556f,1.052625,1.04384133611691,1.04384133611691,,0.8326036949784997
0x30efe02b174a7988227daadb645967f53d8f3a54d299af0dbad27effadf7d016,41766903,1770323153,0x99863730ede7c930bfddeb6550209b5705e869bb,0x960b749933566a088df40b8cefb4c753094a2193,0x28ef1ddb573e2136b165d15870b72d4b661173db,1.083152,1.0741138560687433,1.0741138560687433,,0.727366070175296
0x56ca9be9d2f725d26183e5476556f7b1210c08e7f98237c5d510f3cbc40f7a4d,41766903,1770323153,0x742d1c11c9cf4c84f1dda7b5c8ad8fc7bc708493,0x960b749933566a088df40b8cefb4c753094a2193,0x97e7cf55540bc6ea10124edf71e6278b4c5093fb,1.052625,1.04384133611691,1.04384133611691,,0.8326036949784997
0x344bf729e20d152db68ba4bab28932f1e2f0c293b8b7233e926fe27184d4ee8a,41766904,1770323155,0xa7272afc21f9c321024ed93892a1abfeb621c374,0xabf7b08a7dc4ac8a543c1112a98ddef3bb2990bd,0x64dee823db2a87135e58b4c37a8580af6f10551e,1.054239,1.04384133611691,1.04384133611691,,0.8326036949784997
0x738d3b8734e65b89ccfaa68d74f4b27eaeb3771500c094f7429e307af305e8f7,41766904,1770323155,0xa7272afc21f9c321024ed93892a1abfeb621c374,0x960b749933566a088df40b8cefb4c753094a2193,0xfb76aa1a9ec52334f676ae2ad1165fb07551b3e6,1.054239,1.04384133611691,1.04384133611691,,0.8326036949784997
0xe7a9f87f95d19a81be6fa98d72b9b9a4c4056cd570fda867ea8cc69aaf0a92d4,41766904,1770323155,0xa7272afc21f9c321024ed93892a1abfeb621c374,0x960b749933566a088df40b8cefb4c753094a2193,0x76585fbba1eb984900eef32b48ec3560255c92d4,1.054239,1.04384133611691,1.04384133611691,,0.8326036949784997
0x2a013d3ec0428ce0a7a2e7eeb88ff7ea2648bd44da01c2da3e325f0266872b6a,41766904,1770323155,0xa7272afc21f9c321024ed93892a1abfeb621c374,0x960b749933566a088df40b8cefb4c753094a2193,0xad95973c72045cd05b9ddaa2b27cf65f578e339e,1.054239,1.04384133611691,1.04384133611691,,0.8326036949784997
0x5d7e984c8eec86cd57bc8b542828b36f8d3ea633a78678132dd4bb97dd136e19,41766904,1770323155,0xa7272afc21f9c321024ed93892a1abfeb621c374,0x960b749933566a088df40b8cefb4c753094a2193,0x944263ed7db20091a728faccd56920159042d183,1.054239,1.04384133611691,1.04384133611691,,0.8326036949784997
0xbdaddb9936c666af80560f01ee7b466e91e360a964bb44d5d5f27213bc3b0efa,41766904,1770323155,0xa7272afc21f9c321024ed93892a1abfeb621c374,0x960b749933566a088df40b8cefb4c753094a2193,0x9b6b68094b3b28093cc306b2aef3917038789406,1.054239,1.04384133611691,1.04384133611691,,0.8326036949784997
0xc5d29149d8e587bf7c398c8e4bf348c14ff13e2e5be3663690bac20b315d160c,41766904,1770323155,0xa7272afc21f9c321024ed93892a1abfeb621c374,0x960b749933566a088df40b8cefb4c753094a2193,0xeafdc784772239dfcbd799776f4e5bc53d07a2dd,1.054239,1.04384133611691,1.04384133611691,,0.8326036949784997
0x40357690211c9d64e6ba32e8485a865c0153c92e0b712323ff1d63c758192ed5,41766904,1770323155,0xa7272afc21f9c321024ed93892a1abfeb621c374,0x960b749933566a088df40b8cefb4c753094a2193,0xd4a9cfa1d7cca50f29a46bd0f6f5646f5548a793,1.054239,1.04384133611691,1.04384133611691,,0.8326036949784997
0x1ec3fb4814c37cdeddcc9b24a36e10c1a323f9a81bcddf54539f96dcb2b9c01c,41766904,1770323155,0xa7272afc21f9c321024ed93892a1abfeb621c374,0x960b749933566a088df40b8cefb4c753094a2193,0x2b093f057dca6ec2dbf47f6df250f1d07727329e,1.054239,1.04384133611691,1.04384133611691,,0.8326036949784997
0xf8835f98fe53bdb769d8cf604d8d0f2ac3a97558fb5e062b9819073fc2dd7bb9,41766905,1770323157,0xa7272afc21f9c321024ed93892a1abfeb621c374,0xe5dddd7a7e5c9f0374ec02d246c9b9e2ce85c75d,0x19dd96d1435b2f31bcdbfb2dc2dc9fa75ce5abe4,1.043841,1.04384133611691,1.04384133611691,,0.8326036949784997
0x4fbd2651dfdab23e7efb6dc67a874b35c53d761c546e65b591ffa83ae6e24730,41766905,1770323157,0xa7272afc21f9c321024ed93892a1abfeb621c374,0xe5dddd7a7e5c9f0374ec02d246c9b9e2ce85c75d,0xa6da7e3bfad3c8b20c4ac34b2ba055bed9e5d762,1.043841,1.04384133611691,1.04384133611691,,0.8326036949784997
0x68db6b8cc0999b2b35d21cb2c1baa5656ce88c0eba9803afb887c28c6874cb57,41766905,1770323157,0xa7272afc21f9c321024ed93892a1abfeb621c374,0x960b749933566a088df40b8cefb4c753094a2193,0x6551faf485f5a474f3091dc9c00e5c1240d8f2da,1.043841,1.04384133611691,1.04384133611691,,0.8326036949784997
0x5d4c109e596af3432e99291e10bf933b359280b7507bd7d9205bd1c3bc1cdf56,41766905,1770323157,0x1d11866ca5b409b286e32c8279a84213ada1c399,0x960b749933566a088df40b8cefb4c753094a2193,0xf77e58a86d40cff6914ccd055073387c581a3fdd,1.043841,1.04384133611691,1.04384133611691,,0.8326036949784997
0xe891c77c8f2435e358b3f1ce30cccf076851ab24f5dce96eb24d7f2fe35f5e31,41766913,1770323173,0x9ca1dad919221d920b889aacf3023a5cea23165f,0x960b749933566a088df40b8cefb4c753094a2193,0x7aa0a887f03339d6296183cba37b1eac717364f8,1.046811,1.04384133611691,1.04384133611691,,0.8326036949784997
0x7aa749aab1a789f89673b5e4d5bd03ec8122b67c4250bbc40c4df9bb3681d2ae,41766913,1770323173,0x742d1c11c9cf4c84f1dda7b5c8ad8fc7bc708493,0x960b749933566a088df40b8cefb4c753094a2193,0x5ec6090b325abd98a441a2a35c26cdceb6ee82de,1.046811,1.04384133611691,1.04384133611691,,0.8326036949784997
0x3399b37e74488ad95149a259a4e3da6ba46bbb73aad57e63127d33bf8d7808e6,41766913,1770323173,0x9231db26a7a7a2bc81abb13331edae458b2871b6,0x960b749933566a088df40b8cefb4c753094a2193,0x4822529530ecc268b42f0fe76e9df03cde09d9a1,1.046811,1.04384133611691,1.04384133611691,,0.8326036949784997
0x2d8218eab90849247789da5aa868f03123f4df30f9f40b281109f57f01968b82,41766914,1770323175,0xd577d9dcff3e46e97d2b859df6d6c68a7dbb6612,0x960b749933566a088df40b8cefb4c753094a2193,0x5ec6090b325abd98a441a2a35c26cdceb6ee82de,1.05048,1.04384133611691,1.04384133611691,,0.8326036949784997
0xb97fe4517647735e4a39c97d0958cbd75da1f4438e2f2b10d9ccea8a5ece4134,41766929,1770323205,0xd577d9dcff3e46e97d2b859df6d6c68a7dbb6612,0xe5dddd7a7e5c9f0374ec02d246c9b9e2ce85c75d,0x5ec6090b325abd98a441a2a35c26cdceb6ee82de,1.052382,1.04384133611691,1.04384133611691,,0.8326036949784997
0xb8f67d223141ed7e840a368e275cf7b30db0500fc662f1cdde476d45309ef51a,41767183,1770323713,0xa7272afc21f9c321024ed93892a1abfeb621c374,0x6c3dbf81cf5159a1d7de697324bc1e571c9ee53b,0x5d53f21e4c7fdcf42f236a089c9b3a00a53d6d74,1.043841,1.04384133611691,1.04384133611691,,0.8326036949784997
0x36b32148c276514f9ad6cb5f1408b6bf2ef0cd9eaac37b1de5f7e2cfbd0452ff,41767230,1770323807,0x9ca1dad919221d920b889aacf3023a5cea23165f,0x960b749933566a088df40b8cefb4c753094a2193,0x7aa0a887f03339d6296183cba37b1eac717364f8,1.043841,1.04384133611691,1.04384133611691,,0.8326036949784997
0x9660cd6064dd638b3292488ac5885cf08fecae4a86dd3cafb4ccc6943b30de1a,41767230,1770323807,0x742d1c11c9cf4c84f1dda7b5c8ad8fc7bc708493,0x960b749933566a088df40b8cefb4c753094a2193,0x5ec6090b325abd98a441a2a35c26cdceb6ee82de,1.043841,1.04384133611691,1.04384133611691,,0.8326036949784997
0x7cc6a77fe0ba0f1e88ca22173fd4ddd6d9713e174d9039686e3bbaeb976680dc,41767230,1770323807,0x9231db26a7a7a2bc81abb13331edae458b2871b6,0x960b749933566a088df40b8cefb4c753094a2193,0x4822529530ecc268b42f0fe76e9df03cde09d9a1,1.043841,1.04384133611691,1.04384133611691,,0.8326036949784997
0x4021250efd309d2da3b78bc588f6d8a96de6663da768e7e921ea5d69552f7c24,41767230,1770323807,0xfbd56e6c63c3d24f87bd7b890815d40553845112,0x960b749933566a088df40b8cefb4c753094a2193,0x3cc4d5e7d3f4ae8cdb34d1a011b07b00309b556f,1.043841,1.04384133611691,1.04384133611691,,0.8326036949784997
0x00c559e07b35f903175171cfa67f68395a9101eb9931d4b0e346545c7269c4c9,41767230,1770323807,0x99863730ede7c930bfddeb6550209b5705e869bb,0x960b749933566a088df40b8cefb4c753094a2193,0x28ef1ddb573e2136b165d15870b72d4b661173db,1.074114,1.0741138560687433,1.0741138560687433,,0.727366070175296
0x2999e01d7ebc3afd6c95aa0a6e1c9fc3fd255030e97eb8d3a7e4ddfcde5171ff,41767230,1770323807,0x742d1c11c9cf4c84f1dda7b5c8ad8fc7bc708493,0x960b749933566a088df40b8cefb4c753094a2193,0x97e7cf55540bc6ea10124edf71e6278b4c5093fb,1.043841,1.04384133611691,1.04384133611691,,0.8326036949784997
0x871980870fdd7cf4e04352a4fdf3e20b6ad89f29fde78f2757f283b0c75b5580,41767247,1770323841,0xa7272afc21f9c321024ed93892a1abfeb621c374,0x960b749933566a088df40b8cefb4c753094a2193,0x64dee823db2a87135e58b4c37a8580af6f10551e,1.043841,1.04384133611691,1.04384133611691,,0.8326036949784997
0x37804caa4e5840e593de99a7d01c06d169bff6383fb528ee0e11d8315c918ddb,41767247,1770323841,0xa7272afc21f9c321024ed93892a1abfeb621c374,0x960b749933566a088df40b8cefb4c753094a2193,0x19dd96d1435b2f31bcdbfb2dc2dc9fa75ce5abe4,1.043841,1.04384133611691,1.04384133611691,,0.8326036949784997
0x8cf3a538f13a9f4afcb05224848b008542ebd22bb5cc4362e2ea6a06614eb778,41767247,1770323841,0xa7272afc21f9c321024ed93892a1abfeb621c374,0x960b749933566a088df40b8cefb4c753094a2193,0xfb76aa1a9ec52334f676ae2ad1165fb07551b3e6,1.043841,1.04384133611691,1.04384133611691,,0.8326036949784997
0x8b8c65d79c05cab4bf0b14b401d32970f26effc34da094419f8250ee5e7381de,41767247,1770323841,0xa7272afc21f9c321024ed93892a1abfeb621c374,0x960b749933566a088df40b8cefb4c753094a2193,0xa6da7e3bfad3c8b20c4ac34b2ba055bed9e5d762,1.043841,1.04384133611691,1.04384133611691,,0.8326036949784997
0x32a71120f86cdee11b12d1cf724dbe1d753c402fb59fc241006e8f99d4b887d1,41767247,1770323841,0xa7272afc21f9c321024ed93892a1abfeb621c374,0x960b749933566a088df40b8cefb4c753094a2193,0x9b6b68094b3b28093cc306b2aef3917038789406,1.043841,1.04384133611691,1.04384133611691,,0.8326036949784997
0xc79b60130d49560c002063c2f5cfd4216491dab5c24ae5520704beee6d451877,41767247,1770323841,0xa7272afc21f9c321024ed93892a1abfeb621c374,0x960b749933566a088df40b8cefb4c753094a2193,0x76585fbba1eb984900eef32b48ec3560255c92d4,1.043841,1.04384133611691,1.04384133611691,,0.8326036949784997
0x70d09e0f38c6851987f5deaac9e7db019707b98cd434443c3de2f4aee3e41624,41767247,1770323841,0xa7272afc21f9c321024ed93892a1abfeb621c374,0x960b749933566a088df40b8cefb4c753094a2193,0xeafdc784772239dfcbd799776f4e5bc53d07a2dd,1.043841,1.04384133611691,1.04384133611691,,0.8326036949784997
0x0002887611e588c5672d6421dda33467cd72f7ca1fd6437d31ba91bdff05f89b,41767248,1770323843,0xa7272afc21f9c321024ed93892a1abfeb621c374,0x960b749933566a088df40b8cefb4c753094a2193,0x6551faf485f5a474f3091dc9c00e5c1240d8f2da,1.043841,1.04384133611691,1.04384133611691,,0.8326036949784997
0x9f8d7ab00c00026e0e8009b237cdf7a7417a326acb00e480eb37c3b43f876d58,41767248,1770323843,0xa7272afc21f9c321024ed93892a1abfeb621c374,0xe5dddd7a7e5c9f0374ec02d246c9b9e2ce85c75d,0x2b093f057dca6ec2dbf47f6df250f1d07727329e,1.043841,1.04384133611691,1.04384133611691,,0.8326036949784997
0x188fc8fb1ea8770ca6eba5872606b3da0727177a073d5821ac614f11c2b226e3,41767248,1770323843,0xa7272afc21f9c321024ed93892a1abfeb621c374,0x960b749933566a088df40b8cefb4c753094a2193,0xad95973c72045cd05b9ddaa2b27cf65f578e339e,1.043841,1.04384133611691,1.04384133611691,,0.8326036949784997
0x6b9adddbfabd925c8df40410f1ba5bcb8197b1d82b7fc0eabc2d817167edb758,41767248,1770323843,0xa7272afc21f9c321024ed93892a1abfeb621c374,0x960b749933566a088df40b8cefb4c753094a2193,0x944263ed7db20091a728faccd56920159042d183,1.043841,1.04384133611691,1.04384133611691,,0.8326036949784997
0x9994fc4062463a9ab05d84483f9a541c55700e37df165977b99570ed6a42f82a,41767327,1770324001,0xa7272afc21f9c321024ed93892a1abfeb621c374,0x960b749933566a088df40b8cefb4c753094a2193,0xe60452a821c98ed3a77296b5b8b0d74ff75a305d,1.043841,1.04384133611691,1.04384133611691,,0.8326036949784997
0xf2f5fa3ebf82ca9fea7767d6c7a422cc96936e3358159865268b4256f4e33886,41767569,1770324485,0xa7272afc21f9c321024ed93892a1abfeb621c374,0x6c3dbf81cf5159a1d7de697324bc1e571c9ee53b,0x70f6409c2075efdd6fd06094fe5303f7c8a5fcc6,1.043841,1.04384133611691,1.04384133611691,,0.8326036949784997
0xa10893f0b98e1840bf1707978f6efcc74c52943e5ec30c3d42a82696d71816eb,41767571,1770324489,0xa7272afc21f9c321024ed93892a1abfeb621c374,0x6c3dbf81cf5159a1d7de697324bc1e571c9ee53b,0xacfa576aa81f7501e3dd1122eba67e3de7d5d5a3,1.043841,1.04384133611691,1.04384133611691,,0.8326036949784997
0xf43c2c2f4729d899848f8b64708cdcf799ce08a8e3be019fa0db262cbd7bdf3b,41767610,1770324567,0xa7272afc21f9c321024ed93892a1abfeb621c374,0xabf7b08a7dc4ac8a543c1112a98ddef3bb2990bd,0x64dee823db2a87135e58b4c37a8580af6f10551e,1.046786,1.04384133611691,1.04384133611691,,0.8326036949784997
0xbf6702bd9dca47766aff4b54541f6fff044b9dc8b18e3bd88b6c97b41fed40b8,41767610,1770324567,0xa7272afc21f9c321024ed93892a1abfeb621c374,0xabf7b08a7dc4ac8a543c1112a98ddef3bb2990bd,0xfb76aa1a9ec52334f676ae2ad1165fb07551b3e6,1.046786,1.04384133611691,1.04384133611691,,0.8326036949784997
0x8304afd355daaac5b1525b88ba9eab6c4456ff4c205746467469d46097a2abe3,41767611,1770324569,0xa7272afc21f9c321024ed93892a1abfeb621c374,0x960b749933566a088df40b8cefb4c753094a2193,0x2b093f057dca6ec2dbf47f6df250f1d07727329e,1.043841,1.04384133611691,1.04384133611691,,0.8326036949784997
0x400c1a62490ec436d2a10ff47f4c758e30f336a8dc1e7ed1abc4f2c12236dbf8,41767611,1770324569,0xa7272afc21f9c321024ed93892a1abfeb621c374,0x960b749933566a088df40b8cefb4c753094a2193,0x6551faf485f5a474f3091dc9c00e5c1240d8f2da,1.043841,1.04384133611691,1.04384133611691,,0.8326036949784997
0xd8010087974bfc15a1bd48605169aaa97c1c92f891b4ea08f7fd44ec11c0f013,41767611,1770324569,0xa7272afc21f9c321024ed93892a1abfeb621c374,0x960b749933566a088df40b8cefb4c753094a2193,0x19dd96d1435b2f31bcdbfb2dc2dc9fa75ce5abe4,1.043841,1.04384133611691,1.04384133611691,,0.8326036949784997
0xd3b2f16c206f4377b35c6298a4f7d65571ef5a5a664d444cf58ac65d7c0a257f,41767611,1770324569,0xa7272afc21f9c321024ed93892a1abfeb621c374,0x960b749933566a088df40b8cefb4c753094a2193,0xa6da7e3bfad3c8b20c4ac34b2ba055bed9e5d762,1.043841,1.04384133611691,1.04384133611691,,0.8326036949784997
0xcc27930a2db5ad9f871f5a9016a94d6205e372d9bdc473056f1fe812a85636a9,41767611,1770324569,0xa7272afc21f9c321024ed93892a1abfeb621c374,0x960b749933566a088df40b8cefb4c753094a2193,0x76585fbba1eb984900eef32b48ec3560255c92d4,1.043841,1.04384133611691,1.04384133611691,,0.8326036949784997
0xbf5ef32294c303024b38a9249e34aaf8a904957d4d4933288271efe276b46ec6,41767611,1770324569,0xa7272afc21f9c321024ed93892a1abfeb621c374,0x960b749933566a088df40b8cefb4c753094a2193,0xad95973c72045cd05b9ddaa2b27cf65f578e339e,1.043841,1.04384133611691,1.04384133611691,,0.8326036949784997
0x30c0789678733127a355414a6f9145e2ae9d403f2200017e0f371a760c2ca94f,41767611,1770324569,0xa7272afc21f9c321024ed93892a1abfeb621c374,0x960b749933566a088df40b8cefb4c753094a2193,0x944263ed7db20091a728faccd56920159042d183,1.043841,1.04384133611691,1.04384133611691,,0.8326036949784997
0x233c5f3b1d9b5644c117cb639715b8cae7bdeb076dfb2721939c155c6a448a24,41767611,1770324569,0xa7272afc21f9c321024ed93892a1abfeb621c374,0x960b749933566a088df40b8cefb4c753094a2193,0x9b6b68094b3b28093cc306b2aef3917038789406,1.043841,1.04384133611691,1.04384133611691,,0.8326036949784997
0xcd218a7f59c7083824f25cdaf53e6ba0e3eabadb1c42d9ea52d762ff5688e0a6,41767627,1770324601,0xa7272afc21f9c321024ed93892a1abfeb621c374,0x6c3dbf81cf5159a1d7de697324bc1e571c9ee53b,0xd4a9cfa1d7cca50f29a46bd0f6f5646f5548a793,1.043841,1.04384133611691,1.04384133611691,,0.8326036949784997
0x6204987e18cd72c1dde31f565faf0e56972caaac315cd8dd606d4984ee6e7ce9,41767687,1770324721,0xa7272afc21f9c321024ed93892a1abfeb621c374,0x960b749933566a088df40b8cefb4c753094a2193,0x64dee823db2a87135e58b4c37a8580af6f10551e,1.043841,1.04384133611691,1.04384133611691,,0.8326036949784997
0x689df3129e5bd23ff33a0153b1b29bf5bc023161b7e529d3d6eabac4ad7f3853,41767687,1770324721,0xa7272afc21f9c321024ed93892a1abfeb621c374,0x960b749933566a088df40b8cefb4c753094a2193,0x2b093f057dca6ec2dbf47f6df250f1d07727329e,1.043841,1.04384133611691,1.04384133611691,,0.8326036949784997
0x90ea06480fcf0e973692c2f0b72e0b47e2a41319a6a3f8ee7aa39798360285aa,41767687,1770324721,0xa7272afc21f9c321024ed93892a1abfeb621c374,0x960b749933566a088df40b8cefb4c753094a2193,0x6551faf485f5a474f3091dc9c00e5c1240d8f2da,1.043841,1.04384133611691,1.04384133611691,,0.8326036949784997
0xcd71f40aafb2e08a9ea66ce305221b07f3addb0f59be23f2c82c6b4fb326f968,41767687,1770324721,0xa7272afc21f9c321024ed93892a1abfeb621c374,0x960b749933566a088df40b8cefb4c753094a2193,0x19dd96d1435b2f31bcdbfb2dc2dc9fa75ce5abe4,1.043841,1.04384133611691,1.04384133611691,,0.8326036949784997
0x012f51089c07248e4d82cc581b912f0f4109f785fdef8b53f74ae4dc2d6d88f8,41767687,1770324721,0xa7272afc21f9c321024ed93892a1abfeb621c374,0x960b749933566a088df40b8cefb4c753094a2193,0xfb76aa1a9ec52334f676ae2ad1165fb07551b3e6,1.043841,1.04384133611691,1.04384133611691,,0.8326036949784997
0x1ffb8637565e6f761747fd88414f7f9a458eb2ebc4e0b50bb2117904f7e4fd29,41767687,1770324721,0xa7272afc21f9c321024ed93892a1abfeb621c374,0x960b749933566a088df40b8cefb4c753094a2193,0xa6da7e3bfad3c8b20c4ac34b2ba055bed9e5d762,1.043841,1.04384133611691,1.04384133611691,,0.8326036949784997
0xc8a6b318ab2cd4c96109e4dba2d508b42485f2f88a25f25f0013a8090d3b1676,41767687,1770324721,0xa7272afc21f9c321024ed93892a1abfeb621c374,0x960b749933566a088df40b8cefb4c753094a2193,0x76585fbba1eb984900eef32b48ec3560255c92d4,1.043841,1.04384133611691,1.04384133611691,,0.8326036949784997
0xee0e340834bdb1ebf662108974b329ff0305e9720e4542e3fbc39107903b5808,41767692,1770324731,0xa7272afc21f9c321024ed93892a1abfeb621c374,0x960b749933566a088df40b8cefb4c753094a2193,0xeafdc784772239dfcbd799776f4e5bc53d07a2dd,1.043841,1.04384133611691,1.04384133611691,,0.8326036949784997
0x64b1526c570f6fe4b2bbc8a0d216dfcdb98e6f3788588f5025ac66f9ada69b9b,41767712,1770324771,0xa7272afc21f9c321024ed93892a1abfeb621c374,0xe5dddd7a7e5c9f0374ec02d246c9b9e2ce85c75d,0x64dee823db2a87135e58b4c37a8580af6f10551e,1.043841,1.04384133611691,1.04384133611691,,0.8326036949784997
0x597a8b1a2c8af1fb23d7c63d4a5ecf1ce395eb27714a8952a9c185891836076e,41767712,1770324771,0xa7272afc21f9c321024ed93892a1abfeb621c374,0xe5dddd7a7e5c9f0374ec02d246c9b9e2ce85c75d,0x2b093f057dca6ec2dbf47f6df250f1d07727329e,1.043841,1.04384133611691,1.04384133611691,,0.8326036949784997
0x4f653b5d20f65a91c25740004649a68842a95e6f8f2d8845683e0c9a2f19754a,41767712,1770324771,0xa7272afc21f9c321024ed93892a1abfeb621c374,0x960b749933566a088df40b8cefb4c753094a2193,0x6551faf485f5a474f3091dc9c00e5c1240d8f2da,1.043841,1.04384133611691,1.04384133611691,,0.8326036949784997
0xed4a44af49d918e0936b22c716df83adb865141e25dbe2eddbd814ed07479116,41767712,1770324771,0xa7272afc21f9c321024ed93892a1abfeb621c374,0x960b749933566a088df40b8cefb4c753094a2193,0x19dd96d1435b2f31bcdbfb2dc2dc9fa75ce5abe4,1.043841,1.04384133611691,1.04384133611691,,0.8326036949784997
0x010c65ac07d6dc4879e4b74189c1a488d44eb384561dfc86c0f11493cffaca0d,41767712,1770324771,0xa7272afc21f9c321024ed93892a1abfeb621c374,0x960b749933566a088df40b8cefb4c753094a2193,0xfb76aa1a9ec52334f676ae2ad1165fb07551b3e6,1.043841,1.04384133611691,1.04384133611691,,0.8326036949784997
0x6dfbac9bcc9213a621db513096868460aef1027c39cb460fb81f465b5ecf0224,41767712,1770324771,0xa7272afc21f9c321024ed93892a1abfeb621c374,0x960b749933566a088df40b8cefb4c753094a2193,0xa6da7e3bfad3c8b20c4ac34b2ba055bed9e5d762,1.043841,1.04384133611691,1.04384133611691,,0.8326036949784997
0xb2db70900abe3195ea26c6621b4a5f792e3876fb58cea5dda78a1f9e30f4d408,41767712,1770324771,0xa7272afc21f9c321024ed93892a1abfeb621c374,0x960b749933566a088df40b8cefb4c753094a2193,0xad95973c72045cd05b9ddaa2b27cf65f578e339e,1.043841,1.04384133611691,1.04384133611691,,0.8326036949784997
0x9395a19c87c36dc7c90964646e4c5fafc957cb8fdbd38c84844cb41e86dfe5ba,41767712,1770324771,0xa7272afc21f9c321024ed93892a1abfeb621c374,0x960b749933566a088df40b8cefb4c753094a2193,0x944263ed7db20091a728faccd56920159042d183,1.043841,1.04384133611691,1.04384133611691,,0.8326036949784997
0x2f09255d4899ed784270f3f3f0345dcfb7922a9f3afa9ffcc0c8f6142090d2b5,41767712,1770324771,0xa7272afc21f9c321024ed93892a1abfeb621c374,0x960b749933566a088df40b8cefb4c753094a2193,0x76585fbba1eb984900eef32b48ec3560255c92d4,1.043841,1.04384133611691,1.04384133611691,,0.8326036949784997
0x333bc0b8bd5a4ca5d6bdd4a3ea4716374e6f978936daae64bd153a896024cd9e,41767712,1770324771,0xa7272afc21f9c321024ed93892a1abfeb621c374,0x960b749933566a088df40b8cefb4c753094a2193,0x9b6b68094b3b28093cc306b2aef3917038789406,1.043841,1.04384133611691,1.04384133611691,,0.8326036949784997
0xbbea893d6cffccb948e30d8195918ce7ebc00a8735e266794b3d6657bada16a1,41767719,1770324785,0x742d1c11c9cf4c84f1dda7b5c8ad8fc7bc708493,0x960b749933566a088df40b8cefb4c753094a2193,0x5ec6090b325abd98a441a2a35c26cdceb6ee82de,1.043841,1.04384133611691,1.04384133611691,,0.8326036949784997
0x404edcbc37b33c35d2668a12faa0f481690fa3cce9f6ed008369f134d5d3f5fa,41767724,1770324795,0xa7272afc21f9c321024ed93892a1abfeb621c374,0x960b749933566a088df40b8cefb4c753094a2193,0xe60452a821c98ed3a77296b5b8b0d74ff75a305d,1.043841,1.04384133611691,1.04384133611691,,0.8326036949784997
0x8f050d9d4d75633d8efb094d96d11e8dc85ddf71b860d000fc0218455b3f408b,41767725,1770324797,0xa7272afc21f9c321024ed93892a1abfeb621c374,0x960b749933566a088df40b8cefb4c753094a2193,0xd4a9cfa1d7cca50f29a46bd0f6f5646f5548a793,1.043841,1.04384133611691,1.04384133611691,,0.8326036949784997
0x16e930005e92fdb85ca2cd4e2274567edb60a6ed8c2cfb5311b8068bc1c00702,41767725,1770324797,0xa7272afc21f9c321024ed93892a1abfeb621c374,0x960b749933566a088df40b8cefb4c753094a2193,0x70f6409c2075efdd6fd06094fe5303f7c8a5fcc6,1.043841,1.04384133611691,1.04384133611691,,0.8326036949784997
0x9fd06467c1254cba9d072f40886506448475b0cd3658ff9c485a4e22017f4267,41767725,1770324797,0xa7272afc21f9c321024ed93892a1abfeb621c374,0x960b749933566a088df40b8cefb4c753094a2193,0xacfa576aa81f7501e3dd1122eba67e3de7d5d5a3,1.043841,1.04384133611691,1.04384133611691,,0.8326036949784997
0x01c6d4f76a97cafbc5bf737a52be5bc3a490bd8458d8890053345ba7a5ce3a97,41767725,1770324797,0xa7272afc21f9c321024ed93892a1abfeb621c374,0x960b749933566a088df40b8cefb4c753094a2193,0xeafdc784772239dfcbd799776f4e5bc53d07a2dd,1.043841,1.04384133611691,1.04384133611691,,0.8326036949784997
0xfa84ba633a1ec7244f37400d8ed44d2943cc4e59883a0fc563be5e4bdb6b1e9c,41767729,1770324805,0x9ca1dad919221d920b889aacf3023a5cea23165f,0x960b749933566a088df40b8cefb4c753094a2193,0x7aa0a887f03339d6296183cba37b1eac717364f8,1.043841,1.04384133611691,1.04384133611691,,0.8326036949784997
0xe72ef24dd9c49c9fdb100b740aefd32f4c2a61222a4f1c5f90d302459d780762,41767729,1770324805,0xd577d9dcff3e46e97d2b859df6d6c68a7dbb6612,0x960b749933566a088df40b8cefb4c753094a2193,0x5ec6090b325abd98a441a2a35c26cdceb6ee82de,1.043841,1.04384133611691,1.04384133611691,,0.8326036949784997
0xc0058e11e46d189677d19d92caae33f4b52850b31cec1f1e56f6edf4cec8f354,41767729,1770324805,0x742d1c11c9cf4c84f1dda7b5c8ad8fc7bc708493,0x960b749933566a088df40b8cefb4c753094a2193,0x5ec6090b325abd98a441a2a35c26cdceb6ee82de,1.043841,1.04384133611691,1.04384133611691,,0.8326036949784997
0x3ba9398421613bdad7df4c179243971178ae8f758e6ecf56491d3f5523bff715,41767729,1770324805,0x9231db26a7a7a2bc81abb13331edae458b2871b6,0x960b749933566a088df40b8cefb4c753094a2193,0x4822529530ecc268b42f0fe76e9df03cde09d9a1,1.043841,1.04384133611691,1.04384133611691,,0.8326036949784997
0x81bbe1043424d012a823500d1c5c5f388952624de061417ceebc04d05d266e17,41767729,1770324805,0xfbd56e6c63c3d24f87bd7b890815d40553845112,0x960b749933566a088df40b8cefb4c753094a2193,0x3cc4d5e7d3f4ae8cdb34d1a011b07b00309b556f,1.043841,1.04384133611691,1.04384133611691,,0.8326036949784997
0xc32e6b6178789caf84cac9fa65ed3361a8cf868b367ebfe94ba20ac004d077d8,41767732,1770324811,0xa7272afc21f9c321024ed93892a1abfeb621c374,0xabf7b08a7dc4ac8a543c1112a98ddef3bb2990bd,0xe15c92e15851b03677a04a9324618ed44cd0a2ac,1.043841,1.04384133611691,1.04384133611691,,0.8326036949784997
0xd22d49059bdfc64084dad6c1519581bdd962c3c7fbb6d0642b029a14de3a84f5,41767733,1770324813,0xa7272afc21f9c321024ed93892a1abfeb621c374,0xf00001968c1d6196d3d0553030c7af8d1905dcbb,0xe15c92e15851b03677a04a9324618ed44cd0a2ac,1.043841,1.04384133611691,1.04384133611691,,0.8326036949784997
0x834160664c047b6d879073f04c56af11138acfab7b01256ab77c166305ca8102,41767733,1770324813,0xa7272afc21f9c321024ed93892a1abfeb621c374,0xe5dddd7a7e5c9f0374ec02d246c9b9e2ce85c75d,0xe15c92e15851b03677a04a9324618ed44cd0a2ac,1.043841,1.04384133611691,1.04384133611691,,0.8326036949784997
0x7279374a5999c7ec5580f131127da599c573cfac95fe647b890717cdf0ae2e6b,41767733,1770324813,0xa7272afc21f9c321024ed93892a1abfeb621c374,0x960b749933566a088df40b8cefb4c753094a2193,0x64dee823db2a87135e58b4c37a8580af6f10551e,1.043841,1.04384133611691,1.04384133611691,,0.8326036949784997
0xde148cbbe77a7de304ce90dd80a1708bb760b2d4be007fb7f25a0b705c81c7c8,41767733,1770324813,0xa7272afc21f9c321024ed93892a1abfeb621c374,0x960b749933566a088df40b8cefb4c753094a2193,0x2b093f057dca6ec2dbf47f6df250f1d07727329e,1.043841,1.04384133611691,1.04384133611691,,0.8326036949784997
0x1a023d1611e03e5dbe7b4bbab584cf28e315facc922b3a8de0ec8fb6fa3c2476,41767733,1770324813,0xa7272afc21f9c321024ed93892a1abfeb621c374,0x960b749933566a088df40b8cefb4c753094a2193,0x19dd96d1435b2f31bcdbfb2dc2dc9fa75ce5abe4,1.043841,1.04384133611691,1.04384133611691,,0.8326036949784997
0x23eada48abc06846834537ffba5b6dbb749ff083f55773f3eb6e1f7a6135f7e8,41767733,1770324813,0xa7272afc21f9c321024ed93892a1abfeb621c374,0x960b749933566a088df40b8cefb4c753094a2193,0x9b6b68094b3b28093cc306b2aef3917038789406,1.043841,1.04384133611691,1.04384133611691,,0.8326036949784997
0x95be533db12372b54dab8eca0005887c7401312d45f15e58f0888ca7200c3f84,41767734,1770324815,0xa7272afc21f9c321024ed93892a1abfeb621c374,0xabf7b08a7dc4ac8a543c1112a98ddef3bb2990bd,0x7b659ef971441dc81f6c9718bcaf978265673dec,1.043841,1.04384133611691,1.04384133611691,,0.8326036949784997
0xb600639ad29c911c2bee00490f86daca48e9d4f8dc4fc714549f529244134b47,41767735,1770324817,0xa7272afc21f9c321024ed93892a1abfeb621c374,0x960b749933566a088df40b8cefb4c753094a2193,0xeafdc784772239dfcbd799776f4e5bc53d07a2dd,1.043841,1.04384133611691,1.04384133611691,,0.8326036949784997
0x37d0241c79c38294d9115394aa7abd7e6f7b490adced2891f1994e2d1adb8f2c,41767737,1770324821,0xa7272afc21f9c321024ed93892a1abfeb621c374,0x960b749933566a088df40b8cefb4c753094a2193,0xad95973c72045cd05b9ddaa2b27cf65f578e339e,1.043841,1.04384133611691,1.04384133611691,,0.8326036949784997
0xfd5c863375676858804ce7472a84e9a4c1d35e7269b379d95fa7142cf595d540,41767737,1770324821,0xa7272afc21f9c321024ed93892a1abfeb621c374,0x960b749933566a088df40b8cefb4c753094a2193,0x944263ed7db20091a728faccd56920159042d183,1.043841,1.04384133611691,1.04384133611691,,0.8326036949784997
0x3a539564527dc828eed8fc068666a45ec6d1de4ed63833c7c150cab9418d34e4,41767738,1770324823,0xa7272afc21f9c321024ed93892a1abfeb621c374,0x960b749933566a088df40b8cefb4c753094a2193,0x6551faf485f5a474f3091dc9c00e5c1240d8f2da,1.043841,1.04384133611691,1.04384133611691,,0.8326036949784997
0x3f2c1b88150e1d6c700970c83b7bcd3602a08dbcbbc2d9bd606e770c5d3d028b,41767738,1770324823,0xa7272afc21f9c321024ed93892a1abfeb621c374,0xe5dddd7a7e5c9f0374ec02d246c9b9e2ce85c75d,0xfb76aa1a9ec52334f676ae2ad1165fb07551b3e6,1.043841,1.04384133611691,1.04384133611691,,0.8326036949784997
0xef2c5f0b2d80139ac8d6b19d830b079db58c04111fac068a1049d513a2e71cba,41767738,1770324823,0xa7272afc21f9c321024ed93892a1abfeb621c374,0x960b749933566a088df40b8cefb4c753094a2193,0xa6da7e3bfad3c8b20c4ac34b2ba055bed9e5d762,1.043841,1.04384133611691,1.04384133611691,,0.8326036949784997
0xb35982774d6ecdac0c3e696cb8b769000452252df335c83a3c584ef3949df8c1,41767740,1770324827,0xa7272afc21f9c321024ed93892a1abfeb621c374,0x960b749933566a088df40b8cefb4c753094a2193,0x76585fbba1eb984900eef32b48ec3560255c92d4,1.043841,1.04384133611691,1.04384133611691,,0.8326036949784997
0x3082dffe4275abfd2a6ca5b5dc1d792fe6f1d44f8f64f0479af0d88770aa2c08,41767742,1770324831,0x742d1c11c9cf4c84f1dda7b5c8ad8fc7bc708493,0x960b749933566a088df40b8cefb4c753094a2193,0x97e7cf55540bc6ea10124edf71e6278b4c5093fb,1.043841,1.04384133611691,1.04384133611691,,0.8326036949784997
0x5ca8cc2be32f031e097e0c8155b25b07e113676cfd394ff5153b5e2bc910643f,41767745,1770324837,0xa7272afc21f9c321024ed93892a1abfeb621c374,0x960b749933566a088df40b8cefb4c753094a2193,0x64dee823db2a87135e58b4c37a8580af6f10551e,1.046427,1.04384133611691,1.04384133611691,,0.8326036949784997
0x1d5a12c3247fea28aeaac8b4f6923515184351d1721150955c9960f0dfe71d72,41767745,1770324837,0xa7272afc21f9c321024ed93892a1abfeb621c374,0x960b749933566a088df40b8cefb4c753094a2193,0x6551faf485f5a474f3091dc9c00e5c1240d8f2da,1.046427,1.04384133611691,1.04384133611691,,0.8326036949784997
0xf2cb4333e696be392d90fa4b7fe8967f07c51bf733484be64356d40ef301cf9b,41767745,1770324837,0xa7272afc21f9c321024ed93892a1abfeb621c374,0x960b749933566a088df40b8cefb4c753094a2193,0xe15c92e15851b03677a04a9324618ed44cd0a2ac,1.046427,1.04384133611691,1.04384133611691,,0.8326036949784997
0x878e100b300dc398e92d7644938e0913d47bbf8d1458fc528ab04680f5b0a0dc,41767745,1770324837,0xa7272afc21f9c321024ed93892a1abfeb621c374,0x960b749933566a088df40b8cefb4c753094a2193,0x7b659ef971441dc81f6c9718bcaf978265673dec,1.046427,1.04384133611691,1.04384133611691,,0.8326036949784997
0xd4d92757d712c9dfbacfdb391ef074b346ccda8ae2a1fd34447dd9f83295a365,41767745,1770324837,0xa7272afc21f9c321024ed93892a1abfeb621c374,0xe5dddd7a7e5c9f0374ec02d246c9b9e2ce85c75d,0x2b093f057dca6ec2dbf47f6df250f1d07727329e,1.046427,1.04384133611691,1.04384133611691,,0.8326036949784997
0xf66878f03b16661b2fe0ab9ff0d8ad5f40026fe7ae1f25e265560cdd9faa7d0f,41767745,1770324837,0xa7272afc21f9c321024ed93892a1abfeb621c374,0xe5dddd7a7e5c9f0374ec02d246c9b9e2ce85c75d,0x19dd96d1435b2f31bcdbfb2dc2dc9fa75ce5abe4,1.046427,1.04384133611691,1.04384133611691,,0.8326036949784997
0xa5a0142ad6874f02b962044f50df1878f7bd7e8e5c7f79c78b879205b936ae66,41767747,1770324841,0xa7272afc21f9c321024ed93892a1abfeb621c374,0x960b749933566a088df40b8cefb4c753094a2193,0x76585fbba1eb984900eef32b48ec3560255c92d4,1.043841,1.04384133611691,1.04384133611691,,0.8326036949784997
0x72e745b936228758d9bbac82683d9dbd1c61ff2490fcae83a78f06231187f98c,41767747,1770324841,0xa7272afc21f9c321024ed93892a1abfeb621c374,0x960b749933566a088df40b8cefb4c753094a2193,0xad95973c72045cd05b9ddaa2b27cf65f578e339e,1.043841,1.04384133611691,1.04384133611691,,0.8326036949784997
0x7692b1924ded55185a83afbfee0ab947c9c5d12bf6a321cf3a13a534e058a226,41767747,1770324841,0xa7272afc21f9c321024ed93892a1abfeb621c374,0x960b749933566a088df40b8cefb4c753094a2193,0x944263ed7db20091a728faccd56920159042d183,1.043841,1.04384133611691,1.04384133611691,,0.8326036949784997
0x16b8ec2d0059b20f055e13660f5871fcb788b6007663e08b531d86f4662835ad,41767747,1770324841,0xa7272afc21f9c321024ed93892a1abfeb621c374,0x960b749933566a088df40b8cefb4c753094a2193,0x9b6b68094b3b28093cc306b2aef3917038789406,1.043841,1.04384133611691,1.04384133611691,,0.8326036949784997
0x30f387ac4f011bd26cb4b920719a890d53efbe463369f88ddaa3842c9bc56cc3,41767747,1770324841,0xa7272afc21f9c321024ed93892a1abfeb621c374,0x960b749933566a088df40b8cefb4c753094a2193,0xd4a9cfa1d7cca50f29a46bd0f6f5646f5548a793,1.043841,1.04384133611691,1.04384133611691,,0.8326036949784997
0xe866d32a519862090a40ee8a3a2b3a2d74e572ff29a0f6fda07e5f8c85868de8,41767747,1770324841,0xa7272afc21f9c321024ed93892a1abfeb621c374,0x960b749933566a088df40b8cefb4c753094a2193,0xeafdc784772239dfcbd799776f4e5bc53d07a2dd,1.043841,1.04384133611691,1.04384133611691,,0.8326036949784997
0xc8c1985873b8147db510833e399f3a60f5b5407e21fc47b1f9502d99506c8abf,41767748,1770324843,0xa7272afc21f9c321024ed93892a1abfeb621c374,0x960b749933566a088df40b8cefb4c753094a2193,0xfb76aa1a9ec52334f676ae2ad1165fb07551b3e6,1.043841,1.04384133611691,1.04384133611691,,0.8326036949784997
0x82a6b4fcfc575f4897964f64c5fc29637e178c37617d653e59f00f9b2e0b4b92,41767748,1770324843,0xa7272afc21f9c321024ed93892a1abfeb621c374,0x960b749933566a088df40b8cefb4c753094a2193,0xa6da7e3bfad3c8b20c4ac34b2ba055bed9e5d762,1.043841,1.04384133611691,1.04384133611691,,0.8326036949784997
0x6238b3485105d53787a56d7444f328e1c91ede1837ddc4f8cc454182a8c5982f,41767755,1770324857,0xa7272afc21f9c321024ed93892a1abfeb621c374,0x960b749933566a088df40b8cefb4c753094a2193,0x76a4ce359529414b15b68466970e7b4235b46b94,1.043841,1.04384133611691,1.04384133611691,,0.8326036949784997
0x8f533a33b5b508e7adb32b38397e203ed473de8ffdd491fec3c7fca77a496827,41767769,1770324885,0xd577d9dcff3e46e97d2b859df6d6c68a7dbb6612,0x960b749933566a088df40b8cefb4c753094a2193,0x5ec6090b325abd98a441a2a35c26cdceb6ee82de,1.047229,1.04384133611691,1.04384133611691,,0.8326036949784997
0x1bb8900f23337c39d000d2cdeafce7a455aa657fdb554e1de84a624ad4d529db,41767784,1770324915,0x742d1c11c9cf4c84f1dda7b5c8ad8fc7bc708493,0x960b749933566a088df40b8cefb4c753094a2193,0x5ec6090b325abd98a441a2a35c26cdceb6ee82de,1.046436,1.04384133611691,1.04384133611691,,0.8326036949784997
0xcc6fc787b44695c9804aa78f00bfe72cae6003a5b45ae275389799d67df804e0,41767784,1770324915,0x9231db26a7a7a2bc81abb13331edae458b2871b6,0x960b749933566a088df40b8cefb4c753094a2193,0x4822529530ecc268b42f0fe76e9df03cde09d9a1,1.046436,1.04384133611691,1.04384133611691,,0.8326036949784997
0x79f3819b87a06ebbf8438b7806c226fb469af60a41e71799902e33f8005e269d,41767784,1770324915,0xfbd56e6c63c3d24f87bd7b890815d40553845112,0x960b749933566a088df40b8cefb4c753094a2193,0x3cc4d5e7d3f4ae8cdb34d1a011b07b00309b556f,1.046436,1.04384133611691,1.04384133611691,,0.8326036949784997
0xbfc64d53f2d9d88c1ac25cbe663f51a5be60eb34fe051f10e06d492bd6443aef,41768641,1770326629,0xa7272afc21f9c321024ed93892a1abfeb621c374,0x6c3dbf81cf5159a1d7de697324bc1e571c9ee53b,0x5d53f21e4c7fdcf42f236a089c9b3a00a53d6d74,1.043841,1.04384133611691,1.04384133611691,,0.8326036949784997
0xfe95d2923019408358b138d61f4226e26a5c5a6b675899d025dca93b517c80d8,41769284,1770327915,0x1a9ddb64f8993035e838300313baba16a107b8fd,0xe6e3f8b510fecab4b9f74df24cede54567ee2f14,0xad5d1f9e5b07ea8abd262ed16aaf21cfa9c8eb18,1.043841,1.04384133611691,1.04384133611691,,0.8326036949784997
0x4e54db52798769af4dbde968c837d8cdf9b39f88e9537106cbdbecc87c7dddc2,41770253,1770329853,0xa7272afc21f9c321024ed93892a1abfeb621c374,0x6c3dbf81cf5159a1d7de697324bc1e571c9ee53b,0x5d53f21e4c7fdcf42f236a089c9b3a00a53d6d74,1.043841,1.04384133611691,1.04384133611691,,0.8326036949784997
0xd355d7db235ae39ab7000c39c82e359ed77dcc167c3009159404c72888fc0621,41770305,1770329957,0x9ca1dad919221d920b889aacf3023a5cea23165f,0xe5dddd7a7e5c9f0374ec02d246c9b9e2ce85c75d,0x7aa0a887f03339d6296183cba37b1eac717364f8,1.043841,1.04384133611691,1.04384133611691,,0.8326036949784997
0x110d4840031ffad4f7e4cfe758b137c54e0ea9bf3f4b358c17e9c80a29f12717,41770311,1770329969,0x742d1c11c9cf4c84f1dda7b5c8ad8fc7bc708493,0x960b749933566a088df40b8cefb4c753094a2193,0x5ec6090b325abd98a441a2a35c26cdceb6ee82de,1.043841,1.04384133611691,1.04384133611691,,0.8326036949784997
0x243051034c0d277701979214d94811f45c221a8b47559683abf1004d1bdf4663,41770311,1770329969,0xfbd56e6c63c3d24f87bd7b890815d40553845112,0x960b749933566a088df40b8cefb4c753094a2193,0x3cc4d5e7d3f4ae8cdb34d1a011b07b00309b556f,1.043841,1.04384133611691,1.04384133611691,,0.8326036949784997
0x8047e6dd33a60cb7134bf509645b6188cd1c4cef71023e30d898582f5dbd6510,41770311,1770329969,0x9231db26a7a7a2bc81abb13331edae458b2871b6,0x960b749933566a088df40b8cefb4c753094a2193,0x4822529530ecc268b42f0fe76e9df03cde09d9a1,1.043841,1.04384133611691,1.04384133611691,,0.8326036949784997
0xe54400af769585aebd4bf6cbdf4bd7dee858f0d07ce32989461e8446f2d2ef40,41770311,1770329969,0x742d1c11c9cf4c84f1dda7b5c8ad8fc7bc708493,0x960b749933566a088df40b8cefb4c753094a2193,0x97e7cf55540bc6ea10124edf71e6278b4c5093fb,1.043841,1.04384133611691,1.04384133611691,,0.8326036949784997
0xb12ea4f6fef5ac3b1aee1ae4de748e8ed6d483691d6324e39f37232e6c1622b2,41773120,1770335587,0xa7272afc21f9c321024ed93892a1abfeb621c374,0x6c3dbf81cf5159a1d7de697324bc1e571c9ee53b,0x70f6409c2075efdd6fd06094fe5303f7c8a5fcc6,1.043841,1.04384133611691,1.04384133611691,,0.8326036949784997
0xcc0983d92167570490d06b0bfc8d64f36d43ebbe2167b5b443675482fff76685,41773128,1770335603,0xfbd56e6c63c3d24f87bd7b890815d40553845112,0x960b749933566a088df40b8cefb4c753094a2193,0x3cc4d5e7d3f4ae8cdb34d1a011b07b00309b556f,1.043841,1.04384133611691,1.04384133611691,,0.8326036949784997
0x3f58a1e72066a7467542f35ed778fbdec267a9edde67b4fd0b740657e62fab29,41773131,1770335609,0xa7272afc21f9c321024ed93892a1abfeb621c374,0x00f231319f921a95284def641fd8274a8cb0e6ee,0x5d53f21e4c7fdcf42f236a089c9b3a00a53d6d74,1.043841,1.04384133611691,1.04384133611691,,0.8326036949784997
0xffdcf48445dc4a05c696c7580b25cd3849f97a70b1401323d3527fab7d3c334e,41773275,1770335897,0x9ca1dad919221d920b889aacf3023a5cea23165f,0x960b749933566a088df40b8cefb4c753094a2193,0x7aa0a887f03339d6296183cba37b1eac717364f8,1.043841,1.04384133611691,1.04384133611691,,0.8326036949784997
0x552fd828fc139fb48e9aadf6127a595a9af0cb5b3d36b202771403d91335c31b,41773470,1770336287,0x9ca1dad919221d920b889aacf3023a5cea23165f,0xabf7b08a7dc4ac8a543c1112a98ddef3bb2990bd,0x7aa0a887f03339d6296183cba37b1eac717364f8,1.043841,1.04384133611691,1.04384133611691,,0.8326036949784997
0x933b5c0ec31707bed9fd6c2ca6360bc1a14f31b6b90268232573a28f8b4ffc67,41773470,1770336287,0xfbd56e6c63c3d24f87bd7b890815d40553845112,0x960b749933566a088df40b8cefb4c753094a2193,0x3cc4d5e7d3f4ae8cdb34d1a011b07b00309b556f,1.043841,1.04384133611691,1.04384133611691,,0.8326036949784997
0x6d4ec529b8090a9f38e9ed1693205ef672de94f89a7a5fc11b5439d1c62a9b6f,41773473,1770336293,0x742d1c11c9cf4c84f1dda7b5c8ad8fc7bc708493,0x960b749933566a088df40b8cefb4c753094a2193,0x5ec6090b325abd98a441a2a35c26cdceb6ee82de,1.043841,1.04384133611691,1.04384133611691,,0.8326036949784997
0xa2981dfea2c55c89a1347da70a10bdebbc8be839ba24af563bb5f8949ee6cd24,41773476,1770336299,0xa7272afc21f9c321024ed93892a1abfeb621c374,0x960b749933566a088df40b8cefb4c753094a2193,0x6551faf485f5a474f3091dc9c00e5c1240d8f2da,1.043841,1.04384133611691,1.04384133611691,,0.8326036949784997
0xa5968fd0f97b109d333b1c4e9e5dc331cf451f72f81c844e714d8af505c1250c,41773476,1770336299,0xa7272afc21f9c321024ed93892a1abfeb621c374,0x960b749933566a088df40b8cefb4c753094a2193,0x64dee823db2a87135e58b4c37a8580af6f10551e,1.043841,1.04384133611691,1.04384133611691,,0.8326036949784997
0x07e729a11c579f9b275d7d0a8e3d90f8f8b4b76de860b5751139da1e46d92e2b,41773476,1770336299,0xa7272afc21f9c321024ed93892a1abfeb621c374,0x960b749933566a088df40b8cefb4c753094a2193,0x7b659ef971441dc81f6c9718bcaf978265673dec,1.043841,1.04384133611691,1.04384133611691,,0.8326036949784997
0xbbb741057fb416e049a94e0900488cca7a681dcf3a86fd737bcb634e436bc752,41773476,1770336299,0xa7272afc21f9c321024ed93892a1abfeb621c374,0x960b749933566a088df40b8cefb4c753094a2193,0xe15c92e15851b03677a04a9324618ed44cd0a2ac,1.043841,1.04384133611691,1.04384133611691,,0.8326036949784997
0x8361c98da246077a84865ba16d1154f59854c58520c18d7d3c31c105dd0f0411,41773476,1770336299,0xa7272afc21f9c321024ed93892a1abfeb621c374,0x960b749933566a088df40b8cefb4c753094a2193,0x2b093f057dca6ec2dbf47f6df250f1d07727329e,1.043841,1.04384133611691,1.04384133611691,,0.8326036949784997
0xcd5f065667325488400dd311b0d4c8d1be9e61496104cda316a52bb5f7a63d03,41773476,1770336299,0xa7272afc21f9c321024ed93892a1abfeb621c374,0x960b749933566a088df40b8cefb4c753094a2193,0xa6da7e3bfad3c8b20c4ac34b2ba055bed9e5d762,1.043841,1.04384133611691,1.04384133611691,,0.8326036949784997
0xfd8c3abcc8b6497b8dd47d72d9c04f6757920d7f7126f8671474a9943e22c475,41773480,1770336307,0x9ca1dad919221d920b889aacf3023a5cea23165f,0x960b749933566a088df40b8cefb4c753094a2193,0x7aa0a887f03339d6296183cba37b1eac717364f8,1.043841,1.04384133611691,1.04384133611691,,0.8326036949784997
0xdffc2d589fc39b8c4f72781b36db19cc54988d21f9d8359fc7ba0b26b5691851,41773480,1770336307,0xa7272afc21f9c321024ed93892a1abfeb621c374,0x960b749933566a088df40b8cefb4c753094a2193,0xad95973c72045cd05b9ddaa2b27cf65f578e339e,1.043841,1.04384133611691,1.04384133611691,,0.8326036949784997
0x5ded587afb9941e2bbeecf831701aaef3b482299b776131000fc3aa512b17b3e,41773480,1770336307,0xa7272afc21f9c321024ed93892a1abfeb621c374,0x960b749933566a088df40b8cefb4c753094a2193,0x944263ed7db20091a728faccd56920159042d183,1.043841,1.04384133611691,1.04384133611691,,0.8326036949784997
0x4280644d9496d8b2618fd23967df169833e536269da005ac2b2e6033ed82887d,41773481,1770336309,0xa7272afc21f9c321024ed93892a1abfeb621c374,0xe5dddd7a7e5c9f0374ec02d246c9b9e2ce85c75d,0xe15c92e15851b03677a04a9324618ed44cd0a2ac,1.043841,1.04384133611691,1.04384133611691,,0.8326036949784997
0xa69b5afcb33d1a5da34314cf4be2467f318c95eb5a311fc08445e748d14193c4,41773481,1770336309,0x9231db26a7a7a2bc81abb13331edae458b2871b6,0x960b749933566a088df40b8cefb4c753094a2193,0x4822529530ecc268b42f0fe76e9df03cde09d9a1,1.043841,1.04384133611691,1.04384133611691,,0.8326036949784997
0xf953013553de94b65bd682b317e63ea1f14f3d2b98516bb927f88c16a22a0b6b,41773481,1770336309,0xa7272afc21f9c321024ed93892a1abfeb621c374,0x960b749933566a088df40b8cefb4c753094a2193,0x76585fbba1eb984900eef32b48ec3560255c92d4,1.043841,1.04384133611691,1.04384133611691,,0.8326036949784997
0xfdb6d917365899aadc464a345609a45906f6a864f26149a12f9babafaa72a4f0,41773481,1770336309,0x742d1c11c9cf4c84f1dda7b5c8ad8fc7bc708493,0x960b749933566a088df40b8cefb4c753094a2193,0x97e7cf55540bc6ea10124edf71e6278b4c5093fb,1.043841,1.04384133611691,1.04384133611691,,0.8326036949784997
0x68ec4c301ef3667d9fa924518e7933b7c3cc47da57144d987387129f6c50a538,41773482,1770336311,0xa7272afc21f9c321024ed93892a1abfeb621c374,0xe5dddd7a7e5c9f0374ec02d246c9b9e2ce85c75d,0x7b659ef971441dc81f6c9718bcaf978265673dec,1.043841,1.04384133611691,1.04384133611691,,0.8326036949784997
0x05adb16db741ca9841bb6ec553b1e396a2a674cbc333345d3d9de7322487e3fd,41773482,1770336311,0xa7272afc21f9c321024ed93892a1abfeb621c374,0xe5dddd7a7e5c9f0374ec02d246c9b9e2ce85c75d,0x2b093f057dca6ec2dbf47f6df250f1d07727329e,1.043841,1.04384133611691,1.04384133611691,,0.8326036949784997
0x9d7607a2931c724ddac265f7cdd518c8e5f5ea72cfa3e4b6fa251b41eb9010dc,41773483,1770336313,0xa7272afc21f9c321024ed93892a1abfeb621c374,0xe5dddd7a7e5c9f0374ec02d246c9b9e2ce85c75d,0x64dee823db2a87135e58b4c37a8580af6f10551e,1.043841,1.04384133611691,1.04384133611691,,0.8326036949784997
0xbfc819f56ce20f3fd7a843afe06e3882e68100ae474f5ebaeb42b35b8e7db1f4,41773483,1770336313,0xa7272afc21f9c321024ed93892a1abfeb621c374,0x960b749933566a088df40b8cefb4c753094a2193,0x19dd96d1435b2f31bcdbfb2dc2dc9fa75ce5abe4,1.043841,1.04384133611691,1.04384133611691,,0.8326036949784997
0x536b53299880897ddd58e5e6bf8ae954fb05095a215ed07c679ca7779a9b6d5d,41773484,1770336315,0xa7272afc21f9c321024ed93892a1abfeb621c374,0xe5dddd7a7e5c9f0374ec02d246c9b9e2ce85c75d,0x6551faf485f5a474f3091dc9c00e5c1240d8f2da,1.043841,1.04384133611691,1.04384133611691,,0.8326036949784997
0xdd6f794300076a72c330ac052cf833743569eda7e358bf3ad97322c241e41bde,41773484,1770336315,0x9ca1dad919221d920b889aacf3023a5cea23165f,0x960b749933566a088df40b8cefb4c753094a2193,0x7aa0a887f03339d6296183cba37b1eac717364f8,1.043841,1.04384133611691,1.04384133611691,,0.8326036949784997
0x43bbba0edbbb1d9ec0497edd1ddb937885dfea7b721c85595f31b19b58af8a77,41773484,1770336315,0x9231db26a7a7a2bc81abb13331edae458b2871b6,0x960b749933566a088df40b8cefb4c753094a2193,0x4822529530ecc268b42f0fe76e9df03cde09d9a1,1.043841,1.04384133611691,1.04384133611691,,0.8326036949784997
0xb7f587aa8ab4f6519257bc94e48ecb28c96d6cddb2dcabe91c1500ceabf8c771,41773485,1770336317,0xa7272afc21f9c321024ed93892a1abfeb621c374,0xe5dddd7a7e5c9f0374ec02d246c9b9e2ce85c75d,0xe15c92e15851b03677a04a9324618ed44cd0a2ac,1.043841,1.04384133611691,1.04384133611691,,0.8326036949784997
0x75f027842076096c4dee9b9a09bed2b1973f82bacb2d3aebef835ef3d0c3687c,41773485,1770336317,0xd577d9dcff3e46e97d2b859df6d6c68a7dbb6612,0xe5dddd7a7e5c9f0374ec02d246c9b9e2ce85c75d,0x5ec6090b325abd98a441a2a35c26cdceb6ee82de,1.043841,1.04384133611691,1.04384133611691,,0.8326036949784997
0x02d89f278fcbb89f9bb93cbeb4b576d5391385b7c807c79e297969807b1e520a,41773486,1770336319,0xa7272afc21f9c321024ed93892a1abfeb621c374,0x960b749933566a088df40b8cefb4c753094a2193,0x9b6b68094b3b28093cc306b2aef3917038789406,1.043841,1.04384133611691,1.04384133611691,,0.8326036949784997
0x121fa0813fb3012c712c369eee1799b37fa86705a8aa3876c3e3635bfe2c08e5,41773486,1770336319,0xa7272afc21f9c321024ed93892a1abfeb621c374,0x960b749933566a088df40b8cefb4c753094a2193,0xacfa576aa81f7501e3dd1122eba67e3de7d5d5a3,1.043841,1.04384133611691,1.04384133611691,,0.8326036949784997
0x2be679c148ee6a1f792b1bba4059d1cd9f426e19e6622e528a062c4974153e26,41773486,1770336319,0xa7272afc21f9c321024ed93892a1abfeb621c374,0x960b749933566a088df40b8cefb4c753094a2193,0xe60452a821c98ed3a77296b5b8b0d74ff75a305d,1.043841,1.04384133611691,1.04384133611691,,0.8326036949784997
0xb3163dceee9e2081fa731c68013ecc4e25a74b876f4487a744bf686c79c0cf23,41773486,1770336319,0xa7272afc21f9c321024ed93892a1abfeb621c374,0x960b749933566a088df40b8cefb4c753094a2193,0xeafdc784772239dfcbd799776f4e5bc53d07a2dd,1.043841,1.04384133611691,1.04384133611691,,0.8326036949784997
0xfcf8a011c66ff9671f5f4d9ae00af5ce29806dcf3dacb54249cf8a14b1a41d97,41773486,1770336319,0xa7272afc21f9c321024ed93892a1abfeb621c374,0x960b749933566a088df40b8cefb4c753094a2193,0x70f6409c2075efdd6fd06094fe5303f7c8a5fcc6,1.043841,1.04384133611691,1.04384133611691,,0.8326036949784997
0xefbd98658827e8c66774a96e04ddd611866e18ffe0443bfe685716cb80e83bdc,41773494,1770336335,0xa7272afc21f9c321024ed93892a1abfeb621c374,0xe5dddd7a7e5c9f0374ec02d246c9b9e2ce85c75d,0x6551faf485f5a474f3091dc9c00e5c1240d8f2da,1.043841,1.04384133611691,1.04384133611691,,0.8326036949784997
0x2972a3ca6b7dd4bb1003601c797967fd402869c91fc6057629ade2bb377a616d,41773494,1770336335,0xa7272afc21f9c321024ed93892a1abfeb621c374,0xe5dddd7a7e5c9f0374ec02d246c9b9e2ce85c75d,0xe15c92e15851b03677a04a9324618ed44cd0a2ac,1.043841,1.04384133611691,1.04384133611691,,0.8326036949784997
0x5f502f16be805d31327ffa1000e3bd583acf1b8a11508119072230441f48ed36,41773494,1770336335,0xa7272afc21f9c321024ed93892a1abfeb621c374,0xe5dddd7a7e5c9f0374ec02d246c9b9e2ce85c75d,0xa6da7e3bfad3c8b20c4ac34b2ba055bed9e5d762,1.043841,1.04384133611691,1.04384133611691,,0.8326036949784997
0xb411f70dd37a27389ce9beda2dab888d60ae12e981458e0d6a5462250cf28c81,41773500,1770336347,0xa7272afc21f9c321024ed93892a1abfeb621c374,0xabf7b08a7dc4ac8a543c1112a98ddef3bb2990bd,0xd4a9cfa1d7cca50f29a46bd0f6f5646f5548a793,1.043841,1.04384133611691,1.04384133611691,,0.8326036949784997
0x8a7052a6771554550e9e615f046f7a13e4a09a964497b0f53df669bf1c0e4586,41773507,1770336361,0x9ca1dad919221d920b889aacf3023a5cea23165f,0xabf7b08a7dc4ac8a543c1112a98ddef3bb2990bd,0x7aa0a887f03339d6296183cba37b1eac717364f8,1.043841,1.04384133611691,1.04384133611691,,0.8326036949784997
0xf81f46020f1fdf49ab09fa666ad3a24d055dd47a9d9e632b4d668659bf9c5331,41773508,1770336363,0x9231db26a7a7a2bc81abb13331edae458b2871b6,0x960b749933566a088df40b8cefb4c753094a2193,0x4822529530ecc268b42f0fe76e9df03cde09d9a1,1.043841,1.04384133611691,1.04384133611691,,0.8326036949784997
0xa02228e2fd4312bf77fc4da72ca571767842cd8c27f1d1cfaa86fe2283dd6985,41773510,1770336367,0x742d1c11c9cf4c84f1dda7b5c8ad8fc7bc708493,0x960b749933566a088df40b8cefb4c753094a2193,0x5ec6090b325abd98a441a2a35c26cdceb6ee82de,1.043841,1.04384133611691,1.04384133611691,,0.8326036949784997
0xa518dec5c65474a217b9ea03c654abc30496e569468277c2be5ad76d8abc508c,41773510,1770336367,0x742d1c11c9cf4c84f1dda7b5c8ad8fc7bc708493,0x960b749933566a088df40b8cefb4c753094a2193,0x97e7cf55540bc6ea10124edf71e6278b4c5093fb,1.043841,1.04384133611691,1.04384133611691,,0.8326036949784997
0xace686b34d56a442a4a4d9ae44cd89492eb14b00e6d38da3e5eb97715d28913c,41773510,1770336367,0xfbd56e6c63c3d24f87bd7b890815d40553845112,0x960b749933566a088df40b8cefb4c753094a2193,0x3cc4d5e7d3f4ae8cdb34d1a011b07b00309b556f,1.043841,1.04384133611691,1.04384133611691,,0.8326036949784997
0xe891bddc114d842fc3a8ae7391e0b1684b0834debf579e91912f9b027025e212,41773521,1770336389,0xa7272afc21f9c321024ed93892a1abfeb621c374,0x960b749933566a088df40b8cefb4c753094a2193,0x64dee823db2a87135e58b4c37a8580af6f10551e,1.043841,1.04384133611691,1.04384133611691,,0.8326036949784997
0x9bbea5b697d3b2c8987a10aa430eaddc2344367148f944dc8cacbd0850c6b715,41773521,1770336389,0xa7272afc21f9c321024ed93892a1abfeb621c374,0x960b749933566a088df40b8cefb4c753094a2193,0x6551faf485f5a474f3091dc9c00e5c1240d8f2da,1.043841,1.04384133611691,1.04384133611691,,0.8326036949784997
0xbb16a850fe0b7fa1481990df0f32ecc8263cc92bd151e6bd35e96aa68e146da5,41773521,1770336389,0xa7272afc21f9c321024ed93892a1abfeb621c374,0x960b749933566a088df40b8cefb4c753094a2193,0xd4a9cfa1d7cca50f29a46bd0f6f5646f5548a793,1.043841,1.04384133611691,1.04384133611691,,0.8326036949784997
0x0a817c8d868830a790be79397c926bc9ce678997c1806380d7cf63b13e72e1a8,41773522,1770336391,0xa7272afc21f9c321024ed93892a1abfeb621c374,0xe5dddd7a7e5c9f0374ec02d246c9b9e2ce85c75d,0x7b659ef971441dc81f6c9718bcaf978265673dec,1.043841,1.04384133611691,1.04384133611691,,0.8326036949784997
0x6e922b2a6860a513856b4b60121ae4d04ac7d093a7489cced8a59b30f1268538,41773522,1770336391,0xa7272afc21f9c321024ed93892a1abfeb621c374,0x960b749933566a088df40b8cefb4c753094a2193,0x2b093f057dca6ec2dbf47f6df250f1d07727329e,1.043841,1.04384133611691,1.04384133611691,,0.8326036949784997
0x9d5faa959956afc1b4d42b46a9ef65b845bcff27a58ba99b5f1593d289f549ac,41773522,1770336391,0xa7272afc21f9c321024ed93892a1abfeb621c374,0x960b749933566a088df40b8cefb4c753094a2193,0xeafdc784772239dfcbd799776f4e5bc53d07a2dd,1.043841,1.04384133611691,1.04384133611691,,0.8326036949784997
0xbae22a128ecdebdfe3683c2524569909735ae6cb6d74ab8d471c47a85364450f,41773522,1770336391,0xa7272afc21f9c321024ed93892a1abfeb621c374,0x960b749933566a088df40b8cefb4c753094a2193,0x70f6409c2075efdd6fd06094fe5303f7c8a5fcc6,1.043841,1.04384133611691,1.04384133611691,,0.8326036949784997
0xeba9a393efbe56627e8bcaf73b2bce4fe851e1a67c9412f56ce63ffa34f4543b,41773522,1770336391,0xa7272afc21f9c321024ed93892a1abfeb621c374,0x960b749933566a088df40b8cefb4c753094a2193,0xacfa576aa81f7501e3dd1122eba67e3de7d5d5a3,1.043841,1.04384133611691,1.04384133611691,,0.8326036949784997
0x7d3a6eda587eb93c00fe58f508b183c3c88719ea0346b1b745da18d1cf958525,41773524,1770336395,0xa7272afc21f9c321024ed93892a1abfeb621c374,0xe5dddd7a7e5c9f0374ec02d246c9b9e2ce85c75d,0xe15c92e15851b03677a04a9324618ed44cd0a2ac,1.043841,1.04384133611691,1.04384133611691,,0.8326036949784997
0xa4a21cca87eeb4df4deb50cdbf4b6969a2d09cfe4648dfd2ba3ea78cc8690000,41773524,1770336395,0xa7272afc21f9c321024ed93892a1abfeb621c374,0xe5dddd7a7e5c9f0374ec02d246c9b9e2ce85c75d,0x19dd96d1435b2f31bcdbfb2dc2dc9fa75ce5abe4,1.043841,1.04384133611691,1.04384133611691,,0.8326036949784997
0x8f2e7dfd22a00e42acf66c9ed48e3cf17fbbe26ddb3084c632b10b6fa70a3235,41773524,1770336395,0x9ca1dad919221d920b889aacf3023a5cea23165f,0xabf7b08a7dc4ac8a543c1112a98ddef3bb2990bd,0x7aa0a887f03339d6296183cba37b1eac717364f8,1.043841,1.04384133611691,1.04384133611691,,0.8326036949784997
0x7e851ad6bcc50c63ac19ed01872e51679fb5757f1824ba1bc0a300fa123d1e9a,41773524,1770336395,0xa7272afc21f9c321024ed93892a1abfeb621c374,0x960b749933566a088df40b8cefb4c753094a2193,0x76a4ce359529414b15b68466970e7b4235b46b94,1.043841,1.04384133611691,1.04384133611691,,0.8326036949784997
0x3c3f499f4f4914211d0eb503abd67ed29c239465633da3f092614be836fc087d,41773524,1770336395,0x9231db26a7a7a2bc81abb13331edae458b2871b6,0x960b749933566a088df40b8cefb4c753094a2193,0x4822529530ecc268b42f0fe76e9df03cde09d9a1,1.043841,1.04384133611691,1.04384133611691,,0.8326036949784997
0xd5951228b0741d91ecf379c98c11ccc817c7a98c3694fca9334fa3f18180a3cb,41773524,1770336395,0xa7272afc21f9c321024ed93892a1abfeb621c374,0x960b749933566a088df40b8cefb4c753094a2193,0xe60452a821c98ed3a77296b5b8b0d74ff75a305d,1.043841,1.04384133611691,1.04384133611691,,0.8326036949784997
0xc86102a4c0f1011496ae46a87b3cd22a06d2422e936e1e92c3e3ea82d7879801,41773526,1770336399,0xa7272afc21f9c321024ed93892a1abfeb621c374,0xe5dddd7a7e5c9f0374ec02d246c9b9e2ce85c75d,0xa6da7e3bfad3c8b20c4ac34b2ba055bed9e5d762,1.043841,1.04384133611691,1.04384133611691,,0.8326036949784997
0x40dca36b3f528761e6f4ea890366366cb1e3520827de3f86139451f82ca87e87,41773526,1770336399,0x742d1c11c9cf4c84f1dda7b5c8ad8fc7bc708493,0x960b749933566a088df40b8cefb4c753094a2193,0x5ec6090b325abd98a441a2a35c26cdceb6ee82de,1.043841,1.04384133611691,1.04384133611691,,0.8326036949784997
0xcebdea07ded11c4e6cf8f50988915cfc8b51eed03c8e8afa9043d3a98788377c,41773526,1770336399,0xfbd56e6c63c3d24f87bd7b890815d40553845112,0x960b749933566a088df40b8cefb4c753094a2193,0x3cc4d5e7d3f4ae8cdb34d1a011b07b00309b556f,1.043841,1.04384133611691,1.04384133611691,,0.8326036949784997
0x50448208692730213ebd0263fa8178bf45c3dc17649d55eb0c0bf764bd840249,41773531,1770336409,0xa7272afc21f9c321024ed93892a1abfeb621c374,0xe5dddd7a7e5c9f0374ec02d246c9b9e2ce85c75d,0x7b659ef971441dc81f6c9718bcaf978265673dec,1.043841,1.04384133611691,1.04384133611691,,0.8326036949784997
0x00519b8a15492e56065479beed84eed56d7e234d2634b61a5ab96e4f319cacfc,41773531,1770336409,0xa7272afc21f9c321024ed93892a1abfeb621c374,0xe5dddd7a7e5c9f0374ec02d246c9b9e2ce85c75d,0x64dee823db2a87135e58b4c37a8580af6f10551e,1.043841,1.04384133611691,1.04384133611691,,0.8326036949784997
0x95dfe73c84125ccfc44dc5c33bdd58320ec7c57feba0b8ee3f6d5f6d6b2fba48,41773531,1770336409,0xa7272afc21f9c321024ed93892a1abfeb621c374,0xe5dddd7a7e5c9f0374ec02d246c9b9e2ce85c75d,0x2b093f057dca6ec2dbf47f6df250f1d07727329e,1.043841,1.04384133611691,1.04384133611691,,0.8326036949784997
0xfd6186f1fcdf65a35799534065fc98e2c723cf4013bef4fa04ecc98c177cb696,41773531,1770336409,0xa7272afc21f9c321024ed93892a1abfeb621c374,0x918d91855b1e131e617b53f6373923bb292046b0,0x76585fbba1eb984900eef32b48ec3560255c92d4,1.043841,1.04384133611691,1.04384133611691,,0.8326036949784997
0x65dbe2a6cdb6838d33ce9ad46d885ba34c5dd7aebf90b85c6f7bfa6352de2c49,41773533,1770336413,0xa7272afc21f9c321024ed93892a1abfeb621c374,0xe5dddd7a7e5c9f0374ec02d246c9b9e2ce85c75d,0x6551faf485f5a474f3091dc9c00e5c1240d8f2da,1.043841,1.04384133611691,1.04384133611691,,0.8326036949784997
0x569a0eb8d30a112f038db3c54fc43d74a421a9003b3f40e7127eba7f3153c8e8,41773533,1770336413,0xa7272afc21f9c321024ed93892a1abfeb621c374,0xe5dddd7a7e5c9f0374ec02d246c9b9e2ce85c75d,0xe15c92e15851b03677a04a9324618ed44cd0a2ac,1.043841,1.04384133611691,1.04384133611691,,0.8326036949784997
0xfea46b0ad93ff1f032e7188850164a36a8fd5122419e2e888137624e02425e72,41773533,1770336413,0xa7272afc21f9c321024ed93892a1abfeb621c374,0xe5dddd7a7e5c9f0374ec02d246c9b9e2ce85c75d,0x19dd96d1435b2f31bcdbfb2dc2dc9fa75ce5abe4,1.043841,1.04384133611691,1.04384133611691,,0.8326036949784997
0x87e5e74bfb62bc728a7b225275cf326bc95256bdceb4a272fc03c83bd820319f,41773535,1770336417,0xd577d9dcff3e46e97d2b859df6d6c68a7dbb6612,0xe5dddd7a7e5c9f0374ec02d246c9b9e2ce85c75d,0x5ec6090b325abd98a441a2a35c26cdceb6ee82de,1.043841,1.04384133611691,1.04384133611691,,0.8326036949784997
0xeef20fbb46f034b4a8911aa10c6dd1d475d8b21bcd7ab86c663ce7a8ee7031a7,41773536,1770336419,0xa7272afc21f9c321024ed93892a1abfeb621c374,0xe5dddd7a7e5c9f0374ec02d246c9b9e2ce85c75d,0xa6da7e3bfad3c8b20c4ac34b2ba055bed9e5d762,1.043841,1.04384133611691,1.04384133611691,,0.8326036949784997
0xb581dd86402afde9b20a3bc0a83d7b812a8655b434864e0d60ea28c9d8593872,41773584,1770336515,0xa7272afc21f9c321024ed93892a1abfeb621c374,0xe5dddd7a7e5c9f0374ec02d246c9b9e2ce85c75d,0x7b659ef971441dc81f6c9718bcaf978265673dec,1.043841,1.04384133611691,1.04384133611691,,0.8326036949784997
0xb1af0835d80eb595c366ef4648c827df9fa571fb5b8ec902b261126f736f2158,41773584,1770336515,0xa7272afc21f9c321024ed93892a1abfeb621c374,0xe5dddd7a7e5c9f0374ec02d246c9b9e2ce85c75d,0x64dee823db2a87135e58b4c37a8580af6f10551e,1.043841,1.04384133611691,1.04384133611691,,0.8326036949784997
0x0df7caf62ae1e2fac7675777e013b1d7456a5134193bc109acf4e16d28d0575c,41773584,1770336515,0xa7272afc21f9c321024ed93892a1abfeb621c374,0xe5dddd7a7e5c9f0374ec02d246c9b9e2ce85c75d,0x2b093f057dca6ec2dbf47f6df250f1d07727329e,1.043841,1.04384133611691,1.04384133611691,,0.8326036949784997
0x0638ac6f867cf0138f904fc7e17f9c784fa76e5b750e3989916d953e6850ec5a,41773584,1770336515,0xa7272afc21f9c321024ed93892a1abfeb621c374,0xe5dddd7a7e5c9f0374ec02d246c9b9e2ce85c75d,0x6551faf485f5a474f3091dc9c00e5c1240d8f2da,1.043841,1.04384133611691,1.04384133611691,,0.8326036949784997
0xef49f260ec4ebc08d6d35721ddd919e7137e7faebb9736eacc9990dba30f9479,41773585,1770336517,0xa7272afc21f9c321024ed93892a1abfeb621c374,0xe5dddd7a7e5c9f0374ec02d246c9b9e2ce85c75d,0xe15c92e15851b03677a04a9324618ed44cd0a2ac,1.043841,1.04384133611691,1.04384133611691,,0.8326036949784997
0xfd8c1d6b6d53ebd9e2b9f69c457f9611afa9796c54d611bb146a1e2a616f1716,41773585,1770336517,0xa7272afc21f9c321024ed93892a1abfeb621c374,0x918d91855b1e131e617b53f6373923bb292046b0,0x19dd96d1435b2f31bcdbfb2dc2dc9fa75ce5abe4,1.043841,1.04384133611691,1.04384133611691,,0.8326036949784997
0x92685d5edc6e51626dbe6a0d0260f586553c383bc8bc27bc8f73084ab82a0df5,41773587,1770336521,0xa7272afc21f9c321024ed93892a1abfeb621c374,0xe5dddd7a7e5c9f0374ec02d246c9b9e2ce85c75d,0x19dd96d1435b2f31bcdbfb2dc2dc9fa75ce5abe4,1.043838,1.04384133611691,1.04384133611691,,0.8326036949784997
0x2fbb60a7ff7e05d00d1e5a5f0dbb31419458603433762dd23da0ecbf630b07f9,41773594,1770336535,0xd577d9dcff3e46e97d2b859df6d6c68a7dbb6612,0xe5dddd7a7e5c9f0374ec02d246c9b9e2ce85c75d,0x5ec6090b325abd98a441a2a35c26cdceb6ee82de,1.043841,1.04384133611691,1.04384133611691,,0.8326036949784997
0xa4dc963f0017c11629c63aa51631ff24ff4dbea065e59397de3f0bf73caa8d20,41773599,1770336545,0xa7272afc21f9c321024ed93892a1abfeb621c374,0x918d91855b1e131e617b53f6373923bb292046b0,0x944263ed7db20091a728faccd56920159042d183,1.043841,1.04384133611691,1.04384133611691,,0.8326036949784997
0xca02be2026459ecdfc90f9b07d0bc992cac63d8d298dd835b4919004117d7928,41773599,1770336545,0xa7272afc21f9c321024ed93892a1abfeb621c374,0x918d91855b1e131e617b53f6373923bb292046b0,0xad95973c72045cd05b9ddaa2b27cf65f578e339e,1.043841,1.04384133611691,1.04384133611691,,0.8326036949784997
0x7faadb7c4f421a2409f06bfe741a118a4de44e552622b3ff3794674ee8723322,41773600,1770336547,0xa7272afc21f9c321024ed93892a1abfeb621c374,0xe5dddd7a7e5c9f0374ec02d246c9b9e2ce85c75d,0x7b659ef971441dc81f6c9718bcaf978265673dec,1.043841,1.04384133611691,1.04384133611691,,0.8326036949784997
0x626035e915ab25bafff7f95887d8b7890eb0891f4e340d3a6c50824540b39f8a,41773600,1770336547,0xa7272afc21f9c321024ed93892a1abfeb621c374,0xe5dddd7a7e5c9f0374ec02d246c9b9e2ce85c75d,0x64dee823db2a87135e58b4c37a8580af6f10551e,1.043841,1.04384133611691,1.04384133611691,,0.8326036949784997
0xe975ff55b424379be2beb8bb60044ad9cd091a509f97b39052db134e242da830,41773600,1770336547,0xa7272afc21f9c321024ed93892a1abfeb621c374,0xe5dddd7a7e5c9f0374ec02d246c9b9e2ce85c75d,0x2b093f057dca6ec2dbf47f6df250f1d07727329e,1.043841,1.04384133611691,1.04384133611691,,0.8326036949784997
0x7d58a46c7e22da75886e010264d2fe714e6320b09ab7fd4d05105f4cd6ec459a,41773600,1770336547,0xa7272afc21f9c321024ed93892a1abfeb621c374,0xe5dddd7a7e5c9f0374ec02d246c9b9e2ce85c75d,0x6551faf485f5a474f3091dc9c00e5c1240d8f2da,1.043841,1.04384133611691,1.04384133611691,,0.8326036949784997
0x91a15854fbcd24e52b07b80a73dd2bd345f5a30a57d038aaf030b1060e862401,41773602,1770336551,0xa7272afc21f9c321024ed93892a1abfeb621c374,0xe5dddd7a7e5c9f0374ec02d246c9b9e2ce85c75d,0xe15c92e15851b03677a04a9324618ed44cd0a2ac,1.043841,1.04384133611691,1.04384133611691,,0.8326036949784997
0xf694b254631ee81a0182f948d24a22fa253c43c0b048b5b2225af39ab97a9705,41773602,1770336551,0xa7272afc21f9c321024ed93892a1abfeb621c374,0xe5dddd7a7e5c9f0374ec02d246c9b9e2ce85c75d,0x19dd96d1435b2f31bcdbfb2dc2dc9fa75ce5abe4,1.043841,1.04384133611691,1.04384133611691,,0.8326036949784997
0x11d6aa6ac7814af5617d71f74a0229c60f337cfb87b25d9fc90c87bfac1010e5,41773603,1770336553,0xa7272afc21f9c321024ed93892a1abfeb621c374,0xe5dddd7a7e5c9f0374ec02d246c9b9e2ce85c75d,0xa6da7e3bfad3c8b20c4ac34b2ba055bed9e5d762,1.043841,1.04384133611691,1.04384133611691,,0.8326036949784997
0xb5ec8fe55971d3cef963ac2899ed20d6810b19759a61d38ce17789e4d3a2a9dd,41773610,1770336567,0x1d11866ca5b409b286e32c8279a84213ada1c399,0x960b749933566a088df40b8cefb4c753094a2193,0xf77e58a86d40cff6914ccd055073387c581a3fdd,1.043841,1.04384133611691,1.04384133611691,,0.8326036949784997
0xc8089c574683d59eed717728dc01db2d1c6e88c17a22f008aa78e7d442825739,41773611,1770336569,0xd577d9dcff3e46e97d2b859df6d6c68a7dbb6612,0x960b749933566a088df40b8cefb4c753094a2193,0x5ec6090b325abd98a441a2a35c26cdceb6ee82de,1.043841,1.04384133611691,1.04384133611691,,0.8326036949784997
0xefada9021c43900b6cba65c3a631add4baac6942e016b9038588d8d1ffd03916,41773614,1770336575,0xa7272afc21f9c321024ed93892a1abfeb621c374,0x918d91855b1e131e617b53f6373923bb292046b0,0x76585fbba1eb984900eef32b48ec3560255c92d4,1.043841,1.04384133611691,1.04384133611691,,0.8326036949784997
0xd923a5cf3b784e6d662807aa68330043057f20ac6b6bd58f75750e70d3bb2831,41773615,1770336577,0xa7272afc21f9c321024ed93892a1abfeb621c374,0x960b749933566a088df40b8cefb4c753094a2193,0x7b659ef971441dc81f6c9718bcaf978265673dec,1.043841,1.04384133611691,1.04384133611691,,0.8326036949784997
0xac8fe10ccd94640f49b7ae0ffe3bab4ff830e6185a6f744cfa4e3704b20aa34a,41773615,1770336577,0xa7272afc21f9c321024ed93892a1abfeb621c374,0x960b749933566a088df40b8cefb4c753094a2193,0x64dee823db2a87135e58b4c37a8580af6f10551e,1.043841,1.04384133611691,1.04384133611691,,0.8326036949784997
0x517fc654f4988f95ad8080486ee0af0ff8fec8f870d57c4fd74105a7bde88a7d,41773615,1770336577,0xa7272afc21f9c321024ed93892a1abfeb621c374,0x960b749933566a088df40b8cefb4c753094a2193,0x2b093f057dca6ec2dbf47f6df250f1d07727329e,1.043841,1.04384133611691,1.04384133611691,,0.8326036949784997
0xb06d40881e70d49296b80d69f35a9da57f4df81d117a163475a5ccc40fdbf302,41773615,1770336577,0xa7272afc21f9c321024ed93892a1abfeb621c374,0x960b749933566a088df40b8cefb4c753094a2193,0x6551faf485f5a474f3091dc9c00e5c1240d8f2da,1.043841,1.04384133611691,1.04384133611691,,0.8326036949784997
0x795e52a939ed1d35ba8ba1c3ab43eb49618d98a6c0e9afe6be65afb4274ef0f8,41773615,1770336577,0xa7272afc21f9c321024ed93892a1abfeb621c374,0x960b749933566a088df40b8cefb4c753094a2193,0xe15c92e15851b03677a04a9324618ed44cd0a2ac,1.043841,1.04384133611691,1.04384133611691,,0.8326036949784997
0x40e23984a5f47562e12684e0b4e3454171ff9b7c65e9dabec072c1a71bb3fdf4,41773616,1770336579,0x1d11866ca5b409b286e32c8279a84213ada1c399,0x960b749933566a088df40b8cefb4c753094a2193,0xf77e58a86d40cff6914ccd055073387c581a3fdd,1.043841,1.04384133611691,1.04384133611691,,0.8326036949784997
0x17ba7b2df5a4e204e6f9a51ece36fa4e40612a52ea4881209733fa3af6ffcf20,41773620,1770336587,0xa7272afc21f9c321024ed93892a1abfeb621c374,0xe5dddd7a7e5c9f0374ec02d246c9b9e2ce85c75d,0x19dd96d1435b2f31bcdbfb2dc2dc9fa75ce5abe4,1.043841,1.04384133611691,1.04384133611691,,0.8326036949784997
0x41358a85ddf062ffc0a856841d805e7055726d906a2f2337729eab257f0b308b,41773621,1770336589,0xa7272afc21f9c321024ed93892a1abfeb621c374,0xe5dddd7a7e5c9f0374ec02d246c9b9e2ce85c75d,0xa6da7e3bfad3c8b20c4ac34b2ba055bed9e5d762,1.043841,1.04384133611691,1.04384133611691,,0.8326036949784997
0x017ed2c9684deb47503473c276f35b7cdd053c987941044fc135c5c7c0769b72,41773623,1770336593,0xd577d9dcff3e46e97d2b859df6d6c68a7dbb6612,0xe5dddd7a7e5c9f0374ec02d246c9b9e2ce85c75d,0x5ec6090b325abd98a441a2a35c26cdceb6ee82de,1.043841,1.04384133611691,1.04384133611691,,0.8326036949784997
0xaf6ea0a6a9d500027cb6fcb891f6ab8e38783aed80cc72dcdd874e51975e12ed,41773627,1770336601,0xa7272afc21f9c321024ed93892a1abfeb621c374,0x918d91855b1e131e617b53f6373923bb292046b0,0x9b6b68094b3b28093cc306b2aef3917038789406,1.043841,1.04384133611691,1.04384133611691,,0.8326036949784997
0xf2de25212b17b98fb541feec4f74da1063e31a523e62417d391bf540a6405527,41773627,1770336601,0xa7272afc21f9c321024ed93892a1abfeb621c374,0x918d91855b1e131e617b53f6373923bb292046b0,0xad95973c72045cd05b9ddaa2b27cf65f578e339e,1.043841,1.04384133611691,1.04384133611691,,0.8326036949784997
0x39795c914ce8569222229e1bed1f44bc6765f4448f1ceafc9bcfee590ea06750,41773627,1770336601,0xa7272afc21f9c321024ed93892a1abfeb621c374,0x918d91855b1e131e617b53f6373923bb292046b0,0x944263ed7db20091a728faccd56920159042d183,1.043841,1.04384133611691,1.04384133611691,,0.8326036949784997
0x8606010df6a78438e9aeb73535013e27ddfbc2d34149a7aec313dcfb73e652e2,41773659,1770336665,0xa7272afc21f9c321024ed93892a1abfeb621c374,0x918d91855b1e131e617b53f6373923bb292046b0,0x19dd96d1435b2f31bcdbfb2dc2dc9fa75ce5abe4,1.05023,1.04384133611691,1.04384133611691,,0.8326036949784997
0xad8ec45ebdc2b15b707dcac0fcfbd70aef6b7968590d7f53787b773415834772,41773661,1770336669,0xa7272afc21f9c321024ed93892a1abfeb621c374,0xe5dddd7a7e5c9f0374ec02d246c9b9e2ce85c75d,0x64dee823db2a87135e58b4c37a8580af6f10551e,1.043841,1.04384133611691,1.04384133611691,,0.8326036949784997
0x59df5fb9f0c3027caf55d6e75aaafb5447190aff9a408e92be52099153d5e30d,41773661,1770336669,0xa7272afc21f9c321024ed93892a1abfeb621c374,0xe5dddd7a7e5c9f0374ec02d246c9b9e2ce85c75d,0x2b093f057dca6ec2dbf47f6df250f1d07727329e,1.043841,1.04384133611691,1.04384133611691,,0.8326036949784997
0xbfe3fbc30f529fdfefe92c82e4e02204d36cb61ffab588bd525200fa5b39d310,41773661,1770336669,0x1d11866ca5b409b286e32c8279a84213ada1c399,0x960b749933566a088df40b8cefb4c753094a2193,0xf77e58a86d40cff6914ccd055073387c581a3fdd,1.043841,1.04384133611691,1.04384133611691,,0.8326036949784997
0x6a7f4cf5602f2bf4c8e234d0a6e8efac4123f24c4380af5f6656998b00d9ec4d,41773662,1770336671,0xa7272afc21f9c321024ed93892a1abfeb621c374,0x960b749933566a088df40b8cefb4c753094a2193,0x7b659ef971441dc81f6c9718bcaf978265673dec,1.043841,1.04384133611691,1.04384133611691,,0.8326036949784997
0x5d4cbf6f7c46235ea3e643a4aa42056d8ae5b38034964fc1b286c487599c1447,41773666,1770336679,0xa7272afc21f9c321024ed93892a1abfeb621c374,0xe5dddd7a7e5c9f0374ec02d246c9b9e2ce85c75d,0x6551faf485f5a474f3091dc9c00e5c1240d8f2da,1.043841,1.04384133611691,1.04384133611691,,0.8326036949784997
0x2f5821f3d276bf82c03c13dc48ef06c0916890a370c268f72ea5fecf3ace16b5,41773666,1770336679,0xa7272afc21f9c321024ed93892a1abfeb621c374,0xe5dddd7a7e5c9f0374ec02d246c9b9e2ce85c75d,0xe15c92e15851b03677a04a9324618ed44cd0a2ac,1.043841,1.04384133611691,1.04384133611691,,0.8326036949784997
0x28dc70476e4d67f9bc9b5c6a97f46622095125ba70e5cd766155acc3d8da05c6,41773668,1770336683,0xa7272afc21f9c321024ed93892a1abfeb621c374,0x960b749933566a088df40b8cefb4c753094a2193,0xeafdc784772239dfcbd799776f4e5bc53d07a2dd,1.043841,1.04384133611691,1.04384133611691,,0.8326036949784997
0x32dbba7e670c5904aef94242bde577acca5bde98c89a895f793fdfaa1711ea77,41773668,1770336683,0xa7272afc21f9c321024ed93892a1abfeb621c374,0x960b749933566a088df40b8cefb4c753094a2193,0x19dd96d1435b2f31bcdbfb2dc2dc9fa75ce5abe4,1.043841,1.04384133611691,1.04384133611691,,0.8326036949784997
0x4918a44ba04fd15f806a12695f567a86b7a7a59579150b2e5bc7b83853880509,41773669,1770336685,0xa7272afc21f9c321024ed93892a1abfeb621c374,0x960b749933566a088df40b8cefb4c753094a2193,0xad95973c72045cd05b9ddaa2b27cf65f578e339e,1.043841,1.04384133611691,1.04384133611691,,0.8326036949784997
0x6c002d8487ac18efdfa1f1429959b8ff0e6c0abeabe189fd2ef8c2eb6ce6e378,41773669,1770336685,0xa7272afc21f9c321024ed93892a1abfeb621c374,0x960b749933566a088df40b8cefb4c753094a2193,0x944263ed7db20091a728faccd56920159042d183,1.043841,1.04384133611691,1.04384133611691,,0.8326036949784997
0xf162e95cafaabe9542431245c23e4f01a39c8d347a01500a2ff6dbf2ab9a5743,41773669,1770336685,0xa7272afc21f9c321024ed93892a1abfeb621c374,0x960b749933566a088df40b8cefb4c753094a2193,0x76a4ce359529414b15b68466970e7b4235b46b94,1.043841,1.04384133611691,1.04384133611691,,0.8326036949784997
0x2dae6937db30ba2a36b36cd464fee4890a37620e3023c20652a5ae903249b03e,41773669,1770336685,0xa7272afc21f9c321024ed93892a1abfeb621c374,0x960b749933566a088df40b8cefb4c753094a2193,0x9b6b68094b3b28093cc306b2aef3917038789406,1.043841,1.04384133611691,1.04384133611691,,0.8326036949784997
0xf579f00e079bc7343fed89b72c8e27b7731494e1c0db2a161ed6b85ac78cbf0d,41773669,1770336685,0xa7272afc21f9c321024ed93892a1abfeb621c374,0x960b749933566a088df40b8cefb4c753094a2193,0xe60452a821c98ed3a77296b5b8b0d74ff75a305d,1.043841,1.04384133611691,1.04384133611691,,0.8326036949784997
0x06615d40066a9ac41578f89db58960e06b54d6bc2d89806ab553d6f36a472968,41773669,1770336685,0xa7272afc21f9c321024ed93892a1abfeb621c374,0x960b749933566a088df40b8cefb4c753094a2193,0x70f6409c2075efdd6fd06094fe5303f7c8a5fcc6,1.043841,1.04384133611691,1.04384133611691,,0.8326036949784997
0x51bd09a42fa862ce82734b8ebebff41240bc8ba52689e0769c89493f20115a16,41773670,1770336687,0xa7272afc21f9c321024ed93892a1abfeb621c374,0x960b749933566a088df40b8cefb4c753094a2193,0x76585fbba1eb984900eef32b48ec3560255c92d4,1.043841,1.04384133611691,1.04384133611691,,0.8326036949784997
0x6f2bbc5cd4b6157da660669a7b3d0dd5121011e28ee423fa3206447cd05a320b,41773670,1770336687,0xa7272afc21f9c321024ed93892a1abfeb621c374,0x960b749933566a088df40b8cefb4c753094a2193,0xa6da7e3bfad3c8b20c4ac34b2ba055bed9e5d762,1.043841,1.04384133611691,1.04384133611691,,0.8326036949784997
0x1dfee407feb86b0a2ccb8f81adcce31e1141fc8d1af7bfdab7f61191e73e7464,41773670,1770336687,0xa7272afc21f9c321024ed93892a1abfeb621c374,0x960b749933566a088df40b8cefb4c753094a2193,0xd4a9cfa1d7cca50f29a46bd0f6f5646f5548a793,1.043841,1.04384133611691,1.04384133611691,,0.8326036949784997
0xdc9b7777d8598aa964c232033b4b4bf140f0bde5ad2ae505f3ae4fdfb2cabd0f,41773676,1770336699,0xa7272afc21f9c321024ed93892a1abfeb621c374,0x960b749933566a088df40b8cefb4c753094a2193,0xacfa576aa81f7501e3dd1122eba67e3de7d5d5a3,1.043841,1.04384133611691,1.04384133611691,,0.8326036949784997
0x46ae455a129c2edaa52489c3dd8ef54c0ec47e5f1812f5e17810b7ec861eafbc,41773715,1770336777,0x9ca1dad919221d920b889aacf3023a5cea23165f,0x6c3dbf81cf5159a1d7de697324bc1e571c9ee53b,0x7aa0a887f03339d6296183cba37b1eac717364f8,1.043841,1.04384133611691,1.04384133611691,,0.8326036949784997
0xa5ce2e65b64be6fb1374815491a41379d1718bc4b9049a95636c295289f7c3a7,41773720,1770336787,0xa7272afc21f9c321024ed93892a1abfeb621c374,0xe5dddd7a7e5c9f0374ec02d246c9b9e2ce85c75d,0x7b659ef971441dc81f6c9718bcaf978265673dec,1.043841,1.04384133611691,1.04384133611691,,0.8326036949784997
0x990fb6d2e466e0d7319dbff538a021fda24c6d4b97461457f39aa5c46d6072d5,41773720,1770336787,0xa7272afc21f9c321024ed93892a1abfeb621c374,0xe5dddd7a7e5c9f0374ec02d246c9b9e2ce85c75d,0x64dee823db2a87135e58b4c37a8580af6f10551e,1.043841,1.04384133611691,1.04384133611691,,0.8326036949784997
0xa418cf8feacdefbb00ab06a99f834894d014e976857722044dac8642d2222491,41773720,1770336787,0xa7272afc21f9c321024ed93892a1abfeb621c374,0xe5dddd7a7e5c9f0374ec02d246c9b9e2ce85c75d,0x2b093f057dca6ec2dbf47f6df250f1d07727329e,1.043841,1.04384133611691,1.04384133611691,,0.8326036949784997
0xaa14f02fa1291332926b2a68011546876a7cfc0398ccc27d6ff70c6407a24e3d,41773720,1770336787,0xa7272afc21f9c321024ed93892a1abfeb621c374,0xe5dddd7a7e5c9f0374ec02d246c9b9e2ce85c75d,0x6551faf485f5a474f3091dc9c00e5c1240d8f2da,1.043841,1.04384133611691,1.04384133611691,,0.8326036949784997
0x1b9275a41963191773281e9bff8154c5807ba9b130998e2fdb1afd6f702a1bd5,41773721,1770336789,0xa7272afc21f9c321024ed93892a1abfeb621c374,0xe5dddd7a7e5c9f0374ec02d246c9b9e2ce85c75d,0xe15c92e15851b03677a04a9324618ed44cd0a2ac,1.043841,1.04384133611691,1.04384133611691,,0.8326036949784997
0x71914093278c95b75ae573a2cc5af9c8cf50701d8b34109e83c8ca7c97127d73,41773724,1770336795,0xa7272afc21f9c321024ed93892a1abfeb621c374,0x960b749933566a088df40b8cefb4c753094a2193,0x19dd96d1435b2f31bcdbfb2dc2dc9fa75ce5abe4,1.043841,1.04384133611691,1.04384133611691,,0.8326036949784997
0xddc205ae686b2d0f543b318b8f4b242cf98a1b8c6903124eba2f43900f7acde0,41773724,1770336795,0xa7272afc21f9c321024ed93892a1abfeb621c374,0x960b749933566a088df40b8cefb4c753094a2193,0xa6da7e3bfad3c8b20c4ac34b2ba055bed9e5d762,1.043841,1.04384133611691,1.04384133611691,,0.8326036949784997
0x08affc07aeaa01e3c4f4c36f1f4dd7d52fb998e2ec78e235a9343f4fa2ee9f88,41773724,1770336795,0x1d11866ca5b409b286e32c8279a84213ada1c399,0x960b749933566a088df40b8cefb4c753094a2193,0xf77e58a86d40cff6914ccd055073387c581a3fdd,1.043841,1.04384133611691,1.04384133611691,,0.8326036949784997
0x18d1dc4eabb69f9155b55e94ccff34a9b08a847c928bf287c89012e765903e14,41773724,1770336795,0xa7272afc21f9c321024ed93892a1abfeb621c374,0x960b749933566a088df40b8cefb4c753094a2193,0x76585fbba1eb984900eef32b48ec3560255c92d4,1.043841,1.04384133611691,1.04384133611691,,0.8326036949784997
0x551b714d942b8ba9a6c9d4d4833c7dd91915bdf477ccfa3139f3511c7026308b,41773734,1770336815,0xa7272afc21f9c321024ed93892a1abfeb621c374,0x960b749933566a088df40b8cefb4c753094a2193,0x7b659ef971441dc81f6c9718bcaf978265673dec,1.043841,1.04384133611691,1.04384133611691,,0.8326036949784997
0x9819011dd95d6e10cb03e0bc9dbcf4f8fb3e2e9688f87a0fa0e732d2d93fb0ed,41773734,1770336815,0xa7272afc21f9c321024ed93892a1abfeb621c374,0x960b749933566a088df40b8cefb4c753094a2193,0x64dee823db2a87135e58b4c37a8580af6f10551e,1.043841,1.04384133611691,1.04384133611691,,0.8326036949784997
0xf6a2ca33189927aad1403a4d9d408da80bb395fa608f3fa979780167a6e2066a,41773734,1770336815,0xa7272afc21f9c321024ed93892a1abfeb621c374,0x960b749933566a088df40b8cefb4c753094a2193,0x2b093f057dca6ec2dbf47f6df250f1d07727329e,1.043841,1.04384133611691,1.04384133611691,,0.8326036949784997
0x7921a029c2ad52c51fd771f67466cff5e1558cec3c6de707f917a6b718dfede1,41773734,1770336815,0xa7272afc21f9c321024ed93892a1abfeb621c374,0x960b749933566a088df40b8cefb4c753094a2193,0x6551faf485f5a474f3091dc9c00e5c1240d8f2da,1.043841,1.04384133611691,1.04384133611691,,0.8326036949784997
0xe8d11eba2c9847c45081d83c6addd1069da19baec448a18733a13005aa6614a5,41773734,1770336815,0xa7272afc21f9c321024ed93892a1abfeb621c374,0x960b749933566a088df40b8cefb4c753094a2193,0x9b6b68094b3b28093cc306b2aef3917038789406,1.043841,1.04384133611691,1.04384133611691,,0.8326036949784997
0xb9ca53dbe0523e9f1a1fe917458a933b58797c40d9040b8c470ca03467620875,41773734,1770336815,0xa7272afc21f9c321024ed93892a1abfeb621c374,0x960b749933566a088df40b8cefb4c753094a2193,0xeafdc784772239dfcbd799776f4e5bc53d07a2dd,1.043841,1.04384133611691,1.04384133611691,,0.8326036949784997
0x4bc5ea0c9f333f0830cf1cbbd15233c89c963a12ddb477ad6448bbcf5a7f5dba,41773735,1770336817,0x1d11866ca5b409b286e32c8279a84213ada1c399,0x960b749933566a088df40b8cefb4c753094a2193,0xa9334a34f0fe9f6adb2eb532b3fc00e464cc9132,1.043841,1.04384133611691,1.04384133611691,,0.8326036949784997
0x485fa78ac51693fbb81ba09e2232faaefc51f20d07bebc300c983f372d3ff28f,41773735,1770336817,0x1d11866ca5b409b286e32c8279a84213ada1c399,0x960b749933566a088df40b8cefb4c753094a2193,0xf77e58a86d40cff6914ccd055073387c581a3fdd,1.043841,1.04384133611691,1.04384133611691,,0.8326036949784997
0x8add89a29d23c7ca773eb38c15b2099c79a84e673e5934b52021048c0e53712f,41773736,1770336819,0xa7272afc21f9c321024ed93892a1abfeb621c374,0x960b749933566a088df40b8cefb4c753094a2193,0x19dd96d1435b2f31bcdbfb2dc2dc9fa75ce5abe4,1.043841,1.04384133611691,1.04384133611691,,0.8326036949784997
0xdaa0c2790da04be97abf28731030f23d5b2649c841c2f490e11ba220ef98317d,41773737,1770336821,0xa7272afc21f9c321024ed93892a1abfeb621c374,0x960b749933566a088df40b8cefb4c753094a2193,0xe15c92e15851b03677a04a9324618ed44cd0a2ac,1.043841,1.04384133611691,1.04384133611691,,0.8326036949784997
0x1b07af97283d5cf7d4605f452030713694fac154e1bc8944da2f1f6d66163dee,41773739,1770336825,0xa7272afc21f9c321024ed93892a1abfeb621c374,0x6c3dbf81cf5159a1d7de697324bc1e571c9ee53b,0xad95973c72045cd05b9ddaa2b27cf65f578e339e,1.043841,1.04384133611691,1.04384133611691,,0.8326036949784997
0xa33c32547114b251ee110505a72231406eee5b13a7adaed30fcf455d5bac7a0d,41773742,1770336831,0xa7272afc21f9c321024ed93892a1abfeb621c374,0x6c3dbf81cf5159a1d7de697324bc1e571c9ee53b,0xa6da7e3bfad3c8b20c4ac34b2ba055bed9e5d762,1.043841,1.04384133611691,1.04384133611691,,0.8326036949784997
0x6705d5671e8f4869d5f8943d63d310c1eac8763c8b236affea52b84b1c6b5ac0,41773743,1770336833,0x742d1c11c9cf4c84f1dda7b5c8ad8fc7bc708493,0x960b749933566a088df40b8cefb4c753094a2193,0x5ec6090b325abd98a441a2a35c26cdceb6ee82de,1.043841,1.04384133611691,1.04384133611691,,0.8326036949784997
0xa50feff3e6fc607e18035ebcc6c53596614212f7663db154006eb457abf88423,41773743,1770336833,0xfbd56e6c63c3d24f87bd7b890815d40553845112,0x960b749933566a088df40b8cefb4c753094a2193,0x3cc4d5e7d3f4ae8cdb34d1a011b07b00309b556f,1.043841,1.04384133611691,1.04384133611691,,0.8326036949784997
0xe7bad2409d2ee357c9d78dbea9bd9233dcab243f3202a925c420c394dc6c7a5d,41773743,1770336833,0x9231db26a7a7a2bc81abb13331edae458b2871b6,0x960b749933566a088df40b8cefb4c753094a2193,0x4822529530ecc268b42f0fe76e9df03cde09d9a1,1.043841,1.04384133611691,1.04384133611691,,0.8326036949784997
0xf94520b3679d88da8d3adc1fee47e982d58bf5116b6786848045175e8d2c19f1,41773743,1770336833,0x742d1c11c9cf4c84f1dda7b5c8ad8fc7bc708493,0x960b749933566a088df40b8cefb4c753094a2193,0x97e7cf55540bc6ea10124edf71e6278b4c5093fb,1.043841,1.04384133611691,1.04384133611691,,0.8326036949784997
0xfa2ba211c9007b05f5e539d90c5c46c60a3b3aba61045ca8201ad76d340ddbd8,41773744,1770336835,0xd577d9dcff3e46e97d2b859df6d6c68a7dbb6612,0x960b749933566a088df40b8cefb4c753094a2193,0x5ec6090b325abd98a441a2a35c26cdceb6ee82de,1.043841,1.04384133611691,1.04384133611691,,0.8326036949784997
0x969f2c05ab93ed16ed763a79842019964857277f29217684839e4dd926109355,41773744,1770336835,0x9ca1dad919221d920b889aacf3023a5cea23165f,0xe5dddd7a7e5c9f0374ec02d246c9b9e2ce85c75d,0x7aa0a887f03339d6296183cba37b1eac717364f8,1.043841,1.04384133611691,1.04384133611691,,0.8326036949784997
0xbdbcec1056555103926bf75362dea0f61a338ee450e67bd601505ec22be8da72,41773746,1770336839,0xa7272afc21f9c321024ed93892a1abfeb621c374,0x6c3dbf81cf5159a1d7de697324bc1e571c9ee53b,0x944263ed7db20091a728faccd56920159042d183,1.043841,1.04384133611691,1.04384133611691,,0.8326036949784997
0x1890de68af4dc53aeaa2024e4394795fad4339ab544e89ab93bbb95d7897d1c2,41773750,1770336847,0xa7272afc21f9c321024ed93892a1abfeb621c374,0x960b749933566a088df40b8cefb4c753094a2193,0x7b659ef971441dc81f6c9718bcaf978265673dec,1.043841,1.04384133611691,1.04384133611691,,0.8326036949784997
0xf833181ee9e8814df7b936147883ec4fcffff6677cdd5e98848ad2aa63a17d70,41773750,1770336847,0xa7272afc21f9c321024ed93892a1abfeb621c374,0x960b749933566a088df40b8cefb4c753094a2193,0x2b093f057dca6ec2dbf47f6df250f1d07727329e,1.043841,1.04384133611691,1.04384133611691,,0.8326036949784997
0x8ea1cfbdfcf0757fb8f2ea0039a2d3f80e33f270fd5198b84d45aad0cd5e4f9d,41773750,1770336847,0xa7272afc21f9c321024ed93892a1abfeb621c374,0x960b749933566a088df40b8cefb4c753094a2193,0x64dee823db2a87135e58b4c37a8580af6f10551e,1.043841,1.04384133611691,1.04384133611691,,0.8326036949784997
0x5d212514f0107019924fa8672ad2d89e529189391786c1a819ffa42c8f938112,41773750,1770336847,0xa7272afc21f9c321024ed93892a1abfeb621c374,0x960b749933566a088df40b8cefb4c753094a2193,0x6551faf485f5a474f3091dc9c00e5c1240d8f2da,1.043841,1.04384133611691,1.04384133611691,,0.8326036949784997
0x4032a17a68f00bafca60c4413686d3d960ceb56c622eea62072474bcb86d402e,41773750,1770336847,0xa7272afc21f9c321024ed93892a1abfeb621c374,0x960b749933566a088df40b8cefb4c753094a2193,0xe15c92e15851b03677a04a9324618ed44cd0a2ac,1.043841,1.04384133611691,1.04384133611691,,0.8326036949784997
0x2e56b1b2fbce8dd3e68658b91c556af7e2d7095f5441491593b6ad098c01a5db,41773750,1770336847,0x1d11866ca5b409b286e32c8279a84213ada1c399,0x960b749933566a088df40b8cefb4c753094a2193,0xa9334a34f0fe9f6adb2eb532b3fc00e464cc9132,1.043841,1.04384133611691,1.04384133611691,,0.8326036949784997
0x763ad57678e2e6bf409192b8b12cda9c7408023bca87e83249fcf1a5f9d50b60,41773750,1770336847,0xa7272afc21f9c321024ed93892a1abfeb621c374,0x960b749933566a088df40b8cefb4c753094a2193,0x19dd96d1435b2f31bcdbfb2dc2dc9fa75ce5abe4,1.043841,1.04384133611691,1.04384133611691,,0.8326036949784997
0x9fa76b7c2cd73ca21103b88fc5fceb1a91bfda8ace0eae81b08c9dd8a37d5cae,41773750,1770336847,0xa7272afc21f9c321024ed93892a1abfeb621c374,0x960b749933566a088df40b8cefb4c753094a2193,0x9b6b68094b3b28093cc306b2aef3917038789406,1.043841,1.04384133611691,1.04384133611691,,0.8326036949784997
0x7d8326a4742b161ab3c303b68867c22f62f0e5000724d84bc524612574bed5cc,41773750,1770336847,0xa7272afc21f9c321024ed93892a1abfeb621c374,0x960b749933566a088df40b8cefb4c753094a2193,0xd4a9cfa1d7cca50f29a46bd0f6f5646f5548a793,1.043841,1.04384133611691,1.04384133611691,,0.8326036949784997
0x25fd70acf2ad03522f46936437c75616233725b18e64df028af81959b6ab0aa3,41773750,1770336847,0xa7272afc21f9c321024ed93892a1abfeb621c374,0x960b749933566a088df40b8cefb4c753094a2193,0xeafdc784772239dfcbd799776f4e5bc53d07a2dd,1.043841,1.04384133611691,1.04384133611691,,0.8326036949784997
0x227f4ef65b47093cbf2b4b2377a570e33bff34217659250a8dd6b5827036f3dd,41773751,1770336849,0x1d11866ca5b409b286e32c8279a84213ada1c399,0x960b749933566a088df40b8cefb4c753094a2193,0xf77e58a86d40cff6914ccd055073387c581a3fdd,1.043841,1.04384133611691,1.04384133611691,,0.8326036949784997
0x3534a407e0da2e244ee4428da024ed151b57a234c8754732c4491a0ebb0e9345,41773757,1770336861,0x742d1c11c9cf4c84f1dda7b5c8ad8fc7bc708493,0x960b749933566a088df40b8cefb4c753094a2193,0x5ec6090b325abd98a441a2a35c26cdceb6ee82de,1.048175,1.04384133611691,1.04384133611691,,0.8326036949784997
0x3029ca5879b4777b5d358ce5645542492748086939594ed525c41406d0b50bb7,41773757,1770336861,0xfbd56e6c63c3d24f87bd7b890815d40553845112,0x960b749933566a088df40b8cefb4c753094a2193,0x3cc4d5e7d3f4ae8cdb34d1a011b07b00309b556f,1.048175,1.04384133611691,1.04384133611691,,0.8326036949784997
0xf93665ebcff5f9dcbfda6c14302d2f0479d38bb5e08c048d819bb9783d55621b,41773757,1770336861,0x9231db26a7a7a2bc81abb13331edae458b2871b6,0x960b749933566a088df40b8cefb4c753094a2193,0x4822529530ecc268b42f0fe76e9df03cde09d9a1,1.048175,1.04384133611691,1.04384133611691,,0.8326036949784997
0x1dc14e11e12ca0894171b75e13c3ff2e700c1a8fbd4c6fc69b0dd75a91827c1a,41773757,1770336861,0x32c625eced91c38f80ad245641df5024bfcb3ae7,0x960b749933566a088df40b8cefb4c753094a2193,0x28ef1ddb573e2136b165d15870b72d4b661173db,1.048175,1.04384133611691,1.04384133611691,,0.8326036949784997
0xf8296e61ef492c960269b0011c7f3b6b2556be8e238b815ce528d97d19ef6363,41773763,1770336873,0xa7272afc21f9c321024ed93892a1abfeb621c374,0x960b749933566a088df40b8cefb4c753094a2193,0x6551faf485f5a474f3091dc9c00e5c1240d8f2da,1.052435,1.04384133611691,1.04384133611691,,0.8326036949784997
0x9b8c94ea5916aa274dd5583dcdd09d28b5b0ee0a13415a75fc2d6844f96da54b,41773763,1770336873,0xa7272afc21f9c321024ed93892a1abfeb621c374,0x960b749933566a088df40b8cefb4c753094a2193,0x2b093f057dca6ec2dbf47f6df250f1d07727329e,1.052435,1.04384133611691,1.04384133611691,,0.8326036949784997
0x8430e50b5a46af1921f3d6c71e0ecf43beecd56443cbdfa952c5f8fbd87ae4cb,41773763,1770336873,0xa7272afc21f9c321024ed93892a1abfeb621c374,0x960b749933566a088df40b8cefb4c753094a2193,0xe15c92e15851b03677a04a9324618ed44cd0a2ac,1.052435,1.04384133611691,1.04384133611691,,0.8326036949784997
0x0276dfee9887640c62360bebbf5f76f24f62ae590f3f08acaf8251c0f7078c7c,41773763,1770336873,0xa7272afc21f9c321024ed93892a1abfeb621c374,0x960b749933566a088df40b8cefb4c753094a2193,0x19dd96d1435b2f31bcdbfb2dc2dc9fa75ce5abe4,1.052435,1.04384133611691,1.04384133611691,,0.8326036949784997
0x316f58a6d88c856f7d0ebca3a16baf74541f14278b5af551d41addcf609d8b76,41773763,1770336873,0x1d11866ca5b409b286e32c8279a84213ada1c399,0x960b749933566a088df40b8cefb4c753094a2193,0xa9334a34f0fe9f6adb2eb532b3fc00e464cc9132,1.052435,1.04384133611691,1.04384133611691,,0.8326036949784997
0xebbc685c7337fc378f0d4c36785353c6ceaa0fc10dfb60aafb9ae0faa5346c7f,41773763,1770336873,0x1d11866ca5b409b286e32c8279a84213ada1c399,0x960b749933566a088df40b8cefb4c753094a2193,0xf77e58a86d40cff6914ccd055073387c581a3fdd,1.052435,1.04384133611691,1.04384133611691,,0.8326036949784997
0xb47185c33ba8ea1fb4d0e229f3dd1385f379f5de1a239d1050a3dab5e17b4402,41773763,1770336873,0xa7272afc21f9c321024ed93892a1abfeb621c374,0xe5dddd7a7e5c9f0374ec02d246c9b9e2ce85c75d,0xa6da7e3bfad3c8b20c4ac34b2ba055bed9e5d762,1.052435,1.04384133611691,1.04384133611691,,0.8326036949784997
0x51bdad78ba4761dd28173dcb4191b0caf05dacaeff2675f5c2df882a12fbedb2,41773764,1770336875,0x9ca1dad919221d920b889aacf3023a5cea23165f,0x960b749933566a088df40b8cefb4c753094a2193,0x7aa0a887f03339d6296183cba37b1eac717364f8,1.043841,1.04384133611691,1.04384133611691,,0.8326036949784997
0x40115c257c4d9d354e3996473612008ec4c9f780bde0315f5e7c402a692451d2,41773764,1770336875,0xa7272afc21f9c321024ed93892a1abfeb621c374,0x960b749933566a088df40b8cefb4c753094a2193,0xeafdc784772239dfcbd799776f4e5bc53d07a2dd,1.043841,1.04384133611691,1.04384133611691,,0.8326036949784997
0x4307cff269c3b540f8ef9d98bd87858572f6ec1121543c37a87f2f0623b83345,41773764,1770336875,0xa7272afc21f9c321024ed93892a1abfeb621c374,0x960b749933566a088df40b8cefb4c753094a2193,0x70f6409c2075efdd6fd06094fe5303f7c8a5fcc6,1.043841,1.04384133611691,1.04384133611691,,0.8326036949784997
0x8aa0883da66826a7a844a7477a20b40deaf12fd927b2ecf747783507dc4a5810,41773764,1770336875,0xa7272afc21f9c321024ed93892a1abfeb621c374,0xe5dddd7a7e5c9f0374ec02d246c9b9e2ce85c75d,0x7b659ef971441dc81f6c9718bcaf978265673dec,1.043841,1.04384133611691,1.04384133611691,,0.8326036949784997
0x19ca1052db1ebfe5401100d2e45f6d440851fda47b1af85dab598f8d7cd62fdd,41773764,1770336875,0xa7272afc21f9c321024ed93892a1abfeb621c374,0x960b749933566a088df40b8cefb4c753094a2193,0x64dee823db2a87135e58b4c37a8580af6f10551e,1.043841,1.04384133611691,1.04384133611691,,0.8326036949784997
0xa97483c4e0fa42d1559b27be16d985edd5464b16cb2708fe2f30236b8b826317,41773764,1770336875,0xa7272afc21f9c321024ed93892a1abfeb621c374,0x960b749933566a088df40b8cefb4c753094a2193,0x7b659ef971441dc81f6c9718bcaf978265673dec,1.043841,1.04384133611691,1.04384133611691,,0.8326036949784997
0x11d5544641c2a8f728446662bab9bbdc0e82a072c988076560d97c204aa39641,41773765,1770336877,0xa7272afc21f9c321024ed93892a1abfeb621c374,0x960b749933566a088df40b8cefb4c753094a2193,0x9b6b68094b3b28093cc306b2aef3917038789406,1.043841,1.04384133611691,1.04384133611691,,0.8326036949784997
0xb13931428dff780dfacd57e949b49da0887382a2c77f0acd9678b5937c845d19,41773765,1770336877,0xa7272afc21f9c321024ed93892a1abfeb621c374,0x960b749933566a088df40b8cefb4c753094a2193,0xa6da7e3bfad3c8b20c4ac34b2ba055bed9e5d762,1.043841,1.04384133611691,1.04384133611691,,0.8326036949784997
0x61d27ec4ff892bbbf4d51d4edf635b9a7d1263b0f30c0e7536523a9c645fa276,41773766,1770336879,0xa7272afc21f9c321024ed93892a1abfeb621c374,0x960b749933566a088df40b8cefb4c753094a2193,0x76585fbba1eb984900eef32b48ec3560255c92d4,1.043841,1.04384133611691,1.04384133611691,,0.8326036949784997
0x994fcc72c7d14a13c054f64c2b6374e8fc8306e73f53e7e6a839c21bd42263f1,41773766,1770336879,0xa7272afc21f9c321024ed93892a1abfeb621c374,0x960b749933566a088df40b8cefb4c753094a2193,0xd4a9cfa1d7cca50f29a46bd0f6f5646f5548a793,1.043841,1.04384133611691,1.04384133611691,,0.8326036949784997
0x5e4dceb37b00701f66312c7a7e211d2467da81c627bc2d89753faf7633833348,41773766,1770336879,0xa7272afc21f9c321024ed93892a1abfeb621c374,0x960b749933566a088df40b8cefb4c753094a2193,0x76a4ce359529414b15b68466970e7b4235b46b94,1.043841,1.04384133611691,1.04384133611691,,0.8326036949784997
0x24cceb3303488eaab9614e12d21eaf25bdc40862420aaeea71c24593c5705414,41773766,1770336879,0xa7272afc21f9c321024ed93892a1abfeb621c374,0x960b749933566a088df40b8cefb4c753094a2193,0xacfa576aa81f7501e3dd1122eba67e3de7d5d5a3,1.043841,1.04384133611691,1.04384133611691,,0.8326036949784997
0xf351891211007431ca4a36be5f254aa224a02d04a53c7f1b0913ebce8f701856,41773767,1770336881,0xa7272afc21f9c321024ed93892a1abfeb621c374,0x960b749933566a088df40b8cefb4c753094a2193,0xad95973c72045cd05b9ddaa2b27cf65f578e339e,1.043841,1.04384133611691,1.04384133611691,,0.8326036949784997
0x926eddb46942423172f020d984fb38d9d9831cec5ba45e2c79f4a86ebb015423,41773767,1770336881,0xa7272afc21f9c321024ed93892a1abfeb621c374,0x960b749933566a088df40b8cefb4c753094a2193,0x944263ed7db20091a728faccd56920159042d183,1.043841,1.04384133611691,1.04384133611691,,0.8326036949784997
0x19f4b7069645aefc6b156f795615df372141ae19b48691b311e774f915aebd5d,41773772,1770336891,0x9ca1dad919221d920b889aacf3023a5cea23165f,0x960b749933566a088df40b8cefb4c753094a2193,0x7aa0a887f03339d6296183cba37b1eac717364f8,1.049628,1.04384133611691,1.04384133611691,,0.8326036949784997
0xb64bd909209925cf7841d42b640e033510027522ddc02e9832ad2276f3b4f156,41773772,1770336891,0x742d1c11c9cf4c84f1dda7b5c8ad8fc7bc708493,0x960b749933566a088df40b8cefb4c753094a2193,0x5ec6090b325abd98a441a2a35c26cdceb6ee82de,1.049628,1.04384133611691,1.04384133611691,,0.8326036949784997
0xb5189777bb1b79f22d6b39d67b14df6c7e20b698a228acd7c3a18c9a753a777d,41773772,1770336891,0x742d1c11c9cf4c84f1dda7b5c8ad8fc7bc708493,0x960b749933566a088df40b8cefb4c753094a2193,0x97e7cf55540bc6ea10124edf71e6278b4c5093fb,1.049628,1.04384133611691,1.04384133611691,,0.8326036949784997
0xcfb1695a39a2ca0f21066cfdf75cee72c9276a0dc5f7bcfd0c5967828039ee46,41773772,1770336891,0x9231db26a7a7a2bc81abb13331edae458b2871b6,0x960b749933566a088df40b8cefb4c753094a2193,0x4822529530ecc268b42f0fe76e9df03cde09d9a1,1.049628,1.04384133611691,1.04384133611691,,0.8326036949784997
0x8e1f72834503efe09dbed764293995298cc1aa2c5d93310ae246bbdf9469c9de,41773772,1770336891,0xfbd56e6c63c3d24f87bd7b890815d40553845112,0x960b749933566a088df40b8cefb4c753094a2193,0x3cc4d5e7d3f4ae8cdb34d1a011b07b00309b556f,1.049628,1.04384133611691,1.04384133611691,,0.8326036949784997
0x3fdc47f16311669dd1b61974a52d3b3cd52145e43dbe5e8786bc90fc71664186,41773772,1770336891,0xd577d9dcff3e46e97d2b859df6d6c68a7dbb6612,0x960b749933566a088df40b8cefb4c753094a2193,0x5ec6090b325abd98a441a2a35c26cdceb6ee82de,1.05026,1.04384133611691,1.04384133611691,,0.8326036949784997
0x2e38b7274e98ae16c125cf7a88806f82dad9b08cf774b12932146811cc3c1441,41773778,1770336903,0xa7272afc21f9c321024ed93892a1abfeb621c374,0x960b749933566a088df40b8cefb4c753094a2193,0x7b659ef971441dc81f6c9718bcaf978265673dec,1.04497,1.04384133611691,1.04384133611691,,0.8326036949784997
0x92952eb9c5a702e224406b3b1a3b45339332eafb7285470df494a3c3c7ebed85,41773778,1770336903,0xa7272afc21f9c321024ed93892a1abfeb621c374,0x960b749933566a088df40b8cefb4c753094a2193,0xe15c92e15851b03677a04a9324618ed44cd0a2ac,1.04497,1.04384133611691,1.04384133611691,,0.8326036949784997
0x1897c80949b0dd3920cbecae4139092a39e0f2c912f2ce0412549b37ae9e0e95,41773778,1770336903,0xa7272afc21f9c321024ed93892a1abfeb621c374,0x960b749933566a088df40b8cefb4c753094a2193,0xa6da7e3bfad3c8b20c4ac34b2ba055bed9e5d762,1.04497,1.04384133611691,1.04384133611691,,0.8326036949784997
0xb128241cc24beab51d22d0998648f0c6766561b0829f4ba7ae65d1883c4f62ca,41773778,1770336903,0xa7272afc21f9c321024ed93892a1abfeb621c374,0x960b749933566a088df40b8cefb4c753094a2193,0x76585fbba1eb984900eef32b48ec3560255c92d4,1.04497,1.04384133611691,1.04384133611691,,0.8326036949784997
0x961927109577fa51f5dc5377ab57e6153ebaee12137a44e69f7b29ec85c4f69e,41773779,1770336905,0xa7272afc21f9c321024ed93892a1abfeb621c374,0x960b749933566a088df40b8cefb4c753094a2193,0x64dee823db2a87135e58b4c37a8580af6f10551e,1.043841,1.04384133611691,1.04384133611691,,0.8326036949784997
0x13b7778206118b4db21a3e74e43782e0df799bdf24fd9475f4e7ba5ec1655460,41773779,1770336905,0xa7272afc21f9c321024ed93892a1abfeb621c374,0x960b749933566a088df40b8cefb4c753094a2193,0x2b093f057dca6ec2dbf47f6df250f1d07727329e,1.043841,1.04384133611691,1.04384133611691,,0.8326036949784997
0x42183b0fc1bfe24800a5f2095e81d42f1ce92f6f30f771a37ac2b095c8449ba1,41773779,1770336905,0xa7272afc21f9c321024ed93892a1abfeb621c374,0x960b749933566a088df40b8cefb4c753094a2193,0x6551faf485f5a474f3091dc9c00e5c1240d8f2da,1.043841,1.04384133611691,1.04384133611691,,0.8326036949784997
0x268e5a62a73d5b16df2bb5e3fd3a75851895093fe351a77e7b8574d71db0d4f8,41773779,1770336905,0x1d11866ca5b409b286e32c8279a84213ada1c399,0x960b749933566a088df40b8cefb4c753094a2193,0xa9334a34f0fe9f6adb2eb532b3fc00e464cc9132,1.043841,1.04384133611691,1.04384133611691,,0.8326036949784997
0x48584f3a73eef289c00f33ae33017077882eb886b8c239f80f6e72d4dd478fdf,41773779,1770336905,0xa7272afc21f9c321024ed93892a1abfeb621c374,0x960b749933566a088df40b8cefb4c753094a2193,0x19dd96d1435b2f31bcdbfb2dc2dc9fa75ce5abe4,1.043841,1.04384133611691,1.04384133611691,,0.8326036949784997
0xe09d85173460d80122a45a5110b16128911df689e185d55b8e268ba39f00d9fb,41773779,1770336905,0xa7272afc21f9c321024ed93892a1abfeb621c374,0x960b749933566a088df40b8cefb4c753094a2193,0x9fca1c0152e975675d09fe2b7ff7ceb25edd500b,1.043841,1.04384133611691,1.04384133611691,,0.8326036949784997
0x64c24c9cd26b3fa63f3754f80d023710f851118a8c6aa8a6f411d14b555ab2eb,41773779,1770336905,0x1d11866ca5b409b286e32c8279a84213ada1c399,0x960b749933566a088df40b8cefb4c753094a2193,0xf77e58a86d40cff6914ccd055073387c581a3fdd,1.043841,1.04384133611691,1.04384133611691,,0.8326036949784997
0x44bc94023c9bea8b409952d621340b6bc4c552067730fb88163fbf5696603a92,41773779,1770336905,0xa7272afc21f9c321024ed93892a1abfeb621c374,0x960b749933566a088df40b8cefb4c753094a2193,0xad95973c72045cd05b9ddaa2b27cf65f578e339e,1.043841,1.04384133611691,1.04384133611691,,0.8326036949784997
0x5951864cf2822f2bda258d8308b691cf3505d48c990e105917ceb23b0cb810c9,41773783,1770336913,0xa7272afc21f9c321024ed93892a1abfeb621c374,0x960b749933566a088df40b8cefb4c753094a2193,0x944263ed7db20091a728faccd56920159042d183,1.043841,1.04384133611691,1.04384133611691,,0.8326036949784997
0xff4e656e4a5918a7880d3f690f8320a5b42c5bcf6197302ed46dd67e81bbb076,41773788,1770336923,0xd577d9dcff3e46e97d2b859df6d6c68a7dbb6612,0x960b749933566a088df40b8cefb4c753094a2193,0x5ec6090b325abd98a441a2a35c26cdceb6ee82de,1.043841,1.04384133611691,1.04384133611691,,0.8326036949784997
0xe7e417b47f91ba3f02379c98751dec7213f9c35f3ac9aee68ae4259d00e7c437,41773802,1770336951,0x742d1c11c9cf4c84f1dda7b5c8ad8fc7bc708493,0x960b749933566a088df40b8cefb4c753094a2193,0x5ec6090b325abd98a441a2a35c26cdceb6ee82de,1.052651,1.04384133611691,1.04384133611691,,0.8326036949784997
0x2b4807bdd9be454c7248eeb65ca597ef71e205cb2c2cc75a50353819914e4e06,41773802,1770336951,0x9ca1dad919221d920b889aacf3023a5cea23165f,0x960b749933566a088df40b8cefb4c753094a2193,0x7aa0a887f03339d6296183cba37b1eac717364f8,1.052651,1.04384133611691,1.04384133611691,,0.8326036949784997
0x09fed4ce1dbe220d9bee4a63bea097413fa0c46766a47de1f53a5452fe334640,41773802,1770336951,0x9231db26a7a7a2bc81abb13331edae458b2871b6,0x960b749933566a088df40b8cefb4c753094a2193,0x4822529530ecc268b42f0fe76e9df03cde09d9a1,1.052651,1.04384133611691,1.04384133611691,,0.8326036949784997
0xb82f1a5cb81e1568332c4c49e2efe8515d4719f16fba2a35b4d96c632912e4cd,41773805,1770336957,0x32c625eced91c38f80ad245641df5024bfcb3ae7,0x960b749933566a088df40b8cefb4c753094a2193,0x28ef1ddb573e2136b165d15870b72d4b661173db,1.043841,1.04384133611691,1.04384133611691,,0.8326036949784997
0x15f6a8863bb51b3583b63e84f7e5906a176f843a7f785fa7cdcbf3c6defdcaa9,41773805,1770336957,0xfbd56e6c63c3d24f87bd7b890815d40553845112,0x960b749933566a088df40b8cefb4c753094a2193,0x3cc4d5e7d3f4ae8cdb34d1a011b07b00309b556f,1.043841,1.04384133611691,1.04384133611691,,0.8326036949784997
0x2ae9eb108d3257c64ea498a3c185266ef964a17513482db4c54caf74883d3abe,41773840,1770337027,0xa7272afc21f9c321024ed93892a1abfeb621c374,0x960b749933566a088df40b8cefb4c753094a2193,0xe60452a821c98ed3a77296b5b8b0d74ff75a305d,1.043841,1.04384133611691,1.04384133611691,,0.8326036949784997
0xb6d2f3bfd3f0434f5075904c5766866e1257ae44345d9fbaff78344fd720daaa,41773928,1770337203,0xa7272afc21f9c321024ed93892a1abfeb621c374,0x960b749933566a088df40b8cefb4c753094a2193,0x7b659ef971441dc81f6c9718bcaf978265673dec,1.050048,1.04384133611691,1.04384133611691,,0.8326036949784997
0xbed4ede52d4e45960fc8ec7de26b6ba62780f424a90c7fcd02a6631b433c306a,41773928,1770337203,0xa7272afc21f9c321024ed93892a1abfeb621c374,0x960b749933566a088df40b8cefb4c753094a2193,0x64dee823db2a87135e58b4c37a8580af6f10551e,1.050048,1.04384133611691,1.04384133611691,,0.8326036949784997
0xc9baabfbd010b7d2c1c2d6f02aafe008dd9768b8445ed45784f7870c020893b6,41773928,1770337203,0xa7272afc21f9c321024ed93892a1abfeb621c374,0x960b749933566a088df40b8cefb4c753094a2193,0x2b093f057dca6ec2dbf47f6df250f1d07727329e,1.050048,1.04384133611691,1.04384133611691,,0.8326036949784997
0xa0e5051086710ce83c49f0b68a6c626dd62bc8deaaea4439bb3d5ba794633614,41773928,1770337203,0xa7272afc21f9c321024ed93892a1abfeb621c374,0x960b749933566a088df40b8cefb4c753094a2193,0x6551faf485f5a474f3091dc9c00e5c1240d8f2da,1.050048,1.04384133611691,1.04384133611691,,0.8326036949784997
0xf3d9fbe543e0573ab57d32097616a6bc3a6733f167609f240c63a3c1a493384b,41773928,1770337203,0xa7272afc21f9c321024ed93892a1abfeb621c374,0x960b749933566a088df40b8cefb4c753094a2193,0xe15c92e15851b03677a04a9324618ed44cd0a2ac,1.050048,1.04384133611691,1.04384133611691,,0.8326036949784997
0xbc53962476ee065a012130b8420d7d6dfac7890516a3813531a1c38da5f61721,41773928,1770337203,0x1d11866ca5b409b286e32c8279a84213ada1c399,0x960b749933566a088df40b8cefb4c753094a2193,0xa9334a34f0fe9f6adb2eb532b3fc00e464cc9132,1.050048,1.04384133611691,1.04384133611691,,0.8326036949784997
0xbd51e9da3d3650a84c0f59b9031138601813b475ae36bc37c5b49f11a75a11d2,41773928,1770337203,0xa7272afc21f9c321024ed93892a1abfeb621c374,0x960b749933566a088df40b8cefb4c753094a2193,0x9fca1c0152e975675d09fe2b7ff7ceb25edd500b,1.050048,1.04384133611691,1.04384133611691,,0.8326036949784997
0x6f5e8ee64f778f1dea44c5c0de6d3467d2f05dfb61dd60fd67a03212da57fd86,41773928,1770337203,0xa7272afc21f9c321024ed93892a1abfeb621c374,0x960b749933566a088df40b8cefb4c753094a2193,0x19dd96d1435b2f31bcdbfb2dc2dc9fa75ce5abe4,1.050048,1.04384133611691,1.04384133611691,,0.8326036949784997
0x0b5f72a89c1f97f53f82258ea3cb897b77897e5509271059b0865635429ca7e2,41773928,1770337203,0xa7272afc21f9c321024ed93892a1abfeb621c374,0x960b749933566a088df40b8cefb4c753094a2193,0xa6da7e3bfad3c8b20c4ac34b2ba055bed9e5d762,1.050048,1.04384133611691,1.04384133611691,,0.8326036949784997
0xc691ca3173588a21aecf85c81b01e06c37faefdccfa17ce032c369808103b0a7,41773928,1770337203,0x1d11866ca5b409b286e32c8279a84213ada1c399,0x960b749933566a088df40b8cefb4c753094a2193,0xf77e58a86d40cff6914ccd055073387c581a3fdd,1.050048,1.04384133611691,1.04384133611691,,0.8326036949784997
0x17e8463dd5ee57d871bb80ed197298313387960e383024947fcbb3daa958fed6,41773937,1770337221,0x9231db26a7a7a2bc81abb13331edae458b2871b6,0x960b749933566a088df40b8cefb4c753094a2193,0x5ffa4c562469becb73a636a5e3b9dcd41eb7d180,1.051129,1.04384133611691,1.04384133611691,,0.8326036949784997
0xc34391a4d7d369fdca98c54bac2e568759df9113959e4de4007d33c00bf41799,41773937,1770337221,0x9ca1dad919221d920b889aacf3023a5cea23165f,0x960b749933566a088df40b8cefb4c753094a2193,0x7aa0a887f03339d6296183cba37b1eac717364f8,1.051129,1.04384133611691,1.04384133611691,,0.8326036949784997
0x06c0e33824ad67765a296b1df8159b2ea3de2f968a4daf06551c09c83db79754,41773937,1770337221,0x742d1c11c9cf4c84f1dda7b5c8ad8fc7bc708493,0x960b749933566a088df40b8cefb4c753094a2193,0x5ec6090b325abd98a441a2a35c26cdceb6ee82de,1.051129,1.04384133611691,1.04384133611691,,0.8326036949784997
0x7f42fb688d2a5c607a79fb85bd14322072490e5efc9fda2f5338882807dc8851,41773937,1770337221,0xfbd56e6c63c3d24f87bd7b890815d40553845112,0x960b749933566a088df40b8cefb4c753094a2193,0x3cc4d5e7d3f4ae8cdb34d1a011b07b00309b556f,1.051129,1.04384133611691,1.04384133611691,,0.8326036949784997
0x9662249760990e4ee2c849acb4a6c25f51e7dc243cf3fbfd495ca5d6b9dec30d,41773937,1770337221,0x9231db26a7a7a2bc81abb13331edae458b2871b6,0x960b749933566a088df40b8cefb4c753094a2193,0x4822529530ecc268b42f0fe76e9df03cde09d9a1,1.051129,1.04384133611691,1.04384133611691,,0.8326036949784997
0xb29fe2e7d408810fe13b12f83ffe5d7a6e0e12f9076ce400179233861617f8e6,41773937,1770337221,0xa7272afc21f9c321024ed93892a1abfeb621c374,0x960b749933566a088df40b8cefb4c753094a2193,0x9b6b68094b3b28093cc306b2aef3917038789406,1.043841,1.04384133611691,1.04384133611691,,0.8326036949784997
0x05db57f01c67056e00b9ba7ff5fe81c7affe7edbcc1b919f58847d0b9e4b708f,41773937,1770337221,0xa7272afc21f9c321024ed93892a1abfeb621c374,0x960b749933566a088df40b8cefb4c753094a2193,0x76585fbba1eb984900eef32b48ec3560255c92d4,1.043841,1.04384133611691,1.04384133611691,,0.8326036949784997
0x3392ddcab5a95074d64ad3e6373768d7141108ebe920d8b9579685d363c703ad,41773937,1770337221,0xa7272afc21f9c321024ed93892a1abfeb621c374,0x960b749933566a088df40b8cefb4c753094a2193,0xad95973c72045cd05b9ddaa2b27cf65f578e339e,1.043841,1.04384133611691,1.04384133611691,,0.8326036949784997
0x07a57eec643ffbf5d14d522dff93e931c28d8ec1e521f9ee851c41be8397364c,41773937,1770337221,0xa7272afc21f9c321024ed93892a1abfeb621c374,0x960b749933566a088df40b8cefb4c753094a2193,0xeafdc784772239dfcbd799776f4e5bc53d07a2dd,1.043841,1.04384133611691,1.04384133611691,,0.8326036949784997
0x14663d015b72045ff2403098218c8ad608f1b5d68d76c4c55aaeb6d2f065a9ea,41773938,1770337223,0x742d1c11c9cf4c84f1dda7b5c8ad8fc7bc708493,0x960b749933566a088df40b8cefb4c753094a2193,0x97e7cf55540bc6ea10124edf71e6278b4c5093fb,1.043841,1.04384133611691,1.04384133611691,,0.8326036949784997
0xc651f6dcf1db74279bbc9b5a0cdad3f2cd2637d7bf29414e2adb1ca9c1ac97a5,41774287,1770337921,0xa7272afc21f9c321024ed93892a1abfeb621c374,0x00f231319f921a95284def641fd8274a8cb0e6ee,0x5d53f21e4c7fdcf42f236a089c9b3a00a53d6d74,1.043841,1.04384133611691,1.04384133611691,,0.8326036949784997
0xd84eae928c9d3ad942aeca4e31b30267945f859d3ce9a712f026e65fab99cef6,42286219,1771361785,0x757624b9faca2792f24d311f0586182cbdf0eb18,0xe6e3f8b510fecab4b9f74df24cede54567ee2f14,0x0d0fc47b78ac40f04e9174bae226d1c830b32fea,1.027819,1.01,1.03,0.8909,0.75
0x1044adf3fef8ce8ea4468ea2dcfeacd28079d9b8a7a6d0c55a330033e1a1af68,42510347,1771810041,0x757624b9faca2792f24d311f0586182cbdf0eb18,0x00f231319f921a95284def641fd8274a8cb0e6ee,0x0d0fc47b78ac40f04e9174bae226d1c830b32fea,1.018758,1.01,1.03,0.4379,0.75
0xe89dd63d9725f9b0f2ea873d331007536cda39849ea613278b59a2144230fcef,42553264,1771895875,0xa7272afc21f9c321024ed93892a1abfeb621c374,0xe5dddd7a7e5c9f0374ec02d246c9b9e2ce85c75d,0xe15c92e15851b03677a04a9324618ed44cd0a2ac,1.043841,1.04384133611691,1.04384133611691,,0.8326036949784997
0x179af8a63752d6273e76466b4adbcb2f9baad1e44cca17096d356d8661e13ef3,42553264,1771895875,0xa7272afc21f9c321024ed93892a1abfeb621c374,0xe5dddd7a7e5c9f0374ec02d246c9b9e2ce85c75d,0xe15c92e15851b03677a04a9324618ed44cd0a2ac,1.043841,1.04384133611691,1.04384133611691,,0.8326036949784997
0x2dd6cac81be1e67bac55121a5cebeb053134ffff239f8787ca10b11f3c2b2897,42553265,1771895877,0xa7272afc21f9c321024ed93892a1abfeb621c374,0xe5dddd7a7e5c9f0374ec02d246c9b9e2ce85c75d,0xe15c92e15851b03677a04a9324618ed44cd0a2ac,1.043841,1.04384133611691,1.04384133611691,,0.8326036949784997
0xd32c37985230c4edffb2042f5cca1f5d4029c09b258af5812b6a4a352b1b0c39,42553279,1771895905,0xa7272afc21f9c321024ed93892a1abfeb621c374,0xe5dddd7a7e5c9f0374ec02d246c9b9e2ce85c75d,0xe15c92e15851b03677a04a9324618ed44cd0a2ac,1.043841,1.04384133611691,1.04384133611691,,0.8326036949784997
0xdc543232007e327727437483bb359c41a2e70d0d910182eb8a53f8603477a9fd,42558424,1771906195,0xa7272afc21f9c321024ed93892a1abfeb621c374,0x2d8cc84e7bdd686d5186a27606316c4a74f18cd2,0xe15c92e15851b03677a04a9324618ed44cd0a2ac,1.043841,1.04384133611691,1.04384133611691,,0.8326036949784997
0xbcac60893a8d4e117b4f170946b619b6f5b4f33fa4ca883860cff617595224ac,42558465,1771906277,0xa7272afc21f9c321024ed93892a1abfeb621c374,0x2d8cc84e7bdd686d5186a27606316c4a74f18cd2,0xe15c92e15851b03677a04a9324618ed44cd0a2ac,1.043841,1.04384133611691,1.04384133611691,,0.8326036949784997
0x7209143351040ff7a2798862feed525e1b37dd89a36210923b0c640a7ba83836,42558514,1771906375,0xa7272afc21f9c321024ed93892a1abfeb621c374,0x2d8cc84e7bdd686d5186a27606316c4a74f18cd2,0xe15c92e15851b03677a04a9324618ed44cd0a2ac,1.045398,1.04384133611691,1.04384133611691,,0.8326036949784997
0x7c8cbf15f5298172679f0a9ff9f7fae6250ef2c7d1a12281b2ea9441a7ae8869,42558515,1771906377,0xa7272afc21f9c321024ed93892a1abfeb621c374,0x2d8cc84e7bdd686d5186a27606316c4a74f18cd2,0xe15c92e15851b03677a04a9324618ed44cd0a2ac,1.043841,1.04384133611691,1.04384133611691,,0.8326036949784997
0x49ebfa2a3726b19566c944b05b007af6355203942ee9f6152e8a3aee5df098ba,42558516,1771906379,0xa7272afc21f9c321024ed93892a1abfeb621c374,0x8bfcdf1948b078c261cbfa3e99b111ea0c39c2f5,0xe15c92e15851b03677a04a9324618ed44cd0a2ac,1.043841,1.04384133611691,1.04384133611691,,0.8326036949784997
0x093a2367b214396fdf37f9ed9fbcdd5f6fd609b8865689ca13af2853a0ab18c3,42558517,1771906381,0xa7272afc21f9c321024ed93892a1abfeb621c374,0xe5dddd7a7e5c9f0374ec02d246c9b9e2ce85c75d,0xe15c92e15851b03677a04a9324618ed44cd0a2ac,1.043841,1.04384133611691,1.04384133611691,,0.8326036949784997
0x36c65a0ee74143eff8e8f852f647c5705ad3399d04327cfefce5a3ba5eca4e31,42558560,1771906467,0xa7272afc21f9c321024ed93892a1abfeb621c374,0x8bfcdf1948b078c261cbfa3e99b111ea0c39c2f5,0xe15c92e15851b03677a04a9324618ed44cd0a2ac,1.045818,1.04384133611691,1.04384133611691,,0.8326036949784997
0x1a58f3ce009c78626456d9de18c4801f72a2e79ffc01fa4b4fbf86a7fcf76c66,42558560,1771906467,0xa7272afc21f9c321024ed93892a1abfeb621c374,0x905bda4d0f13692f574fb3df803f1b0a86b8772c,0xe15c92e15851b03677a04a9324618ed44cd0a2ac,1.045818,1.04384133611691,1.04384133611691,,0.8326036949784997
0x8b13b2c93c2bb4c943dcb0ff5e106658d6a32fc051ab6098f8c2449f57c124f2,42558609,1771906565,0xa7272afc21f9c321024ed93892a1abfeb621c374,0x8bfcdf1948b078c261cbfa3e99b111ea0c39c2f5,0xe15c92e15851b03677a04a9324618ed44cd0a2ac,1.043841,1.04384133611691,1.04384133611691,,0.8326036949784997
0x1dfe3713f0129166b375791da5ee0b7a670aea9ef514fb25699352abda1e8f8a,42558635,1771906617,0xa7272afc21f9c321024ed93892a1abfeb621c374,0x8bfcdf1948b078c261cbfa3e99b111ea0c39c2f5,0xe15c92e15851b03677a04a9324618ed44cd0a2ac,1.043841,1.04384133611691,1.04384133611691,,0.8326036949784997
0x95a1c32a208d2c81df6f26c23b98a8bf965ddc7e4e4890da8285dc303cdd9d7e,42558641,1771906629,0xa7272afc21f9c321024ed93892a1abfeb621c374,0x905bda4d0f13692f574fb3df803f1b0a86b8772c,0xe15c92e15851b03677a04a9324618ed44cd0a2ac,1.043841,1.04384133611691,1.04384133611691,,0.8326036949784997
0xb63bc4161271d189a85ff62ead58d4831c732a218495c95cfae60f6d2900f351,42558648,1771906643,0xa7272afc21f9c321024ed93892a1abfeb621c374,0x905bda4d0f13692f574fb3df803f1b0a86b8772c,0xe15c92e15851b03677a04a9324618ed44cd0a2ac,1.043841,1.04384133611691,1.04384133611691,,0.8326036949784997
0xa32a8e74b0ef26c27031de4ed22047aaa954ed8da3baa376dbdda6ae2370a5bc,42558694,1771906735,0xa7272afc21f9c321024ed93892a1abfeb621c374,0x905bda4d0f13692f574fb3df803f1b0a86b8772c,0xe15c92e15851b03677a04a9324618ed44cd0a2ac,1.043841,1.04384133611691,1.04384133611691,,0.8326036949784997
0x6e80e1cb713798ba478369c862df34203416b67256c7d8edc1e652ec16ee4788,42560669,1771910685,0xa7272afc21f9c321024ed93892a1abfeb621c374,0xe5dddd7a7e5c9f0374ec02d246c9b9e2ce85c75d,0xe15c92e15851b03677a04a9324618ed44cd0a2ac,1.043841,1.04384133611691,1.04384133611691,,0.8326036949784997
0x142c0e64322d87d1916a95a858a6949c6e938a810d4027115545554f9e54388b,42560683,1771910713,0xa7272afc21f9c321024ed93892a1abfeb621c374,0x905bda4d0f13692f574fb3df803f1b0a86b8772c,0xe15c92e15851b03677a04a9324618ed44cd0a2ac,1.045024,1.04384133611691,1.04384133611691,,0.8326036949784997
0x3ad5f8dc9a5905ce18cba92f11bfc27c2d1a67363da2c9054af991d18d757064,42633763,1772056873,0xa2797c11f55e74f4b88184289b9ba7cc1072994a,0x00f231319f921a95284def641fd8274a8cb0e6ee,0x87ea46c6888ee264f34edd0869b1628e51b5e7fe,1.026167,1.0261672652642382,1.0261672652642382,,0.8978687766514472
0x2e5e0ebcae0ec09101ce713b2abc0c7e8bf6f28fefd72a6a93ff5f8a175de97e,43442720,1773674787,0xa7272afc21f9c321024ed93892a1abfeb621c374,0xfed6096f550864f8e1175f1e9dfa105ac911e5b4,0x3448f8c366047d76b6b58bb4ef225e4454b1b5ff,1.043837,1.04384133611691,1.04384133611691,,0.8326036949784997
0xf6061d46863d6057897a220d6768a1088e6a80f04e144e599a3542736f924be6,43443428,1773676203,0xa7272afc21f9c321024ed93892a1abfeb621c374,0x50b7f684ac4c5b03aaf979665bad8143c2b49098,0x3448f8c366047d76b6b58bb4ef225e4454b1b5ff,1.043809,1.04384133611691,1.04384133611691,,0.8326036949784997
0xffaa4ca28e0b4ffb49e0c091c160531f089a2735c029708b6f7be9442bb568bf,43912807,1774614961,0xa7272afc21f9c321024ed93892a1abfeb621c374,0xf00002236e516b0820a85a5887a8b10ea3a7e7bb,0xe15c92e15851b03677a04a9324618ed44cd0a2ac,1.043841,1.04384133611691,1.04384133611691,,0.8326036949784997
0x294fb1f5ecb7502a7d612fe273863ddcf23065d7e778eff6e0d5480366d2aeaa,43914497,1774618341,0xa7272afc21f9c321024ed93892a1abfeb621c374,0x905bda4d0f13692f574fb3df803f1b0a86b8772c,0xe15c92e15851b03677a04a9324618ed44cd0a2ac,1.045903,1.04384133611691,1.04384133611691,,0.8326036949784997
0x36fd6c148d6dcdcd699568ec0124b4db9e46da9fb7b2fd0f7b37e44912930e32,43914603,1774618553,0xa7272afc21f9c321024ed93892a1abfeb621c374,0x8bfcdf1948b078c261cbfa3e99b111ea0c39c2f5,0xe15c92e15851b03677a04a9324618ed44cd0a2ac,1.043841,1.04384133611691,1.04384133611691,,0.8326036949784997
0xeb3d4437a008249617ed61aa70c88cbaad2e080474226e6b1f68d35fbc5377e2,43914679,1774618705,0xa7272afc21f9c321024ed93892a1abfeb621c374,0x905bda4d0f13692f574fb3df803f1b0a86b8772c,0xe15c92e15851b03677a04a9324618ed44cd0a2ac,1.043841,1.04384133611691,1.04384133611691,,0.8326036949784997
0x5b7f981d668b8de94030e9422173b150a4b74271ce75d06454837e190a63eb4c,43915187,1774619721,0xa7272afc21f9c321024ed93892a1abfeb621c374,0x8bfcdf1948b078c261cbfa3e99b111ea0c39c2f5,0xe15c92e15851b03677a04a9324618ed44cd0a2ac,1.045811,1.04384133611691,1.04384133611691,,0.8326036949784997
0x2af023e9df70d1f10376aac3e816f2e16dbcd4cd9609c810882f1e26458a6c09,43915277,1774619901,0xa7272afc21f9c321024ed93892a1abfeb621c374,0x905bda4d0f13692f574fb3df803f1b0a86b8772c,0xe15c92e15851b03677a04a9324618ed44cd0a2ac,1.045121,1.04384133611691,1.04384133611691,,0.8326036949784997
0x7dec4dd91d32bec1aff54c811d20758adf821dd94e64cd0e4340ae39646a65b3,43915958,1774621263,0xa7272afc21f9c321024ed93892a1abfeb621c374,0x905bda4d0f13692f574fb3df803f1b0a86b8772c,0xe15c92e15851b03677a04a9324618ed44cd0a2ac,1.045257,1.04384133611691,1.04384133611691,,0.8326036949784997
0xd15447d90731a8ccdb3abc86f91591dbb22158ff7073e8be0bc6e765c592a362,43916003,1774621353,0xa7272afc21f9c321024ed93892a1abfeb621c374,0xf1ec45222bed5472804be6e67db740b738ce5198,0xe15c92e15851b03677a04a9324618ed44cd0a2ac,1.045771,1.04384133611691,1.04384133611691,,0.8326036949784997
0xd3221bc089294d993bd95c4ad32fb2db0a93a529725a575148375f4e30b77708,43916033,1774621413,0xa7272afc21f9c321024ed93892a1abfeb621c374,0x905bda4d0f13692f574fb3df803f1b0a86b8772c,0xe15c92e15851b03677a04a9324618ed44cd0a2ac,1.044936,1.04384133611691,1.04384133611691,,0.8326036949784997
0xddf83d83263307859a76cd079cc081a0c017f5c203d7522f3e9f4e5da89873b9,43916138,1774621623,0xa7272afc21f9c321024ed93892a1abfeb621c374,0x8bfcdf1948b078c261cbfa3e99b111ea0c39c2f5,0xe15c92e15851b03677a04a9324618ed44cd0a2ac,1.045201,1.04384133611691,1.04384133611691,,0.8326036949784997
0xddd698952d3cddd9e74f21bd76d51978b48c5d52121ef21da5eb83bdb72bbf27,43916168,1774621683,0xa7272afc21f9c321024ed93892a1abfeb621c374,0x8bfcdf1948b078c261cbfa3e99b111ea0c39c2f5,0xe15c92e15851b03677a04a9324618ed44cd0a2ac,1.044955,1.04384133611691,1.04384133611691,,0.8326036949784997
0xa9977903a88cefe940f3d77813c4204544a3eb4cf086ab7618ad21dcbb8865cf,43922052,1774633451,0xa7272afc21f9c321024ed93892a1abfeb621c374,0xf1ec45222bed5472804be6e67db740b738ce5198,0xe15c92e15851b03677a04a9324618ed44cd0a2ac,1.043841,1.04384133611691,1.04384133611691,,0.8326036949784997
0x046dd1be5b9e0825029c75230c483b312a42bdd2e0c81fa43504269b44632339,43922186,1774633719,0xa7272afc21f9c321024ed93892a1abfeb621c374,0xf1ec45222bed5472804be6e67db740b738ce5198,0xe15c92e15851b03677a04a9324618ed44cd0a2ac,1.045258,1.04384133611691,1.04384133611691,,0.8326036949784997
0x80f193d36b64f5d3b77d5561208081732040aa68a9484909f0bb4dc66aa822be,44579176,1775947699,0x68cc71a31cec93b9c69de6bfa498d26222804287,0xc41b1af25ea9ad03e81a4d551454e9f4f519ae4e,0x218d0ab82cf6f1ec45b178807b26481ea07c194f,1.043841,1.04384133611691,1.04384133611691,,0.8326036949784997
0xfe16dac4995fc3a7b0bc33622c5a39395c2fd02ed093d3dc3a8f6dd40c7c97e9,45320081,1777429509,0x9ca1dad919221d920b889aacf3023a5cea23165f,0x1a24e907d36b3fed678c631eb2eb06ca44396959,0x2e9b61a7edb79c687ec153c05705cd6f6f830789,1.043841,1.04384133611691,1.04384133611691,,0.8326036949784997
0x6017bcca56f3a13623f5b0c7acbe409756a99feeac899f76c395d3ae027b644c,45320262,1777429871,0x9ca1dad919221d920b889aacf3023a5cea23165f,0x1a24e907d36b3fed678c631eb2eb06ca44396959,0x2e9b61a7edb79c687ec153c05705cd6f6f830789,1.043841,1.04384133611691,1.04384133611691,,0.8326036949784997
0x04f9b830cd10a7ab94bfc86efcf7a9692283a3f1303bcf83dec1673cc53cf320,45343102,1777475551,0x9ca1dad919221d920b889aacf3023a5cea23165f,0x1a24e907d36b3fed678c631eb2eb06ca44396959,0x2e9b61a7edb79c687ec153c05705cd6f6f830789,1.043841,1.04384133611691,1.04384133611691,,0.8326036949784997
0x467dac41eec7d0ba6f7a054b68310c3e90013d68db261a8fb9f9a90b1d862b6f,45343862,1777477071,0x9ca1dad919221d920b889aacf3023a5cea23165f,0x1a24e907d36b3fed678c631eb2eb06ca44396959,0x2e9b61a7edb79c687ec153c05705cd6f6f830789,1.043841,1.04384133611691,1.04384133611691,,0.8326036949784997
0xa017c027cd2898d2e1f3694bc684c24896eda8a27f76a9158bf6c9fb65b8e4bb,45343907,1777477161,0x9ca1dad919221d920b889aacf3023a5cea23165f,0x1a24e907d36b3fed678c631eb2eb06ca44396959,0x2e9b61a7edb79c687ec153c05705cd6f6f830789,1.043841,1.04384133611691,1.04384133611691,,0.8326036949784997
0xb5487289dfdacfc84c901ff5c6cb88c27aa2820af2ff92a3a69a4c3e74ba1f4e,45344086,1777477519,0x9ca1dad919221d920b889aacf3023a5cea23165f,0x1a24e907d36b3fed678c631eb2eb06ca44396959,0x2e9b61a7edb79c687ec153c05705cd6f6f830789,1.043841,1.04384133611691,1.04384133611691,,0.8326036949784997
0x942d5081ff885b85918ab3c72d1b00f99b947e419b87ff27a2aa2a6f93f21aa4,45344297,1777477941,0x9ca1dad919221d920b889aacf3023a5cea23165f,0x1a24e907d36b3fed678c631eb2eb06ca44396959,0x2e9b61a7edb79c687ec153c05705cd6f6f830789,1.043841,1.04384133611691,1.04384133611691,,0.8326036949784997
0xb64cc9d9031e09c9d89ac2748af154e1e0f6be89fc4d5ebad5d228efd044a63a,45344359,1777478065,0x9ca1dad919221d920b889aacf3023a5cea23165f,0x1a24e907d36b3fed678c631eb2eb06ca44396959,0x2e9b61a7edb79c687ec153c05705cd6f6f830789,1.043841,1.04384133611691,1.04384133611691,,0.8326036949784997
0x13b0a71ab545b1373dfa23d5bbc47bb758e0d840fa455df8e74fc0635a083fa4,45345633,1777480613,0x9ca1dad919221d920b889aacf3023a5cea23165f,0x1a24e907d36b3fed678c631eb2eb06ca44396959,0x2e9b61a7edb79c687ec153c05705cd6f6f830789,1.04384,1.04384133611691,1.04384133611691,,0.8326036949784997
0x5ed59f7e206d393701cf75a02553d002f314dbab37e1f7882438819c944a8c0f,45348366,1777486079,0x9ca1dad919221d920b889aacf3023a5cea23165f,0x1a24e907d36b3fed678c631eb2eb06ca44396959,0x2e9b61a7edb79c687ec153c05705cd6f6f830789,1.043841,1.04384133611691,1.04384133611691,,0.8326036949784997
0xe3b1c21738749a1d0a7613fc1c133fc32d6a890f97d554b1fe97655d55d4f846,45348405,1777486157,0x9ca1dad919221d920b889aacf3023a5cea23165f,0x1a24e907d36b3fed678c631eb2eb06ca44396959,0x2e9b61a7edb79c687ec153c05705cd6f6f830789,1.043841,1.04384133611691,1.04384133611691,,0.8326036949784997
0x7551f99b14e726390342a4537b75d0c574518a2eb2183249c6361f3ebaf5dee6,45348412,1777486171,0x9ca1dad919221d920b889aacf3023a5cea23165f,0x1a24e907d36b3fed678c631eb2eb06ca44396959,0x2e9b61a7edb79c687ec153c05705cd6f6f830789,1.043841,1.04384133611691,1.04384133611691,,0.8326036949784997
0x900a23ec389fa0cccc406c3d555200786d2d63ce40a7940c455168fe5e5e2575,45348440,1777486227,0x9ca1dad919221d920b889aacf3023a5cea23165f,0x1a24e907d36b3fed678c631eb2eb06ca44396959,0x2e9b61a7edb79c687ec153c05705cd6f6f830789,1.043841,1.04384133611691,1.04384133611691,,0.8326036949784997
0xdd4d82964f2b33b5a70f34114ca100e0e73bd30427cccc0458b097386ae057fc,45348515,1777486377,0x9ca1dad919221d920b889aacf3023a5cea23165f,0x1a24e907d36b3fed678c631eb2eb06ca44396959,0x2e9b61a7edb79c687ec153c05705cd6f6f830789,1.04384,1.04384133611691,1.04384133611691,,0.8326036949784997
0x74166a4230a5a05da9d33ab9a3d0921fd48a308dea37543efa099f510e4b6af6,45348994,1777487335,0x9ca1dad919221d920b889aacf3023a5cea23165f,0x1a24e907d36b3fed678c631eb2eb06ca44396959,0x2e9b61a7edb79c687ec153c05705cd6f6f830789,1.043841,1.04384133611691,1.04384133611691,,0.8326036949784997
0x3b2dcfa9ee85338d52be734670f573045e76eeac337b229f01a21fc02f84ba95,45349053,1777487453,0x9ca1dad919221d920b889aacf3023a5cea23165f,0x1a24e907d36b3fed678c631eb2eb06ca44396959,0x2e9b61a7edb79c687ec153c05705cd6f6f830789,1.043841,1.04384133611691,1.04384133611691,,0.8326036949784997
0x517044781fe038f8098aa11e2ca84b9ae8209e0a303e2b2f1984126deaa9f426,45349069,1777487485,0x9ca1dad919221d920b889aacf3023a5cea23165f,0x1a24e907d36b3fed678c631eb2eb06ca44396959,0x2e9b61a7edb79c687ec153c05705cd6f6f830789,1.043841,1.04384133611691,1.04384133611691,,0.8326036949784997
0x1ce969ce22596b330dc72904c5c470eb2d57c755446e18af9bd7f9ea62d3cc6c,45729969,1778249285,0x742d1c11c9cf4c84f1dda7b5c8ad8fc7bc708493,0x3a60f004ffba4015c65bf35f8698a91e2e5003c2,0x160f76bb6ac9c7d4f3ee3bd047bb870bd8928794,1.043826,1.04384133611691,1.04384133611691,,0.8326036949784997
0x9057880aba1dc2235724a93ffcfded2005841d128c636977fd8e782328c5d5ef,45892174,1778573695,0x9ca1dad919221d920b889aacf3023a5cea23165f,0x3a60f004ffba4015c65bf35f8698a91e2e5003c2,0x2e9b61a7edb79c687ec153c05705cd6f6f830789,1.043841,1.04384133611691,1.04384133611691,,0.8326036949784997
0x3144ba664dbde10775151f15872b3fec5495f374ebfc474350cfab080a965593,45894009,1778577365,0x9ca1dad919221d920b889aacf3023a5cea23165f,0x3a60f004ffba4015c65bf35f8698a91e2e5003c2,0x2e9b61a7edb79c687ec153c05705cd6f6f830789,1.043841,1.04384133611691,1.04384133611691,,0.8326036949784997
0x54bd51bc3aa597137bed7447ccdfcb15d55ab4aa717db570e18eecc962125615,45897317,1778583981,0x9ca1dad919221d920b889aacf3023a5cea23165f,0x3a60f004ffba4015c65bf35f8698a91e2e5003c2,0x2e9b61a7edb79c687ec153c05705cd6f6f830789,1.04384,1.04384133611691,1.04384133611691,,0.8326036949784997
0x5559c3883068870be7d7d5d364bc602c9298bebf8e378155311fa95fb21e6959,45902446,1778594239,0x9ca1dad919221d920b889aacf3023a5cea23165f,0x905bda4d0f13692f574fb3df803f1b0a86b8772c,0x2e9b61a7edb79c687ec153c05705cd6f6f830789,1.045781,1.04384133611691,1.04384133611691,,0.8326036949784997
0x82e5abf7798ed854ced7a3758b38f5c12634f4b1c67fabcf53cbcfaca0d99e9e,45903551,1778596449,0x9ca1dad919221d920b889aacf3023a5cea23165f,0x3a60f004ffba4015c65bf35f8698a91e2e5003c2,0x2e9b61a7edb79c687ec153c05705cd6f6f830789,1.043841,1.04384133611691,1.04384133611691,,0.8326036949784997
0x5957ec2aa0d4df73fff1c0420c2daa315df5b8a2db81d46f513821e8b337a7d9,45905087,1778599521,0x9ca1dad919221d920b889aacf3023a5cea23165f,0x905bda4d0f13692f574fb3df803f1b0a86b8772c,0x2e9b61a7edb79c687ec153c05705cd6f6f830789,1.047168,1.04384133611691,1.04384133611691,,0.8326036949784997
0x286eac22514123a47dce5bd8ff58783fc24580dd4b575fb2ff1902ec2e3121e2,45905288,1778599923,0x742d1c11c9cf4c84f1dda7b5c8ad8fc7bc708493,0x3a60f004ffba4015c65bf35f8698a91e2e5003c2,0x160f76bb6ac9c7d4f3ee3bd047bb870bd8928794,1.043832,1.04384133611691,1.04384133611691,,0.8326036949784997
0xbfa282251ee2cb33ef921e8a76d36649e047d9227fad1b199ad217ed06f0e391,45947975,1778685297,0x9ca1dad919221d920b889aacf3023a5cea23165f,0x3a60f004ffba4015c65bf35f8698a91e2e5003c2,0x2e9b61a7edb79c687ec153c05705cd6f6f830789,1.04384,1.04384133611691,1.04384133611691,,0.8326036949784997
0x20a584127bb256f7cd0ed568907abc340bf5b794ed10b23ed5c905deeeabcaf9,45948353,1778686053,0x742d1c11c9cf4c84f1dda7b5c8ad8fc7bc708493,0x3a60f004ffba4015c65bf35f8698a91e2e5003c2,0x160f76bb6ac9c7d4f3ee3bd047bb870bd8928794,1.043822,1.04384133611691,1.04384133611691,,0.8326036949784997
0x9fbd3624107476a6367306d92375a2afb352a9fbb4e9081fcdae020ef8ed2f6b,45949249,1778687845,0x9ca1dad919221d920b889aacf3023a5cea23165f,0x905bda4d0f13692f574fb3df803f1b0a86b8772c,0x2e9b61a7edb79c687ec153c05705cd6f6f830789,1.046038,1.04384133611691,1.04384133611691,,0.8326036949784997
0x1ac6ad9d444250da4aee27c04ffe3198f4a79ef0f4611107230766887fe8bedd,45979996,1778749339,0x9ca1dad919221d920b889aacf3023a5cea23165f,0x3a60f004ffba4015c65bf35f8698a91e2e5003c2,0x2e9b61a7edb79c687ec153c05705cd6f6f830789,1.043841,1.04384133611691,1.04384133611691,,0.8326036949784997
0x4b1e7eae043b08edf100cc66418c0bc2047e67750cc35591c856c7612701ce97,46032896,1778855139,0x742d1c11c9cf4c84f1dda7b5c8ad8fc7bc708493,0x3a60f004ffba4015c65bf35f8698a91e2e5003c2,0x160f76bb6ac9c7d4f3ee3bd047bb870bd8928794,1.043838,1.04384133611691,1.04384133611691,,0.8326036949784997
0x728e2d1bbabf1fb2b973f909735a39bf84918784f34af4069a8ddbb008454ec2,46063208,1778915763,0x9bfc0a7884cf6165dc0c2d105af307de056bfea7,0x905bda4d0f13692f574fb3df803f1b0a86b8772c,0x7b3965ae73c8ab8fc8f42d786660a033cbf29be6,1.043841,1.04384133611691,1.04384133611691,,0.8326036949784997
0x035b68b3fa53d0b89a985eb391567636f8675fe039efcb7dce1c761d50302d5f,46063415,1778916177,0x742d1c11c9cf4c84f1dda7b5c8ad8fc7bc708493,0x3a60f004ffba4015c65bf35f8698a91e2e5003c2,0x160f76bb6ac9c7d4f3ee3bd047bb870bd8928794,1.043839,1.04384133611691,1.04384133611691,,0.8326036949784997
0x13797076b3072ac2f53e504c112c466edf3f8fba5ccf74a5c757dbf54aadf5f2,46066883,1778923113,0x9bfc0a7884cf6165dc0c2d105af307de056bfea7,0x3147bb646324e86b0e01a796987e9b9199ae28a6,0x7b3965ae73c8ab8fc8f42d786660a033cbf29be6,1.053986,1.04384133611691,1.04384133611691,,0.8326036949784997
0x41241bdd84a469aa85fb3ed8a315060f065639ae1ac6b7f2dfd3fb68200ca89a,46066884,1778923115,0x9bfc0a7884cf6165dc0c2d105af307de056bfea7,0x905bda4d0f13692f574fb3df803f1b0a86b8772c,0x7b3965ae73c8ab8fc8f42d786660a033cbf29be6,1.043841,1.04384133611691,1.04384133611691,,0.8326036949784997
0xa23d80af10a11b10946dc0ee2bd33343ea3b93b3d36646623bf8092df7520919,46068532,1778926411,0x742d1c11c9cf4c84f1dda7b5c8ad8fc7bc708493,0x3a60f004ffba4015c65bf35f8698a91e2e5003c2,0x160f76bb6ac9c7d4f3ee3bd047bb870bd8928794,1.043839,1.04384133611691,1.04384133611691,,0.8326036949784997
0xe83d42102c9921904be3cec75ffabf1e19a35d9408889ac72b025a23eb12b425,46068999,1778927345,0x9bfc0a7884cf6165dc0c2d105af307de056bfea7,0x905bda4d0f13692f574fb3df803f1b0a86b8772c,0x7b3965ae73c8ab8fc8f42d786660a033cbf29be6,1.046371,1.04384133611691,1.04384133611691,,0.8326036949784997
0x05efe46aa73c6b0c1dd96519c2ba5bc312829bdd9289e3499e8771160513201f,46072952,1778935251,0x1d11866ca5b409b286e32c8279a84213ada1c399,0x3a60f004ffba4015c65bf35f8698a91e2e5003c2,0x65964a06e63482c6221a5eb5cf9f88a489840992,1.043821,1.04384133611691,1.04384133611691,,0.8326036949784997
0x07df4a2febb8a768807f0dd585318a4d9edaecd20e1de1e3443c20667ff04f8a,46096496,1778982339,0x1d11866ca5b409b286e32c8279a84213ada1c399,0x3a60f004ffba4015c65bf35f8698a91e2e5003c2,0x65964a06e63482c6221a5eb5cf9f88a489840992,1.043827,1.04384133611691,1.04384133611691,,0.8326036949784997
0x8601611ea31bd64661eded7f246fe07b1b5ecaefef49693fa10b5640031eab04,46135988,1779061323,0xa7272afc21f9c321024ed93892a1abfeb621c374,0x905bda4d0f13692f574fb3df803f1b0a86b8772c,0x5c93180b94a22e33bbefaf7c8ac6261811448c90,1.048572,1.04384133611691,1.04384133611691,,0.8326036949784997
0x9508baa145fd79067ed29d706680563649eb193c9642a4604aa426ec30fc6999,46137863,1779065073,0x9ca1dad919221d920b889aacf3023a5cea23165f,0x3a60f004ffba4015c65bf35f8698a91e2e5003c2,0x9e33ef4ef1756a5693d62649450f2012cdd86d19,1.043839,1.04384133611691,1.04384133611691,,0.8326036949784997
0x5585905624e32e6d121118a852139ddb5f159717bb1107ac562ca17a995c2a1b,46138838,1779067023,0x1d11866ca5b409b286e32c8279a84213ada1c399,0x3a60f004ffba4015c65bf35f8698a91e2e5003c2,0x65964a06e63482c6221a5eb5cf9f88a489840992,1.043834,1.04384133611691,1.04384133611691,,0.8326036949784997
0x6ea66fcf40ce5294f4665895416c7fc23c517c00c80f10eb46c3644583405ed4,46141249,1779071845,0xa7272afc21f9c321024ed93892a1abfeb621c374,0x3a60f004ffba4015c65bf35f8698a91e2e5003c2,0x5c93180b94a22e33bbefaf7c8ac6261811448c90,1.043841,1.04384133611691,1.04384133611691,,0.8326036949784997
0x547d771ec3d370372d305f6fe1c4782c1b7af3a8eeda8c700806f8c9c87c764f,46142620,1779074587,0x1d11866ca5b409b286e32c8279a84213ada1c399,0x3a60f004ffba4015c65bf35f8698a91e2e5003c2,0x65964a06e63482c6221a5eb5cf9f88a489840992,1.043817,1.04384133611691,1.04384133611691,,0.8326036949784997
0x42f57f5a33f594ce41f9c14a9be5db5c6a4a951d0bd2bb3033b7873d22f4a093,46143038,1779075423,0xa7272afc21f9c321024ed93892a1abfeb621c374,0x3a60f004ffba4015c65bf35f8698a91e2e5003c2,0x5c93180b94a22e33bbefaf7c8ac6261811448c90,1.043841,1.04384133611691,1.04384133611691,,0.8326036949784997
0x23048be44b51aff9f90c73a710ba6be8fdb7f8a7e7646a9a7e190c639bbde6cf,46144845,1779079037,0xa7272afc21f9c321024ed93892a1abfeb621c374,0x3a60f004ffba4015c65bf35f8698a91e2e5003c2,0x5c93180b94a22e33bbefaf7c8ac6261811448c90,1.043841,1.04384133611691,1.04384133611691,,0.8326036949784997
0xabdb58a87605b32143f5ef02ba60cf9ca20c688bfde5e6883219d4db7b964c92,46147547,1779084441,0xa7272afc21f9c321024ed93892a1abfeb621c374,0x3a60f004ffba4015c65bf35f8698a91e2e5003c2,0x5c93180b94a22e33bbefaf7c8ac6261811448c90,1.043841,1.04384133611691,1.04384133611691,,0.8326036949784997
0x64c57d981a01735b50b544925bda56ab3cf58124aec1acdc04f5fc4da9c43509,46155158,1779099663,0x1d11866ca5b409b286e32c8279a84213ada1c399,0x3a60f004ffba4015c65bf35f8698a91e2e5003c2,0x65964a06e63482c6221a5eb5cf9f88a489840992,1.043827,1.04384133611691,1.04384133611691,,0.8326036949784997
0x848ce4f043cf9fe4989257dd11603f2d793bd08ccce1f5ee59f0295a1c23a463,46156360,1779102067,0xa7272afc21f9c321024ed93892a1abfeb621c374,0x044ee44252e1536e7d9ac4dbc9b14cfad9eebd4d,0x5c93180b94a22e33bbefaf7c8ac6261811448c90,1.045217,1.04384133611691,1.04384133611691,,0.8326036949784997
0xbaf8cc5f1fd5f9bdb650cfe264d3a184007e99451f6abfcc6ca439b2831c637c,46162275,1779113897,0xa7272afc21f9c321024ed93892a1abfeb621c374,0x044ee44252e1536e7d9ac4dbc9b14cfad9eebd4d,0x5c93180b94a22e33bbefaf7c8ac6261811448c90,1.047405,1.04384133611691,1.04384133611691,,0.8326036949784997
0xe1f26a93e7310980fbe395613c0c78a31bf4c0c404bc8054fb4d2cc90e05a8a2,46162755,1779114857,0xa7272afc21f9c321024ed93892a1abfeb621c374,0x044ee44252e1536e7d9ac4dbc9b14cfad9eebd4d,0x5c93180b94a22e33bbefaf7c8ac6261811448c90,1.045082,1.04384133611691,1.04384133611691,,0.8326036949784997
0xb07af66e5b7958ef8801a22c1799fd6755f0d978ebb3a60568e1726d44f6382d,46162800,1779114947,0xa7272afc21f9c321024ed93892a1abfeb621c374,0x044ee44252e1536e7d9ac4dbc9b14cfad9eebd4d,0x5c93180b94a22e33bbefaf7c8ac6261811448c90,1.045841,1.04384133611691,1.04384133611691,,0.8326036949784997
0x23b4df8cb8a39ddd68477e238fc74c57be2e6e35b557569216bb49df542845f4,46163024,1779115395,0x1d11866ca5b409b286e32c8279a84213ada1c399,0x3a60f004ffba4015c65bf35f8698a91e2e5003c2,0x65964a06e63482c6221a5eb5cf9f88a489840992,1.04383,1.04384133611691,1.04384133611691,,0.8326036949784997
0x90d85da75e19c0cea3124fa956228b21ea90713a86aae53bf16e8126e574496d,46163595,1779116537,0xa7272afc21f9c321024ed93892a1abfeb621c374,0x044ee44252e1536e7d9ac4dbc9b14cfad9eebd4d,0x5c93180b94a22e33bbefaf7c8ac6261811448c90,1.045564,1.04384133611691,1.04384133611691,,0.8326036949784997
0xb6e45b3cca77ab8741f22ee49b5d6ffada01a1accb602620cd48d448dac0b9a1,46163656,1779116659,0xa7272afc21f9c321024ed93892a1abfeb621c374,0x044ee44252e1536e7d9ac4dbc9b14cfad9eebd4d,0x5c93180b94a22e33bbefaf7c8ac6261811448c90,1.045636,1.04384133611691,1.04384133611691,,0.8326036949784997
0x2d8a97db786aeb2867ce7b3cab213c2847ac714038fd28fd8859254f10a6ef67,46164376,1779118099,0xa7272afc21f9c321024ed93892a1abfeb621c374,0x044ee44252e1536e7d9ac4dbc9b14cfad9eebd4d,0x5c93180b94a22e33bbefaf7c8ac6261811448c90,1.04558,1.04384133611691,1.04384133611691,,0.8326036949784997
0x5117a962d6fde734248dee00b9df35e7a0c8c180d2af23fd7b023ce60ff40fdc,46344454,1779478255,0xa7272afc21f9c321024ed93892a1abfeb621c374,0x044ee44252e1536e7d9ac4dbc9b14cfad9eebd4d,0x5c93180b94a22e33bbefaf7c8ac6261811448c90,1.048865,1.04384133611691,1.04384133611691,,0.8326036949784997
0xe91f98b44977f0a9ff63652395d1ed15ffaf219f468ec5991c5f7ddbc450f9ac,46345632,1779480611,0x9ca1dad919221d920b889aacf3023a5cea23165f,0x3a60f004ffba4015c65bf35f8698a91e2e5003c2,0x9e33ef4ef1756a5693d62649450f2012cdd86d19,1.043838,1.04384133611691,1.04384133611691,,0.8326036949784997
0x9b2f1e61d413ec6ebc0b5f8ad31d98fa2606bfdaa30e199dac592f8c5678ca36,46349554,1779488455,0xa7272afc21f9c321024ed93892a1abfeb621c374,0x3147bb646324e86b0e01a796987e9b9199ae28a6,0x5c93180b94a22e33bbefaf7c8ac6261811448c90,1.044906,1.04384133611691,1.04384133611691,,0.8326036949784997
0x0ee06e983a7feb4905b3525bd740f958f74f5e44265c91e6bfe05445b0f0db9f,46350019,1779489385,0xa7272afc21f9c321024ed93892a1abfeb621c374,0x3147bb646324e86b0e01a796987e9b9199ae28a6,0x5c93180b94a22e33bbefaf7c8ac6261811448c90,1.044998,1.04384133611691,1.04384133611691,,0.8326036949784997
0x2cd331c15fff13092e85c636569b13875592a03a8a4f8b815962864e8d352898,46350479,1779490305,0xa7272afc21f9c321024ed93892a1abfeb621c374,0x3a60f004ffba4015c65bf35f8698a91e2e5003c2,0x5c93180b94a22e33bbefaf7c8ac6261811448c90,1.043841,1.04384133611691,1.04384133611691,,0.8326036949784997
0xe1eb6cd8a8f254a2ed5150e8513bfbeecbf662a50defd0bca566a944d34d615d,46352098,1779493543,0xa7272afc21f9c321024ed93892a1abfeb621c374,0x3147bb646324e86b0e01a796987e9b9199ae28a6,0x5c93180b94a22e33bbefaf7c8ac6261811448c90,1.047003,1.04384133611691,1.04384133611691,,0.8326036949784997
0xc04f905b051d74a73ce2723d97c32924e62b982b9410a62c63b9d4d694312411,46352320,1779493987,0xa7272afc21f9c321024ed93892a1abfeb621c374,0x3a60f004ffba4015c65bf35f8698a91e2e5003c2,0x5c93180b94a22e33bbefaf7c8ac6261811448c90,1.043841,1.04384133611691,1.04384133611691,,0.8326036949784997
0x81ecb0626f05d303ffefba85fb4e5b19b4819367a6d3e1d0b613fe0478c1a0f7,46353631,1779496609,0xa7272afc21f9c321024ed93892a1abfeb621c374,0x3147bb646324e86b0e01a796987e9b9199ae28a6,0x5c93180b94a22e33bbefaf7c8ac6261811448c90,1.045156,1.04384133611691,1.04384133611691,,0.8326036949784997
0xce64dfe612fcd31a792a16c9518b75f250c30d9173b3153127e04999c2cb214d,46353811,1779496969,0xa7272afc21f9c321024ed93892a1abfeb621c374,0x3147bb646324e86b0e01a796987e9b9199ae28a6,0x5c93180b94a22e33bbefaf7c8ac6261811448c90,1.044889,1.04384133611691,1.04384133611691,,0.8326036949784997
0x2e3ba25fd0e53d999b6afb5e7382732a5fc705b154b013313e35cbdfbeb21e0b,46366170,1779521687,0xa7272afc21f9c321024ed93892a1abfeb621c374,0x3a60f004ffba4015c65bf35f8698a91e2e5003c2,0x5c93180b94a22e33bbefaf7c8ac6261811448c90,1.043841,1.04384133611691,1.04384133611691,,0.8326036949784997
0x3c46517a16d1d534243c999a28be0627ca33d443b944522a11ba8282ad498e89,46366536,1779522419,0xa7272afc21f9c321024ed93892a1abfeb621c374,0x044ee44252e1536e7d9ac4dbc9b14cfad9eebd4d,0x5c93180b94a22e33bbefaf7c8ac6261811448c90,1.047509,1.04384133611691,1.04384133611691,,0.8326036949784997
0xd3bc50dd378de94550da98b600f3522eafdf3f3d13efb85cbd5d65d45b75a3e2,46366659,1779522665,0xa7272afc21f9c321024ed93892a1abfeb621c374,0x044ee44252e1536e7d9ac4dbc9b14cfad9eebd4d,0x5c93180b94a22e33bbefaf7c8ac6261811448c90,1.049845,1.04384133611691,1.04384133611691,,0.8326036949784997
0x774909144edd4c04b3262b854332f17da76fec410c65efdb2ee41052efa01cda,46368325,1779525997,0xa7272afc21f9c321024ed93892a1abfeb621c374,0x3a60f004ffba4015c65bf35f8698a91e2e5003c2,0x5c93180b94a22e33bbefaf7c8ac6261811448c90,1.043841,1.04384133611691,1.04384133611691,,0.8326036949784997
0x59bc636db8481b100e1f59972252af3de1a5a4d500cea9eeeef214e35e407830,46369677,1779528701,0xa7272afc21f9c321024ed93892a1abfeb621c374,0x3a60f004ffba4015c65bf35f8698a91e2e5003c2,0x9e33ef4ef1756a5693d62649450f2012cdd86d19,1.043839,1.04384133611691,1.04384133611691,,0.8326036949784997
0xaad3c0ff8bdb0f713f03cd27d061ad2d08bcd5084fada74c5a15f2d5cfd1a2df,46564580,1779918507,0xa7272afc21f9c321024ed93892a1abfeb621c374,0x3a60f004ffba4015c65bf35f8698a91e2e5003c2,0x5c93180b94a22e33bbefaf7c8ac6261811448c90,1.043841,1.04384133611691,1.04384133611691,,0.8326036949784997
0x250ebf14c0c9c1a9db187814f9358fb94675eb92ee0eb0d738e8710b2b8cbb23,46567476,1779924299,0xa7272afc21f9c321024ed93892a1abfeb621c374,0x044ee44252e1536e7d9ac4dbc9b14cfad9eebd4d,0x5c93180b94a22e33bbefaf7c8ac6261811448c90,1.043841,1.04384133611691,1.04384133611691,,0.8326036949784997
0x3e41c2a43c11ac910eab3790e6eb3e215a335ad38d1605ab4852c9f2daf42e53,46568080,1779925507,0xa7272afc21f9c321024ed93892a1abfeb621c374,0x044ee44252e1536e7d9ac4dbc9b14cfad9eebd4d,0x5c93180b94a22e33bbefaf7c8ac6261811448c90,1.043841,1.04384133611691,1.04384133611691,,0.8326036949784997
0x3a2d99d33ae831d1467d7bacbe1c6776b346757dfb8a2ce0f87d0916ac0a6735,46574466,1779938279,0xa7272afc21f9c321024ed93892a1abfeb621c374,0x905bda4d0f13692f574fb3df803f1b0a86b8772c,0x5c93180b94a22e33bbefaf7c8ac6261811448c90,1.043841,1.04384133611691,1.04384133611691,,0.8326036949784997
0x3e3b55ce752d05c0384e18e2ece5f312b7786339cca2dc51fcb1cf86febfb14d,46574482,1779938311,0xa7272afc21f9c321024ed93892a1abfeb621c374,0x044ee44252e1536e7d9ac4dbc9b14cfad9eebd4d,0x5c93180b94a22e33bbefaf7c8ac6261811448c90,1.043841,1.04384133611691,1.04384133611691,,0.8326036949784997
0xe2c283303cadd50245bb05517c84d0324356559f904f7236612eab35756bf0f6,46574993,1779939333,0xa7272afc21f9c321024ed93892a1abfeb621c374,0x905bda4d0f13692f574fb3df803f1b0a86b8772c,0x5c93180b94a22e33bbefaf7c8ac6261811448c90,1.043841,1.04384133611691,1.04384133611691,,0.8326036949784997
0x72d29a9287bd71c3bfd10ce5d552e95cd5baacbaa9b1bc818c645cb73e9272b1,46575578,1779940503,0xa7272afc21f9c321024ed93892a1abfeb621c374,0x044ee44252e1536e7d9ac4dbc9b14cfad9eebd4d,0x5c93180b94a22e33bbefaf7c8ac6261811448c90,1.045053,1.04384133611691,1.04384133611691,,0.8326036949784997
0x88905aed7d2006083526597a90103a9621d621c860880ee762aa34e37028a20a,46575822,1779940991,0x9ca1dad919221d920b889aacf3023a5cea23165f,0x905bda4d0f13692f574fb3df803f1b0a86b8772c,0x7aa0a887f03339d6296183cba37b1eac717364f8,1.043841,1.04384133611691,1.04384133611691,,0.8326036949784997
0x1ab0d1e1cf61e52e8c88adfe70884eed9dee1190e86fb4dddbc80f22aeb3d389,46575829,1779941005,0xa7272afc21f9c321024ed93892a1abfeb621c374,0x044ee44252e1536e7d9ac4dbc9b14cfad9eebd4d,0x5c93180b94a22e33bbefaf7c8ac6261811448c90,1.043841,1.04384133611691,1.04384133611691,,0.8326036949784997
0xd2c014432ba907f669422496cf6e3f357dab9f59e952881de3332bcb85c2be17,46579780,1779948907,0xa7272afc21f9c321024ed93892a1abfeb621c374,0x3a60f004ffba4015c65bf35f8698a91e2e5003c2,0x5c93180b94a22e33bbefaf7c8ac6261811448c90,1.043841,1.04384133611691,1.04384133611691,,0.8326036949784997
0x27e14c2b308c5be9ceea2603418f0310bd3eea7168316dd305c14e308b9b021a,46593077,1779975501,0xa7272afc21f9c321024ed93892a1abfeb621c374,0xe6e3f8b510fecab4b9f74df24cede54567ee2f14,0x5c93180b94a22e33bbefaf7c8ac6261811448c90,1.043841,1.04384133611691,1.04384133611691,,0.8326036949784997
0xe548e20bdee9a17add2955fe3c94c447bae450705fc1a0152ce172f4cdbfc71d,46593906,1779977159,0xa7272afc21f9c321024ed93892a1abfeb621c374,0x905bda4d0f13692f574fb3df803f1b0a86b8772c,0x5c93180b94a22e33bbefaf7c8ac6261811448c90,1.046993,1.04384133611691,1.04384133611691,,0.8326036949784997
0x32d6550151b597b71e6b38ee763ee89f588238287ea16c3e504142d7e1a77b10,46752431,1780294209,0xbda8accce92506647378ff4456f24390431496c2,0xcee740502c9e84118e4a13efc085dff70784863d,0xe4593deeef3ee0769abc48fefd182c76d026e473,1.074113,1.0741138560687433,1.0741138560687433,,0.727366070175296
0x87b2d9eb93710caccc546e9b019c4b34c832ed8fd0e06c5d0f2fadd8c1325f5a,46752431,1780294209,0xbda8accce92506647378ff4456f24390431496c2,0xcee740502c9e84118e4a13efc085dff70784863d,0xe4593deeef3ee0769abc48fefd182c76d026e473,1.074114,1.0741138560687433,1.0741138560687433,,0.727366070175296
0x8d0b6754c67440e6b66acdb6d9e87f2dade970d04ee366676dcb26572329aa1c,46752734,1780294815,0xbda8accce92506647378ff4456f24390431496c2,0xcee740502c9e84118e4a13efc085dff70784863d,0xe4593deeef3ee0769abc48fefd182c76d026e473,1.076455,1.0741138560687433,1.0741138560687433,,0.727366070175296
0x82228b782415c65ba171258933e2d73c12180a38c9758bd7a8da53563ed5cdd8,46754534,1780298415,0xbda8accce92506647378ff4456f24390431496c2,0xcee740502c9e84118e4a13efc085dff70784863d,0xe4593deeef3ee0769abc48fefd182c76d026e473,1.07588,1.0741138560687433,1.0741138560687433,,0.727366070175296
0x528433ba4d145ebecc733ad2b78e876d4136d8bc591c2eecf96683843ae2a40e,46755403,1780300153,0xbda8accce92506647378ff4456f24390431496c2,0xcee740502c9e84118e4a13efc085dff70784863d,0xe4593deeef3ee0769abc48fefd182c76d026e473,1.079461,1.0741138560687433,1.0741138560687433,,0.727366070175296
0xc59f4258162848b95b79f5660a61bca318ddc842273763d8a85e83e2dbd6f8bb,46755737,1780300821,0xbda8accce92506647378ff4456f24390431496c2,0xcee740502c9e84118e4a13efc085dff70784863d,0xe4593deeef3ee0769abc48fefd182c76d026e473,1.075529,1.0741138560687433,1.0741138560687433,,0.727366070175296
0x1f4e2a29cb449dcc0f2226c2dd79b2b2dc23f9851db3af33aeefeced45b62b45,46757203,1780303753,0xbda8accce92506647378ff4456f24390431496c2,0xcee740502c9e84118e4a13efc085dff70784863d,0xe4593deeef3ee0769abc48fefd182c76d026e473,1.076655,1.0741138560687433,1.0741138560687433,,0.727366070175296
0x12d3732b5d5faeb6fafa36f109a04ef004904d2fa0020a530d114f6a6085874b,46762899,1780315145,0xa7272afc21f9c321024ed93892a1abfeb621c374,0xcee740502c9e84118e4a13efc085dff70784863d,0x35d4915425d78508ba038cf1c853b856d8b2cf75,1.047705,1.04384133611691,1.04384133611691,,0.8326036949784997
0x635d192ee128cf92fe7546cee1ca42b8cf246569f44915774183013043e1dd80,46762899,1780315145,0xa7272afc21f9c321024ed93892a1abfeb621c374,0xcee740502c9e84118e4a13efc085dff70784863d,0xaec4ee9a108304fcc5cdc323d8a2a1d331c342b7,1.047705,1.04384133611691,1.04384133611691,,0.8326036949784997
0x63d8178159ec8641ecf74312c2caba8f1b857d08e6428b164e96bac625486cbc,46763022,1780315391,0xa7272afc21f9c321024ed93892a1abfeb621c374,0xf1ec45222bed5472804be6e67db740b738ce5198,0x35d4915425d78508ba038cf1c853b856d8b2cf75,1.04523,1.04384133611691,1.04384133611691,,0.8326036949784997
0x5b90beeb4391470a3367e0cd89633f055c93b76bc7968ebed9145a0ed8607f50,46763022,1780315391,0xa7272afc21f9c321024ed93892a1abfeb621c374,0x044ee44252e1536e7d9ac4dbc9b14cfad9eebd4d,0xaec4ee9a108304fcc5cdc323d8a2a1d331c342b7,1.04523,1.04384133611691,1.04384133611691,,0.8326036949784997
0x8d975e3e6c3c1c24d496616689652b592062bd52a8fa0cf33c7842bc5999953b,46763187,1780315721,0xa7272afc21f9c321024ed93892a1abfeb621c374,0x044ee44252e1536e7d9ac4dbc9b14cfad9eebd4d,0x35d4915425d78508ba038cf1c853b856d8b2cf75,1.045595,1.04384133611691,1.04384133611691,,0.8326036949784997
0xf0032718b35c816bbffc4c3d237c6a3b2cd881faefc448a61dace0612d934892,46763187,1780315721,0xa7272afc21f9c321024ed93892a1abfeb621c374,0x044ee44252e1536e7d9ac4dbc9b14cfad9eebd4d,0xaec4ee9a108304fcc5cdc323d8a2a1d331c342b7,1.045595,1.04384133611691,1.04384133611691,,0.8326036949784997
0xdc33a63aaf49532c92881e2413e9d8aae5529a4676c6299823f14b5414958481,46763277,1780315901,0xa7272afc21f9c321024ed93892a1abfeb621c374,0xcee740502c9e84118e4a13efc085dff70784863d,0xaec4ee9a108304fcc5cdc323d8a2a1d331c342b7,1.045599,1.04384133611691,1.04384133611691,,0.8326036949784997
0x976c339c312aa2217752c0e4ed3316089b65bd00e4d2e85c72038ebb8b3a28c6,46763277,1780315901,0xa7272afc21f9c321024ed93892a1abfeb621c374,0x044ee44252e1536e7d9ac4dbc9b14cfad9eebd4d,0x35d4915425d78508ba038cf1c853b856d8b2cf75,1.045599,1.04384133611691,1.04384133611691,,0.8326036949784997
0x87fe69b3dd5c8bb3f0dc90b8a80148e1d13565a04b9c7d0d6b993e44f329cc2b,46763292,1780315931,0xa7272afc21f9c321024ed93892a1abfeb621c374,0xcee740502c9e84118e4a13efc085dff70784863d,0x35d4915425d78508ba038cf1c853b856d8b2cf75,1.045031,1.04384133611691,1.04384133611691,,0.8326036949784997
0x7422396036f1dd414b7f1a5fe5cc13d129730f3c231b30606d93402c4f944a5c,46763292,1780315931,0xa7272afc21f9c321024ed93892a1abfeb621c374,0xcee740502c9e84118e4a13efc085dff70784863d,0xaec4ee9a108304fcc5cdc323d8a2a1d331c342b7,1.045031,1.04384133611691,1.04384133611691,,0.8326036949784997
0x8363ffc1c5f572c1da1f6a8208cffdd103ed2084bc2ce403746da94d85d55c70,46763445,1780316237,0xbda8accce92506647378ff4456f24390431496c2,0xcee740502c9e84118e4a13efc085dff70784863d,0xe4593deeef3ee0769abc48fefd182c76d026e473,1.07931,1.0741138560687433,1.0741138560687433,,0.727366070175296
0x6418fbb00033c311b465094dad043afd8100cafa5d724d5edbb5aae475c3e659,46763446,1780316239,0xbda8accce92506647378ff4456f24390431496c2,0xcee740502c9e84118e4a13efc085dff70784863d,0xe4593deeef3ee0769abc48fefd182c76d026e473,1.074113,1.0741138560687433,1.0741138560687433,,0.727366070175296
0xfc5f2ca613d93e904b1868f74f9d2dc88a56297b4d1aa42f5bf78ad540b6cbde,46765086,1780319519,0xa7272afc21f9c321024ed93892a1abfeb621c374,0x3147bb646324e86b0e01a796987e9b9199ae28a6,0x35d4915425d78508ba038cf1c853b856d8b2cf75,1.045864,1.04384133611691,1.04384133611691,,0.8326036949784997
0x74a93a61cfd7fcffb794a18aa79bded6d7db671d5e570f5db26ae67675168fa7,46765086,1780319519,0xa7272afc21f9c321024ed93892a1abfeb621c374,0x3147bb646324e86b0e01a796987e9b9199ae28a6,0xaec4ee9a108304fcc5cdc323d8a2a1d331c342b7,1.045864,1.04384133611691,1.04384133611691,,0.8326036949784997
0x85ddb39e51a508ef8a29a20dc796b73d7d2867bf2abf00674370ffe086a0a338,46765086,1780319519,0xa7272afc21f9c321024ed93892a1abfeb621c374,0x3147bb646324e86b0e01a796987e9b9199ae28a6,0x7b659ef971441dc81f6c9718bcaf978265673dec,1.045864,1.04384133611691,1.04384133611691,,0.8326036949784997
0xdb2a88d968ec345d8959d9bc17b3fb709f9d68be5494796796e8741c46dff922,46765163,1780319673,0xa7272afc21f9c321024ed93892a1abfeb621c374,0xcee740502c9e84118e4a13efc085dff70784863d,0x35d4915425d78508ba038cf1c853b856d8b2cf75,1.045131,1.04384133611691,1.04384133611691,,0.8326036949784997
0xcae0b1e3badc759853586e0985da8f281462247207c158781fa4f87de644c321,46765163,1780319673,0xa7272afc21f9c321024ed93892a1abfeb621c374,0xcee740502c9e84118e4a13efc085dff70784863d,0x7b659ef971441dc81f6c9718bcaf978265673dec,1.045131,1.04384133611691,1.04384133611691,,0.8326036949784997
0x319485107b843c2fb1a556d5727d8ed5b2740f719a0673564fda0a63eb4f1c85,46765163,1780319673,0xa7272afc21f9c321024ed93892a1abfeb621c374,0xcee740502c9e84118e4a13efc085dff70784863d,0xaec4ee9a108304fcc5cdc323d8a2a1d331c342b7,1.045131,1.04384133611691,1.04384133611691,,0.8326036949784997
0x332a14f29c438478d2c11ffb9c708e91e8c5750a6069e0445e0b7f9256cd0c56,46765960,1780321267,0xa7272afc21f9c321024ed93892a1abfeb621c374,0xcee740502c9e84118e4a13efc085dff70784863d,0x35d4915425d78508ba038cf1c853b856d8b2cf75,1.045759,1.04384133611691,1.04384133611691,,0.8326036949784997
0xfa5b718aadc3dbbc6c12d06e52ba3e45f80e0bc0999a22818b2c9d113cb901ca,46765960,1780321267,0xa7272afc21f9c321024ed93892a1abfeb621c374,0xcee740502c9e84118e4a13efc085dff70784863d,0x7b659ef971441dc81f6c9718bcaf978265673dec,1.045759,1.04384133611691,1.04384133611691,,0.8326036949784997
0xa0497fe708d88f690d3f8051d2bc26ea8e082cc845086e8d41213c06754d3a30,46765960,1780321267,0xa7272afc21f9c321024ed93892a1abfeb621c374,0xcee740502c9e84118e4a13efc085dff70784863d,0xaec4ee9a108304fcc5cdc323d8a2a1d331c342b7,1.045759,1.04384133611691,1.04384133611691,,0.8326036949784997
0x817b98f1c58dd73d39e79638a75f3d725804299d100e0878b9f7100e6e339096,46765974,1780321295,0xa7272afc21f9c321024ed93892a1abfeb621c374,0xf1ec45222bed5472804be6e67db740b738ce5198,0x35d4915425d78508ba038cf1c853b856d8b2cf75,1.045356,1.04384133611691,1.04384133611691,,0.8326036949784997
0x4ece0b0a1608c18bf18c4afb27ad0d23eafeaf40b7b74b7ae44bbc2c44f85660,46765974,1780321295,0xa7272afc21f9c321024ed93892a1abfeb621c374,0xf1ec45222bed5472804be6e67db740b738ce5198,0x7b659ef971441dc81f6c9718bcaf978265673dec,1.045356,1.04384133611691,1.04384133611691,,0.8326036949784997
0x0ccf08f5a9f72a369d0e0ebe2139d89040419fb1f48ca45459dcaf4c7425fb8f,46765974,1780321295,0xa7272afc21f9c321024ed93892a1abfeb621c374,0xf1ec45222bed5472804be6e67db740b738ce5198,0xaec4ee9a108304fcc5cdc323d8a2a1d331c342b7,1.045356,1.04384133611691,1.04384133611691,,0.8326036949784997
0xd6ffcaf78ef9d6788feb4f322e9a0d66af5a37d9fb6e9ba7ec7eb4307c8068a6,46766079,1780321505,0xa7272afc21f9c321024ed93892a1abfeb621c374,0xcee740502c9e84118e4a13efc085dff70784863d,0x35d4915425d78508ba038cf1c853b856d8b2cf75,1.045688,1.04384133611691,1.04384133611691,,0.8326036949784997
0x47dac2f3f85854d380bb3f682779e07ac7b41d9e4b1bc1e8ef50d57b14dffdaa,46766079,1780321505,0xa7272afc21f9c321024ed93892a1abfeb621c374,0xcee740502c9e84118e4a13efc085dff70784863d,0x7b659ef971441dc81f6c9718bcaf978265673dec,1.045688,1.04384133611691,1.04384133611691,,0.8326036949784997
0x2ab54b8bf41252501af12a723f14b99b7eee96dd2c6b58f4762632be1662d869,46766079,1780321505,0xa7272afc21f9c321024ed93892a1abfeb621c374,0xcee740502c9e84118e4a13efc085dff70784863d,0xaec4ee9a108304fcc5cdc323d8a2a1d331c342b7,1.045688,1.04384133611691,1.04384133611691,,0.8326036949784997
0xd834dc87d0eb94b8a1cbc9e3d965c71bc94bcc1a88a47cc651d75ce1419b5b5c,46766399,1780322145,0xa7272afc21f9c321024ed93892a1abfeb621c374,0x1b18c1d3445630cfe6e0744e1b2d6ab7985d06ef,0x35d4915425d78508ba038cf1c853b856d8b2cf75,1.046451,1.04384133611691,1.04384133611691,,0.8326036949784997
0xd6ac7d8a8915163571d9352ce9240fcc49354e02ec96523e878a4b96e3ac6647,46766399,1780322145,0xa7272afc21f9c321024ed93892a1abfeb621c374,0x1b18c1d3445630cfe6e0744e1b2d6ab7985d06ef,0x7b659ef971441dc81f6c9718bcaf978265673dec,1.046451,1.04384133611691,1.04384133611691,,0.8326036949784997
0x1f55c07cac77b8dc825d6ca8524791a930faaf3204f5ec0204a9b8b24bc07f71,46766399,1780322145,0xa7272afc21f9c321024ed93892a1abfeb621c374,0x1b18c1d3445630cfe6e0744e1b2d6ab7985d06ef,0xaec4ee9a108304fcc5cdc323d8a2a1d331c342b7,1.046451,1.04384133611691,1.04384133611691,,0.8326036949784997
0x5d7af4d3ca8b55d6f03b6196b83e831fc406295bd69bc1f3c23c6bf75ce4cfc0,46766439,1780322225,0xbda8accce92506647378ff4456f24390431496c2,0x1b18c1d3445630cfe6e0744e1b2d6ab7985d06ef,0xe4593deeef3ee0769abc48fefd182c76d026e473,1.082034,1.0741138560687433,1.0741138560687433,,0.727366070175296
0xeccdada3051d1419b7966c3b7c05ea9478e16f0590bbc13265533a31cfdfb56f,46766849,1780323045,0xbda8accce92506647378ff4456f24390431496c2,0x1b18c1d3445630cfe6e0744e1b2d6ab7985d06ef,0xe4593deeef3ee0769abc48fefd182c76d026e473,1.079807,1.0741138560687433,1.0741138560687433,,0.727366070175296
0xa3bdd62c47070668199b9b2178d0be06e633afb0b74a4573ed325d0a4ee3eb69,46768876,1780327099,0xa7272afc21f9c321024ed93892a1abfeb621c374,0xf1ec45222bed5472804be6e67db740b738ce5198,0x35d4915425d78508ba038cf1c853b856d8b2cf75,1.045494,1.04384133611691,1.04384133611691,,0.8326036949784997
0x75410cf4fa2fe0afe3fdeb14a3a0f6b878225bfcdb4d090dc5d37b5ed7661e16,46768876,1780327099,0xa7272afc21f9c321024ed93892a1abfeb621c374,0xf1ec45222bed5472804be6e67db740b738ce5198,0x7b659ef971441dc81f6c9718bcaf978265673dec,1.045494,1.04384133611691,1.04384133611691,,0.8326036949784997
0x9940144f12e5b8961973dce229d88841046bc3f3b14beacdd63fbaace32080b5,46768877,1780327101,0xa7272afc21f9c321024ed93892a1abfeb621c374,0xf1ec45222bed5472804be6e67db740b738ce5198,0xaec4ee9a108304fcc5cdc323d8a2a1d331c342b7,1.043841,1.04384133611691,1.04384133611691,,0.8326036949784997
0xd486ba801c7d64cb9807f760a8a8ec3788c4c613c7bcb0532e07d83e94dc4965,46768891,1780327129,0xa7272afc21f9c321024ed93892a1abfeb621c374,0x1b18c1d3445630cfe6e0744e1b2d6ab7985d06ef,0x35d4915425d78508ba038cf1c853b856d8b2cf75,1.045063,1.04384133611691,1.04384133611691,,0.8326036949784997
0x19ea9717df562f7b5e4f5d73da181fcd4799d994863821fdf8d05016d92be087,46768891,1780327129,0xa7272afc21f9c321024ed93892a1abfeb621c374,0x1b18c1d3445630cfe6e0744e1b2d6ab7985d06ef,0x7b659ef971441dc81f6c9718bcaf978265673dec,1.045063,1.04384133611691,1.04384133611691,,0.8326036949784997
0x07f1e51cff607cac85dc03311bce7f56d841403373ae0f00f627217e715c81f7,46768891,1780327129,0xa7272afc21f9c321024ed93892a1abfeb621c374,0x1b18c1d3445630cfe6e0744e1b2d6ab7985d06ef,0x64dee823db2a87135e58b4c37a8580af6f10551e,1.045063,1.04384133611691,1.04384133611691,,0.8326036949784997
0x3e6a5a7f27215ba18d3548c1eb010effc2fc66cfca4458d42b13ddc3648b504f,46768891,1780327129,0xa7272afc21f9c321024ed93892a1abfeb621c374,0x1b18c1d3445630cfe6e0744e1b2d6ab7985d06ef,0xaec4ee9a108304fcc5cdc323d8a2a1d331c342b7,1.045063,1.04384133611691,1.04384133611691,,0.8326036949784997
0xe12bc64a924fbb662d10277ebbb64e8574b63cc5865b813920686d1bf3258f9a,46769086,1780327519,0xbda8accce92506647378ff4456f24390431496c2,0x1b18c1d3445630cfe6e0744e1b2d6ab7985d06ef,0xe4593deeef3ee0769abc48fefd182c76d026e473,1.078475,1.0741138560687433,1.0741138560687433,,0.727366070175296
0xbc517ebd2eaea4d1307e6b8535f21acb27c35c6746634c1cf2d029a648d48ccb,46769119,1780327585,0xa7272afc21f9c321024ed93892a1abfeb621c374,0xf1ec45222bed5472804be6e67db740b738ce5198,0x35d4915425d78508ba038cf1c853b856d8b2cf75,1.045068,1.04384133611691,1.04384133611691,,0.8326036949784997
0x83e85cbed0c211c9c269342159124e0144cafee2af4928d1bd7aec563b463264,46769119,1780327585,0xa7272afc21f9c321024ed93892a1abfeb621c374,0xf1ec45222bed5472804be6e67db740b738ce5198,0x7b659ef971441dc81f6c9718bcaf978265673dec,1.045068,1.04384133611691,1.04384133611691,,0.8326036949784997
0x96e5e284ffa298fb5f161f974e4be1391e48a7cdf3cf9f02a490a9a5c88030ee,46769119,1780327585,0xa7272afc21f9c321024ed93892a1abfeb621c374,0xf1ec45222bed5472804be6e67db740b738ce5198,0x64dee823db2a87135e58b4c37a8580af6f10551e,1.045068,1.04384133611691,1.04384133611691,,0.8326036949784997
0xa41c4362ebfc408925967d08b41ba57689a2aaf5d8ece9ae1b57520d4d2786ea,46769119,1780327585,0xa7272afc21f9c321024ed93892a1abfeb621c374,0xf1ec45222bed5472804be6e67db740b738ce5198,0xaec4ee9a108304fcc5cdc323d8a2a1d331c342b7,1.045068,1.04384133611691,1.04384133611691,,0.8326036949784997
0x4f30d4f75e0d45093509f904c33b0b85ed080625a25f8a95e0f39ec9f40e47fb,46769224,1780327795,0xa7272afc21f9c321024ed93892a1abfeb621c374,0xf1ec45222bed5472804be6e67db740b738ce5198,0x35d4915425d78508ba038cf1c853b856d8b2cf75,1.045498,1.04384133611691,1.04384133611691,,0.8326036949784997
0x3a10ba64464171862f433ac9bfdc405e27fb8ed3b1148ebdbbaf92a251e9d44a,46769224,1780327795,0xa7272afc21f9c321024ed93892a1abfeb621c374,0xf1ec45222bed5472804be6e67db740b738ce5198,0x7b659ef971441dc81f6c9718bcaf978265673dec,1.045498,1.04384133611691,1.04384133611691,,0.8326036949784997
0xc379a6719a15b8ce8cc275fcc4a5bfe893b72a4e9155a74e2331d56c2356e852,46769224,1780327795,0xa7272afc21f9c321024ed93892a1abfeb621c374,0x044ee44252e1536e7d9ac4dbc9b14cfad9eebd4d,0x64dee823db2a87135e58b4c37a8580af6f10551e,1.045498,1.04384133611691,1.04384133611691,,0.8326036949784997
0x27943d040309258788fb7466d0892b0128fdd3fe170f201a1a9b93d435ff657a,46769225,1780327797,0xa7272afc21f9c321024ed93892a1abfeb621c374,0xf1ec45222bed5472804be6e67db740b738ce5198,0xaec4ee9a108304fcc5cdc323d8a2a1d331c342b7,1.043841,1.04384133611691,1.04384133611691,,0.8326036949784997
0x6e7d36652852a16cf9bdf9dc5637c64e13ac61e19731ad1b4e65eb7ae5d5fc8e,46770367,1780330081,0xa7272afc21f9c321024ed93892a1abfeb621c374,0x1b18c1d3445630cfe6e0744e1b2d6ab7985d06ef,0x35d4915425d78508ba038cf1c853b856d8b2cf75,1.044991,1.04384133611691,1.04384133611691,,0.8326036949784997
0xe0056ed023a838f4a904a248e900a61fcba303f18c1c2d54a2c4dc77d04936a4,46770367,1780330081,0xa7272afc21f9c321024ed93892a1abfeb621c374,0x1b18c1d3445630cfe6e0744e1b2d6ab7985d06ef,0x7b659ef971441dc81f6c9718bcaf978265673dec,1.044991,1.04384133611691,1.04384133611691,,0.8326036949784997
0x2ec3ac0cd93ea04f1831342c91eea846a8a65ae11d9d1be3c3e1d754c5385b0a,46770367,1780330081,0xa7272afc21f9c321024ed93892a1abfeb621c374,0x1b18c1d3445630cfe6e0744e1b2d6ab7985d06ef,0x64dee823db2a87135e58b4c37a8580af6f10551e,1.044991,1.04384133611691,1.04384133611691,,0.8326036949784997
0x29835012d6ce26e0ba4ce1e7aff7c7d7d99fa9163a2279312d0753347d8278ce,46770367,1780330081,0xa7272afc21f9c321024ed93892a1abfeb621c374,0x1b18c1d3445630cfe6e0744e1b2d6ab7985d06ef,0xaec4ee9a108304fcc5cdc323d8a2a1d331c342b7,1.044991,1.04384133611691,1.04384133611691,,0.8326036949784997
0x09cd86e3396f7138697c647e1e7f8d25384cea6e3547e53ff575a3a65eb4da9e,46770397,1780330141,0xa7272afc21f9c321024ed93892a1abfeb621c374,0xf1ec45222bed5472804be6e67db740b738ce5198,0x35d4915425d78508ba038cf1c853b856d8b2cf75,1.045226,1.04384133611691,1.04384133611691,,0.8326036949784997
0xc0219e85352e311f3e4e22a9c258b02bcd526f65e495c66d4b696a9c0fd4b132,46770397,1780330141,0xa7272afc21f9c321024ed93892a1abfeb621c374,0xf1ec45222bed5472804be6e67db740b738ce5198,0x7b659ef971441dc81f6c9718bcaf978265673dec,1.045226,1.04384133611691,1.04384133611691,,0.8326036949784997
0x1f357144e0bab73ff88ed7278dc95cbdf26f130428bd67833b66c143e82eee95,46770397,1780330141,0xa7272afc21f9c321024ed93892a1abfeb621c374,0xf1ec45222bed5472804be6e67db740b738ce5198,0x64dee823db2a87135e58b4c37a8580af6f10551e,1.045226,1.04384133611691,1.04384133611691,,0.8326036949784997
0x5abd02defe8bf73e8be6a4a33d8a37f5f52f027625014a03444f3d76331b3680,46770397,1780330141,0xa7272afc21f9c321024ed93892a1abfeb621c374,0x1b18c1d3445630cfe6e0744e1b2d6ab7985d06ef,0xaec4ee9a108304fcc5cdc323d8a2a1d331c342b7,1.045226,1.04384133611691,1.04384133611691,,0.8326036949784997
0x9007f3cc8dd7717c987da7bb6d88196a7f11d7f45a4872dec645057adf639b5e,46770457,1780330261,0xa7272afc21f9c321024ed93892a1abfeb621c374,0xf1ec45222bed5472804be6e67db740b738ce5198,0x35d4915425d78508ba038cf1c853b856d8b2cf75,1.045145,1.04384133611691,1.04384133611691,,0.8326036949784997
0x6325763e5f7f674a13f8b63c8ee410f8290ad8a1703734bbbe92bf9c9aa4855a,46770457,1780330261,0xa7272afc21f9c321024ed93892a1abfeb621c374,0xf1ec45222bed5472804be6e67db740b738ce5198,0x7b659ef971441dc81f6c9718bcaf978265673dec,1.045145,1.04384133611691,1.04384133611691,,0.8326036949784997
0xaf72e53f7b3c51a3bfa1a20219bf4a8bddb523686477c3d37825efcb5a34667b,46770457,1780330261,0xa7272afc21f9c321024ed93892a1abfeb621c374,0xf1ec45222bed5472804be6e67db740b738ce5198,0x64dee823db2a87135e58b4c37a8580af6f10551e,1.045145,1.04384133611691,1.04384133611691,,0.8326036949784997
0x7b25427d215beac330675e07e5f487f488f2c4413c6304da61e5081c135158c5,46770457,1780330261,0xa7272afc21f9c321024ed93892a1abfeb621c374,0xf1ec45222bed5472804be6e67db740b738ce5198,0xaec4ee9a108304fcc5cdc323d8a2a1d331c342b7,1.045145,1.04384133611691,1.04384133611691,,0.8326036949784997
0x519c0ce4b0513471963ddf3249ec23e6e650994040abc7f76b38cf55a42c8f5a,46770502,1780330351,0xa7272afc21f9c321024ed93892a1abfeb621c374,0x044ee44252e1536e7d9ac4dbc9b14cfad9eebd4d,0x64dee823db2a87135e58b4c37a8580af6f10551e,1.045457,1.04384133611691,1.04384133611691,,0.8326036949784997
0xde41a40c944bf2a7326eb91d64e547f7da71afb05fcf587111e6ce8fb0ae819f,46770502,1780330351,0xa7272afc21f9c321024ed93892a1abfeb621c374,0x1b18c1d3445630cfe6e0744e1b2d6ab7985d06ef,0x35d4915425d78508ba038cf1c853b856d8b2cf75,1.045457,1.04384133611691,1.04384133611691,,0.8326036949784997
0xe2388e3df8f9298183922817216d57cb571da011b455539ddf1ebadb2e2fc7f4,46770502,1780330351,0xa7272afc21f9c321024ed93892a1abfeb621c374,0x1b18c1d3445630cfe6e0744e1b2d6ab7985d06ef,0x7b659ef971441dc81f6c9718bcaf978265673dec,1.045457,1.04384133611691,1.04384133611691,,0.8326036949784997
0xc2f9c8c386650d2c53099229935d06b9bc60b26f865e7e4bb5dbd0ab701c2864,46770502,1780330351,0xa7272afc21f9c321024ed93892a1abfeb621c374,0xf1ec45222bed5472804be6e67db740b738ce5198,0xaec4ee9a108304fcc5cdc323d8a2a1d331c342b7,1.045456,1.04384133611691,1.04384133611691,,0.8326036949784997
0xa57431c80a479cb30784192f77c3fdcce8e362ce9d096e6891f4179253989cec,46788147,1780365641,0xbda8accce92506647378ff4456f24390431496c2,0x1b18c1d3445630cfe6e0744e1b2d6ab7985d06ef,0xe4593deeef3ee0769abc48fefd182c76d026e473,1.076316,1.0741138560687433,1.0741138560687433,,0.727366070175296
0xa056f6c42cb2b023a30d26d9c31f12b8c7d32dbeb1bf9a57c3bbdc3b19e9bc7d,46788147,1780365641,0xbda8accce92506647378ff4456f24390431496c2,0x1b18c1d3445630cfe6e0744e1b2d6ab7985d06ef,0xe4593deeef3ee0769abc48fefd182c76d026e473,1.076316,1.0741138560687433,1.0741138560687433,,0.727366070175296
0x69fae0b4610833f24f1810bf9a07cb0a9c1a7332bdd4fa8a45f03b538825fa0f,46788185,1780365717,0xa7272afc21f9c321024ed93892a1abfeb621c374,0xf1ec45222bed5472804be6e67db740b738ce5198,0x35d4915425d78508ba038cf1c853b856d8b2cf75,1.045211,1.04384133611691,1.04384133611691,,0.8326036949784997
0x5f632a5b9b289df77baf31548999aaf48a35e962a6bea8c957f4db67d6142b55,46788185,1780365717,0xa7272afc21f9c321024ed93892a1abfeb621c374,0xf1ec45222bed5472804be6e67db740b738ce5198,0x7b659ef971441dc81f6c9718bcaf978265673dec,1.045211,1.04384133611691,1.04384133611691,,0.8326036949784997
0x0574e74330ca25eeaab29e405c253f63c2adecf95614a6d7c80c73890f37b8de,46788185,1780365717,0xa7272afc21f9c321024ed93892a1abfeb621c374,0xf1ec45222bed5472804be6e67db740b738ce5198,0x64dee823db2a87135e58b4c37a8580af6f10551e,1.045211,1.04384133611691,1.04384133611691,,0.8326036949784997
0xef48bfbef5311447b05f78516e9fb83597a69a14d62610256d07961e12ed9128,46788185,1780365717,0xa7272afc21f9c321024ed93892a1abfeb621c374,0x044ee44252e1536e7d9ac4dbc9b14cfad9eebd4d,0xaec4ee9a108304fcc5cdc323d8a2a1d331c342b7,1.045211,1.04384133611691,1.04384133611691,,0.8326036949784997
0x5f33fdf98af3ba1086e2aed789ce3354062981dd5bb0f77582c1be3020e81bb9,46788275,1780365897,0xa7272afc21f9c321024ed93892a1abfeb621c374,0x1b18c1d3445630cfe6e0744e1b2d6ab7985d06ef,0x35d4915425d78508ba038cf1c853b856d8b2cf75,1.045634,1.04384133611691,1.04384133611691,,0.8326036949784997
0x5663ff14ac3882230babc46036725537dbb16194e62442d68e109ad9fb1cc808,46788275,1780365897,0xa7272afc21f9c321024ed93892a1abfeb621c374,0x1b18c1d3445630cfe6e0744e1b2d6ab7985d06ef,0x7b659ef971441dc81f6c9718bcaf978265673dec,1.045634,1.04384133611691,1.04384133611691,,0.8326036949784997
0x36c160e6c66506c0ba1d6e29e2afdc6499eaea21260516a91385886adfa60534,46788275,1780365897,0xa7272afc21f9c321024ed93892a1abfeb621c374,0x1b18c1d3445630cfe6e0744e1b2d6ab7985d06ef,0x64dee823db2a87135e58b4c37a8580af6f10551e,1.045634,1.04384133611691,1.04384133611691,,0.8326036949784997
0xfc6a78aad6ecdc7b1e1fe018ecb1badf046213060a2bc3c40ada1c98b21066bf,46788275,1780365897,0xa7272afc21f9c321024ed93892a1abfeb621c374,0x1b18c1d3445630cfe6e0744e1b2d6ab7985d06ef,0xaec4ee9a108304fcc5cdc323d8a2a1d331c342b7,1.045634,1.04384133611691,1.04384133611691,,0.8326036949784997
0xaae510b9c7fc4d938aae17c6b8fb14cb6fa0456c2d360b7e5d728e4405eedac1,46788305,1780365957,0xbda8accce92506647378ff4456f24390431496c2,0x1b18c1d3445630cfe6e0744e1b2d6ab7985d06ef,0xe4593deeef3ee0769abc48fefd182c76d026e473,1.077055,1.0741138560687433,1.0741138560687433,,0.727366070175296
0xbd294d9cfcad92a515404115fc1efe8ae1488d4bb8f099d19a673f855a670144,46788320,1780365987,0xa7272afc21f9c321024ed93892a1abfeb621c374,0xf1ec45222bed5472804be6e67db740b738ce5198,0x35d4915425d78508ba038cf1c853b856d8b2cf75,1.044983,1.04384133611691,1.04384133611691,,0.8326036949784997
0xcdfb37ccd29f6ce2393e935ead7237d3813032551acab2908c22512a9a508cd9,46788320,1780365987,0xa7272afc21f9c321024ed93892a1abfeb621c374,0xf1ec45222bed5472804be6e67db740b738ce5198,0x7b659ef971441dc81f6c9718bcaf978265673dec,1.044983,1.04384133611691,1.04384133611691,,0.8326036949784997
0x8ffc37bcd734c2849937cefbc5676a64f98f96d0e65178439fedc8f096331665,46788320,1780365987,0xa7272afc21f9c321024ed93892a1abfeb621c374,0xf1ec45222bed5472804be6e67db740b738ce5198,0x64dee823db2a87135e58b4c37a8580af6f10551e,1.044983,1.04384133611691,1.04384133611691,,0.8326036949784997
0xcfa2cfd93d89fd6f07695279374b377914bfda51e1a0a69ab9a0b294bb71989f,46788321,1780365989,0xa7272afc21f9c321024ed93892a1abfeb621c374,0xf1ec45222bed5472804be6e67db740b738ce5198,0xaec4ee9a108304fcc5cdc323d8a2a1d331c342b7,1.043841,1.04384133611691,1.04384133611691,,0.8326036949784997
0x65859991c33bba0876167f2dc88a4a1d85db12ee4218cb069a25f6c6ce0c3d27,46788335,1780366017,0xa7272afc21f9c321024ed93892a1abfeb621c374,0xf1ec45222bed5472804be6e67db740b738ce5198,0x7b659ef971441dc81f6c9718bcaf978265673dec,1.045888,1.04384133611691,1.04384133611691,,0.8326036949784997
0x677199db9fe1a8e34ca14e6c3de51e0908b8ddb32c12134ecd8f529dd093760f,46788335,1780366017,0xa7272afc21f9c321024ed93892a1abfeb621c374,0xf1ec45222bed5472804be6e67db740b738ce5198,0x35d4915425d78508ba038cf1c853b856d8b2cf75,1.045888,1.04384133611691,1.04384133611691,,0.8326036949784997
0x25fc5ff29cacf58dd0a6f7000aae36b31223de7551aaf8ad173959b4428bdf38,46788335,1780366017,0xa7272afc21f9c321024ed93892a1abfeb621c374,0xf1ec45222bed5472804be6e67db740b738ce5198,0x64dee823db2a87135e58b4c37a8580af6f10551e,1.045888,1.04384133611691,1.04384133611691,,0.8326036949784997
0xbd2ac18e514cfa9ecc999632db2c1e7ffec4fdece354635e685d8d88c0dea863,46788336,1780366019,0xa7272afc21f9c321024ed93892a1abfeb621c374,0xf1ec45222bed5472804be6e67db740b738ce5198,0xaec4ee9a108304fcc5cdc323d8a2a1d331c342b7,1.043841,1.04384133611691,1.04384133611691,,0.8326036949784997
0x37eb97a017bb6065ee69cb67772e6e869fac6919282dc1686d5da4d2b87d25d8,46788365,1780366077,0xa7272afc21f9c321024ed93892a1abfeb621c374,0xf1ec45222bed5472804be6e67db740b738ce5198,0x35d4915425d78508ba038cf1c853b856d8b2cf75,1.045834,1.04384133611691,1.04384133611691,,0.8326036949784997
0xc7cc3b4431fc123208f2d69f031d5551e8852d78f60b20f49a6bf2819cc728cb,46788365,1780366077,0xa7272afc21f9c321024ed93892a1abfeb621c374,0xf1ec45222bed5472804be6e67db740b738ce5198,0x7b659ef971441dc81f6c9718bcaf978265673dec,1.045834,1.04384133611691,1.04384133611691,,0.8326036949784997
0xd4306766ff460504009807e18e69e5ade951e3cd1f9470050128f5a172d5b46b,46788365,1780366077,0xa7272afc21f9c321024ed93892a1abfeb621c374,0xf1ec45222bed5472804be6e67db740b738ce5198,0x64dee823db2a87135e58b4c37a8580af6f10551e,1.045834,1.04384133611691,1.04384133611691,,0.8326036949784997
0x922d20aced502703f98e382b78e349d61d2e3e6adfd2f87d8df6e706b738c2b5,46788365,1780366077,0xa7272afc21f9c321024ed93892a1abfeb621c374,0xf1ec45222bed5472804be6e67db740b738ce5198,0xaec4ee9a108304fcc5cdc323d8a2a1d331c342b7,1.045833,1.04384133611691,1.04384133611691,,0.8326036949784997
0x16db81753da9f43af71e98d394e14b16162f6ff54b2cecc58b70ec8147a54b21,46794448,1780378243,0xbda8accce92506647378ff4456f24390431496c2,0x1b18c1d3445630cfe6e0744e1b2d6ab7985d06ef,0xe4593deeef3ee0769abc48fefd182c76d026e473,1.077268,1.0741138560687433,1.0741138560687433,,0.727366070175296
0xf0c9cab27732a28870d602528c22bc0978b5a101b1c37da1976d268c9ba4429a,46794449,1780378245,0xbda8accce92506647378ff4456f24390431496c2,0x1b18c1d3445630cfe6e0744e1b2d6ab7985d06ef,0xe4593deeef3ee0769abc48fefd182c76d026e473,1.074113,1.0741138560687433,1.0741138560687433,,0.727366070175296
0xc7a973aac905456aa25a6ae898be1fb6bc8b3a6130afe3abdc792fc4249089d4,46795314,1780379975,0xbda8accce92506647378ff4456f24390431496c2,0x1b18c1d3445630cfe6e0744e1b2d6ab7985d06ef,0xe4593deeef3ee0769abc48fefd182c76d026e473,1.077747,1.0741138560687433,1.0741138560687433,,0.727366070175296
0x83e186667dcbbf7530565f1f9a84b0ef44dd5b2f20ef786ad13773f0cea611f7,46796797,1780382941,0xa7272afc21f9c321024ed93892a1abfeb621c374,0x1b18c1d3445630cfe6e0744e1b2d6ab7985d06ef,0x35d4915425d78508ba038cf1c853b856d8b2cf75,1.045257,1.04384133611691,1.04384133611691,,0.8326036949784997
0xc0cc214ae7c96941b1728e8025d9b98b6921471242765b228a5f464a544efd48,46796797,1780382941,0xa7272afc21f9c321024ed93892a1abfeb621c374,0x1b18c1d3445630cfe6e0744e1b2d6ab7985d06ef,0x7b659ef971441dc81f6c9718bcaf978265673dec,1.045257,1.04384133611691,1.04384133611691,,0.8326036949784997
0xd23e9b516f759dca7d7845822916689908460b45dcfc8582cab8511102601fa3,46796797,1780382941,0xa7272afc21f9c321024ed93892a1abfeb621c374,0x1b18c1d3445630cfe6e0744e1b2d6ab7985d06ef,0x64dee823db2a87135e58b4c37a8580af6f10551e,1.045257,1.04384133611691,1.04384133611691,,0.8326036949784997
0x32ac4315962aa66f2a33d0c1717fc0acfc78a03532553d9c38dd1a872838f000,46796797,1780382941,0xa7272afc21f9c321024ed93892a1abfeb621c374,0x1b18c1d3445630cfe6e0744e1b2d6ab7985d06ef,0xaec4ee9a108304fcc5cdc323d8a2a1d331c342b7,1.045257,1.04384133611691,1.04384133611691,,0.8326036949784997
0x30102361d7f96d605ebd39a105188d8f86c611bd2c486049ae5d7e1451c213df,46797040,1780383427,0xa7272afc21f9c321024ed93892a1abfeb621c374,0x2dd3ff9868201504ec44fe9e658ddd723e8cba2f,0x35d4915425d78508ba038cf1c853b856d8b2cf75,1.045357,1.04384133611691,1.04384133611691,,0.8326036949784997
0x4dc0cdbf897d906c9818a37f7cf97e362104b1fd363af3d30b2ba41e0efabeab,46797040,1780383427,0xa7272afc21f9c321024ed93892a1abfeb621c374,0x2dd3ff9868201504ec44fe9e658ddd723e8cba2f,0x7b659ef971441dc81f6c9718bcaf978265673dec,1.045357,1.04384133611691,1.04384133611691,,0.8326036949784997
0x1b05a168be07bb0c102bf5d1280aa48bbf728f6d7a3be1132d9856bb89211628,46797040,1780383427,0xa7272afc21f9c321024ed93892a1abfeb621c374,0x2dd3ff9868201504ec44fe9e658ddd723e8cba2f,0x64dee823db2a87135e58b4c37a8580af6f10551e,1.045357,1.04384133611691,1.04384133611691,,0.8326036949784997
0x48a137c06316d2085dac31771975b3de59990be91ee39445f7d7731dc0d575d6,46797040,1780383427,0xa7272afc21f9c321024ed93892a1abfeb621c374,0x2dd3ff9868201504ec44fe9e658ddd723e8cba2f,0xaec4ee9a108304fcc5cdc323d8a2a1d331c342b7,1.045357,1.04384133611691,1.04384133611691,,0.8326036949784997
0xc3c432645fd9e818d5c7411d8dbe340011b3b2eb3692d867d9ce65daba5394d6,46797119,1780383585,0xbda8accce92506647378ff4456f24390431496c2,0x1b18c1d3445630cfe6e0744e1b2d6ab7985d06ef,0xe4593deeef3ee0769abc48fefd182c76d026e473,1.075786,1.0741138560687433,1.0741138560687433,,0.727366070175296
0x5e4372a43c8eeddb5f97f4b78ca13f8654cc1c995738a55a050aedf7130f4efb,46797175,1780383697,0xa7272afc21f9c321024ed93892a1abfeb621c374,0x1b18c1d3445630cfe6e0744e1b2d6ab7985d06ef,0x35d4915425d78508ba038cf1c853b856d8b2cf75,1.045207,1.04384133611691,1.04384133611691,,0.8326036949784997
0xb9ed796f52f98fe8f18c1665f9dfae42e493da42d4150b22c7b4e9890c2034af,46797175,1780383697,0xa7272afc21f9c321024ed93892a1abfeb621c374,0xf1ec45222bed5472804be6e67db740b738ce5198,0x64dee823db2a87135e58b4c37a8580af6f10551e,1.045207,1.04384133611691,1.04384133611691,,0.8326036949784997
0x29bc4c52dd69894a6b38c3ba01da8de7833f54f8822539862dc7e0cbdc7f347c,46797175,1780383697,0xa7272afc21f9c321024ed93892a1abfeb621c374,0x1b18c1d3445630cfe6e0744e1b2d6ab7985d06ef,0x7b659ef971441dc81f6c9718bcaf978265673dec,1.045207,1.04384133611691,1.04384133611691,,0.8326036949784997
0x2c93e39bec74ae82d5ab0bf2e7a44f66ea7b8d2f49618da122538acdbb715588,46797175,1780383697,0xa7272afc21f9c321024ed93892a1abfeb621c374,0x1b18c1d3445630cfe6e0744e1b2d6ab7985d06ef,0xaec4ee9a108304fcc5cdc323d8a2a1d331c342b7,1.045207,1.04384133611691,1.04384133611691,,0.8326036949784997
0x4cc833e450b507e0917eb0cf49f8b7baed8629c25d0b7be782784d8af5cff711,46797190,1780383727,0xa7272afc21f9c321024ed93892a1abfeb621c374,0xf1ec45222bed5472804be6e67db740b738ce5198,0x35d4915425d78508ba038cf1c853b856d8b2cf75,1.045439,1.04384133611691,1.04384133611691,,0.8326036949784997
0xc16bf00ef17759497e718184d37f86c71ea4ce40e8dde78fa7a98a94319de528,46797190,1780383727,0xa7272afc21f9c321024ed93892a1abfeb621c374,0xf1ec45222bed5472804be6e67db740b738ce5198,0x64dee823db2a87135e58b4c37a8580af6f10551e,1.045439,1.04384133611691,1.04384133611691,,0.8326036949784997
0x07d051fe60c38ae9ae4e5c12a25d860302fded791a3febe66dbd7ba45f0b46dc,46797190,1780383727,0xa7272afc21f9c321024ed93892a1abfeb621c374,0x1b18c1d3445630cfe6e0744e1b2d6ab7985d06ef,0x7b659ef971441dc81f6c9718bcaf978265673dec,1.045439,1.04384133611691,1.04384133611691,,0.8326036949784997
0x4eaab8c4b4adb0038bd175d0f65c8d5ed8b90debc7d85fc457db1a06ba14f06c,46797190,1780383727,0xa7272afc21f9c321024ed93892a1abfeb621c374,0xf1ec45222bed5472804be6e67db740b738ce5198,0xaec4ee9a108304fcc5cdc323d8a2a1d331c342b7,1.045438,1.04384133611691,1.04384133611691,,0.8326036949784997
0xef7e349e5f3ae9c9be99d188808b428ac0938d45b11c57f92b2f12fd19d1694d,46797250,1780383847,0xa7272afc21f9c321024ed93892a1abfeb621c374,0x1b18c1d3445630cfe6e0744e1b2d6ab7985d06ef,0x35d4915425d78508ba038cf1c853b856d8b2cf75,1.044909,1.04384133611691,1.04384133611691,,0.8326036949784997
0x0c9a0a3aa916ceb67195f26a660377b22b04a175c6fb3851ad5c094f4cc59923,46797250,1780383847,0xa7272afc21f9c321024ed93892a1abfeb621c374,0x1b18c1d3445630cfe6e0744e1b2d6ab7985d06ef,0x7b659ef971441dc81f6c9718bcaf978265673dec,1.044909,1.04384133611691,1.04384133611691,,0.8326036949784997
0xc2258337cd500471a50bc59bb8cfecaa0ddcc68f470200743e73d54530bf282b,46797250,1780383847,0xa7272afc21f9c321024ed93892a1abfeb621c374,0x1b18c1d3445630cfe6e0744e1b2d6ab7985d06ef,0x64dee823db2a87135e58b4c37a8580af6f10551e,1.044909,1.04384133611691,1.04384133611691,,0.8326036949784997
0x170539761b770bdc383894e1b49ec15f9d9b9439fd72d82527f8e6b8306c9a67,46797250,1780383847,0xa7272afc21f9c321024ed93892a1abfeb621c374,0x1b18c1d3445630cfe6e0744e1b2d6ab7985d06ef,0xaec4ee9a108304fcc5cdc323d8a2a1d331c342b7,1.044909,1.04384133611691,1.04384133611691,,0.8326036949784997
0x493f85e30c5937e87c1d2e9f56df9f46f8dea0c887f44590d09e12d65b0d02cd,46800384,1780390115,0xa7272afc21f9c321024ed93892a1abfeb621c374,0xf1ec45222bed5472804be6e67db740b738ce5198,0x35d4915425d78508ba038cf1c853b856d8b2cf75,1.045051,1.04384133611691,1.04384133611691,,0.8326036949784997
0x834d992b914c39e9c449010238b8b36d4098a5229739fe45ecf0ca93385a2398,46800384,1780390115,0xa7272afc21f9c321024ed93892a1abfeb621c374,0xf1ec45222bed5472804be6e67db740b738ce5198,0x7b659ef971441dc81f6c9718bcaf978265673dec,1.045051,1.04384133611691,1.04384133611691,,0.8326036949784997
0x1502573685c29ca0714a8e43579b57daed16b73b36515715ee09cd5a69035fce,46800384,1780390115,0xa7272afc21f9c321024ed93892a1abfeb621c374,0x1b18c1d3445630cfe6e0744e1b2d6ab7985d06ef,0x64dee823db2a87135e58b4c37a8580af6f10551e,1.045051,1.04384133611691,1.04384133611691,,0.8326036949784997
0x284e062e7c969f4f46fba9fa2d627e1618fb19598cc780499db4c2266a2c6c19,46800384,1780390115,0xa7272afc21f9c321024ed93892a1abfeb621c374,0x1b18c1d3445630cfe6e0744e1b2d6ab7985d06ef,0xaec4ee9a108304fcc5cdc323d8a2a1d331c342b7,1.045051,1.04384133611691,1.04384133611691,,0.8326036949784997
0x6f93ec2291ea6994e19f3b2a3dae12523555a139167079e0ce48f46536d92bdc,46800539,1780390425,0xbda8accce92506647378ff4456f24390431496c2,0x1b18c1d3445630cfe6e0744e1b2d6ab7985d06ef,0xe4593deeef3ee0769abc48fefd182c76d026e473,1.077221,1.0741138560687433,1.0741138560687433,,0.727366070175296
0x533b090b1bb740eb1b5605b541572d13aba89ffe0da3e3b1a570a17278ce59d3,46800624,1780390595,0xa7272afc21f9c321024ed93892a1abfeb621c374,0x1b18c1d3445630cfe6e0744e1b2d6ab7985d06ef,0x35d4915425d78508ba038cf1c853b856d8b2cf75,1.044902,1.04384133611691,1.04384133611691,,0.8326036949784997
0xa5cb8ead35bb2f641e3aca622895766fb667f1228f6fc7c9b94a66f04c32c2e4,46800624,1780390595,0xa7272afc21f9c321024ed93892a1abfeb621c374,0x1b18c1d3445630cfe6e0744e1b2d6ab7985d06ef,0x7b659ef971441dc81f6c9718bcaf978265673dec,1.044902,1.04384133611691,1.04384133611691,,0.8326036949784997
0x23d1873c96768cde8ba106d74ebdd91d30fd9475139b979a7f68ab1af78dcec7,46800624,1780390595,0xa7272afc21f9c321024ed93892a1abfeb621c374,0x1b18c1d3445630cfe6e0744e1b2d6ab7985d06ef,0x64dee823db2a87135e58b4c37a8580af6f10551e,1.044902,1.04384133611691,1.04384133611691,,0.8326036949784997
0x6748eca3a198726cf6116970a7a4f2753c42446c96793747d17fe40273dc69bc,46800624,1780390595,0xa7272afc21f9c321024ed93892a1abfeb621c374,0x1b18c1d3445630cfe6e0744e1b2d6ab7985d06ef,0xaec4ee9a108304fcc5cdc323d8a2a1d331c342b7,1.044902,1.04384133611691,1.04384133611691,,0.8326036949784997
0xa3f01125edbf5b25289adbcf584d7c3ce327fcaed834c5102a78d96702667c80,46800820,1780390987,0xa7272afc21f9c321024ed93892a1abfeb621c374,0xf1ec45222bed5472804be6e67db740b738ce5198,0x35d4915425d78508ba038cf1c853b856d8b2cf75,1.043841,1.04384133611691,1.04384133611691,,0.8326036949784997
0x890da045943d44e0f3359dc09a85ab59df56b3739db233111a5349047885bac8,46800820,1780390987,0xa7272afc21f9c321024ed93892a1abfeb621c374,0xf1ec45222bed5472804be6e67db740b738ce5198,0x7b659ef971441dc81f6c9718bcaf978265673dec,1.043841,1.04384133611691,1.04384133611691,,0.8326036949784997
0x99954e6f397c1c135265d033358cef9c064a25ab1a34862cf674c5c550380894,46800820,1780390987,0xa7272afc21f9c321024ed93892a1abfeb621c374,0x2dd3ff9868201504ec44fe9e658ddd723e8cba2f,0x64dee823db2a87135e58b4c37a8580af6f10551e,1.043841,1.04384133611691,1.04384133611691,,0.8326036949784997
0x7615173007a9f5da9903a6f4432c79828c4985c2ac4bbdb711b89dbbad5012fa,46800820,1780390987,0xa7272afc21f9c321024ed93892a1abfeb621c374,0x2dd3ff9868201504ec44fe9e658ddd723e8cba2f,0xaec4ee9a108304fcc5cdc323d8a2a1d331c342b7,1.043841,1.04384133611691,1.04384133611691,,0.8326036949784997
0x569b8fa1f291a3e350c171f8f6407d524d55456429f1b810a612244573cf70cf,46800925,1780391197,0xa7272afc21f9c321024ed93892a1abfeb621c374,0x2dd3ff9868201504ec44fe9e658ddd723e8cba2f,0x35d4915425d78508ba038cf1c853b856d8b2cf75,1.044994,1.04384133611691,1.04384133611691,,0.8326036949784997
0xb5ec5a9c6f49b904b0d1f783934ce3577ec87654a84ba37d7e6398f4fe21ce77,46800925,1780391197,0xa7272afc21f9c321024ed93892a1abfeb621c374,0x2dd3ff9868201504ec44fe9e658ddd723e8cba2f,0x7b659ef971441dc81f6c9718bcaf978265673dec,1.044994,1.04384133611691,1.04384133611691,,0.8326036949784997
0x2b815947750da28f3f13e438f666665a98e60a6c46e08e7be5a23f89e285a782,46800925,1780391197,0xa7272afc21f9c321024ed93892a1abfeb621c374,0x2dd3ff9868201504ec44fe9e658ddd723e8cba2f,0x64dee823db2a87135e58b4c37a8580af6f10551e,1.044994,1.04384133611691,1.04384133611691,,0.8326036949784997
0x99bceaffca642577e189d040ea4c848709977828f7f475a4ce48a62a663b0957,46800925,1780391197,0xa7272afc21f9c321024ed93892a1abfeb621c374,0x2dd3ff9868201504ec44fe9e658ddd723e8cba2f,0xaec4ee9a108304fcc5cdc323d8a2a1d331c342b7,1.044994,1.04384133611691,1.04384133611691,,0.8326036949784997
0x7fe143743f9791a7856c4ecfba510a26a15be64a04864b641514d9cdff8b45d3,46801019,1780391385,0xbda8accce92506647378ff4456f24390431496c2,0x1b18c1d3445630cfe6e0744e1b2d6ab7985d06ef,0xe4593deeef3ee0769abc48fefd182c76d026e473,1.076231,1.0741138560687433,1.0741138560687433,,0.727366070175296
0x317f403346827b09efc71f9390ebc070f07e03094d0c602ac6bc7d354909ebd4,46801105,1780391557,0xa7272afc21f9c321024ed93892a1abfeb621c374,0x1b18c1d3445630cfe6e0744e1b2d6ab7985d06ef,0xaec4ee9a108304fcc5cdc323d8a2a1d331c342b7,1.045647,1.04384133611691,1.04384133611691,,0.8326036949784997
0xada1de430e3c3d31d990ba899bc4bba266e9c8697df56f7736144e730cd0fcd2,46801105,1780391557,0xa7272afc21f9c321024ed93892a1abfeb621c374,0x1b18c1d3445630cfe6e0744e1b2d6ab7985d06ef,0x35d4915425d78508ba038cf1c853b856d8b2cf75,1.045647,1.04384133611691,1.04384133611691,,0.8326036949784997
0x09bbfe9ab968d3a7e0c0200bf4ebc341171e0d0694239dc76176ec4be3bf52d9,46801105,1780391557,0xa7272afc21f9c321024ed93892a1abfeb621c374,0x1b18c1d3445630cfe6e0744e1b2d6ab7985d06ef,0x7b659ef971441dc81f6c9718bcaf978265673dec,1.045647,1.04384133611691,1.04384133611691,,0.8326036949784997
0x2f2476d3df5f437a1a286133eec1c8f81408d5b9cdfc6af31c767ab472c3437f,46801105,1780391557,0xa7272afc21f9c321024ed93892a1abfeb621c374,0x1b18c1d3445630cfe6e0744e1b2d6ab7985d06ef,0x64dee823db2a87135e58b4c37a8580af6f10551e,1.045647,1.04384133611691,1.04384133611691,,0.8326036949784997
0x7b987cfc35f7a9c9d3e9f91c00c1143269ada4f2a1599d1c9096add6e6c2cce1,46801450,1780392247,0xa7272afc21f9c321024ed93892a1abfeb621c374,0x1b18c1d3445630cfe6e0744e1b2d6ab7985d06ef,0x35d4915425d78508ba038cf1c853b856d8b2cf75,1.044895,1.04384133611691,1.04384133611691,,0.8326036949784997
0x182705be68c5bc66726a71ce410bbec9eab7f38dadb354cc5f249f3b8b658fcd,46801450,1780392247,0xa7272afc21f9c321024ed93892a1abfeb621c374,0x1b18c1d3445630cfe6e0744e1b2d6ab7985d06ef,0x7b659ef971441dc81f6c9718bcaf978265673dec,1.044895,1.04384133611691,1.04384133611691,,0.8326036949784997
0x308676c15a03edb6740dd81d25b7c6aa821c21bbe26173a30fa0689c3d3b436d,46801450,1780392247,0xa7272afc21f9c321024ed93892a1abfeb621c374,0x1b18c1d3445630cfe6e0744e1b2d6ab7985d06ef,0x64dee823db2a87135e58b4c37a8580af6f10551e,1.044895,1.04384133611691,1.04384133611691,,0.8326036949784997
0x288f4aaa7e365c8da202e6cea8e738348c78a2a44debcb8f20072943e5cec464,46801450,1780392247,0xa7272afc21f9c321024ed93892a1abfeb621c374,0x1b18c1d3445630cfe6e0744e1b2d6ab7985d06ef,0xaec4ee9a108304fcc5cdc323d8a2a1d331c342b7,1.044895,1.04384133611691,1.04384133611691,,0.8326036949784997
0xe30a7fe4caf054a9c10829a3aaef134da4b896e20af4dd4f4e788bf8f24117c6,46801615,1780392577,0xa7272afc21f9c321024ed93892a1abfeb621c374,0x1b18c1d3445630cfe6e0744e1b2d6ab7985d06ef,0x35d4915425d78508ba038cf1c853b856d8b2cf75,1.045336,1.04384133611691,1.04384133611691,,0.8326036949784997
0x93866b71092a750877a093c05154cb03a9456932eb4b595c6998985d5c1f9b22,46801615,1780392577,0xa7272afc21f9c321024ed93892a1abfeb621c374,0x1b18c1d3445630cfe6e0744e1b2d6ab7985d06ef,0x7b659ef971441dc81f6c9718bcaf978265673dec,1.045336,1.04384133611691,1.04384133611691,,0.8326036949784997
0x6e669e0ec7c5878586a4dccf0fec06320a9fcc41ebb2109517995ee248c8e32d,46801615,1780392577,0xa7272afc21f9c321024ed93892a1abfeb621c374,0x1b18c1d3445630cfe6e0744e1b2d6ab7985d06ef,0x64dee823db2a87135e58b4c37a8580af6f10551e,1.045336,1.04384133611691,1.04384133611691,,0.8326036949784997
0xfb5b226d3ebd949bbca844507df2ec46861d5f65d1c8424fbdb4fc675fd8f860,46801615,1780392577,0xa7272afc21f9c321024ed93892a1abfeb621c374,0x1b18c1d3445630cfe6e0744e1b2d6ab7985d06ef,0xaec4ee9a108304fcc5cdc323d8a2a1d331c342b7,1.045336,1.04384133611691,1.04384133611691,,0.8326036949784997
0x2cbb2d12118b88c4865f7c4be4af2950ec9fc64788992b1d274016f4e7b49f6f,46802544,1780394435,0xbda8accce92506647378ff4456f24390431496c2,0x1b18c1d3445630cfe6e0744e1b2d6ab7985d06ef,0xe4593deeef3ee0769abc48fefd182c76d026e473,1.074113,1.0741138560687433,1.0741138560687433,,0.727366070175296
0x1edfe70de121d13ba18e5cc3516f23e2bb7098eac116947d214ef3ad4be44a70,46802620,1780394587,0xbda8accce92506647378ff4456f24390431496c2,0x1b18c1d3445630cfe6e0744e1b2d6ab7985d06ef,0xe4593deeef3ee0769abc48fefd182c76d026e473,1.075076,1.0741138560687433,1.0741138560687433,,0.727366070175296
0x2ee298b934c3a660c0a353f32182834d373521e4fd27c01b21fe97106c4eb326,46806668,1780402683,0xa7272afc21f9c321024ed93892a1abfeb621c374,0x1b18c1d3445630cfe6e0744e1b2d6ab7985d06ef,0x35d4915425d78508ba038cf1c853b856d8b2cf75,1.044958,1.04384133611691,1.04384133611691,,0.8326036949784997
0xff3c3b2a5744148395d08b48fbc31bca8ec6a9df110bd1306465a04bd1b17549,46806668,1780402683,0xa7272afc21f9c321024ed93892a1abfeb621c374,0x1b18c1d3445630cfe6e0744e1b2d6ab7985d06ef,0x7b659ef971441dc81f6c9718bcaf978265673dec,1.044958,1.04384133611691,1.04384133611691,,0.8326036949784997
0x65a938dbca96eac360a98f4006ec664c8b35df6dc9b316754a13a4f535e8d73f,46806668,1780402683,0xa7272afc21f9c321024ed93892a1abfeb621c374,0x1b18c1d3445630cfe6e0744e1b2d6ab7985d06ef,0x64dee823db2a87135e58b4c37a8580af6f10551e,1.044958,1.04384133611691,1.04384133611691,,0.8326036949784997
0xe227431957a893551f1fcc153d59944f2cdf72bbc5949f9382ea23f8b677ff13,46806668,1780402683,0xa7272afc21f9c321024ed93892a1abfeb621c374,0x1b18c1d3445630cfe6e0744e1b2d6ab7985d06ef,0xaec4ee9a108304fcc5cdc323d8a2a1d331c342b7,1.044958,1.04384133611691,1.04384133611691,,0.8326036949784997
0x193d59e3b99181ba6df82ecb8ff194e369421ab7ce6fd225e4ba865039e7a467,46807078,1780403503,0xa7272afc21f9c321024ed93892a1abfeb621c374,0x1b18c1d3445630cfe6e0744e1b2d6ab7985d06ef,0x35d4915425d78508ba038cf1c853b856d8b2cf75,1.045122,1.04384133611691,1.04384133611691,,0.8326036949784997
0x53cd1a0e12810f9b680e72f5b132511ebe710ee5211a32e098e4cef598124ca2,46807078,1780403503,0xa7272afc21f9c321024ed93892a1abfeb621c374,0x1b18c1d3445630cfe6e0744e1b2d6ab7985d06ef,0x7b659ef971441dc81f6c9718bcaf978265673dec,1.045122,1.04384133611691,1.04384133611691,,0.8326036949784997
0x00bd78dbcbb8a05492e426946fdd7a2ad6b25609bb5d281cd5942339f01e1524,46807078,1780403503,0xa7272afc21f9c321024ed93892a1abfeb621c374,0x1b18c1d3445630cfe6e0744e1b2d6ab7985d06ef,0x64dee823db2a87135e58b4c37a8580af6f10551e,1.045122,1.04384133611691,1.04384133611691,,0.8326036949784997
0x5b97b2cd900ad4f1b71111c87e912033fe53c05ce8ee4df68e88468fea49214e,46807078,1780403503,0xa7272afc21f9c321024ed93892a1abfeb621c374,0x1b18c1d3445630cfe6e0744e1b2d6ab7985d06ef,0xaec4ee9a108304fcc5cdc323d8a2a1d331c342b7,1.045122,1.04384133611691,1.04384133611691,,0.8326036949784997
0xb99801c8e366a6e23355a6c4bea3601cdd938bb652782683453c6811396d42b8,46807292,1780403931,0xa7272afc21f9c321024ed93892a1abfeb621c374,0x218172c19435ba4adfe3d212f3fa9e4e329e782b,0x35d4915425d78508ba038cf1c853b856d8b2cf75,1.044972,1.04384133611691,1.04384133611691,,0.8326036949784997
0x2b3a674817f7a521abe387a6cf2b87b00e949bd709dc0e1381476be2b88ebdd8,46807292,1780403931,0xa7272afc21f9c321024ed93892a1abfeb621c374,0x218172c19435ba4adfe3d212f3fa9e4e329e782b,0x7b659ef971441dc81f6c9718bcaf978265673dec,1.044972,1.04384133611691,1.04384133611691,,0.8326036949784997
0x5f9fe6a7acc50e7a4a2af7516c8aa28b81521d774c30ccdc6f1d96f664957a4d,46807292,1780403931,0xa7272afc21f9c321024ed93892a1abfeb621c374,0x218172c19435ba4adfe3d212f3fa9e4e329e782b,0x64dee823db2a87135e58b4c37a8580af6f10551e,1.044972,1.04384133611691,1.04384133611691,,0.8326036949784997
0xc18e38df3cd34c71ac97649b35bac25de29329c8c79f9c0c086c3abfd071bf95,46807292,1780403931,0xa7272afc21f9c321024ed93892a1abfeb621c374,0x218172c19435ba4adfe3d212f3fa9e4e329e782b,0xaec4ee9a108304fcc5cdc323d8a2a1d331c342b7,1.044972,1.04384133611691,1.04384133611691,,0.8326036949784997
0x6f955401946c1317e07a7e8b82bc5595b90243dc2a8abf53f369e154dd564078,46807816,1780404979,0xa7272afc21f9c321024ed93892a1abfeb621c374,0x218172c19435ba4adfe3d212f3fa9e4e329e782b,0x35d4915425d78508ba038cf1c853b856d8b2cf75,1.044954,1.04384133611691,1.04384133611691,,0.8326036949784997
0xf30246de1648d876643258f9e7c1a30729137d47923c5a6a21206b7c5b4286b2,46807816,1780404979,0xa7272afc21f9c321024ed93892a1abfeb621c374,0x218172c19435ba4adfe3d212f3fa9e4e329e782b,0x7b659ef971441dc81f6c9718bcaf978265673dec,1.044954,1.04384133611691,1.04384133611691,,0.8326036949784997
0x49c9f9d07cb762eaad82a9393a50b4e0afe097926d9ca0af97f233c4ef106c4b,46807816,1780404979,0xa7272afc21f9c321024ed93892a1abfeb621c374,0x218172c19435ba4adfe3d212f3fa9e4e329e782b,0x64dee823db2a87135e58b4c37a8580af6f10551e,1.044954,1.04384133611691,1.04384133611691,,0.8326036949784997
0x0adf3689a90a41356d4bc10b10ac5eedb57265df54c7cb7e46513014e05be65b,46807816,1780404979,0xa7272afc21f9c321024ed93892a1abfeb621c374,0x218172c19435ba4adfe3d212f3fa9e4e329e782b,0xaec4ee9a108304fcc5cdc323d8a2a1d331c342b7,1.044954,1.04384133611691,1.04384133611691,,0.8326036949784997
0x90242fc92f78311511044678e201652b00c0767efdaba36f38377d1703afa563,46807937,1780405221,0xa7272afc21f9c321024ed93892a1abfeb621c374,0x1b18c1d3445630cfe6e0744e1b2d6ab7985d06ef,0x35d4915425d78508ba038cf1c853b856d8b2cf75,1.044919,1.04384133611691,1.04384133611691,,0.8326036949784997
0x9250b4d55000266fb87a63f584cc705010251b13e52ae8df144627e84dd5b1d5,46807937,1780405221,0xa7272afc21f9c321024ed93892a1abfeb621c374,0x1b18c1d3445630cfe6e0744e1b2d6ab7985d06ef,0x7b659ef971441dc81f6c9718bcaf978265673dec,1.044919,1.04384133611691,1.04384133611691,,0.8326036949784997
0x537118ce749930662239661e3fff6ec2b6a0ec231008f03526a9b1e3909ef4c5,46807937,1780405221,0xa7272afc21f9c321024ed93892a1abfeb621c374,0x1b18c1d3445630cfe6e0744e1b2d6ab7985d06ef,0x64dee823db2a87135e58b4c37a8580af6f10551e,1.044919,1.04384133611691,1.04384133611691,,0.8326036949784997
0xd156a73344ba080ba6e802904b4c64678e5752cc0c5c734260f01197fb769c6f,46807937,1780405221,0xa7272afc21f9c321024ed93892a1abfeb621c374,0x1b18c1d3445630cfe6e0744e1b2d6ab7985d06ef,0xaec4ee9a108304fcc5cdc323d8a2a1d331c342b7,1.044919,1.04384133611691,1.04384133611691,,0.8326036949784997
0x6911f2656e4082a46fd40253a21138ec815787d6c475c676e8467877d50a953f,46808386,1780406119,0xa7272afc21f9c321024ed93892a1abfeb621c374,0xf1ec45222bed5472804be6e67db740b738ce5198,0x35d4915425d78508ba038cf1c853b856d8b2cf75,1.044963,1.04384133611691,1.04384133611691,,0.8326036949784997
0x1547b377980e78c4a88fb0441696ce7a4b3c913dc0b86c0a4b3918b654216c26,46808386,1780406119,0xa7272afc21f9c321024ed93892a1abfeb621c374,0xf1ec45222bed5472804be6e67db740b738ce5198,0x7b659ef971441dc81f6c9718bcaf978265673dec,1.044963,1.04384133611691,1.04384133611691,,0.8326036949784997
0x2b5bbcea7e11ec35e727df55fe5bf5edf52c631129efb372715c12b92187d05b,46808386,1780406119,0xa7272afc21f9c321024ed93892a1abfeb621c374,0xf1ec45222bed5472804be6e67db740b738ce5198,0x64dee823db2a87135e58b4c37a8580af6f10551e,1.044962,1.04384133611691,1.04384133611691,,0.8326036949784997
0x472493bdc7c9575cbf75b0b0aabbd0fe624ccf98278c0b10133854eb5caced61,46808386,1780406119,0xa7272afc21f9c321024ed93892a1abfeb621c374,0x218172c19435ba4adfe3d212f3fa9e4e329e782b,0xaec4ee9a108304fcc5cdc323d8a2a1d331c342b7,1.044963,1.04384133611691,1.04384133611691,,0.8326036949784997
0x3d8da8871a4520b90d14fb3e5d42bd925ae5ec02ff33dd11d193dfb371c95f49,46809002,1780407351,0xa7272afc21f9c321024ed93892a1abfeb621c374,0x218172c19435ba4adfe3d212f3fa9e4e329e782b,0x35d4915425d78508ba038cf1c853b856d8b2cf75,1.044922,1.04384133611691,1.04384133611691,,0.8326036949784997
0xab73b598eff45d3a16d673353ee35ce7a8e9bd2ae829bef05f8cf991b09571f2,46809002,1780407351,0xa7272afc21f9c321024ed93892a1abfeb621c374,0x218172c19435ba4adfe3d212f3fa9e4e329e782b,0x7b659ef971441dc81f6c9718bcaf978265673dec,1.044922,1.04384133611691,1.04384133611691,,0.8326036949784997
0x5175a592cf8807618bd311b1d96af635a56c3876a3d9679ce47d77323919e687,46809002,1780407351,0xa7272afc21f9c321024ed93892a1abfeb621c374,0x218172c19435ba4adfe3d212f3fa9e4e329e782b,0x64dee823db2a87135e58b4c37a8580af6f10551e,1.044922,1.04384133611691,1.04384133611691,,0.8326036949784997
0xc28d28782f2c109eb8b7d77b49eeecfc81626880d7e1f4f19abf2db61a5ad40d,46809002,1780407351,0xa7272afc21f9c321024ed93892a1abfeb621c374,0x1b18c1d3445630cfe6e0744e1b2d6ab7985d06ef,0xaec4ee9a108304fcc5cdc323d8a2a1d331c342b7,1.044922,1.04384133611691,1.04384133611691,,0.8326036949784997
0x50e02c4b1abc2acf89108b0be56dc92a99c23821abb2f8aaa231ea1162a83c95,46809257,1780407861,0xa7272afc21f9c321024ed93892a1abfeb621c374,0x218172c19435ba4adfe3d212f3fa9e4e329e782b,0x35d4915425d78508ba038cf1c853b856d8b2cf75,1.045604,1.04384133611691,1.04384133611691,,0.8326036949784997
0x5ad697a4e02d34b16a2dbdc4f6ceaa2bd708453c5a8c6673461fd3a48edd52aa,46809257,1780407861,0xa7272afc21f9c321024ed93892a1abfeb621c374,0x218172c19435ba4adfe3d212f3fa9e4e329e782b,0x7b659ef971441dc81f6c9718bcaf978265673dec,1.045604,1.04384133611691,1.04384133611691,,0.8326036949784997
0x21672508b26722263d54b45ca2ef5c552acc867211d81ef4658b318d53fd4f2d,46809257,1780407861,0xa7272afc21f9c321024ed93892a1abfeb621c374,0x218172c19435ba4adfe3d212f3fa9e4e329e782b,0x64dee823db2a87135e58b4c37a8580af6f10551e,1.045604,1.04384133611691,1.04384133611691,,0.8326036949784997
0x829e522c4afa6eaaef64a0d768d8a1b9995b724e91767ddbaecd3bf9e7659066,46809257,1780407861,0xa7272afc21f9c321024ed93892a1abfeb621c374,0x218172c19435ba4adfe3d212f3fa9e4e329e782b,0xaec4ee9a108304fcc5cdc323d8a2a1d331c342b7,1.045604,1.04384133611691,1.04384133611691,,0.8326036949784997
0x5007460cb89e44947fcc431070e1f05ab27eac63f470cbdc6e4320400cfce270,46809422,1780408191,0xa7272afc21f9c321024ed93892a1abfeb621c374,0x218172c19435ba4adfe3d212f3fa9e4e329e782b,0x35d4915425d78508ba038cf1c853b856d8b2cf75,1.045309,1.04384133611691,1.04384133611691,,0.8326036949784997
0x68d1f27c9b9cbcab8169a1f38ec1d1a9d10bfdc6c2c997d77532597fdac1a4ab,46809422,1780408191,0xa7272afc21f9c321024ed93892a1abfeb621c374,0x1b18c1d3445630cfe6e0744e1b2d6ab7985d06ef,0x7b659ef971441dc81f6c9718bcaf978265673dec,1.045309,1.04384133611691,1.04384133611691,,0.8326036949784997
0x507995f82de11acefd397d67334213b4489aac224998866aa68aaa540653458e,46809422,1780408191,0xa7272afc21f9c321024ed93892a1abfeb621c374,0x1b18c1d3445630cfe6e0744e1b2d6ab7985d06ef,0x64dee823db2a87135e58b4c37a8580af6f10551e,1.045309,1.04384133611691,1.04384133611691,,0.8326036949784997
0x6e863b9c22eb25e8a3686f90a14338d72c1bae411c87fb25022a18077fe04536,46809422,1780408191,0xa7272afc21f9c321024ed93892a1abfeb621c374,0x1b18c1d3445630cfe6e0744e1b2d6ab7985d06ef,0xaec4ee9a108304fcc5cdc323d8a2a1d331c342b7,1.045309,1.04384133611691,1.04384133611691,,0.8326036949784997
0xd1c28c0acfa4d29ee3795849688b209feda183d5e1ea49af36b9b4c373cbecf4,46809737,1780408821,0xa7272afc21f9c321024ed93892a1abfeb621c374,0x1b18c1d3445630cfe6e0744e1b2d6ab7985d06ef,0x35d4915425d78508ba038cf1c853b856d8b2cf75,1.044893,1.04384133611691,1.04384133611691,,0.8326036949784997
0x149187f83bb123cff76a522602871081c55723be3b6144c18acedceacc28f678,46809737,1780408821,0xa7272afc21f9c321024ed93892a1abfeb621c374,0x1b18c1d3445630cfe6e0744e1b2d6ab7985d06ef,0x7b659ef971441dc81f6c9718bcaf978265673dec,1.044893,1.04384133611691,1.04384133611691,,0.8326036949784997
0x8a88d54d700bc1014fa85200f343919e62f5fc45937a8bcef45f0eea5ac1fd43,46809737,1780408821,0xa7272afc21f9c321024ed93892a1abfeb621c374,0x1b18c1d3445630cfe6e0744e1b2d6ab7985d06ef,0x64dee823db2a87135e58b4c37a8580af6f10551e,1.044893,1.04384133611691,1.04384133611691,,0.8326036949784997
0x001d470ed6c8917e2746d7fbf2db8386eb57508f431a79055dcaa53c89427c84,46809737,1780408821,0xa7272afc21f9c321024ed93892a1abfeb621c374,0x1b18c1d3445630cfe6e0744e1b2d6ab7985d06ef,0xaec4ee9a108304fcc5cdc323d8a2a1d331c342b7,1.044893,1.04384133611691,1.04384133611691,,0.8326036949784997
0x3afc9509a203e26bc8e8cb87fca843f901db1595e6ec87d84333e1021c518e1d,46809770,1780408887,0xa7272afc21f9c321024ed93892a1abfeb621c374,0x1b18c1d3445630cfe6e0744e1b2d6ab7985d06ef,0x35d4915425d78508ba038cf1c853b856d8b2cf75,1.04523,1.04384133611691,1.04384133611691,,0.8326036949784997
0xfe274fea69c41bd5ce4b96e4861d3afa06d4d49faf998f92248df0c4a46b5d47,46809770,1780408887,0xa7272afc21f9c321024ed93892a1abfeb621c374,0x1b18c1d3445630cfe6e0744e1b2d6ab7985d06ef,0x7b659ef971441dc81f6c9718bcaf978265673dec,1.04523,1.04384133611691,1.04384133611691,,0.8326036949784997
0x5aead3234e1b09cdf7ac373d346e7e611a50a00ee2ff641dc203434c3d82fc23,46809770,1780408887,0xa7272afc21f9c321024ed93892a1abfeb621c374,0x1b18c1d3445630cfe6e0744e1b2d6ab7985d06ef,0x64dee823db2a87135e58b4c37a8580af6f10551e,1.04523,1.04384133611691,1.04384133611691,,0.8326036949784997
0x38a5f8ea5338e6530f53abd33198922413d08fa3796ae60abdba7c7b2317012a,46809770,1780408887,0xa7272afc21f9c321024ed93892a1abfeb621c374,0x1b18c1d3445630cfe6e0744e1b2d6ab7985d06ef,0xaec4ee9a108304fcc5cdc323d8a2a1d331c342b7,1.04523,1.04384133611691,1.04384133611691,,0.8326036949784997
0xc66014c765fe6a9f6ccad9138962979eab7923fafe52a35f19d43c6e7adde92f,46809830,1780409007,0xa7272afc21f9c321024ed93892a1abfeb621c374,0x1b18c1d3445630cfe6e0744e1b2d6ab7985d06ef,0x35d4915425d78508ba038cf1c853b856d8b2cf75,1.04533,1.04384133611691,1.04384133611691,,0.8326036949784997
0x413d16d50d111d7ec8d43143d0416a447decc5795e6b575d0a7eb8c4e329b1c7,46809830,1780409007,0xa7272afc21f9c321024ed93892a1abfeb621c374,0x1b18c1d3445630cfe6e0744e1b2d6ab7985d06ef,0x7b659ef971441dc81f6c9718bcaf978265673dec,1.04533,1.04384133611691,1.04384133611691,,0.8326036949784997
0xf828819c1164246916d97c4b1f27a608364c08bbcf39d96361ab110587f96d5f,46809830,1780409007,0xa7272afc21f9c321024ed93892a1abfeb621c374,0x1b18c1d3445630cfe6e0744e1b2d6ab7985d06ef,0x64dee823db2a87135e58b4c37a8580af6f10551e,1.04533,1.04384133611691,1.04384133611691,,0.8326036949784997
0x937bf231f593633d7f7d00224fda61fd46efbdcc9bf6b56e4c758aa6ce5c88c2,46809830,1780409007,0xa7272afc21f9c321024ed93892a1abfeb621c374,0x1b18c1d3445630cfe6e0744e1b2d6ab7985d06ef,0xaec4ee9a108304fcc5cdc323d8a2a1d331c342b7,1.04533,1.04384133611691,1.04384133611691,,0.8326036949784997
0xc112b5888a40f8159e52879ff7ff6b10442caab3443277e643ddfbae6189b62c,46809980,1780409307,0xa7272afc21f9c321024ed93892a1abfeb621c374,0x1b18c1d3445630cfe6e0744e1b2d6ab7985d06ef,0x35d4915425d78508ba038cf1c853b856d8b2cf75,1.045033,1.04384133611691,1.04384133611691,,0.8326036949784997
0x0756ed1e6e6e8aa4cd00fa321d2c267aaa95b9b8ecc0fa18515ccc8597f5bf47,46809980,1780409307,0xa7272afc21f9c321024ed93892a1abfeb621c374,0x1b18c1d3445630cfe6e0744e1b2d6ab7985d06ef,0x7b659ef971441dc81f6c9718bcaf978265673dec,1.045033,1.04384133611691,1.04384133611691,,0.8326036949784997
0x5baefa1201f0846b9f8565ad2653e86b54e17623616806bc642d24cd257f5ef5,46809980,1780409307,0xa7272afc21f9c321024ed93892a1abfeb621c374,0x1b18c1d3445630cfe6e0744e1b2d6ab7985d06ef,0x64dee823db2a87135e58b4c37a8580af6f10551e,1.045033,1.04384133611691,1.04384133611691,,0.8326036949784997
0x682bd7ac77932dca58d357dd2570079d6d3fc28b2d7ea3d855c2cf06121f4a26,46809980,1780409307,0xa7272afc21f9c321024ed93892a1abfeb621c374,0x1b18c1d3445630cfe6e0744e1b2d6ab7985d06ef,0xaec4ee9a108304fcc5cdc323d8a2a1d331c342b7,1.045033,1.04384133611691,1.04384133611691,,0.8326036949784997
0xd5ffb962129aa7603073fc1c7d7d4278a658a7e211ab1532f2e59e768f127f1a,46810040,1780409427,0xa7272afc21f9c321024ed93892a1abfeb621c374,0x218172c19435ba4adfe3d212f3fa9e4e329e782b,0x35d4915425d78508ba038cf1c853b856d8b2cf75,1.045202,1.04384133611691,1.04384133611691,,0.8326036949784997
0x6beebf424ce8056b423772399d00f24f71cf9ba6d972ca5cdcbf1133399d97bf,46810040,1780409427,0xa7272afc21f9c321024ed93892a1abfeb621c374,0x218172c19435ba4adfe3d212f3fa9e4e329e782b,0x7b659ef971441dc81f6c9718bcaf978265673dec,1.045202,1.04384133611691,1.04384133611691,,0.8326036949784997
0xa0bac7799f5a2a7494fd6fbdd9b7192ea4f904de09d7ce49cb22dffba2e4d52f,46810040,1780409427,0xa7272afc21f9c321024ed93892a1abfeb621c374,0x218172c19435ba4adfe3d212f3fa9e4e329e782b,0x64dee823db2a87135e58b4c37a8580af6f10551e,1.045202,1.04384133611691,1.04384133611691,,0.8326036949784997
0x24476d916886e36c555b9dd6a17c1035c2d0841f0efdd8325920f8cdb422e74f,46810040,1780409427,0xa7272afc21f9c321024ed93892a1abfeb621c374,0x218172c19435ba4adfe3d212f3fa9e4e329e782b,0xaec4ee9a108304fcc5cdc323d8a2a1d331c342b7,1.045202,1.04384133611691,1.04384133611691,,0.8326036949784997
0xec84ff0b231e03a59bbe5a32766fe0eae0a5b50c88cd656c03622b6ead34cffd,46810085,1780409517,0xa7272afc21f9c321024ed93892a1abfeb621c374,0x1b18c1d3445630cfe6e0744e1b2d6ab7985d06ef,0x35d4915425d78508ba038cf1c853b856d8b2cf75,1.046304,1.04384133611691,1.04384133611691,,0.8326036949784997
0x907d62d6012a6570859a02390c4225a9d52709c4f5d15ab63228e3b5d9dfd7c0,46810085,1780409517,0xa7272afc21f9c321024ed93892a1abfeb621c374,0x1b18c1d3445630cfe6e0744e1b2d6ab7985d06ef,0x7b659ef971441dc81f6c9718bcaf978265673dec,1.046304,1.04384133611691,1.04384133611691,,0.8326036949784997
0x6bb06a05273f34942465071313ce8bf9c410b510d65f46431f71f2be30c0ade2,46810085,1780409517,0xa7272afc21f9c321024ed93892a1abfeb621c374,0x1b18c1d3445630cfe6e0744e1b2d6ab7985d06ef,0x64dee823db2a87135e58b4c37a8580af6f10551e,1.046304,1.04384133611691,1.04384133611691,,0.8326036949784997
0xacd477aa2647c565b05d1ffa9b9d344d977a9e86c7b45e65b85cd2da2f98ec66,46810085,1780409517,0xa7272afc21f9c321024ed93892a1abfeb621c374,0x1b18c1d3445630cfe6e0744e1b2d6ab7985d06ef,0xaec4ee9a108304fcc5cdc323d8a2a1d331c342b7,1.046304,1.04384133611691,1.04384133611691,,0.8326036949784997
0xb660eda1562af58c49a2954cb9b54a48c9f9fe291a54db1ca52e5ccbbe9046a4,46810373,1780410093,0xa7272afc21f9c321024ed93892a1abfeb621c374,0x218172c19435ba4adfe3d212f3fa9e4e329e782b,0x7b659ef971441dc81f6c9718bcaf978265673dec,1.044968,1.04384133611691,1.04384133611691,,0.8326036949784997
0x289374bfa910c98559d3dded5203335c2f46059935a3c818d36c80f7e4cbe776,46810373,1780410093,0xa7272afc21f9c321024ed93892a1abfeb621c374,0x218172c19435ba4adfe3d212f3fa9e4e329e782b,0x64dee823db2a87135e58b4c37a8580af6f10551e,1.044968,1.04384133611691,1.04384133611691,,0.8326036949784997
0xff29f9ef6386a094233ae51ba1048f9a4b0edc1a3319ce057ae1ebbd0667391d,46810373,1780410093,0xa7272afc21f9c321024ed93892a1abfeb621c374,0x218172c19435ba4adfe3d212f3fa9e4e329e782b,0xaec4ee9a108304fcc5cdc323d8a2a1d331c342b7,1.044968,1.04384133611691,1.04384133611691,,0.8326036949784997
0x33751f000651a6312e27b3cfabe535733d94eed25b84c0b5f0168c1884d0beae,46810379,1780410105,0xbda8accce92506647378ff4456f24390431496c2,0x1b18c1d3445630cfe6e0744e1b2d6ab7985d06ef,0xe4593deeef3ee0769abc48fefd182c76d026e473,1.074114,1.0741138560687433,1.0741138560687433,,0.727366070175296
0x72c50b9c073988236da7632254c8ae4a3a35252f2ac081a5aa73596302a9e52e,46810403,1780410153,0xa7272afc21f9c321024ed93892a1abfeb621c374,0x1b18c1d3445630cfe6e0744e1b2d6ab7985d06ef,0x7b659ef971441dc81f6c9718bcaf978265673dec,1.045598,1.04384133611691,1.04384133611691,,0.8326036949784997
0x1dead42b267d88daf188cd3c108e7258eef2e32a7376499755e133c30798ab81,46810403,1780410153,0xa7272afc21f9c321024ed93892a1abfeb621c374,0x1b18c1d3445630cfe6e0744e1b2d6ab7985d06ef,0x64dee823db2a87135e58b4c37a8580af6f10551e,1.045598,1.04384133611691,1.04384133611691,,0.8326036949784997
0xae2d6a12c0bf9c4b4c8c4a293390d78a007254ea034f3d0534b90b294a42e913,46810403,1780410153,0xa7272afc21f9c321024ed93892a1abfeb621c374,0x1b18c1d3445630cfe6e0744e1b2d6ab7985d06ef,0xaec4ee9a108304fcc5cdc323d8a2a1d331c342b7,1.045598,1.04384133611691,1.04384133611691,,0.8326036949784997
0xc9d5b842224e332c275b29ca67fcd3a8c4a8e82069f68f19664c5a70edc35ad0,46810448,1780410243,0xa7272afc21f9c321024ed93892a1abfeb621c374,0x1b18c1d3445630cfe6e0744e1b2d6ab7985d06ef,0x7b659ef971441dc81f6c9718bcaf978265673dec,1.044997,1.04384133611691,1.04384133611691,,0.8326036949784997
0x919907a490e9fd70f464dffc18ffcd5694ea7f593b1ab086faf46d262fa2d560,46810448,1780410243,0xa7272afc21f9c321024ed93892a1abfeb621c374,0x1b18c1d3445630cfe6e0744e1b2d6ab7985d06ef,0x64dee823db2a87135e58b4c37a8580af6f10551e,1.044997,1.04384133611691,1.04384133611691,,0.8326036949784997
0xffcbe38fe0f306a02f82a36879bc6d4fc40ec002ae06391d9e745347a74e864d,46810448,1780410243,0xa7272afc21f9c321024ed93892a1abfeb621c374,0x1b18c1d3445630cfe6e0744e1b2d6ab7985d06ef,0xaec4ee9a108304fcc5cdc323d8a2a1d331c342b7,1.044997,1.04384133611691,1.04384133611691,,0.8326036949784997
0xfe43469f31f05d14ee9a395d9f685acf817dd64caa34b99bcf9a778e91287e4a,46810460,1780410267,0xbda8accce92506647378ff4456f24390431496c2,0x1b18c1d3445630cfe6e0744e1b2d6ab7985d06ef,0xe4593deeef3ee0769abc48fefd182c76d026e473,1.074114,1.0741138560687433,1.0741138560687433,,0.727366070175296
0x90f2974e59f42feccd0082e2dd93cdc404cb867fab3d8d414c371ea9e828d8b6,46810478,1780410303,0xa7272afc21f9c321024ed93892a1abfeb621c374,0x1b18c1d3445630cfe6e0744e1b2d6ab7985d06ef,0x7b659ef971441dc81f6c9718bcaf978265673dec,1.043841,1.04384133611691,1.04384133611691,,0.8326036949784997
0xd00dc1ec84a1f241df7f6d43c15162b7e37ba1be917c96491062fa24970cde3e,46810478,1780410303,0xa7272afc21f9c321024ed93892a1abfeb621c374,0x1b18c1d3445630cfe6e0744e1b2d6ab7985d06ef,0x64dee823db2a87135e58b4c37a8580af6f10551e,1.043841,1.04384133611691,1.04384133611691,,0.8326036949784997
0x4fea0ead2c7e1edfb2117334e81febf65d6d1fbff3b717e77c2451c7081dce1f,46810478,1780410303,0xa7272afc21f9c321024ed93892a1abfeb621c374,0x1b18c1d3445630cfe6e0744e1b2d6ab7985d06ef,0xaec4ee9a108304fcc5cdc323d8a2a1d331c342b7,1.043841,1.04384133611691,1.04384133611691,,0.8326036949784997
0xbab83ae06eafa4cec203c4c1c1b822d62470b5d70172bf332f9ba5cbbded60ae,46810523,1780410393,0xa7272afc21f9c321024ed93892a1abfeb621c374,0x1b18c1d3445630cfe6e0744e1b2d6ab7985d06ef,0x7b659ef971441dc81f6c9718bcaf978265673dec,1.045116,1.04384133611691,1.04384133611691,,0.8326036949784997
0x1c5b0996cab0cf1e82668d7d1813816736f750971441923c38d0d25429b81da1,46810523,1780410393,0xa7272afc21f9c321024ed93892a1abfeb621c374,0x1b18c1d3445630cfe6e0744e1b2d6ab7985d06ef,0x64dee823db2a87135e58b4c37a8580af6f10551e,1.045116,1.04384133611691,1.04384133611691,,0.8326036949784997
0x127bba97140ecd16073a43079d16421512b42410207a94a9dd7fe52794fcc812,46810523,1780410393,0xa7272afc21f9c321024ed93892a1abfeb621c374,0x1b18c1d3445630cfe6e0744e1b2d6ab7985d06ef,0xaec4ee9a108304fcc5cdc323d8a2a1d331c342b7,1.045116,1.04384133611691,1.04384133611691,,0.8326036949784997
0x579ca07da4cfcba9b624ae252ca5213221343d74f36720e5f2ec0d8e02018945,46810553,1780410453,0xa7272afc21f9c321024ed93892a1abfeb621c374,0x218172c19435ba4adfe3d212f3fa9e4e329e782b,0x7b659ef971441dc81f6c9718bcaf978265673dec,1.046126,1.04384133611691,1.04384133611691,,0.8326036949784997
0x1f9bc76d28c2dc656d99a007220baa59e386cc28cb28073287bc5c5e0b6f1cdd,46810553,1780410453,0xa7272afc21f9c321024ed93892a1abfeb621c374,0x218172c19435ba4adfe3d212f3fa9e4e329e782b,0x64dee823db2a87135e58b4c37a8580af6f10551e,1.046126,1.04384133611691,1.04384133611691,,0.8326036949784997
0xaabeffaf91957b47f8b67ab686f73a66d49a7e819c81eae6aa50fee21cbb12bc,46810553,1780410453,0xa7272afc21f9c321024ed93892a1abfeb621c374,0x218172c19435ba4adfe3d212f3fa9e4e329e782b,0xaec4ee9a108304fcc5cdc323d8a2a1d331c342b7,1.046126,1.04384133611691,1.04384133611691,,0.8326036949784997
0xf80bc62f50385f8e47423b2f0e223d8b7d50cb5152b8dea69fba5268ed64c06a,46811536,1780412419,0xbda8accce92506647378ff4456f24390431496c2,0x1b18c1d3445630cfe6e0744e1b2d6ab7985d06ef,0xe4593deeef3ee0769abc48fefd182c76d026e473,1.080076,1.0741138560687433,1.0741138560687433,,0.727366070175296
0xd2a70cff227d1dc112e29dcc9b90107f11ed383fe4d805ba5912f1d4ffd766e4,46812013,1780413373,0xa7272afc21f9c321024ed93892a1abfeb621c374,0x1b18c1d3445630cfe6e0744e1b2d6ab7985d06ef,0xaec4ee9a108304fcc5cdc323d8a2a1d331c342b7,1.045232,1.04384133611691,1.04384133611691,,0.8326036949784997
0xf648693c65c90dd9a50ebd4b3567d2fd3e2eae5df960d11094e2f6ed668d41eb,46812074,1780413495,0xa7272afc21f9c321024ed93892a1abfeb621c374,0x1b18c1d3445630cfe6e0744e1b2d6ab7985d06ef,0xaec4ee9a108304fcc5cdc323d8a2a1d331c342b7,1.043841,1.04384133611691,1.04384133611691,,0.8326036949784997
0xe1af84585cff480beeab21283f6ab82b802ae57720b9e8e1d2217880f378702b,46812149,1780413645,0xbda8accce92506647378ff4456f24390431496c2,0x1b18c1d3445630cfe6e0744e1b2d6ab7985d06ef,0xe4593deeef3ee0769abc48fefd182c76d026e473,1.078728,1.0741138560687433,1.0741138560687433,,0.727366070175296
0x0f2cc6b160ae7f40062e730db64aa71373d9b3cd8b3eba3db0427d5a2e3b813e,46812286,1780413919,0xa7272afc21f9c321024ed93892a1abfeb621c374,0x0771498c93412373b7a21d4bb045546216d04197,0xaec4ee9a108304fcc5cdc323d8a2a1d331c342b7,1.045216,1.04384133611691,1.04384133611691,,0.8326036949784997
0x5c8b3325d4eb4fa27bde6d9216b901891ca19511597b05ac8c43f3c5f8fd8a97,46812361,1780414069,0xa7272afc21f9c321024ed93892a1abfeb621c374,0x218172c19435ba4adfe3d212f3fa9e4e329e782b,0xaec4ee9a108304fcc5cdc323d8a2a1d331c342b7,1.045064,1.04384133611691,1.04384133611691,,0.8326036949784997
0xd9e4ea90251261fa1ed73cb4d745641b455f03d229be1253b9648b855b6ea2ab,46812436,1780414219,0xa7272afc21f9c321024ed93892a1abfeb621c374,0x1b18c1d3445630cfe6e0744e1b2d6ab7985d06ef,0xaec4ee9a108304fcc5cdc323d8a2a1d331c342b7,1.045079,1.04384133611691,1.04384133611691,,0.8326036949784997
0xad2c024a0b3320e33198b537efd842559e916a2e12f7e6acb97fc88d83149be8,46812461,1780414269,0xbda8accce92506647378ff4456f24390431496c2,0x1b18c1d3445630cfe6e0744e1b2d6ab7985d06ef,0xe4593deeef3ee0769abc48fefd182c76d026e473,1.083228,1.0741138560687433,1.0741138560687433,,0.727366070175296
0xba58d75a603e0bb62cc384ecee6b287a1af60c769ff0f0cc0630550207172c1f,46812466,1780414279,0xa7272afc21f9c321024ed93892a1abfeb621c374,0x1b18c1d3445630cfe6e0744e1b2d6ab7985d06ef,0xaec4ee9a108304fcc5cdc323d8a2a1d331c342b7,1.047241,1.04384133611691,1.04384133611691,,0.8326036949784997
0xab2a7df61556e829e89611681551974cf56827e36e414bdb27f54b679f5a3d55,46812649,1780414645,0xa7272afc21f9c321024ed93892a1abfeb621c374,0x1b18c1d3445630cfe6e0744e1b2d6ab7985d06ef,0xaec4ee9a108304fcc5cdc323d8a2a1d331c342b7,1.044973,1.04384133611691,1.04384133611691,,0.8326036949784997
0xbf32d04a4f5e680a24a3af23112ade2f4fdc8ac07b65d2ccfc46a2e5ce1078d2,46812664,1780414675,0xa7272afc21f9c321024ed93892a1abfeb621c374,0x1b18c1d3445630cfe6e0744e1b2d6ab7985d06ef,0xaec4ee9a108304fcc5cdc323d8a2a1d331c342b7,1.044989,1.04384133611691,1.04384133611691,,0.8326036949784997
0xc5dc0229cc9794d5eb68dbeb4cc4e89998f58337bf5d52ddf11366b17fe172af,46814203,1780417753,0x9ca1dad919221d920b889aacf3023a5cea23165f,0x3a60f004ffba4015c65bf35f8698a91e2e5003c2,0xa9ae1b1848b1ff0412f10035d759f2861a8125c1,1.043821,1.04384133611691,1.04384133611691,,0.8326036949784997
0x868c5dc77e7a8f1a7aff35b5d3d8305174e58953fb514359432d3c4852b9e678,46819734,1780428815,0xbda8accce92506647378ff4456f24390431496c2,0x1b18c1d3445630cfe6e0744e1b2d6ab7985d06ef,0xe4593deeef3ee0769abc48fefd182c76d026e473,1.086213,1.0741138560687433,1.0741138560687433,,0.727366070175296
0x9299c14c08c3dcbef506b2e1998492047aacedde07908fb0a28a560ce867e6b5,46819746,1780428839,0xa7272afc21f9c321024ed93892a1abfeb621c374,0x1b18c1d3445630cfe6e0744e1b2d6ab7985d06ef,0xaec4ee9a108304fcc5cdc323d8a2a1d331c342b7,1.046401,1.04384133611691,1.04384133611691,,0.8326036949784997
0xd2ac40f15e1060dc7bc8f8f780c2e12cfa944d71a403a8c00c59aef3b45be296,46821481,1780432309,0x9ca1dad919221d920b889aacf3023a5cea23165f,0x3a60f004ffba4015c65bf35f8698a91e2e5003c2,0xa9ae1b1848b1ff0412f10035d759f2861a8125c1,1.043816,1.04384133611691,1.04384133611691,,0.8326036949784997
0x56cd152fd1fb5dc4664444313d9f1e95661fbf92b7f0a0c48b550945ca9d89a6,46825584,1780440515,0xbda8accce92506647378ff4456f24390431496c2,0x1b18c1d3445630cfe6e0744e1b2d6ab7985d06ef,0xe4593deeef3ee0769abc48fefd182c76d026e473,1.085439,1.0741138560687433,1.0741138560687433,,0.727366070175296
0xd8180c0f1f1aa0a12704c035a16e3d8a2e700c883e13f69687934f665d982c37,46825599,1780440545,0x95c3b46afbee56d6125bf6bb847fe080df02e9ce,0x218172c19435ba4adfe3d212f3fa9e4e329e782b,0xe0346faf1e72354d84544fc6fb3dc1e63c1d19b4,1.04578,1.04384133611691,1.04384133611691,,0.8326036949784997
0x722520293e3d446b8095d18753cfccec77c7323a3062a90ee9384cc336d5300f,46825708,1780440763,0xbda8accce92506647378ff4456f24390431496c2,0x1b18c1d3445630cfe6e0744e1b2d6ab7985d06ef,0xe4593deeef3ee0769abc48fefd182c76d026e473,1.074114,1.0741138560687433,1.0741138560687433,,0.727366070175296
0x2f8eb07d3f26280f8172ee11e64c07f0a59b5363d77936915432855cc06875a6,46825710,1780440767,0xa7272afc21f9c321024ed93892a1abfeb621c374,0x1b18c1d3445630cfe6e0744e1b2d6ab7985d06ef,0xaec4ee9a108304fcc5cdc323d8a2a1d331c342b7,1.043841,1.04384133611691,1.04384133611691,,0.8326036949784997
0xe6d6303e27ccf009712c471bb0728ab376cbd2c17c8f110cde83ba6eda94710e,46825934,1780441215,0xa7272afc21f9c321024ed93892a1abfeb621c374,0x1b18c1d3445630cfe6e0744e1b2d6ab7985d06ef,0xaec4ee9a108304fcc5cdc323d8a2a1d331c342b7,1.046303,1.04384133611691,1.04384133611691,,0.8326036949784997
0x9e63304b0cf26e66d2a8094e86a5eb0a2d397f7f137c01579ab828c3b52add7c,46825994,1780441335,0xa7272afc21f9c321024ed93892a1abfeb621c374,0x1b18c1d3445630cfe6e0744e1b2d6ab7985d06ef,0xaec4ee9a108304fcc5cdc323d8a2a1d331c342b7,1.045087,1.04384133611691,1.04384133611691,,0.8326036949784997
0x369b4639f18b654e1bae6f4fa795350c4f28cc39c651d902ab00ab08973f2bf7,46826664,1780442675,0x95c3b46afbee56d6125bf6bb847fe080df02e9ce,0x218172c19435ba4adfe3d212f3fa9e4e329e782b,0xe0346faf1e72354d84544fc6fb3dc1e63c1d19b4,1.04787,1.04384133611691,1.04384133611691,,0.8326036949784997
0x3473169900e50537f73325dcea6105b81ceb8fa5d5418f3c5d08ae857e25ebeb,46828041,1780445429,0x9ca1dad919221d920b889aacf3023a5cea23165f,0x3a60f004ffba4015c65bf35f8698a91e2e5003c2,0xa9ae1b1848b1ff0412f10035d759f2861a8125c1,1.043813,1.04384133611691,1.04384133611691,,0.8326036949784997
0x40d9c8adefc366fe85cc35e5bb507cfa906d93a0f2756c198303f6d51f907bb9,46833987,1780457321,0xa7272afc21f9c321024ed93892a1abfeb621c374,0x218172c19435ba4adfe3d212f3fa9e4e329e782b,0xaec4ee9a108304fcc5cdc323d8a2a1d331c342b7,1.043841,1.04384133611691,1.04384133611691,,0.8326036949784997
0x610741fe2fb28b7cc39cc43982c20f81af921fa681f940ecf1daa3a49a4eeb2c,46834121,1780457589,0xa7272afc21f9c321024ed93892a1abfeb621c374,0x1b18c1d3445630cfe6e0744e1b2d6ab7985d06ef,0xaec4ee9a108304fcc5cdc323d8a2a1d331c342b7,1.045183,1.04384133611691,1.04384133611691,,0.8326036949784997
0xf266d5e94e49eb40e28b7672e0003a8b3c47877b58c18cb99efa313bb07ac7b4,46834325,1780457997,0xa7272afc21f9c321024ed93892a1abfeb621c374,0x1b18c1d3445630cfe6e0744e1b2d6ab7985d06ef,0xaec4ee9a108304fcc5cdc323d8a2a1d331c342b7,1.043841,1.04384133611691,1.04384133611691,,0.8326036949784997
0x016b866a64a1fec4412730e8b6f88919b5606926e56756d94c2c5a85a4d7d4e1,46834379,1780458105,0x95c3b46afbee56d6125bf6bb847fe080df02e9ce,0xc41b1af25ea9ad03e81a4d551454e9f4f519ae4e,0xe0346faf1e72354d84544fc6fb3dc1e63c1d19b4,1.043841,1.04384133611691,1.04384133611691,,0.8326036949784997
0xb1c38eabed242644d10e1c036f7f97b50b464edbcc091c1604faaf6a541f849e,46834438,1780458223,0xa7272afc21f9c321024ed93892a1abfeb621c374,0x1b18c1d3445630cfe6e0744e1b2d6ab7985d06ef,0xaec4ee9a108304fcc5cdc323d8a2a1d331c342b7,1.045674,1.04384133611691,1.04384133611691,,0.8326036949784997
0x76d17363ceef94a36f30cc703a246040aaf6d7e48e8a12500d9c812513c81e55,46834452,1780458251,0xa7272afc21f9c321024ed93892a1abfeb621c374,0x1b18c1d3445630cfe6e0744e1b2d6ab7985d06ef,0xaec4ee9a108304fcc5cdc323d8a2a1d331c342b7,1.045029,1.04384133611691,1.04384133611691,,0.8326036949784997
0x8b4e782057aabe033df49accdcf26a1bdd34f2f79ffcbfd32f6919998dd3475e,46834483,1780458313,0xa7272afc21f9c321024ed93892a1abfeb621c374,0x1b18c1d3445630cfe6e0744e1b2d6ab7985d06ef,0xaec4ee9a108304fcc5cdc323d8a2a1d331c342b7,1.043841,1.04384133611691,1.04384133611691,,0.8326036949784997
0x69e4129baefa24dbcfb2acdd1d83b5db34724f897b4e38819c1ef10665f95a2f,46834561,1780458469,0x95c3b46afbee56d6125bf6bb847fe080df02e9ce,0xc41b1af25ea9ad03e81a4d551454e9f4f519ae4e,0xe0346faf1e72354d84544fc6fb3dc1e63c1d19b4,1.045862,1.04384133611691,1.04384133611691,,0.8326036949784997
0x1b1cb10143af75902e1c822acc6023f0db73e31b69ae73d0ca4f1f5efe64aa28,46834622,1780458591,0xbda8accce92506647378ff4456f24390431496c2,0x1b18c1d3445630cfe6e0744e1b2d6ab7985d06ef,0xe4593deeef3ee0769abc48fefd182c76d026e473,1.074114,1.0741138560687433,1.0741138560687433,,0.727366070175296
0xd451f4a326e5478f8c06831386b8956d92e61ab15baf826d8e3cefc83516565b,46834632,1780458611,0xa7272afc21f9c321024ed93892a1abfeb621c374,0x1b18c1d3445630cfe6e0744e1b2d6ab7985d06ef,0xaec4ee9a108304fcc5cdc323d8a2a1d331c342b7,1.043841,1.04384133611691,1.04384133611691,,0.8326036949784997
0x8926eb16c29a779d8f9e2083f7f58919e63bd652ebcf61e624e7a52decb01f44,46834647,1780458641,0xa7272afc21f9c321024ed93892a1abfeb621c374,0x1b18c1d3445630cfe6e0744e1b2d6ab7985d06ef,0xaec4ee9a108304fcc5cdc323d8a2a1d331c342b7,1.043841,1.04384133611691,1.04384133611691,,0.8326036949784997
0x82eb682ebc95792f9c2f6b25165c80ffe33d69916e96066023019ce8c0d19e32,46834721,1780458789,0xbda8accce92506647378ff4456f24390431496c2,0xc41b1af25ea9ad03e81a4d551454e9f4f519ae4e,0xe4593deeef3ee0769abc48fefd182c76d026e473,1.074112,1.0741138560687433,1.0741138560687433,,0.727366070175296
0x2773fbf68a8e24b27c402d2f13f15b0536435711ff97cd9b3a5e2ed3123035bf,46857287,1780503921,0x9ca1dad919221d920b889aacf3023a5cea23165f,0xb7ea2b36a2c94f1b17939e77a20e0cf409c88bfa,0xa9ae1b1848b1ff0412f10035d759f2861a8125c1,1.043821,1.04384133611691,1.04384133611691,,0.8326036949784997
0x846410198e702d22794dd0f46ae9e574dda71b3becdc61e73117c1b53c2b4671,46857501,1780504349,0x95c3b46afbee56d6125bf6bb847fe080df02e9ce,0xc41b1af25ea9ad03e81a4d551454e9f4f519ae4e,0xe0346faf1e72354d84544fc6fb3dc1e63c1d19b4,1.043841,1.04384133611691,1.04384133611691,,0.8326036949784997
0x09d4f15977c0a129b5ec33c3ce1837fabc36328004a1d65852dc2e821994f603,46858808,1780506963,0x95c3b46afbee56d6125bf6bb847fe080df02e9ce,0xc41b1af25ea9ad03e81a4d551454e9f4f519ae4e,0xe0346faf1e72354d84544fc6fb3dc1e63c1d19b4,1.043841,1.04384133611691,1.04384133611691,,0.8326036949784997
0x195761ea726e6a628c7398643514d888d95bd60cfb8f14df164297a7c3496583,46862700,1780514747,0x95c3b46afbee56d6125bf6bb847fe080df02e9ce,0xc41b1af25ea9ad03e81a4d551454e9f4f519ae4e,0xe0346faf1e72354d84544fc6fb3dc1e63c1d19b4,1.043841,1.04384133611691,1.04384133611691,,0.8326036949784997
0xd979a4675ec6b1dc2475d992e93103212011bf49160de92cd2d241f3098c6752,46863569,1780516485,0xa7272afc21f9c321024ed93892a1abfeb621c374,0x218172c19435ba4adfe3d212f3fa9e4e329e782b,0xaec4ee9a108304fcc5cdc323d8a2a1d331c342b7,1.045576,1.04384133611691,1.04384133611691,,0.8326036949784997
0x419a88132458c0fe0c8e0df5a39e132b1dfc38c334aa384f0f4bae8ad2531037,46863614,1780516575,0xa7272afc21f9c321024ed93892a1abfeb621c374,0x218172c19435ba4adfe3d212f3fa9e4e329e782b,0xaec4ee9a108304fcc5cdc323d8a2a1d331c342b7,1.045259,1.04384133611691,1.04384133611691,,0.8326036949784997
0xf66ab3fec8e622a3329a698155ddde39a4deb688b42f2d42305ef55cfc6a10dc,46863687,1780516721,0x95c3b46afbee56d6125bf6bb847fe080df02e9ce,0xc41b1af25ea9ad03e81a4d551454e9f4f519ae4e,0xe0346faf1e72354d84544fc6fb3dc1e63c1d19b4,1.043841,1.04384133611691,1.04384133611691,,0.8326036949784997
0x422c7072721f672327fe03470a379cafd15413bd6cd8c75bffd01864c6601c3d,46863809,1780516965,0xa7272afc21f9c321024ed93892a1abfeb621c374,0x1b18c1d3445630cfe6e0744e1b2d6ab7985d06ef,0xaec4ee9a108304fcc5cdc323d8a2a1d331c342b7,1.045561,1.04384133611691,1.04384133611691,,0.8326036949784997
0xe92eb90cf8fa0a968a75ac408cfa39b0b9bca57cbb71120882122651014c9ead,46864309,1780517965,0x95c3b46afbee56d6125bf6bb847fe080df02e9ce,0xc41b1af25ea9ad03e81a4d551454e9f4f519ae4e,0xe0346faf1e72354d84544fc6fb3dc1e63c1d19b4,1.043841,1.04384133611691,1.04384133611691,,0.8326036949784997
0x87d272fa39cefdeaa8fc0fd397878b3edd956fed074573467a4613409b5fbbd7,46864342,1780518031,0x9ca1dad919221d920b889aacf3023a5cea23165f,0xc41b1af25ea9ad03e81a4d551454e9f4f519ae4e,0x09a054b60bd3b908791b55eee81b515b93831e99,1.04384,1.04384133611691,1.04384133611691,,0.8326036949784997
0x7cd3b758cfdf7fc787b9ae98d272a48fe5f8e889479c56ab913e47393b7d0824,46865042,1780519431,0xa7272afc21f9c321024ed93892a1abfeb621c374,0x1b18c1d3445630cfe6e0744e1b2d6ab7985d06ef,0xaec4ee9a108304fcc5cdc323d8a2a1d331c342b7,1.04522,1.04384133611691,1.04384133611691,,0.8326036949784997
0x5e8a849388f399b0adffa2fdaacbd2fda03cb9f0b8c7a11096ccdcd8c5f66fa5,46865102,1780519551,0x9ca1dad919221d920b889aacf3023a5cea23165f,0x1b18c1d3445630cfe6e0744e1b2d6ab7985d06ef,0x09a054b60bd3b908791b55eee81b515b93831e99,1.043841,1.04384133611691,1.04384133611691,,0.8326036949784997
0xc65b5ad530d744f79b0f49fee3d498ec0d5ef93112749e351ed3d4ae6fe46515,46865117,1780519581,0xa7272afc21f9c321024ed93892a1abfeb621c374,0x1b18c1d3445630cfe6e0744e1b2d6ab7985d06ef,0xaec4ee9a108304fcc5cdc323d8a2a1d331c342b7,1.045412,1.04384133611691,1.04384133611691,,0.8326036949784997
0xd1a94235d0949680480f18e7f6edf774267084a92a5348496d4d699d0f305450,46865222,1780519791,0x9ca1dad919221d920b889aacf3023a5cea23165f,0xc41b1af25ea9ad03e81a4d551454e9f4f519ae4e,0x09a054b60bd3b908791b55eee81b515b93831e99,1.043841,1.04384133611691,1.04384133611691,,0.8326036949784997
0x3bec872bdaa267595a312e0f543581c707d1823741447faac93adb476d4d09d9,46865242,1780519831,0xa7272afc21f9c321024ed93892a1abfeb621c374,0x218172c19435ba4adfe3d212f3fa9e4e329e782b,0xaec4ee9a108304fcc5cdc323d8a2a1d331c342b7,1.045018,1.04384133611691,1.04384133611691,,0.8326036949784997
0xb4c450bf63c7b894f0a4b2f87af7a5727fbe1c7dda1356c2547b7adc33cb3539,46865260,1780519867,0x757624b9faca2792f24d311f0586182cbdf0eb18,0xe6e3f8b510fecab4b9f74df24cede54567ee2f14,0x0d0fc47b78ac40f04e9174bae226d1c830b32fea,1.010097,1.01,1.03,0.0049,0.75
0xaebe03c0ee941c3b7a5964d686a51c929a45a1ad3980221b2de59e7c1b23b41b,46865393,1780520133,0xa7272afc21f9c321024ed93892a1abfeb621c374,0x1b18c1d3445630cfe6e0744e1b2d6ab7985d06ef,0xaec4ee9a108304fcc5cdc323d8a2a1d331c342b7,1.043841,1.04384133611691,1.04384133611691,,0.8326036949784997
0x6d9e5c4d23946713d5ee486bf0f59e6e5f75cf55211d19a7e59201f992bcf52f,46865568,1780520483,0x95c3b46afbee56d6125bf6bb847fe080df02e9ce,0xc41b1af25ea9ad03e81a4d551454e9f4f519ae4e,0xe0346faf1e72354d84544fc6fb3dc1e63c1d19b4,1.043841,1.04384133611691,1.04384133611691,,0.8326036949784997
0x448cb9c49b28881e66defb07bd49c96e23dc5e7f89214039249e8e4f542375c3,46865575,1780520497,0x9ca1dad919221d920b889aacf3023a5cea23165f,0xc41b1af25ea9ad03e81a4d551454e9f4f519ae4e,0x09a054b60bd3b908791b55eee81b515b93831e99,1.043841,1.04384133611691,1.04384133611691,,0.8326036949784997
0xc900c85435640ad7eb6cef71d3b79ecf971737eb88dc1b37afa2a3423040c67a,46865576,1780520499,0xbda8accce92506647378ff4456f24390431496c2,0xc41b1af25ea9ad03e81a4d551454e9f4f519ae4e,0xe4593deeef3ee0769abc48fefd182c76d026e473,1.074113,1.0741138560687433,1.0741138560687433,,0.727366070175296
0x2769f2243e6b5b62c5ad13ad693c9d8f7084a7358b9ef7d8f6c367fe61850336,46869015,1780527377,0xa7272afc21f9c321024ed93892a1abfeb621c374,0x218172c19435ba4adfe3d212f3fa9e4e329e782b,0xaec4ee9a108304fcc5cdc323d8a2a1d331c342b7,1.04489,1.04384133611691,1.04384133611691,,0.8326036949784997
0x1675ae6d478719e8feaa2be6f99b68a1f874e7f73f8aa0dd59b3db926999adfe,46869242,1780527831,0xa7272afc21f9c321024ed93892a1abfeb621c374,0x1b18c1d3445630cfe6e0744e1b2d6ab7985d06ef,0x7b659ef971441dc81f6c9718bcaf978265673dec,1.048891,1.04384133611691,1.04384133611691,,0.8326036949784997
0xdf626d905c41c6e9f3f38f38e2f6e473081ff6f243dde3f66525f1ac7f5faefe,46869243,1780527833,0xa7272afc21f9c321024ed93892a1abfeb621c374,0x1b18c1d3445630cfe6e0744e1b2d6ab7985d06ef,0xaec4ee9a108304fcc5cdc323d8a2a1d331c342b7,1.043841,1.04384133611691,1.04384133611691,,0.8326036949784997
0x8312ad74e1c59dd2376824494e3a7af2172b2af77970964dd69a422a4b5826c8,46869391,1780528129,0xa7272afc21f9c321024ed93892a1abfeb621c374,0xf1ec45222bed5472804be6e67db740b738ce5198,0x7b659ef971441dc81f6c9718bcaf978265673dec,1.043841,1.04384133611691,1.04384133611691,,0.8326036949784997
0xdd430add6743b0ed974ea4644cbf1cb8410440056c85c3f72d0c02eea8d00003,46869393,1780528133,0xa7272afc21f9c321024ed93892a1abfeb621c374,0x1b18c1d3445630cfe6e0744e1b2d6ab7985d06ef,0xaec4ee9a108304fcc5cdc323d8a2a1d331c342b7,1.043841,1.04384133611691,1.04384133611691,,0.8326036949784997
0x0f9cf2d48e59920d405eaa6c53877aaeebcdce00355a04e767c37b9a22b29722,46869645,1780528637,0xa7272afc21f9c321024ed93892a1abfeb621c374,0x1b18c1d3445630cfe6e0744e1b2d6ab7985d06ef,0x7b659ef971441dc81f6c9718bcaf978265673dec,1.045338,1.04384133611691,1.04384133611691,,0.8326036949784997
0xfadd1052f85e6a8094d37c9743a6e3e74402d14f71bcf883632df1ed651e540c,46869645,1780528637,0xa7272afc21f9c321024ed93892a1abfeb621c374,0x1b18c1d3445630cfe6e0744e1b2d6ab7985d06ef,0xaec4ee9a108304fcc5cdc323d8a2a1d331c342b7,1.045337,1.04384133611691,1.04384133611691,,0.8326036949784997
0xb28aef878d74343a25526b948940d566940b3a9658c05efdbf2ed65487f20381,46869860,1780529067,0xa7272afc21f9c321024ed93892a1abfeb621c374,0x1b18c1d3445630cfe6e0744e1b2d6ab7985d06ef,0x7b659ef971441dc81f6c9718bcaf978265673dec,1.045409,1.04384133611691,1.04384133611691,,0.8326036949784997
0xf9e49b01dacde875f65905cb0947874d986804c46dba229df71a8ae257ce519a,46869860,1780529067,0xa7272afc21f9c321024ed93892a1abfeb621c374,0x1b18c1d3445630cfe6e0744e1b2d6ab7985d06ef,0xaec4ee9a108304fcc5cdc323d8a2a1d331c342b7,1.045409,1.04384133611691,1.04384133611691,,0.8326036949784997
0x1d44086ee5387156790ada812f8a757907e495f75b3bf3c847cfca276198db3d,46870250,1780529847,0xa7272afc21f9c321024ed93892a1abfeb621c374,0x1b18c1d3445630cfe6e0744e1b2d6ab7985d06ef,0x7b659ef971441dc81f6c9718bcaf978265673dec,1.045605,1.04384133611691,1.04384133611691,,0.8326036949784997
0x9655eff37533e016ebbe913633f9650f71a1c21f171518b6b6169b42e0df535f,46870250,1780529847,0xa7272afc21f9c321024ed93892a1abfeb621c374,0x1b18c1d3445630cfe6e0744e1b2d6ab7985d06ef,0xaec4ee9a108304fcc5cdc323d8a2a1d331c342b7,1.045605,1.04384133611691,1.04384133611691,,0.8326036949784997
0x17de06fcbc649ed69ac681939ca159eedd477ffbd239b4a591e6fe48b0c20aea,46870403,1780530153,0xa7272afc21f9c321024ed93892a1abfeb621c374,0x1b18c1d3445630cfe6e0744e1b2d6ab7985d06ef,0x7b659ef971441dc81f6c9718bcaf978265673dec,1.045053,1.04384133611691,1.04384133611691,,0.8326036949784997
0x9a564f75d3ca757fba01dbf4af849db6074684371019bb327798b46253835ad8,46870403,1780530153,0xa7272afc21f9c321024ed93892a1abfeb621c374,0x1b18c1d3445630cfe6e0744e1b2d6ab7985d06ef,0xaec4ee9a108304fcc5cdc323d8a2a1d331c342b7,1.045053,1.04384133611691,1.04384133611691,,0.8326036949784997
0x8fc8185e20bd0b224c5d223ab2ba59572cbad94ac93f40329569560e9270204c,46870689,1780530725,0xa7272afc21f9c321024ed93892a1abfeb621c374,0x1b18c1d3445630cfe6e0744e1b2d6ab7985d06ef,0x7b659ef971441dc81f6c9718bcaf978265673dec,1.043841,1.04384133611691,1.04384133611691,,0.8326036949784997
0x968cd5e4f6cc0567216914f3e20516ca4e592df6b499ed9348703d05767ddca1,46870689,1780530725,0xa7272afc21f9c321024ed93892a1abfeb621c374,0x1b18c1d3445630cfe6e0744e1b2d6ab7985d06ef,0xaec4ee9a108304fcc5cdc323d8a2a1d331c342b7,1.043841,1.04384133611691,1.04384133611691,,0.8326036949784997
0xf8aace7169522fe22dde622a20e40e0966fbe44c28bb25d6646ed02fcc44eaf8,46870781,1780530909,0xa7272afc21f9c321024ed93892a1abfeb621c374,0x1b18c1d3445630cfe6e0744e1b2d6ab7985d06ef,0x7b659ef971441dc81f6c9718bcaf978265673dec,1.043841,1.04384133611691,1.04384133611691,,0.8326036949784997
0xcccc5b35fc764cfe6031673c0ce13ec2f42653ba241b7b51c726725ace9fc18e,46870781,1780530909,0xa7272afc21f9c321024ed93892a1abfeb621c374,0x1b18c1d3445630cfe6e0744e1b2d6ab7985d06ef,0xaec4ee9a108304fcc5cdc323d8a2a1d331c342b7,1.043841,1.04384133611691,1.04384133611691,,0.8326036949784997
0x630391d54ae11a68e50073f21817c828f8b6c1b3ece168ea14cd9cc4f80a2e76,46871650,1780532647,0xa7272afc21f9c321024ed93892a1abfeb621c374,0xf1ec45222bed5472804be6e67db740b738ce5198,0x7b659ef971441dc81f6c9718bcaf978265673dec,1.043841,1.04384133611691,1.04384133611691,,0.8326036949784997
0x2a220f3393a71d9b6a9b42d36ccf810b31b76bb6a2113288f0129573a79e3cad,46871650,1780532647,0xa7272afc21f9c321024ed93892a1abfeb621c374,0x1b18c1d3445630cfe6e0744e1b2d6ab7985d06ef,0xaec4ee9a108304fcc5cdc323d8a2a1d331c342b7,1.043841,1.04384133611691,1.04384133611691,,0.8326036949784997
0xa986d73f337e2b3f52fa1127b8eb6528bac7aecc76400d90f287679aea9009cd,46871679,1780532705,0xa7272afc21f9c321024ed93892a1abfeb621c374,0x1b18c1d3445630cfe6e0744e1b2d6ab7985d06ef,0x7b659ef971441dc81f6c9718bcaf978265673dec,1.045863,1.04384133611691,1.04384133611691,,0.8326036949784997
0x51d096bdb2d9b0d6412153f299027c598a6dec5f281bd822e6c21f7656757f98,46871679,1780532705,0xa7272afc21f9c321024ed93892a1abfeb621c374,0x1b18c1d3445630cfe6e0744e1b2d6ab7985d06ef,0xaec4ee9a108304fcc5cdc323d8a2a1d331c342b7,1.045863,1.04384133611691,1.04384133611691,,0.8326036949784997
0x0788a0ce384ae3d743a897fbfd9ea425b59e5d4c27487b03c2f2b2a48f7d0a2f,46871709,1780532765,0xa7272afc21f9c321024ed93892a1abfeb621c374,0xf1ec45222bed5472804be6e67db740b738ce5198,0x7b659ef971441dc81f6c9718bcaf978265673dec,1.043841,1.04384133611691,1.04384133611691,,0.8326036949784997
0x0605adcb490be6480ffc00371a5cb5c3737790e6074116c4a90695709f4cf901,46871711,1780532769,0xa7272afc21f9c321024ed93892a1abfeb621c374,0x1b18c1d3445630cfe6e0744e1b2d6ab7985d06ef,0xaec4ee9a108304fcc5cdc323d8a2a1d331c342b7,1.043841,1.04384133611691,1.04384133611691,,0.8326036949784997
0xe1a9f6057a3fa5b19630d286448ffaf41a60c507009b576f8bde43d7d1a34ce7,46871742,1780532831,0xa7272afc21f9c321024ed93892a1abfeb621c374,0x1b18c1d3445630cfe6e0744e1b2d6ab7985d06ef,0x7b659ef971441dc81f6c9718bcaf978265673dec,1.047262,1.04384133611691,1.04384133611691,,0.8326036949784997
0xf9a526a1f8aca646b8121e46b0d94227c5c39d6c6bd74a2f4997ac25558a23de,46871742,1780532831,0xa7272afc21f9c321024ed93892a1abfeb621c374,0x1b18c1d3445630cfe6e0744e1b2d6ab7985d06ef,0xaec4ee9a108304fcc5cdc323d8a2a1d331c342b7,1.047262,1.04384133611691,1.04384133611691,,0.8326036949784997
0xcaf692672f7925430fbd2fad1bd085167c6422a04268947ee4ae5b08dfe9c93c,46871814,1780532975,0xa7272afc21f9c321024ed93892a1abfeb621c374,0xf1ec45222bed5472804be6e67db740b738ce5198,0x7b659ef971441dc81f6c9718bcaf978265673dec,1.045527,1.04384133611691,1.04384133611691,,0.8326036949784997
0x76246742d341242f13237f103ff1143638d6a7b6911889be9fcf01c0c3abadd0,46871815,1780532977,0xa7272afc21f9c321024ed93892a1abfeb621c374,0x1b18c1d3445630cfe6e0744e1b2d6ab7985d06ef,0xaec4ee9a108304fcc5cdc323d8a2a1d331c342b7,1.043841,1.04384133611691,1.04384133611691,,0.8326036949784997
0xb44b9375aef8a0089dc3d59ff720d29e8c6a0d9910e8ee9761e36e70a59a2cb9,46871830,1780533007,0xa7272afc21f9c321024ed93892a1abfeb621c374,0x1b18c1d3445630cfe6e0744e1b2d6ab7985d06ef,0x7b659ef971441dc81f6c9718bcaf978265673dec,1.046504,1.04384133611691,1.04384133611691,,0.8326036949784997
0x712a22ffb888e5b219217202f504d41088eb7c0dd0b115f2726f9d23fc580e8b,46871830,1780533007,0xa7272afc21f9c321024ed93892a1abfeb621c374,0x1b18c1d3445630cfe6e0744e1b2d6ab7985d06ef,0xaec4ee9a108304fcc5cdc323d8a2a1d331c342b7,1.046504,1.04384133611691,1.04384133611691,,0.8326036949784997
0xec991e79658bc78b46b41f5201aef3f49cabd70a032af6722f7bbf890491e4da,46872069,1780533485,0xa7272afc21f9c321024ed93892a1abfeb621c374,0x1b18c1d3445630cfe6e0744e1b2d6ab7985d06ef,0x7b659ef971441dc81f6c9718bcaf978265673dec,1.045598,1.04384133611691,1.04384133611691,,0.8326036949784997
0x564a9bb4d86219c4776c1cbc8b25d9892b07ef67fbbaa41964ad009e694bad74,46872069,1780533485,0xa7272afc21f9c321024ed93892a1abfeb621c374,0x1b18c1d3445630cfe6e0744e1b2d6ab7985d06ef,0xaec4ee9a108304fcc5cdc323d8a2a1d331c342b7,1.045598,1.04384133611691,1.04384133611691,,0.8326036949784997
0x7aa572f54625bef97e8026ee946af62282b67137a27abe9470d5b085db5fced1,46872101,1780533549,0xa7272afc21f9c321024ed93892a1abfeb621c374,0x1b18c1d3445630cfe6e0744e1b2d6ab7985d06ef,0x7b659ef971441dc81f6c9718bcaf978265673dec,1.043841,1.04384133611691,1.04384133611691,,0.8326036949784997
0x4df5f4b98b550dd369c2e648934f5cd77aa9d80c3731b796f9b767bfc2dcabd0,46872101,1780533549,0xa7272afc21f9c321024ed93892a1abfeb621c374,0x1b18c1d3445630cfe6e0744e1b2d6ab7985d06ef,0xaec4ee9a108304fcc5cdc323d8a2a1d331c342b7,1.043841,1.04384133611691,1.04384133611691,,0.8326036949784997
0xce134aff193726ef09710d084267fc3722f72b203963c26bbfd8163c885ba91c,46872126,1780533599,0xbda8accce92506647378ff4456f24390431496c2,0x1b18c1d3445630cfe6e0744e1b2d6ab7985d06ef,0xe4593deeef3ee0769abc48fefd182c76d026e473,1.074113,1.0741138560687433,1.0741138560687433,,0.727366070175296
0xe667edfbbb5f5c658f527847fa56895e8a5dc730d821bacf9d6f3aec0e2aabe6,46872244,1780533835,0xbda8accce92506647378ff4456f24390431496c2,0xc41b1af25ea9ad03e81a4d551454e9f4f519ae4e,0xe4593deeef3ee0769abc48fefd182c76d026e473,1.074111,1.0741138560687433,1.0741138560687433,,0.727366070175296
0x6be8c3eb3903ea2fb9314216ceb806cbda893d004c2c7e9a23825e74135e8648,46872354,1780534055,0x757624b9faca2792f24d311f0586182cbdf0eb18,0xe6e3f8b510fecab4b9f74df24cede54567ee2f14,0x0d0fc47b78ac40f04e9174bae226d1c830b32fea,1.01013,1.01,1.03,0.0065,0.75
0x849a07fa8700dd831bd189f8538571a3f8e84e5141a7653489b1ce0ac827bff8,46872411,1780534169,0xa7272afc21f9c321024ed93892a1abfeb621c374,0xb7ea2b36a2c94f1b17939e77a20e0cf409c88bfa,0x215e1917e038c8df4928c748fd2747600d917e09,1.043826,1.04384133611691,1.04384133611691,,0.8326036949784997
0x7962603ee18eb26bf77c36704f405828b26b938a47ef80793f88c8f08670ae51,46872537,1780534421,0xa7272afc21f9c321024ed93892a1abfeb621c374,0x0771498c93412373b7a21d4bb045546216d04197,0x7b659ef971441dc81f6c9718bcaf978265673dec,1.046186,1.04384133611691,1.04384133611691,,0.8326036949784997
0x58f2da10baa73661f5381aa015c31081ec4a5ad4f22bff90710f52e8f00cba1d,46872537,1780534421,0xa7272afc21f9c321024ed93892a1abfeb621c374,0x0771498c93412373b7a21d4bb045546216d04197,0xaec4ee9a108304fcc5cdc323d8a2a1d331c342b7,1.046186,1.04384133611691,1.04384133611691,,0.8326036949784997
0x2bb0edfd377a0bf0930c4a68ca66e4a12bd2f4a8b9c540f67f6db60f9a6d19a4,46873035,1780535417,0xbda8accce92506647378ff4456f24390431496c2,0xc41b1af25ea9ad03e81a4d551454e9f4f519ae4e,0xe4593deeef3ee0769abc48fefd182c76d026e473,1.074112,1.0741138560687433,1.0741138560687433,,0.727366070175296
0xaee3c824736467543753e622f95937c62632292de4c154196ed6142207f66f1b,46873200,1780535747,0xa7272afc21f9c321024ed93892a1abfeb621c374,0xf1ec45222bed5472804be6e67db740b738ce5198,0x7b659ef971441dc81f6c9718bcaf978265673dec,1.043841,1.04384133611691,1.04384133611691,,0.8326036949784997
0xcb2fc608c4092ec6eb58452de4e4d595a29538acbc1e2815f4d915f7edba4ba1,46873207,1780535761,0xa7272afc21f9c321024ed93892a1abfeb621c374,0x1b18c1d3445630cfe6e0744e1b2d6ab7985d06ef,0xaec4ee9a108304fcc5cdc323d8a2a1d331c342b7,1.043841,1.04384133611691,1.04384133611691,,0.8326036949784997
0x189126c87aa1b2b1dfe7f1f6502f969e2dfc17bd7e72499522fe4e4a39050a5c,46873207,1780535761,0xa7272afc21f9c321024ed93892a1abfeb621c374,0x1b18c1d3445630cfe6e0744e1b2d6ab7985d06ef,0x01aec225cb05396ee151457cc3f40a69fe76b6c1,1.043841,1.04384133611691,1.04384133611691,,0.8326036949784997
0x1365ede417f03b440f9d9b5dd029b9ca2c26074c03da9c68bd9b5bb1407d6d64,46873232,1780535811,0xa7272afc21f9c321024ed93892a1abfeb621c374,0x218172c19435ba4adfe3d212f3fa9e4e329e782b,0x7b659ef971441dc81f6c9718bcaf978265673dec,1.043841,1.04384133611691,1.04384133611691,,0.8326036949784997
0xd23deb78c64220d16335818fb8ea92df61d30a5f46176d29f3f9f1fbf13588f8,46873232,1780535811,0xa7272afc21f9c321024ed93892a1abfeb621c374,0x218172c19435ba4adfe3d212f3fa9e4e329e782b,0xaec4ee9a108304fcc5cdc323d8a2a1d331c342b7,1.043841,1.04384133611691,1.04384133611691,,0.8326036949784997
0xa43a4872ac0b1e23b82719a498ed7b054f9a4233ce259d56af055d8f2335d0e4,46873234,1780535815,0xa7272afc21f9c321024ed93892a1abfeb621c374,0x1b18c1d3445630cfe6e0744e1b2d6ab7985d06ef,0x01aec225cb05396ee151457cc3f40a69fe76b6c1,1.043841,1.04384133611691,1.04384133611691,,0.8326036949784997
0x07ee4fcbb6359757375f187a5e6a17421e37faff581c1dbd16780f68aae58382,46873245,1780535837,0xa7272afc21f9c321024ed93892a1abfeb621c374,0x1b18c1d3445630cfe6e0744e1b2d6ab7985d06ef,0x7b659ef971441dc81f6c9718bcaf978265673dec,1.044931,1.04384133611691,1.04384133611691,,0.8326036949784997
0x2db5082034fda7060295e7c3ec7919beabf18f52b34d71d0c942875830529e17,46873245,1780535837,0xa7272afc21f9c321024ed93892a1abfeb621c374,0x1b18c1d3445630cfe6e0744e1b2d6ab7985d06ef,0xaec4ee9a108304fcc5cdc323d8a2a1d331c342b7,1.044931,1.04384133611691,1.04384133611691,,0.8326036949784997
0xfd9bf8152d83030ab8dafbd719217925b073ddeb3353419efa34416bbbb317c8,46873245,1780535837,0xa7272afc21f9c321024ed93892a1abfeb621c374,0x1b18c1d3445630cfe6e0744e1b2d6ab7985d06ef,0x01aec225cb05396ee151457cc3f40a69fe76b6c1,1.044931,1.04384133611691,1.04384133611691,,0.8326036949784997
0xecc59e730da3ba4a2fcbcaec96dd136d134b0988340037415579f542596a9ac5,46873305,1780535957,0xa7272afc21f9c321024ed93892a1abfeb621c374,0x1b18c1d3445630cfe6e0744e1b2d6ab7985d06ef,0x7b659ef971441dc81f6c9718bcaf978265673dec,1.045424,1.04384133611691,1.04384133611691,,0.8326036949784997
0x0507197ff4fdd6073f678fa5bec02b87ee604058081281d78a4c782dcffa9d38,46873305,1780535957,0xa7272afc21f9c321024ed93892a1abfeb621c374,0x1b18c1d3445630cfe6e0744e1b2d6ab7985d06ef,0xaec4ee9a108304fcc5cdc323d8a2a1d331c342b7,1.045424,1.04384133611691,1.04384133611691,,0.8326036949784997
0x7a8fef03fcf27abd6c609862a828be2dabb508e54724403e2c069f0c5746deff,46873307,1780535961,0xa7272afc21f9c321024ed93892a1abfeb621c374,0x1b18c1d3445630cfe6e0744e1b2d6ab7985d06ef,0x01aec225cb05396ee151457cc3f40a69fe76b6c1,1.043841,1.04384133611691,1.04384133611691,,0.8326036949784997
0xa6b135484813a8c50fbdd443f66c3a6e5f13472e370648409f90271902d076a2,46873410,1780536167,0xa7272afc21f9c321024ed93892a1abfeb621c374,0x218172c19435ba4adfe3d212f3fa9e4e329e782b,0x7b659ef971441dc81f6c9718bcaf978265673dec,1.046447,1.04384133611691,1.04384133611691,,0.8326036949784997
0x01c08ab8846a2bdc46f1171833fe997c8f3b83c1054b9bf0968c784b030aab78,46873410,1780536167,0x1d11866ca5b409b286e32c8279a84213ada1c399,0x218172c19435ba4adfe3d212f3fa9e4e329e782b,0xa9334a34f0fe9f6adb2eb532b3fc00e464cc9132,1.046447,1.04384133611691,1.04384133611691,,0.8326036949784997
0x7927463ec0a99b16b40cff5338637a6f847054296b3e12cf1846fa7759a47089,46873410,1780536167,0xa7272afc21f9c321024ed93892a1abfeb621c374,0x218172c19435ba4adfe3d212f3fa9e4e329e782b,0xaec4ee9a108304fcc5cdc323d8a2a1d331c342b7,1.046447,1.04384133611691,1.04384133611691,,0.8326036949784997
0x73a8fb0983fadadf82e5cc00ecebe49dd2ed0b7f6cd26fc2c08f83503195f365,46873411,1780536169,0xa7272afc21f9c321024ed93892a1abfeb621c374,0x1b18c1d3445630cfe6e0744e1b2d6ab7985d06ef,0x01aec225cb05396ee151457cc3f40a69fe76b6c1,1.043841,1.04384133611691,1.04384133611691,,0.8326036949784997
0xea4e4875690c60d5b7411d00fe49eb22f8ee086945f678b29a1f817b434e1b8b,46873448,1780536243,0x9ca1dad919221d920b889aacf3023a5cea23165f,0x1b18c1d3445630cfe6e0744e1b2d6ab7985d06ef,0x09a054b60bd3b908791b55eee81b515b93831e99,1.043841,1.04384133611691,1.04384133611691,,0.8326036949784997
0x36a1acc945e26c7d4487864da99cb380c25830ca2d875d95ac5cf0b999a63762,46873456,1780536259,0xa7272afc21f9c321024ed93892a1abfeb621c374,0xf1ec45222bed5472804be6e67db740b738ce5198,0x7b659ef971441dc81f6c9718bcaf978265673dec,1.043841,1.04384133611691,1.04384133611691,,0.8326036949784997
0xbe8f4f28c888adf56e249fcdaaafdd79f4a92659b5e209e2e889123bc849b6fb,46873456,1780536259,0x1d11866ca5b409b286e32c8279a84213ada1c399,0xf1ec45222bed5472804be6e67db740b738ce5198,0xa9334a34f0fe9f6adb2eb532b3fc00e464cc9132,1.043841,1.04384133611691,1.04384133611691,,0.8326036949784997
0xf0f98d315af36143b0bf9adbea3356eaf199246d4a37b8d4110ce0492ed5cb7d,46873459,1780536265,0xa7272afc21f9c321024ed93892a1abfeb621c374,0x1b18c1d3445630cfe6e0744e1b2d6ab7985d06ef,0xaec4ee9a108304fcc5cdc323d8a2a1d331c342b7,1.043841,1.04384133611691,1.04384133611691,,0.8326036949784997
0x17a979e59635ba92dd7b93f84a95e0ab0c45a7c0f156e9ee8007f1a68cc6e93f,46873459,1780536265,0xa7272afc21f9c321024ed93892a1abfeb621c374,0x1b18c1d3445630cfe6e0744e1b2d6ab7985d06ef,0x01aec225cb05396ee151457cc3f40a69fe76b6c1,1.043841,1.04384133611691,1.04384133611691,,0.8326036949784997
0xce1749ad8d2c671567bc4e61e031d54440d762d225db5001491214a24f21a8ef,46873556,1780536459,0x95c3b46afbee56d6125bf6bb847fe080df02e9ce,0xc41b1af25ea9ad03e81a4d551454e9f4f519ae4e,0xe0346faf1e72354d84544fc6fb3dc1e63c1d19b4,1.043841,1.04384133611691,1.04384133611691,,0.8326036949784997
0x627b34eb0a7bea2a5661ac055b46d0039081047b4987d3c72a15c6f48edd1ffe,46873558,1780536463,0xbda8accce92506647378ff4456f24390431496c2,0xc41b1af25ea9ad03e81a4d551454e9f4f519ae4e,0xe4593deeef3ee0769abc48fefd182c76d026e473,1.074114,1.0741138560687433,1.0741138560687433,,0.727366070175296
0x14003cfcc664f8db2685f72a0d5c67f495566be86730443f90cacb174b1c3112,46873624,1780536595,0xbda8accce92506647378ff4456f24390431496c2,0x1b18c1d3445630cfe6e0744e1b2d6ab7985d06ef,0xe4593deeef3ee0769abc48fefd182c76d026e473,1.074114,1.0741138560687433,1.0741138560687433,,0.727366070175296
0x8ebb83084ced7faed7d9324d48848fe1de5bdc6fb6b42d92d38a92342ae6fdcb,46874224,1780537795,0xa7272afc21f9c321024ed93892a1abfeb621c374,0x218172c19435ba4adfe3d212f3fa9e4e329e782b,0x7b659ef971441dc81f6c9718bcaf978265673dec,1.046198,1.04384133611691,1.04384133611691,,0.8326036949784997
0x83cc628ba6907fcbfd0349b6a0afb0ab73b098d8145303fc23b37319e40a88e2,46874224,1780537795,0x1d11866ca5b409b286e32c8279a84213ada1c399,0x218172c19435ba4adfe3d212f3fa9e4e329e782b,0xa9334a34f0fe9f6adb2eb532b3fc00e464cc9132,1.046198,1.04384133611691,1.04384133611691,,0.8326036949784997
0xff4a30c51dd5c493933a44d9de7e15ec06d02dbb41fc2feb2135e6399b70c7cb,46874224,1780537795,0xa7272afc21f9c321024ed93892a1abfeb621c374,0x218172c19435ba4adfe3d212f3fa9e4e329e782b,0xaec4ee9a108304fcc5cdc323d8a2a1d331c342b7,1.046198,1.04384133611691,1.04384133611691,,0.8326036949784997
0x2a78db3c15e535e3f35c509e3f34cb528f1799d6bf3a4d23f39b148f0b8da609,46874225,1780537797,0xa7272afc21f9c321024ed93892a1abfeb621c374,0x1b18c1d3445630cfe6e0744e1b2d6ab7985d06ef,0x01aec225cb05396ee151457cc3f40a69fe76b6c1,1.043841,1.04384133611691,1.04384133611691,,0.8326036949784997
0x06e0640b6ab542f1cd2e660c3a347880301a182a43ee432d89f039a319c8b8e0,46874263,1780537873,0xa7272afc21f9c321024ed93892a1abfeb621c374,0x1b18c1d3445630cfe6e0744e1b2d6ab7985d06ef,0x7b659ef971441dc81f6c9718bcaf978265673dec,1.045484,1.04384133611691,1.04384133611691,,0.8326036949784997
0xd94356ac29bc4fa9238e879b84c1e6bccb5705b812988eb8288e510ea58836b0,46874263,1780537873,0x1d11866ca5b409b286e32c8279a84213ada1c399,0x1b18c1d3445630cfe6e0744e1b2d6ab7985d06ef,0xa9334a34f0fe9f6adb2eb532b3fc00e464cc9132,1.045484,1.04384133611691,1.04384133611691,,0.8326036949784997
0x137bc1f8e6b88b7ba99ceed3a147d8e9fc75c4fd13f2b8ad0510b1927490059f,46874263,1780537873,0xa7272afc21f9c321024ed93892a1abfeb621c374,0x1b18c1d3445630cfe6e0744e1b2d6ab7985d06ef,0xaec4ee9a108304fcc5cdc323d8a2a1d331c342b7,1.045484,1.04384133611691,1.04384133611691,,0.8326036949784997
0xb176d7eb8074ef2fe64cd8f32e9c786049e3c3e6a72c762ad51370566052cf3e,46874263,1780537873,0xa7272afc21f9c321024ed93892a1abfeb621c374,0x1b18c1d3445630cfe6e0744e1b2d6ab7985d06ef,0x01aec225cb05396ee151457cc3f40a69fe76b6c1,1.045484,1.04384133611691,1.04384133611691,,0.8326036949784997
0x2dd6c5ebcf8393ad27001c42cc106931170f65698558dd759c972b7ec9286768,46874278,1780537903,0xa7272afc21f9c321024ed93892a1abfeb621c374,0x1b18c1d3445630cfe6e0744e1b2d6ab7985d06ef,0x7b659ef971441dc81f6c9718bcaf978265673dec,1.04503,1.04384133611691,1.04384133611691,,0.8326036949784997
0xe52e0ecdf54c715bb5498038ba893a6c2a93f28c1971299801b491fc204e77df,46874278,1780537903,0x1d11866ca5b409b286e32c8279a84213ada1c399,0x1b18c1d3445630cfe6e0744e1b2d6ab7985d06ef,0xa9334a34f0fe9f6adb2eb532b3fc00e464cc9132,1.04503,1.04384133611691,1.04384133611691,,0.8326036949784997
0xe5c7d07870b873fb0207a4d9e44c15367c0ec1179cc3d19b754b8a9cb21b6071,46874278,1780537903,0xa7272afc21f9c321024ed93892a1abfeb621c374,0x1b18c1d3445630cfe6e0744e1b2d6ab7985d06ef,0xaec4ee9a108304fcc5cdc323d8a2a1d331c342b7,1.04503,1.04384133611691,1.04384133611691,,0.8326036949784997
0x9e6bad86b1aec9f67992e1b5d45f3708becf643d022c0c377756f3fbf13f75ba,46874278,1780537903,0xa7272afc21f9c321024ed93892a1abfeb621c374,0x1b18c1d3445630cfe6e0744e1b2d6ab7985d06ef,0x01aec225cb05396ee151457cc3f40a69fe76b6c1,1.04503,1.04384133611691,1.04384133611691,,0.8326036949784997
0x9c71a999731438fa1e2ff23e46e208f006d3b6bf0abe70fc1ac0230b8c763408,46874314,1780537975,0x9ca1dad919221d920b889aacf3023a5cea23165f,0x1b18c1d3445630cfe6e0744e1b2d6ab7985d06ef,0x09a054b60bd3b908791b55eee81b515b93831e99,1.045882,1.04384133611691,1.04384133611691,,0.8326036949784997
0x94d6221b8c9f02ef7660c323500b12f2605b5ded4b5388bc4bb3ec490b20024b,46874319,1780537985,0x9231db26a7a7a2bc81abb13331edae458b2871b6,0x1b18c1d3445630cfe6e0744e1b2d6ab7985d06ef,0x4822529530ecc268b42f0fe76e9df03cde09d9a1,1.043841,1.04384133611691,1.04384133611691,,0.8326036949784997
0x44592fbb7b89bc433a3429650d577b412c3e5a1fa70d2176f7f3384a77df724a,46874331,1780538009,0x9ca1dad919221d920b889aacf3023a5cea23165f,0x1b18c1d3445630cfe6e0744e1b2d6ab7985d06ef,0x09a054b60bd3b908791b55eee81b515b93831e99,1.046922,1.04384133611691,1.04384133611691,,0.8326036949784997
0x434a3f629636cdc8519f67cc681f0ca605dd826c719b30d2617fd72f1ddd24df,46874331,1780538009,0x9231db26a7a7a2bc81abb13331edae458b2871b6,0x1b18c1d3445630cfe6e0744e1b2d6ab7985d06ef,0x4822529530ecc268b42f0fe76e9df03cde09d9a1,1.046923,1.04384133611691,1.04384133611691,,0.8326036949784997
0x7fdf7fdfee15d2a2d966c23b14dd212584dc5c358a673b757728d791bf0f1d8f,46874338,1780538023,0xa7272afc21f9c321024ed93892a1abfeb621c374,0x218172c19435ba4adfe3d212f3fa9e4e329e782b,0x7b659ef971441dc81f6c9718bcaf978265673dec,1.044914,1.04384133611691,1.04384133611691,,0.8326036949784997
0x93ed102fc95c5d73cad47d0f33a3a22e8a4135a44f8610ccb1765043e176214f,46874338,1780538023,0x1d11866ca5b409b286e32c8279a84213ada1c399,0x218172c19435ba4adfe3d212f3fa9e4e329e782b,0xa9334a34f0fe9f6adb2eb532b3fc00e464cc9132,1.044914,1.04384133611691,1.04384133611691,,0.8326036949784997
0x176c6d8d5e446fc6a66db06d1c9b32a14f19a2234bdddc1b5eb0d41ad4ff7dc7,46874338,1780538023,0xa7272afc21f9c321024ed93892a1abfeb621c374,0x218172c19435ba4adfe3d212f3fa9e4e329e782b,0xaec4ee9a108304fcc5cdc323d8a2a1d331c342b7,1.044914,1.04384133611691,1.04384133611691,,0.8326036949784997
0x2f2265329b9de23db2b2025e4d941091894b7d3d501312f6de72a963a38d9e37,46874351,1780538049,0xa7272afc21f9c321024ed93892a1abfeb621c374,0x1b18c1d3445630cfe6e0744e1b2d6ab7985d06ef,0x01aec225cb05396ee151457cc3f40a69fe76b6c1,1.043841,1.04384133611691,1.04384133611691,,0.8326036949784997
0xd3d897fd9e83c0e78ced8762b34ede4e5596ddb6a9ca6bc7a52a3d568dbd9463,46874398,1780538143,0xa7272afc21f9c321024ed93892a1abfeb621c374,0x1b18c1d3445630cfe6e0744e1b2d6ab7985d06ef,0x7b659ef971441dc81f6c9718bcaf978265673dec,1.0456,1.04384133611691,1.04384133611691,,0.8326036949784997
0xd0164976f5faedc132383160564a31f7a3fa74ea91f013287a99637094cab373,46874398,1780538143,0x1d11866ca5b409b286e32c8279a84213ada1c399,0x1b18c1d3445630cfe6e0744e1b2d6ab7985d06ef,0xa9334a34f0fe9f6adb2eb532b3fc00e464cc9132,1.0456,1.04384133611691,1.04384133611691,,0.8326036949784997
0xdd9a44bac1365ea7295bb98eaaa24ebb90d7b2b62a3a7b8c2bd9e0a042f50473,46874398,1780538143,0xa7272afc21f9c321024ed93892a1abfeb621c374,0x1b18c1d3445630cfe6e0744e1b2d6ab7985d06ef,0xaec4ee9a108304fcc5cdc323d8a2a1d331c342b7,1.0456,1.04384133611691,1.04384133611691,,0.8326036949784997
0x7f79706d1a93078824416f4923ec5fb0f8772d6eb388f739460b3b295bee0305,46874398,1780538143,0xa7272afc21f9c321024ed93892a1abfeb621c374,0x1b18c1d3445630cfe6e0744e1b2d6ab7985d06ef,0x01aec225cb05396ee151457cc3f40a69fe76b6c1,1.0456,1.04384133611691,1.04384133611691,,0.8326036949784997
0xb1e05392fb06ac14f993d65565673495f3fdf81e57b0ef70b56c8b04af5ec65a,46874421,1780538189,0x9231db26a7a7a2bc81abb13331edae458b2871b6,0x1b18c1d3445630cfe6e0744e1b2d6ab7985d06ef,0x4822529530ecc268b42f0fe76e9df03cde09d9a1,1.045416,1.04384133611691,1.04384133611691,,0.8326036949784997
0x32caa849d8fc73ce3d2b38ecac0f3626e80074472172c0517422c31a57b62a2d,46874421,1780538189,0x9ca1dad919221d920b889aacf3023a5cea23165f,0x1b18c1d3445630cfe6e0744e1b2d6ab7985d06ef,0x09a054b60bd3b908791b55eee81b515b93831e99,1.045415,1.04384133611691,1.04384133611691,,0.8326036949784997
0xc388e9dbabfc0803848e60755b848caf3bd4f99986a9c86efaeb7af254a21e4f,46874503,1780538353,0xa7272afc21f9c321024ed93892a1abfeb621c374,0x1b18c1d3445630cfe6e0744e1b2d6ab7985d06ef,0x7b659ef971441dc81f6c9718bcaf978265673dec,1.047278,1.04384133611691,1.04384133611691,,0.8326036949784997
0x1005b61f9d394ec6cdb0ec6311a02b8eb717b8214c1c6156c36aa08dc6af83bf,46874503,1780538353,0x1d11866ca5b409b286e32c8279a84213ada1c399,0x1b18c1d3445630cfe6e0744e1b2d6ab7985d06ef,0xa9334a34f0fe9f6adb2eb532b3fc00e464cc9132,1.047278,1.04384133611691,1.04384133611691,,0.8326036949784997
0x3c776d4cedc5df2702ae1f76aa236ef5abb6e0b67227f00b063cdbe7869cfd27,46874503,1780538353,0xa7272afc21f9c321024ed93892a1abfeb621c374,0x1b18c1d3445630cfe6e0744e1b2d6ab7985d06ef,0xaec4ee9a108304fcc5cdc323d8a2a1d331c342b7,1.047278,1.04384133611691,1.04384133611691,,0.8326036949784997
0x275dc098400c9d43a85179068096c55aee419308d1d198d21ed17aa845c6345a,46874503,1780538353,0xa7272afc21f9c321024ed93892a1abfeb621c374,0x1b18c1d3445630cfe6e0744e1b2d6ab7985d06ef,0x01aec225cb05396ee151457cc3f40a69fe76b6c1,1.047278,1.04384133611691,1.04384133611691,,0.8326036949784997
0xfae4add1e40d86f473801b589d91843534f782da7991aa86b0e6fb584ceec3fe,46874571,1780538489,0x9231db26a7a7a2bc81abb13331edae458b2871b6,0x1b18c1d3445630cfe6e0744e1b2d6ab7985d06ef,0x4822529530ecc268b42f0fe76e9df03cde09d9a1,1.048683,1.04384133611691,1.04384133611691,,0.8326036949784997
0x02416f1641a019451dd7e092e359bb84b4bf9629c1e78309f4957969acf264be,46874571,1780538489,0x9ca1dad919221d920b889aacf3023a5cea23165f,0x1b18c1d3445630cfe6e0744e1b2d6ab7985d06ef,0x09a054b60bd3b908791b55eee81b515b93831e99,1.048682,1.04384133611691,1.04384133611691,,0.8326036949784997
0xa8a3a10122fbc596bbb36e998ef6bd7d24330cd463dac2d28ddb3f51edca4165,46874578,1780538503,0xa7272afc21f9c321024ed93892a1abfeb621c374,0x1b18c1d3445630cfe6e0744e1b2d6ab7985d06ef,0x7b659ef971441dc81f6c9718bcaf978265673dec,1.04572,1.04384133611691,1.04384133611691,,0.8326036949784997
0xa39ea5546389df511e88acbaff709f1f0385f0d3b0342d0b72aaa0ab7e29879e,46874578,1780538503,0x1d11866ca5b409b286e32c8279a84213ada1c399,0x1b18c1d3445630cfe6e0744e1b2d6ab7985d06ef,0xa9334a34f0fe9f6adb2eb532b3fc00e464cc9132,1.04572,1.04384133611691,1.04384133611691,,0.8326036949784997
0x266d8f2a0a724bab9f523c56e1328d1570dfe401c563a418654082882876f20b,46874578,1780538503,0xa7272afc21f9c321024ed93892a1abfeb621c374,0x1b18c1d3445630cfe6e0744e1b2d6ab7985d06ef,0xaec4ee9a108304fcc5cdc323d8a2a1d331c342b7,1.04572,1.04384133611691,1.04384133611691,,0.8326036949784997
0xed4ee2c89c42494d0163dbafadf6379af411291762733cfe52c102c6a3dd3c60,46874578,1780538503,0xa7272afc21f9c321024ed93892a1abfeb621c374,0x1b18c1d3445630cfe6e0744e1b2d6ab7985d06ef,0x01aec225cb05396ee151457cc3f40a69fe76b6c1,1.04572,1.04384133611691,1.04384133611691,,0.8326036949784997
0xd88a906a2fd9368fb3dffdd7b816d8fff2dbbf43c1358842e2644fb93b81ab77,46874603,1780538553,0x9231db26a7a7a2bc81abb13331edae458b2871b6,0x1b18c1d3445630cfe6e0744e1b2d6ab7985d06ef,0x4822529530ecc268b42f0fe76e9df03cde09d9a1,1.043841,1.04384133611691,1.04384133611691,,0.8326036949784997
0xcf5b83125da3e75c4af0f6f2bb38ca0e184e56cb56c776d4b6ed768937334fde,46874603,1780538553,0x9ca1dad919221d920b889aacf3023a5cea23165f,0x1b18c1d3445630cfe6e0744e1b2d6ab7985d06ef,0x09a054b60bd3b908791b55eee81b515b93831e99,1.043841,1.04384133611691,1.04384133611691,,0.8326036949784997
0x58915f9515b226e1da28db4a48f1d63ea126977c6aff280319e969c8ca8b3aa0,46874608,1780538563,0xa7272afc21f9c321024ed93892a1abfeb621c374,0x1b18c1d3445630cfe6e0744e1b2d6ab7985d06ef,0x7b659ef971441dc81f6c9718bcaf978265673dec,1.04733,1.04384133611691,1.04384133611691,,0.8326036949784997
0x8b619c3258dc471bd8523bbc2acb421439f32794c96d321b5442279814c33717,46874608,1780538563,0x1d11866ca5b409b286e32c8279a84213ada1c399,0x218172c19435ba4adfe3d212f3fa9e4e329e782b,0xa9334a34f0fe9f6adb2eb532b3fc00e464cc9132,1.04733,1.04384133611691,1.04384133611691,,0.8326036949784997
0x0d18af0183d66ff301f2dde3e6021ef7a5fe21c0e9a3afa066883106453486c6,46874608,1780538563,0xa7272afc21f9c321024ed93892a1abfeb621c374,0x1b18c1d3445630cfe6e0744e1b2d6ab7985d06ef,0xaec4ee9a108304fcc5cdc323d8a2a1d331c342b7,1.04733,1.04384133611691,1.04384133611691,,0.8326036949784997
0x1bbc02c7252935f8fe6053ce8d7d83fdd62278a8ba870ed36faa7f93059d206e,46874608,1780538563,0xa7272afc21f9c321024ed93892a1abfeb621c374,0x1b18c1d3445630cfe6e0744e1b2d6ab7985d06ef,0x01aec225cb05396ee151457cc3f40a69fe76b6c1,1.04733,1.04384133611691,1.04384133611691,,0.8326036949784997
0xef3e1a4a30d838c22a4a3984b4108638c266bde4791d657f99a0a2a005a18f21,46874617,1780538581,0x9231db26a7a7a2bc81abb13331edae458b2871b6,0x1b18c1d3445630cfe6e0744e1b2d6ab7985d06ef,0x4822529530ecc268b42f0fe76e9df03cde09d9a1,1.043841,1.04384133611691,1.04384133611691,,0.8326036949784997
0x94acfd5a82f0fdfc8d6b92bbd42fef59e3022c3a2b3203e0d0543c01460e0ffa,46874632,1780538611,0x9231db26a7a7a2bc81abb13331edae458b2871b6,0x1b18c1d3445630cfe6e0744e1b2d6ab7985d06ef,0x4822529530ecc268b42f0fe76e9df03cde09d9a1,1.043841,1.04384133611691,1.04384133611691,,0.8326036949784997
0x6339780026cc9a880e2fd47c49e0255cb5d5749aa7e81fc9cf5375be50a4e19a,46874632,1780538611,0x742d1c11c9cf4c84f1dda7b5c8ad8fc7bc708493,0x1b18c1d3445630cfe6e0744e1b2d6ab7985d06ef,0x97e7cf55540bc6ea10124edf71e6278b4c5093fb,1.043841,1.04384133611691,1.04384133611691,,0.8326036949784997
0xb8b1ce9b92a7f2396bd761b2afef10692ffcc277f6adfc876835a4c5bca40a10,46874668,1780538683,0xa7272afc21f9c321024ed93892a1abfeb621c374,0x1b18c1d3445630cfe6e0744e1b2d6ab7985d06ef,0x7b659ef971441dc81f6c9718bcaf978265673dec,1.047987,1.04384133611691,1.04384133611691,,0.8326036949784997
0xfe30e01df359bf1aa670d80d0111237574b1242bdf27dc3c2c0a3d08bfd89d83,46874668,1780538683,0x1d11866ca5b409b286e32c8279a84213ada1c399,0x1b18c1d3445630cfe6e0744e1b2d6ab7985d06ef,0xa9334a34f0fe9f6adb2eb532b3fc00e464cc9132,1.047987,1.04384133611691,1.04384133611691,,0.8326036949784997
0x683f0519956dcab98fcbb316015364da6f066b30707640e997f16f8990c40700,46874668,1780538683,0xa7272afc21f9c321024ed93892a1abfeb621c374,0x218172c19435ba4adfe3d212f3fa9e4e329e782b,0xcc2b24d0b5923e4e410329862e620b175127dd70,1.047987,1.04384133611691,1.04384133611691,,0.8326036949784997
0x131266678da04f640edbab18baba04cb7e39fdfa7bb73508fc910d3b96b771c7,46874668,1780538683,0xa7272afc21f9c321024ed93892a1abfeb621c374,0x218172c19435ba4adfe3d212f3fa9e4e329e782b,0xaec4ee9a108304fcc5cdc323d8a2a1d331c342b7,1.047987,1.04384133611691,1.04384133611691,,0.8326036949784997
0xe527c6fd3fce5645093142564cc33590d52e3b945a7b84daf1f69e75e450ba4a,46874668,1780538683,0x9ca1dad919221d920b889aacf3023a5cea23165f,0x1b18c1d3445630cfe6e0744e1b2d6ab7985d06ef,0x09a054b60bd3b908791b55eee81b515b93831e99,1.043841,1.04384133611691,1.04384133611691,,0.8326036949784997
0x6017cb3dde5e0f00b4301f98220c8e8c03e4951d8df9f85db630c1cb3b493a64,46874669,1780538685,0xa7272afc21f9c321024ed93892a1abfeb621c374,0x1b18c1d3445630cfe6e0744e1b2d6ab7985d06ef,0x01aec225cb05396ee151457cc3f40a69fe76b6c1,1.043841,1.04384133611691,1.04384133611691,,0.8326036949784997
0xa85c0549fb963d6efb0cc66f65d8586bcaa352a27e7c07fc4de79a9248991e34,46874677,1780538701,0x9231db26a7a7a2bc81abb13331edae458b2871b6,0x1b18c1d3445630cfe6e0744e1b2d6ab7985d06ef,0x4822529530ecc268b42f0fe76e9df03cde09d9a1,1.043841,1.04384133611691,1.04384133611691,,0.8326036949784997
0x13520f1ae73a810e65713d2b8464205c456ba850e9d1237f38b978ea2ec314e6,46874677,1780538701,0x742d1c11c9cf4c84f1dda7b5c8ad8fc7bc708493,0x1b18c1d3445630cfe6e0744e1b2d6ab7985d06ef,0x97e7cf55540bc6ea10124edf71e6278b4c5093fb,1.043841,1.04384133611691,1.04384133611691,,0.8326036949784997
0x5698cd5969223b4fe94e0de09b5a9496a0d7160aed0fdc808964ed65844f1c12,46875464,1780540275,0xa7272afc21f9c321024ed93892a1abfeb621c374,0xb7ea2b36a2c94f1b17939e77a20e0cf409c88bfa,0x215e1917e038c8df4928c748fd2747600d917e09,1.043829,1.04384133611691,1.04384133611691,,0.8326036949784997
0xc7d59de214810cf4e07c3c13f0f9d5269eb9b46d048404763a58e0c8b26879b4,46875464,1780540275,0x9ca1dad919221d920b889aacf3023a5cea23165f,0xb7ea2b36a2c94f1b17939e77a20e0cf409c88bfa,0xa9ae1b1848b1ff0412f10035d759f2861a8125c1,1.043818,1.04384133611691,1.04384133611691,,0.8326036949784997
0x7dbd9464910c70ab7d2719a93bbd09de52943c61cfb2a49031b023a849033938,46875520,1780540387,0x95c3b46afbee56d6125bf6bb847fe080df02e9ce,0xc41b1af25ea9ad03e81a4d551454e9f4f519ae4e,0xe0346faf1e72354d84544fc6fb3dc1e63c1d19b4,1.043841,1.04384133611691,1.04384133611691,,0.8326036949784997
0xbe8250980d900e2de4118a8326e9998cf5c1d4932ece9b4ebf1ed9d6101314f1,46885925,1780561197,0xbda8accce92506647378ff4456f24390431496c2,0x1b18c1d3445630cfe6e0744e1b2d6ab7985d06ef,0xe4593deeef3ee0769abc48fefd182c76d026e473,1.074114,1.0741138560687433,1.0741138560687433,,0.727366070175296
0x65a049698e769b2e42e0580faad6562e61e655cbd8d0f34f872d93f732c7d111,46887905,1780565157,0xbda8accce92506647378ff4456f24390431496c2,0x1b18c1d3445630cfe6e0744e1b2d6ab7985d06ef,0xe4593deeef3ee0769abc48fefd182c76d026e473,1.074114,1.0741138560687433,1.0741138560687433,,0.727366070175296
0x69f878f505666b08b985790277937eb40828bf1076aa2029035e494dc1c74599,46919489,1780628325,0xbda8accce92506647378ff4456f24390431496c2,0x218172c19435ba4adfe3d212f3fa9e4e329e782b,0xe4593deeef3ee0769abc48fefd182c76d026e473,1.078868,1.0741138560687433,1.0741138560687433,,0.727366070175296
0x12d790f141c9e7f5245e966835935b67bbf3d5704b8cbecc91cf2531f42187e8,46919586,1780628519,0xbda8accce92506647378ff4456f24390431496c2,0x1b18c1d3445630cfe6e0744e1b2d6ab7985d06ef,0xe4593deeef3ee0769abc48fefd182c76d026e473,1.074113,1.0741138560687433,1.0741138560687433,,0.727366070175296
0xf099a23ff2f6912c93e65f66a3c26babe532a89d0a11137cae2cd7d2bff2612b,46919801,1780628949,0x9231db26a7a7a2bc81abb13331edae458b2871b6,0x1b18c1d3445630cfe6e0744e1b2d6ab7985d06ef,0x4822529530ecc268b42f0fe76e9df03cde09d9a1,1.043841,1.04384133611691,1.04384133611691,,0.8326036949784997
0x6fc37c9d09c12551c6a8e933e7727e74326339438ec5fa16e1b19343909c95fa,46919801,1780628949,0x742d1c11c9cf4c84f1dda7b5c8ad8fc7bc708493,0x1b18c1d3445630cfe6e0744e1b2d6ab7985d06ef,0x97e7cf55540bc6ea10124edf71e6278b4c5093fb,1.04384,1.04384133611691,1.04384133611691,,0.8326036949784997
0xf256631fd6b2b46b79e17857738bfc9547756877ec99fced4c0855e46f617091,46921919,1780633185,0x9231db26a7a7a2bc81abb13331edae458b2871b6,0x1b18c1d3445630cfe6e0744e1b2d6ab7985d06ef,0x4822529530ecc268b42f0fe76e9df03cde09d9a1,1.045805,1.04384133611691,1.04384133611691,,0.8326036949784997
0xf3a93b9646fb9f9f0f13fcaf530a236de99b72f8e6ce492e289dc8f1522ad5c5,46921919,1780633185,0x742d1c11c9cf4c84f1dda7b5c8ad8fc7bc708493,0x1b18c1d3445630cfe6e0744e1b2d6ab7985d06ef,0x97e7cf55540bc6ea10124edf71e6278b4c5093fb,1.045805,1.04384133611691,1.04384133611691,,0.8326036949784997
0x9caa664bbd1cdca06f4255ff16a8c60db3fb65ba681647c78176c312822b3c27,46921943,1780633233,0x9ca1dad919221d920b889aacf3023a5cea23165f,0x751150016ceac6c1a24f8c074666d5eae0e2108f,0xa9ae1b1848b1ff0412f10035d759f2861a8125c1,1.043825,1.04384133611691,1.04384133611691,,0.8326036949784997
0x0b16bad001596327fd3415bc41e34b068de1fad5fc4c8ade86feb7e81e43bc89,46922557,1780634461,0x95c3b46afbee56d6125bf6bb847fe080df02e9ce,0x6fc18d2d0b2b96922ceb4126812dacd1452576cc,0xe0346faf1e72354d84544fc6fb3dc1e63c1d19b4,1.045726,1.04384133611691,1.04384133611691,,0.8326036949784997
0x17d9e1065c552174eb8b4af79475ba3d0ef22573d7dbf9f9360e974ce44a567b,46924264,1780637875,0x9231db26a7a7a2bc81abb13331edae458b2871b6,0x1b18c1d3445630cfe6e0744e1b2d6ab7985d06ef,0x4822529530ecc268b42f0fe76e9df03cde09d9a1,1.046817,1.04384133611691,1.04384133611691,,0.8326036949784997
0x0fc0a9e450915eeca112c378d1a1744546a9c04a7ae7d050557cb5dadb60faef,46924264,1780637875,0x742d1c11c9cf4c84f1dda7b5c8ad8fc7bc708493,0x1b18c1d3445630cfe6e0744e1b2d6ab7985d06ef,0x97e7cf55540bc6ea10124edf71e6278b4c5093fb,1.046817,1.04384133611691,1.04384133611691,,0.8326036949784997
0xbdb2f4af5ce57d3ad3f3a087739508086a483c58324c0be6c9ff59389fe93a4e,46924279,1780637905,0x9231db26a7a7a2bc81abb13331edae458b2871b6,0x1b18c1d3445630cfe6e0744e1b2d6ab7985d06ef,0x4822529530ecc268b42f0fe76e9df03cde09d9a1,1.047065,1.04384133611691,1.04384133611691,,0.8326036949784997
0xcaac13fecba4074432eafaa5aa71115b4d22f47fffff911e2f08c57904bb03b9,46924279,1780637905,0x742d1c11c9cf4c84f1dda7b5c8ad8fc7bc708493,0x1b18c1d3445630cfe6e0744e1b2d6ab7985d06ef,0x97e7cf55540bc6ea10124edf71e6278b4c5093fb,1.047065,1.04384133611691,1.04384133611691,,0.8326036949784997
0xadf91bda4b328a171f1a06a59ed7493c70734fd124b07ec1d352b2651bb20a1b,46924385,1780638117,0x9231db26a7a7a2bc81abb13331edae458b2871b6,0x1b18c1d3445630cfe6e0744e1b2d6ab7985d06ef,0x4822529530ecc268b42f0fe76e9df03cde09d9a1,1.043841,1.04384133611691,1.04384133611691,,0.8326036949784997
0x09b3e159fa3a014b58585b9df47dfdd1759b246bfd8925ffa9fd043ec445177e,46924385,1780638117,0x742d1c11c9cf4c84f1dda7b5c8ad8fc7bc708493,0x1b18c1d3445630cfe6e0744e1b2d6ab7985d06ef,0x97e7cf55540bc6ea10124edf71e6278b4c5093fb,1.043841,1.04384133611691,1.04384133611691,,0.8326036949784997
0x5aa2df350d60c6ebffeb6404dfee9b4d1e36b5f430d6987be2eaffd85c610ad6,46924432,1780638211,0x9231db26a7a7a2bc81abb13331edae458b2871b6,0x1b18c1d3445630cfe6e0744e1b2d6ab7985d06ef,0x4822529530ecc268b42f0fe76e9df03cde09d9a1,1.04693,1.04384133611691,1.04384133611691,,0.8326036949784997
0xcb557222060a5f3a771f1ecf5b22a1ea3b48feb7079caa286b331168eb856219,46924432,1780638211,0x742d1c11c9cf4c84f1dda7b5c8ad8fc7bc708493,0x1b18c1d3445630cfe6e0744e1b2d6ab7985d06ef,0x97e7cf55540bc6ea10124edf71e6278b4c5093fb,1.046929,1.04384133611691,1.04384133611691,,0.8326036949784997
0x8392841e192ae0854979de82031181d45741666c65cb226aacdc61c4228ad945,46924506,1780638359,0x9231db26a7a7a2bc81abb13331edae458b2871b6,0x1b18c1d3445630cfe6e0744e1b2d6ab7985d06ef,0x4822529530ecc268b42f0fe76e9df03cde09d9a1,1.047211,1.04384133611691,1.04384133611691,,0.8326036949784997
0xea67492e95152494405697850032cd8ffae6d62a2dd48557edf9666ac85ae87c,46924506,1780638359,0x742d1c11c9cf4c84f1dda7b5c8ad8fc7bc708493,0x1b18c1d3445630cfe6e0744e1b2d6ab7985d06ef,0x97e7cf55540bc6ea10124edf71e6278b4c5093fb,1.047211,1.04384133611691,1.04384133611691,,0.8326036949784997
0x22af2df9025523b32c426c50997f07405a408f9d56482371fa8a9e3c22e32dac,46924506,1780638359,0x9ca1dad919221d920b889aacf3023a5cea23165f,0x218172c19435ba4adfe3d212f3fa9e4e329e782b,0x562d48f6801045453f9783a0922361ec1b7bf439,1.047211,1.04384133611691,1.04384133611691,,0.8326036949784997
0x4f6ec9b876381a40df55b5d37d3b3a8e385ed4f9867bc7bcd39f1512797ae01b,46924506,1780638359,0x9ca1dad919221d920b889aacf3023a5cea23165f,0x218172c19435ba4adfe3d212f3fa9e4e329e782b,0x09a054b60bd3b908791b55eee81b515b93831e99,1.047211,1.04384133611691,1.04384133611691,,0.8326036949784997
0xd115bceeb6072ea4bc0cb08f90651789dcfdafba89443065c857d8988a5007e0,46924786,1780638919,0x9ca1dad919221d920b889aacf3023a5cea23165f,0x218172c19435ba4adfe3d212f3fa9e4e329e782b,0x562d48f6801045453f9783a0922361ec1b7bf439,1.043841,1.04384133611691,1.04384133611691,,0.8326036949784997
0x3e07f1c523e8ce8a7c710d8a515819f2f0401a955e70ec20cb8bddf97f5bc08e,46924786,1780638919,0x9231db26a7a7a2bc81abb13331edae458b2871b6,0x1b18c1d3445630cfe6e0744e1b2d6ab7985d06ef,0x4822529530ecc268b42f0fe76e9df03cde09d9a1,1.043841,1.04384133611691,1.04384133611691,,0.8326036949784997
0x906934cb97126e4517275963e74a2eaf6143050b92b82ccc633e53960307aa04,46924786,1780638919,0x742d1c11c9cf4c84f1dda7b5c8ad8fc7bc708493,0x1b18c1d3445630cfe6e0744e1b2d6ab7985d06ef,0x97e7cf55540bc6ea10124edf71e6278b4c5093fb,1.043841,1.04384133611691,1.04384133611691,,0.8326036949784997
0xaa0255bfe0f20fee9b253f637af31c0e19e51e15843a3f483b12d3fcbfe526a6,46924825,1780638997,0x9ca1dad919221d920b889aacf3023a5cea23165f,0x218172c19435ba4adfe3d212f3fa9e4e329e782b,0x562d48f6801045453f9783a0922361ec1b7bf439,1.045537,1.04384133611691,1.04384133611691,,0.8326036949784997
0x079e55e4a636ac95cc59a205a361f7ea18e4834d54f003b1e0c8887145cac475,46924831,1780639009,0x9231db26a7a7a2bc81abb13331edae458b2871b6,0x1b18c1d3445630cfe6e0744e1b2d6ab7985d06ef,0x4822529530ecc268b42f0fe76e9df03cde09d9a1,1.043841,1.04384133611691,1.04384133611691,,0.8326036949784997
0xc2ef1dd95fb0ecdb8ea49a58c3a67b04d4095c7ac33221c8e8e876a401382418,46924831,1780639009,0x742d1c11c9cf4c84f1dda7b5c8ad8fc7bc708493,0x1b18c1d3445630cfe6e0744e1b2d6ab7985d06ef,0x97e7cf55540bc6ea10124edf71e6278b4c5093fb,1.043841,1.04384133611691,1.04384133611691,,0.8326036949784997
0x96d5c71adb16e3098fe8ea5c59d1c111f995f99a5ae4b9d7f565a1a837130685,46924869,1780639085,0x9ca1dad919221d920b889aacf3023a5cea23165f,0x218172c19435ba4adfe3d212f3fa9e4e329e782b,0x7aa0a887f03339d6296183cba37b1eac717364f8,1.045964,1.04384133611691,1.04384133611691,,0.8326036949784997
0x661ff5982d610b709376c18aed39303db16436f9ee23884eb7a119c5564ca582,46924869,1780639085,0x9ca1dad919221d920b889aacf3023a5cea23165f,0x218172c19435ba4adfe3d212f3fa9e4e329e782b,0x562d48f6801045453f9783a0922361ec1b7bf439,1.045964,1.04384133611691,1.04384133611691,,0.8326036949784997
0x1832f57299e8e2730e518fa4b0f8bfb7bc291c998dc10e7ee39a3a9e0e94934d,46924873,1780639093,0x9231db26a7a7a2bc81abb13331edae458b2871b6,0x1b18c1d3445630cfe6e0744e1b2d6ab7985d06ef,0x4822529530ecc268b42f0fe76e9df03cde09d9a1,1.043841,1.04384133611691,1.04384133611691,,0.8326036949784997
0x252e3314b7df44732fe48df3b14b63350785fa38e1ee6c88264c7b6c10feebcd,46924873,1780639093,0x742d1c11c9cf4c84f1dda7b5c8ad8fc7bc708493,0x1b18c1d3445630cfe6e0744e1b2d6ab7985d06ef,0x97e7cf55540bc6ea10124edf71e6278b4c5093fb,1.043841,1.04384133611691,1.04384133611691,,0.8326036949784997
0x1832ccce8deff323adcdf596f580fabf601e51b456ef279c64b1ea1abb61bec3,46924914,1780639175,0x9231db26a7a7a2bc81abb13331edae458b2871b6,0x1b18c1d3445630cfe6e0744e1b2d6ab7985d06ef,0x4822529530ecc268b42f0fe76e9df03cde09d9a1,1.046699,1.04384133611691,1.04384133611691,,0.8326036949784997
0x558e0d5c7d866080e755aae9d136dfc9e06063ad51838be14a24003e31cd546f,46924914,1780639175,0x742d1c11c9cf4c84f1dda7b5c8ad8fc7bc708493,0x1b18c1d3445630cfe6e0744e1b2d6ab7985d06ef,0x97e7cf55540bc6ea10124edf71e6278b4c5093fb,1.046699,1.04384133611691,1.04384133611691,,0.8326036949784997
0xcf27d48643d6ce5420cbffee57f6c60bb48d3749c31f0bc067df8bb96f251fd4,46924914,1780639175,0x9ca1dad919221d920b889aacf3023a5cea23165f,0x218172c19435ba4adfe3d212f3fa9e4e329e782b,0x7aa0a887f03339d6296183cba37b1eac717364f8,1.046699,1.04384133611691,1.04384133611691,,0.8326036949784997
0xb2627e99072ef08ae59258a89111a358a291f6532b94375dd843933505e2ec14,46924914,1780639175,0x9ca1dad919221d920b889aacf3023a5cea23165f,0x218172c19435ba4adfe3d212f3fa9e4e329e782b,0x562d48f6801045453f9783a0922361ec1b7bf439,1.046699,1.04384133611691,1.04384133611691,,0.8326036949784997
0xbcdb8032d1f348b93764c88e3ca0ba83a16407b7d73142b64ee83bf7b4707c3f,46924959,1780639265,0x9ca1dad919221d920b889aacf3023a5cea23165f,0x218172c19435ba4adfe3d212f3fa9e4e329e782b,0x7aa0a887f03339d6296183cba37b1eac717364f8,1.046057,1.04384133611691,1.04384133611691,,0.8326036949784997
0xb1b6288488c0cec53f5072a8b7446384fc41029c7eb26bc53ec67350d5346216,46924959,1780639265,0x9ca1dad919221d920b889aacf3023a5cea23165f,0x218172c19435ba4adfe3d212f3fa9e4e329e782b,0x562d48f6801045453f9783a0922361ec1b7bf439,1.046057,1.04384133611691,1.04384133611691,,0.8326036949784997
0xeff16b686dd580c54eecee55c633d388cad3ed62f95a5b342b13713208faa4e6,46924959,1780639265,0x9231db26a7a7a2bc81abb13331edae458b2871b6,0x1b18c1d3445630cfe6e0744e1b2d6ab7985d06ef,0x4822529530ecc268b42f0fe76e9df03cde09d9a1,1.046057,1.04384133611691,1.04384133611691,,0.8326036949784997
0x9d4006967eddfcb1f5737f0ac8682923099a74589bed3df8fb140dd3a56cc39a,46924959,1780639265,0x742d1c11c9cf4c84f1dda7b5c8ad8fc7bc708493,0x1b18c1d3445630cfe6e0744e1b2d6ab7985d06ef,0x97e7cf55540bc6ea10124edf71e6278b4c5093fb,1.046056,1.04384133611691,1.04384133611691,,0.8326036949784997
0x614393c9fb02bb834db28abbae072d2f9805181fc8d0b4345b0cdcebcd5cbbbf,46925015,1780639377,0xbda8accce92506647378ff4456f24390431496c2,0x1b18c1d3445630cfe6e0744e1b2d6ab7985d06ef,0xe4593deeef3ee0769abc48fefd182c76d026e473,1.074114,1.0741138560687433,1.0741138560687433,,0.727366070175296
0x8e4f53207ba31638bde91115369472668b9b2610f4173a3745096e9e39942781,46925029,1780639405,0xbda8accce92506647378ff4456f24390431496c2,0x1b18c1d3445630cfe6e0744e1b2d6ab7985d06ef,0xe4593deeef3ee0769abc48fefd182c76d026e473,1.077305,1.0741138560687433,1.0741138560687433,,0.727366070175296
0x80fa3e53db1a066e4ad8190f836d0c945df212fa9e7615fdded7067120b1760e,46925034,1780639415,0x9231db26a7a7a2bc81abb13331edae458b2871b6,0x1b18c1d3445630cfe6e0744e1b2d6ab7985d06ef,0x4822529530ecc268b42f0fe76e9df03cde09d9a1,1.050497,1.04384133611691,1.04384133611691,,0.8326036949784997
0x3aec4e54c04248c009f967084b996ab40abe8936b6c24b5a319c356bd60ad422,46925034,1780639415,0x9ca1dad919221d920b889aacf3023a5cea23165f,0x218172c19435ba4adfe3d212f3fa9e4e329e782b,0x7aa0a887f03339d6296183cba37b1eac717364f8,1.050497,1.04384133611691,1.04384133611691,,0.8326036949784997
0x7f776b0c03cb5017835cb9549aa1d7287d15064ff2895009f74eb6f4420edf4c,46925034,1780639415,0x9ca1dad919221d920b889aacf3023a5cea23165f,0x218172c19435ba4adfe3d212f3fa9e4e329e782b,0x562d48f6801045453f9783a0922361ec1b7bf439,1.050497,1.04384133611691,1.04384133611691,,0.8326036949784997
0xfcfb90b2addbd7223002275962c3465be5b47ee351356a0589a3711c0615341f,46925034,1780639415,0x742d1c11c9cf4c84f1dda7b5c8ad8fc7bc708493,0x1b18c1d3445630cfe6e0744e1b2d6ab7985d06ef,0x97e7cf55540bc6ea10124edf71e6278b4c5093fb,1.050497,1.04384133611691,1.04384133611691,,0.8326036949784997
0x785e96653c241f0bbdeaca036da60020d24bdcff4307c467112b104fb7f01a76,46925457,1780640261,0x9ca1dad919221d920b889aacf3023a5cea23165f,0x218172c19435ba4adfe3d212f3fa9e4e329e782b,0x7aa0a887f03339d6296183cba37b1eac717364f8,1.045649,1.04384133611691,1.04384133611691,,0.8326036949784997
0x7ad54e6a5c8fe63e471a1a07cddb93228fa176d22f8bc59a65d7e54c6c4197bc,46925457,1780640261,0x9ca1dad919221d920b889aacf3023a5cea23165f,0x218172c19435ba4adfe3d212f3fa9e4e329e782b,0x562d48f6801045453f9783a0922361ec1b7bf439,1.045649,1.04384133611691,1.04384133611691,,0.8326036949784997
0xc8d3093566daba32d35efc726b98ad4439b5a54c8a9a1b95a4df188aabf94e77,46925524,1780640395,0x9231db26a7a7a2bc81abb13331edae458b2871b6,0x1b18c1d3445630cfe6e0744e1b2d6ab7985d06ef,0x4822529530ecc268b42f0fe76e9df03cde09d9a1,1.043841,1.04384133611691,1.04384133611691,,0.8326036949784997
0x899e3464e58e97cb67b5e0cf2f44309e53562c69252e14bf727f22f11494a9cb,46925536,1780640419,0x9ca1dad919221d920b889aacf3023a5cea23165f,0x0771498c93412373b7a21d4bb045546216d04197,0x7aa0a887f03339d6296183cba37b1eac717364f8,1.043841,1.04384133611691,1.04384133611691,,0.8326036949784997
0xba277870c8b00be6275f454fe811f5dc7d5d8f0e90148be616579c752301f9fe,46925536,1780640419,0x9231db26a7a7a2bc81abb13331edae458b2871b6,0x1b18c1d3445630cfe6e0744e1b2d6ab7985d06ef,0x4822529530ecc268b42f0fe76e9df03cde09d9a1,1.043841,1.04384133611691,1.04384133611691,,0.8326036949784997
0x63ecb01b500b9498523fb80891e68738a76312e13e81dd7a479f936e07a35a23,46925536,1780640419,0x742d1c11c9cf4c84f1dda7b5c8ad8fc7bc708493,0x1b18c1d3445630cfe6e0744e1b2d6ab7985d06ef,0x97e7cf55540bc6ea10124edf71e6278b4c5093fb,1.043841,1.04384133611691,1.04384133611691,,0.8326036949784997
0x17624889f8afa0e834bc42e5411c9549e005635839265e376ca0d95fd87c9da9,46925547,1780640441,0x9ca1dad919221d920b889aacf3023a5cea23165f,0x218172c19435ba4adfe3d212f3fa9e4e329e782b,0x562d48f6801045453f9783a0922361ec1b7bf439,1.04112,1.04384133611691,1.04384133611691,,0.8326036949784997
0x5f548c0f0186926eaa3c52ea2eb54a7775e865ce3729368d56d048c02d7796ab,46925562,1780640471,0x9231db26a7a7a2bc81abb13331edae458b2871b6,0x1b18c1d3445630cfe6e0744e1b2d6ab7985d06ef,0x4822529530ecc268b42f0fe76e9df03cde09d9a1,1.047549,1.04384133611691,1.04384133611691,,0.8326036949784997
0x49e24f2f89a5c950376c93ad6b4b260f3001d0c1a242dece47972fc62069dbc5,46925562,1780640471,0x742d1c11c9cf4c84f1dda7b5c8ad8fc7bc708493,0x1b18c1d3445630cfe6e0744e1b2d6ab7985d06ef,0x97e7cf55540bc6ea10124edf71e6278b4c5093fb,1.047548,1.04384133611691,1.04384133611691,,0.8326036949784997
0xba0f14b70e622aa1ba5abc0588a4b282afe0d8a1f93ab375aea061bd49b87095,46925562,1780640471,0x9ca1dad919221d920b889aacf3023a5cea23165f,0x218172c19435ba4adfe3d212f3fa9e4e329e782b,0x7aa0a887f03339d6296183cba37b1eac717364f8,1.047549,1.04384133611691,1.04384133611691,,0.8326036949784997
0xa1d3003f879b976a7180fbb38fae3b4fafdd6bb96f22f072764e8cb427361640,46925562,1780640471,0x9ca1dad919221d920b889aacf3023a5cea23165f,0x218172c19435ba4adfe3d212f3fa9e4e329e782b,0x562d48f6801045453f9783a0922361ec1b7bf439,1.047549,1.04384133611691,1.04384133611691,,0.8326036949784997
0x9ec5a733c971de25bb45fed20fca08a62c396a5185652ad307a2dee0dbc99853,46925577,1780640501,0x9ca1dad919221d920b889aacf3023a5cea23165f,0x218172c19435ba4adfe3d212f3fa9e4e329e782b,0x7aa0a887f03339d6296183cba37b1eac717364f8,1.045616,1.04384133611691,1.04384133611691,,0.8326036949784997
0x33f6a75a194545ff0fb79f342c73c809f5178d36722b1a8e492f380011be80a6,46925577,1780640501,0x9ca1dad919221d920b889aacf3023a5cea23165f,0x218172c19435ba4adfe3d212f3fa9e4e329e782b,0x562d48f6801045453f9783a0922361ec1b7bf439,1.045616,1.04384133611691,1.04384133611691,,0.8326036949784997
0x8ffb14f56598b0254d81194fab6310baf0a7bab92bc26889bb519c7afcf7c221,46925577,1780640501,0x9231db26a7a7a2bc81abb13331edae458b2871b6,0x1b18c1d3445630cfe6e0744e1b2d6ab7985d06ef,0x4822529530ecc268b42f0fe76e9df03cde09d9a1,1.045616,1.04384133611691,1.04384133611691,,0.8326036949784997
0x08f61264bedf8ec4401cff63411340df006485951e622518c2a3b43f88fc0a7e,46925577,1780640501,0x742d1c11c9cf4c84f1dda7b5c8ad8fc7bc708493,0x1b18c1d3445630cfe6e0744e1b2d6ab7985d06ef,0x97e7cf55540bc6ea10124edf71e6278b4c5093fb,1.045615,1.04384133611691,1.04384133611691,,0.8326036949784997
0x58a73c7d391f77c7685d85794fe906dcc3b1ef3c84f2e624912235db0bf080cb,46925577,1780640501,0x9ca1dad919221d920b889aacf3023a5cea23165f,0x218172c19435ba4adfe3d212f3fa9e4e329e782b,0x09a054b60bd3b908791b55eee81b515b93831e99,1.045616,1.04384133611691,1.04384133611691,,0.8326036949784997
0x31751e24d27acb4076633e8b296013498d2287efd279c97318174cade4542456,46925629,1780640605,0xa7272afc21f9c321024ed93892a1abfeb621c374,0xf1ec45222bed5472804be6e67db740b738ce5198,0x7b659ef971441dc81f6c9718bcaf978265673dec,1.043841,1.04384133611691,1.04384133611691,,0.8326036949784997
0xab176a611abcfcbebe124c6a7931ed2f2e9af49fb65c4e1688cb9174537c9dc4,46925629,1780640605,0x1d11866ca5b409b286e32c8279a84213ada1c399,0xf1ec45222bed5472804be6e67db740b738ce5198,0xa9334a34f0fe9f6adb2eb532b3fc00e464cc9132,1.043841,1.04384133611691,1.04384133611691,,0.8326036949784997
0xaa824a25ca4e5c64b321e8d11849642a6b90f3ddd8782190e5712089df8dddb4,46925633,1780640613,0xa7272afc21f9c321024ed93892a1abfeb621c374,0xf1ec45222bed5472804be6e67db740b738ce5198,0x7b659ef971441dc81f6c9718bcaf978265673dec,1.043841,1.04384133611691,1.04384133611691,,0.8326036949784997
0x98bf73303d6072ac354df170f19f7263a387b8718972d7b995ce969e81abc856,46925633,1780640613,0xa7272afc21f9c321024ed93892a1abfeb621c374,0x218172c19435ba4adfe3d212f3fa9e4e329e782b,0xaec4ee9a108304fcc5cdc323d8a2a1d331c342b7,1.043841,1.04384133611691,1.04384133611691,,0.8326036949784997
0x05562ffdb36327f51bd59f1eccf3bc2718d905f75b3397fa131ccbfe9b721972,46925633,1780640613,0x1d11866ca5b409b286e32c8279a84213ada1c399,0x1b18c1d3445630cfe6e0744e1b2d6ab7985d06ef,0xa9334a34f0fe9f6adb2eb532b3fc00e464cc9132,1.043841,1.04384133611691,1.04384133611691,,0.8326036949784997
0xb7cd379f0a6d919deca569d0de1e02e573cdb52a8ced7fbc21a5fd6ad2a4876d,46925635,1780640617,0xbda8accce92506647378ff4456f24390431496c2,0x1b18c1d3445630cfe6e0744e1b2d6ab7985d06ef,0xe4593deeef3ee0769abc48fefd182c76d026e473,1.074114,1.0741138560687433,1.0741138560687433,,0.727366070175296
0xaadc03bc231bfe19b7d616e762e3118c33bd746dd90dd9fc288f4e97cbc769da,46925635,1780640617,0x9231db26a7a7a2bc81abb13331edae458b2871b6,0x1b18c1d3445630cfe6e0744e1b2d6ab7985d06ef,0x4822529530ecc268b42f0fe76e9df03cde09d9a1,1.043841,1.04384133611691,1.04384133611691,,0.8326036949784997
0x8e0841392f0cbc3b3754deb87e1569e90fc1db70acefe1f40d621a6ed43627ca,46925635,1780640617,0x742d1c11c9cf4c84f1dda7b5c8ad8fc7bc708493,0x1b18c1d3445630cfe6e0744e1b2d6ab7985d06ef,0x97e7cf55540bc6ea10124edf71e6278b4c5093fb,1.043841,1.04384133611691,1.04384133611691,,0.8326036949784997
0x6581a5712221a7bc981176c2a4cb701319817f89640e29e33a86449574ec62b6,46925635,1780640617,0x9ca1dad919221d920b889aacf3023a5cea23165f,0x218172c19435ba4adfe3d212f3fa9e4e329e782b,0x7aa0a887f03339d6296183cba37b1eac717364f8,1.043841,1.04384133611691,1.04384133611691,,0.8326036949784997
0x517c977b203290024e8f08bc11c68006e9c568ea08edd587051fbf96aa17aa97,46925652,1780640651,0x9ca1dad919221d920b889aacf3023a5cea23165f,0x218172c19435ba4adfe3d212f3fa9e4e329e782b,0x7aa0a887f03339d6296183cba37b1eac717364f8,1.046325,1.04384133611691,1.04384133611691,,0.8326036949784997
0xec9169824c34d23329081ea198c163ea1a8381eec1d717418a145d9b8fcdf468,46925653,1780640653,0x9231db26a7a7a2bc81abb13331edae458b2871b6,0x1b18c1d3445630cfe6e0744e1b2d6ab7985d06ef,0x4822529530ecc268b42f0fe76e9df03cde09d9a1,1.043841,1.04384133611691,1.04384133611691,,0.8326036949784997
0xf2f491f529b6dc33e343fbeb8adfdd0da2f327c77bc769f54e9e04f28cf6b8ab,46925653,1780640653,0x742d1c11c9cf4c84f1dda7b5c8ad8fc7bc708493,0x1b18c1d3445630cfe6e0744e1b2d6ab7985d06ef,0x97e7cf55540bc6ea10124edf71e6278b4c5093fb,1.043841,1.04384133611691,1.04384133611691,,0.8326036949784997
0x5df871632303aaf1cd7fd9b241a1865423c3bc5868ac34bc97e33ad1c2ca6be8,46925667,1780640681,0x9ca1dad919221d920b889aacf3023a5cea23165f,0x218172c19435ba4adfe3d212f3fa9e4e329e782b,0x7aa0a887f03339d6296183cba37b1eac717364f8,1.056965,1.04384133611691,1.04384133611691,,0.8326036949784997
0x46e6dd89dc294a9e8a00425a33c24bbe1df7cba84d6e27e3b0c8e8b3c7379b89,46925667,1780640681,0x9231db26a7a7a2bc81abb13331edae458b2871b6,0x1b18c1d3445630cfe6e0744e1b2d6ab7985d06ef,0x71bd581f22260906f38a032a869faf647b36d98d,1.056965,1.04384133611691,1.04384133611691,,0.8326036949784997
0xda9f4a375d5f7f805fbe2696ca8d1e804a6811d68ac6f876b29471c29c1a867a,46925667,1780640681,0x9ca1dad919221d920b889aacf3023a5cea23165f,0x218172c19435ba4adfe3d212f3fa9e4e329e782b,0x562d48f6801045453f9783a0922361ec1b7bf439,1.056965,1.04384133611691,1.04384133611691,,0.8326036949784997
0xfb9464aebe5ae8125a36175ff821556c6c9ad2d5cea4a4f143c6b37b4cb46a56,46925667,1780640681,0x9231db26a7a7a2bc81abb13331edae458b2871b6,0x1b18c1d3445630cfe6e0744e1b2d6ab7985d06ef,0x4822529530ecc268b42f0fe76e9df03cde09d9a1,1.056965,1.04384133611691,1.04384133611691,,0.8326036949784997
0x9cc4e841e7abad3e9fd4b57792dedd4eacb88217c5966c4c272bd88201944374,46925667,1780640681,0x742d1c11c9cf4c84f1dda7b5c8ad8fc7bc708493,0x1b18c1d3445630cfe6e0744e1b2d6ab7985d06ef,0x97e7cf55540bc6ea10124edf71e6278b4c5093fb,1.056965,1.04384133611691,1.04384133611691,,0.8326036949784997
0x4995145cd12f6bf29d6eaddada19a4a6676f03b02e56b838caf682c478c4389b,46925676,1780640699,0xa7272afc21f9c321024ed93892a1abfeb621c374,0x1b18c1d3445630cfe6e0744e1b2d6ab7985d06ef,0x7b659ef971441dc81f6c9718bcaf978265673dec,1.047744,1.04384133611691,1.04384133611691,,0.8326036949784997
0xd0dab2d51b6358af943fdcdf10863da5c8377773ab2094e199ea05e95b591948,46925676,1780640699,0x1d11866ca5b409b286e32c8279a84213ada1c399,0x1b18c1d3445630cfe6e0744e1b2d6ab7985d06ef,0xa9334a34f0fe9f6adb2eb532b3fc00e464cc9132,1.047744,1.04384133611691,1.04384133611691,,0.8326036949784997
0x5797290423975b269343cad75a04f4ac6212201fb8cb2be4d02d2cf322052267,46925676,1780640699,0xa7272afc21f9c321024ed93892a1abfeb621c374,0x1b18c1d3445630cfe6e0744e1b2d6ab7985d06ef,0xaec4ee9a108304fcc5cdc323d8a2a1d331c342b7,1.047744,1.04384133611691,1.04384133611691,,0.8326036949784997
0xcae73dfed2d1ad90ecdca65906dc7ec7c0a08373c1fa78e8879085b46565089b,46939082,1780667511,0xa7272afc21f9c321024ed93892a1abfeb621c374,0x1b18c1d3445630cfe6e0744e1b2d6ab7985d06ef,0x7b659ef971441dc81f6c9718bcaf978265673dec,1.04585,1.04384133611691,1.04384133611691,,0.8326036949784997
0xa7a13bd87e7b1d9dc9d473310b063234bf4fa0bdf59f8b118cdb7dc0f2b005e7,46939082,1780667511,0xa7272afc21f9c321024ed93892a1abfeb621c374,0x1b18c1d3445630cfe6e0744e1b2d6ab7985d06ef,0xaec4ee9a108304fcc5cdc323d8a2a1d331c342b7,1.04585,1.04384133611691,1.04384133611691,,0.8326036949784997
0x46dd7a38c13eabffbd5ba8e7eac8a1ca60f20672e1a7299f07cbc2f84ff501e8,46939202,1780667751,0xa7272afc21f9c321024ed93892a1abfeb621c374,0xf1ec45222bed5472804be6e67db740b738ce5198,0x7b659ef971441dc81f6c9718bcaf978265673dec,1.045662,1.04384133611691,1.04384133611691,,0.8326036949784997
0x42c81b5d3a47382c362ecb3cd47e175234c8f0a7c4f24c1f1ec005cf5189b704,46939205,1780667757,0xa7272afc21f9c321024ed93892a1abfeb621c374,0x1b18c1d3445630cfe6e0744e1b2d6ab7985d06ef,0xaec4ee9a108304fcc5cdc323d8a2a1d331c342b7,1.043841,1.04384133611691,1.04384133611691,,0.8326036949784997
0xa1ca5a58e2dfb350fbe33097a451bd3b85d7214e6993f2b1a1f29b379e7b0d32,46939234,1780667815,0xa7272afc21f9c321024ed93892a1abfeb621c374,0x1b18c1d3445630cfe6e0744e1b2d6ab7985d06ef,0x7b659ef971441dc81f6c9718bcaf978265673dec,1.046224,1.04384133611691,1.04384133611691,,0.8326036949784997
0x749efb0e5614eeacba0f3f8185431f463bc574188fb17cba3e9791325d2dd3aa,46939234,1780667815,0xa7272afc21f9c321024ed93892a1abfeb621c374,0x1b18c1d3445630cfe6e0744e1b2d6ab7985d06ef,0xaec4ee9a108304fcc5cdc323d8a2a1d331c342b7,1.046224,1.04384133611691,1.04384133611691,,0.8326036949784997
0x7586fc4e8a55ff4a60ba600ff9741133f7a8691cc11d7fd1162a0ade2517c7a1,46939234,1780667815,0x1d11866ca5b409b286e32c8279a84213ada1c399,0x1b18c1d3445630cfe6e0744e1b2d6ab7985d06ef,0xa9334a34f0fe9f6adb2eb532b3fc00e464cc9132,1.046224,1.04384133611691,1.04384133611691,,0.8326036949784997
0x1ac6d1e94164f581d56b6418aff466ee80ed3f1822f0bd2841f0ea0be8dae1b4,46939258,1780667863,0x9ca1dad919221d920b889aacf3023a5cea23165f,0x218172c19435ba4adfe3d212f3fa9e4e329e782b,0x7aa0a887f03339d6296183cba37b1eac717364f8,1.048198,1.04384133611691,1.04384133611691,,0.8326036949784997
0x26ef93d255894db5982d8decc0290454954318239c95e248183ab3d2725b9c54,46939258,1780667863,0x9231db26a7a7a2bc81abb13331edae458b2871b6,0x218172c19435ba4adfe3d212f3fa9e4e329e782b,0x71bd581f22260906f38a032a869faf647b36d98d,1.048198,1.04384133611691,1.04384133611691,,0.8326036949784997
0xa1f097a99653a740a91f7a7a92952befafab1da948682bbcdbe6311a0112ef4b,46939258,1780667863,0x9ca1dad919221d920b889aacf3023a5cea23165f,0x218172c19435ba4adfe3d212f3fa9e4e329e782b,0x562d48f6801045453f9783a0922361ec1b7bf439,1.048198,1.04384133611691,1.04384133611691,,0.8326036949784997
0xc69583b012b46e5ed78dcfcba4f7fba93da4e4ceb2bf6b635c29bc72891098bb,46939258,1780667863,0x9231db26a7a7a2bc81abb13331edae458b2871b6,0x218172c19435ba4adfe3d212f3fa9e4e329e782b,0x4822529530ecc268b42f0fe76e9df03cde09d9a1,1.048198,1.04384133611691,1.04384133611691,,0.8326036949784997
0x982e81323410d2641d8a8cf456a100d1ddf8aee96cedcfdfb6195b84814e07e0,46939293,1780667933,0xa7272afc21f9c321024ed93892a1abfeb621c374,0x218172c19435ba4adfe3d212f3fa9e4e329e782b,0x7b659ef971441dc81f6c9718bcaf978265673dec,1.045922,1.04384133611691,1.04384133611691,,0.8326036949784997
0xcdd9f1cb34b15e0e7f8a325923f2ed06e196080d25c9b54033c7f323f897de89,46939293,1780667933,0x1d11866ca5b409b286e32c8279a84213ada1c399,0x218172c19435ba4adfe3d212f3fa9e4e329e782b,0xa9334a34f0fe9f6adb2eb532b3fc00e464cc9132,1.045922,1.04384133611691,1.04384133611691,,0.8326036949784997
0xb65ed6d98b7d8e1231d2601a55e68a39bc5f5f6aa94136a97cca8f85c63438b0,46939293,1780667933,0xa7272afc21f9c321024ed93892a1abfeb621c374,0x218172c19435ba4adfe3d212f3fa9e4e329e782b,0xaec4ee9a108304fcc5cdc323d8a2a1d331c342b7,1.045922,1.04384133611691,1.04384133611691,,0.8326036949784997
0xf335949f17874fb45fac1cad050be1fc7d0577db7521f84a77898109124104ae,46939293,1780667933,0xa7272afc21f9c321024ed93892a1abfeb621c374,0x218172c19435ba4adfe3d212f3fa9e4e329e782b,0xa6da7e3bfad3c8b20c4ac34b2ba055bed9e5d762,1.045922,1.04384133611691,1.04384133611691,,0.8326036949784997
0x9aa1c01855459accaf52323774a511fd525622d71152cdf82681117a59a03d23,46939293,1780667933,0xa7272afc21f9c321024ed93892a1abfeb621c374,0x218172c19435ba4adfe3d212f3fa9e4e329e782b,0x76585fbba1eb984900eef32b48ec3560255c92d4,1.045922,1.04384133611691,1.04384133611691,,0.8326036949784997
0x2857c7cdfb375259c8caf6770f0f0f12ccb2738e0dcdbf82f29e6284c7acf9f8,46939293,1780667933,0xa7272afc21f9c321024ed93892a1abfeb621c374,0x218172c19435ba4adfe3d212f3fa9e4e329e782b,0x944263ed7db20091a728faccd56920159042d183,1.045922,1.04384133611691,1.04384133611691,,0.8326036949784997
0x5d82eba263ba1ec3277b45056c1a67ce51653185f06fb1fc1bd355b22e612fe2,46939295,1780667937,0xa7272afc21f9c321024ed93892a1abfeb621c374,0x1b18c1d3445630cfe6e0744e1b2d6ab7985d06ef,0xeafdc784772239dfcbd799776f4e5bc53d07a2dd,1.043841,1.04384133611691,1.04384133611691,,0.8326036949784997
0x7711c4e9ab1e5d8d2fcabbedc437afff616336210c78d2e39ab26be482daf4b1,46939303,1780667953,0xa7272afc21f9c321024ed93892a1abfeb621c374,0x1b18c1d3445630cfe6e0744e1b2d6ab7985d06ef,0xacfa576aa81f7501e3dd1122eba67e3de7d5d5a3,1.043841,1.04384133611691,1.04384133611691,,0.8326036949784997
0x0e6a75cabbbf2c5e5c62381ec86b18fe12dcfa86f9c630e9ce81f57d74d64970,46939303,1780667953,0x742d1c11c9cf4c84f1dda7b5c8ad8fc7bc708493,0x1b18c1d3445630cfe6e0744e1b2d6ab7985d06ef,0x97e7cf55540bc6ea10124edf71e6278b4c5093fb,1.043841,1.04384133611691,1.04384133611691,,0.8326036949784997
0x8ccf86326959cbf379cada3443fd27924041bd49d008bd26f59a8a82d49325a5,46939307,1780667961,0xa7272afc21f9c321024ed93892a1abfeb621c374,0x218172c19435ba4adfe3d212f3fa9e4e329e782b,0x7b659ef971441dc81f6c9718bcaf978265673dec,1.045242,1.04384133611691,1.04384133611691,,0.8326036949784997
0x811e410459372f1b0b4853e2e88fdb6dcb30f5088f292423c08288985d984840,46939307,1780667961,0x1d11866ca5b409b286e32c8279a84213ada1c399,0x218172c19435ba4adfe3d212f3fa9e4e329e782b,0xa9334a34f0fe9f6adb2eb532b3fc00e464cc9132,1.045242,1.04384133611691,1.04384133611691,,0.8326036949784997
0x360f9a0b658149a86e0fc0de8896b9f0b38aaa0822f9e83989627a2427c784f7,46939307,1780667961,0xa7272afc21f9c321024ed93892a1abfeb621c374,0x218172c19435ba4adfe3d212f3fa9e4e329e782b,0xaec4ee9a108304fcc5cdc323d8a2a1d331c342b7,1.045242,1.04384133611691,1.04384133611691,,0.8326036949784997
0x49f440a09da16d524f558ee84e01acaaba1a6719a3aaea87f5832e584ebee07b,46939307,1780667961,0xa7272afc21f9c321024ed93892a1abfeb621c374,0x218172c19435ba4adfe3d212f3fa9e4e329e782b,0xa6da7e3bfad3c8b20c4ac34b2ba055bed9e5d762,1.045242,1.04384133611691,1.04384133611691,,0.8326036949784997
0x24a11325c02f6d5a4f6a4e84d7f8a9dca5a3d794aaf8dfe2d2ac086e39d96f2b,46939307,1780667961,0xa7272afc21f9c321024ed93892a1abfeb621c374,0x1b18c1d3445630cfe6e0744e1b2d6ab7985d06ef,0x76585fbba1eb984900eef32b48ec3560255c92d4,1.045242,1.04384133611691,1.04384133611691,,0.8326036949784997
0x968a8c9a2e9a06fc16a889ace23eae2cb4bab26eaae361e64e0392fcd6887798,46939307,1780667961,0xa7272afc21f9c321024ed93892a1abfeb621c374,0x1b18c1d3445630cfe6e0744e1b2d6ab7985d06ef,0x944263ed7db20091a728faccd56920159042d183,1.045242,1.04384133611691,1.04384133611691,,0.8326036949784997
0x4b23f524f2192c608d8224de241067057e44c4579c80e2590a75724a24d3d1d6,46939307,1780667961,0xa7272afc21f9c321024ed93892a1abfeb621c374,0x1b18c1d3445630cfe6e0744e1b2d6ab7985d06ef,0xeafdc784772239dfcbd799776f4e5bc53d07a2dd,1.045242,1.04384133611691,1.04384133611691,,0.8326036949784997
0xf915c78176114f80c5f418605b5aefd7598aad3638ea2ebb888c7addd2de7927,46939322,1780667991,0x9231db26a7a7a2bc81abb13331edae458b2871b6,0x1b18c1d3445630cfe6e0744e1b2d6ab7985d06ef,0x71bd581f22260906f38a032a869faf647b36d98d,1.043841,1.04384133611691,1.04384133611691,,0.8326036949784997
0x70633f144db0da7b0e2ad8ee6e47a149a070e5b5b65d72b62ee3e52b6e987e03,46939322,1780667991,0x742d1c11c9cf4c84f1dda7b5c8ad8fc7bc708493,0x1b18c1d3445630cfe6e0744e1b2d6ab7985d06ef,0x97e7cf55540bc6ea10124edf71e6278b4c5093fb,1.043841,1.04384133611691,1.04384133611691,,0.8326036949784997
0x302f0a49ca2fb1dce0a89a240e4a7571015b0e76f25f9e3f81bd8cd0e3fe1d9a,46939322,1780667991,0x9231db26a7a7a2bc81abb13331edae458b2871b6,0x1b18c1d3445630cfe6e0744e1b2d6ab7985d06ef,0x4822529530ecc268b42f0fe76e9df03cde09d9a1,1.043841,1.04384133611691,1.04384133611691,,0.8326036949784997
0x44445bed1075233b3ad31398ad103a8bf881ab73811f7a6c13b6e730e864c3ff,46939378,1780668103,0x9231db26a7a7a2bc81abb13331edae458b2871b6,0x1b18c1d3445630cfe6e0744e1b2d6ab7985d06ef,0x71bd581f22260906f38a032a869faf647b36d98d,1.043841,1.04384133611691,1.04384133611691,,0.8326036949784997
0x2336b87dc7d5c0ef23c35434ebc26e482a2d4c1f67d4644253005f0d1475b3b8,46939378,1780668103,0x9ca1dad919221d920b889aacf3023a5cea23165f,0x218172c19435ba4adfe3d212f3fa9e4e329e782b,0x7aa0a887f03339d6296183cba37b1eac717364f8,1.043841,1.04384133611691,1.04384133611691,,0.8326036949784997
0xab707b03815b6a0dc5380486d002f974d67f78e99628b3bf3f3837abd0000492,46939378,1780668103,0x9231db26a7a7a2bc81abb13331edae458b2871b6,0x1b18c1d3445630cfe6e0744e1b2d6ab7985d06ef,0x4822529530ecc268b42f0fe76e9df03cde09d9a1,1.043841,1.04384133611691,1.04384133611691,,0.8326036949784997
0x2d36b114fea9c2306ac6fbcfd47044b95b369966f8ff4fc147df37fe50f96af9,46939382,1780668111,0xa7272afc21f9c321024ed93892a1abfeb621c374,0x1b18c1d3445630cfe6e0744e1b2d6ab7985d06ef,0x7b659ef971441dc81f6c9718bcaf978265673dec,1.046643,1.04384133611691,1.04384133611691,,0.8326036949784997
0x1fce797a4078f86d5d94c3274442c63ddcd3014382ca518bd986b2f7f799059b,46939382,1780668111,0x1d11866ca5b409b286e32c8279a84213ada1c399,0x1b18c1d3445630cfe6e0744e1b2d6ab7985d06ef,0xa9334a34f0fe9f6adb2eb532b3fc00e464cc9132,1.046643,1.04384133611691,1.04384133611691,,0.8326036949784997
0xab4ee6e338bbd6d36cb8a42ea4baccb6283d2fb5eed8569d4a71e0c76285c50a,46939382,1780668111,0xa7272afc21f9c321024ed93892a1abfeb621c374,0x1b18c1d3445630cfe6e0744e1b2d6ab7985d06ef,0xaec4ee9a108304fcc5cdc323d8a2a1d331c342b7,1.046643,1.04384133611691,1.04384133611691,,0.8326036949784997
0x432c8b2fc3c312253b7c53e30e7fa0cd96c40f7e6e44964aa0bb00b6be16e0e2,46939382,1780668111,0xa7272afc21f9c321024ed93892a1abfeb621c374,0x1b18c1d3445630cfe6e0744e1b2d6ab7985d06ef,0xa6da7e3bfad3c8b20c4ac34b2ba055bed9e5d762,1.046643,1.04384133611691,1.04384133611691,,0.8326036949784997
0xef1206980d9df2d03352342a89719416d5b34ae443cd4760f60be089f54630b0,46939382,1780668111,0xa7272afc21f9c321024ed93892a1abfeb621c374,0x1b18c1d3445630cfe6e0744e1b2d6ab7985d06ef,0x76585fbba1eb984900eef32b48ec3560255c92d4,1.046643,1.04384133611691,1.04384133611691,,0.8326036949784997
0x285924ca1dfd401af0e64191bb11f23b5bcfbe30f0f41baf59af0088fdc57206,46939382,1780668111,0xa7272afc21f9c321024ed93892a1abfeb621c374,0x1b18c1d3445630cfe6e0744e1b2d6ab7985d06ef,0x944263ed7db20091a728faccd56920159042d183,1.046643,1.04384133611691,1.04384133611691,,0.8326036949784997
0xca401d47d85cadce5f96bd7df05e51e5a9fd17ae31e725236a45900789eb9406,46939382,1780668111,0xa7272afc21f9c321024ed93892a1abfeb621c374,0x1b18c1d3445630cfe6e0744e1b2d6ab7985d06ef,0xeafdc784772239dfcbd799776f4e5bc53d07a2dd,1.046642,1.04384133611691,1.04384133611691,,0.8326036949784997
0x8d61032c5fa7011fd672f4c393d2625351ec4352bcc0fc93b0be0ff65a8ee212,46939382,1780668111,0xa7272afc21f9c321024ed93892a1abfeb621c374,0x1b18c1d3445630cfe6e0744e1b2d6ab7985d06ef,0xacfa576aa81f7501e3dd1122eba67e3de7d5d5a3,1.046642,1.04384133611691,1.04384133611691,,0.8326036949784997
0xaec25b3b40d1dd193a50344ae47e7ee7a7f1bf628cac2362dfc4105fc923b321,46939453,1780668253,0x9ca1dad919221d920b889aacf3023a5cea23165f,0x218172c19435ba4adfe3d212f3fa9e4e329e782b,0x7aa0a887f03339d6296183cba37b1eac717364f8,1.043841,1.04384133611691,1.04384133611691,,0.8326036949784997
0x99f5943bad5b056c4a5e05c734a86565841fb2f1d5d76e36e55b6fb7b1bf7bf9,46939453,1780668253,0x9231db26a7a7a2bc81abb13331edae458b2871b6,0x218172c19435ba4adfe3d212f3fa9e4e329e782b,0x71bd581f22260906f38a032a869faf647b36d98d,1.043841,1.04384133611691,1.04384133611691,,0.8326036949784997
0x52246cfb2b58be24a32b6f4899c9e1e25a06a51e3ffc3559a77e510677ca36aa,46939456,1780668259,0x9231db26a7a7a2bc81abb13331edae458b2871b6,0x1b18c1d3445630cfe6e0744e1b2d6ab7985d06ef,0x4822529530ecc268b42f0fe76e9df03cde09d9a1,1.043841,1.04384133611691,1.04384133611691,,0.8326036949784997
0x11661a802e03c152de8cc886660f272982db66a985885913c9d5bd17e79bd0c4,46939456,1780668259,0x742d1c11c9cf4c84f1dda7b5c8ad8fc7bc708493,0x1b18c1d3445630cfe6e0744e1b2d6ab7985d06ef,0x97e7cf55540bc6ea10124edf71e6278b4c5093fb,1.043841,1.04384133611691,1.04384133611691,,0.8326036949784997
0x495dccdf59dfdb08f04855f98372f3ab787cb3bd4ac2ff0f5fd720a8d666ebe8,46939458,1780668263,0x1d11866ca5b409b286e32c8279a84213ada1c399,0x1b18c1d3445630cfe6e0744e1b2d6ab7985d06ef,0xa9334a34f0fe9f6adb2eb532b3fc00e464cc9132,1.047106,1.04384133611691,1.04384133611691,,0.8326036949784997
0xc0d43568060e94b7c8516feaf3f2be7dfeba0e8eefbe1e8829d7a1c3c2d67697,46939458,1780668263,0xa7272afc21f9c321024ed93892a1abfeb621c374,0x1b18c1d3445630cfe6e0744e1b2d6ab7985d06ef,0xaec4ee9a108304fcc5cdc323d8a2a1d331c342b7,1.047106,1.04384133611691,1.04384133611691,,0.8326036949784997
0x4e99d40336abb8e3c71bdbdae88568ef70ebc13631b1efeb6e59caf60e7552e9,46939458,1780668263,0xa7272afc21f9c321024ed93892a1abfeb621c374,0x1b18c1d3445630cfe6e0744e1b2d6ab7985d06ef,0xa6da7e3bfad3c8b20c4ac34b2ba055bed9e5d762,1.047106,1.04384133611691,1.04384133611691,,0.8326036949784997
0xec4818801df9ad6cd3b6668579ebad084b0db0f273339fee428319764fe428aa,46939458,1780668263,0xa7272afc21f9c321024ed93892a1abfeb621c374,0x1b18c1d3445630cfe6e0744e1b2d6ab7985d06ef,0x76585fbba1eb984900eef32b48ec3560255c92d4,1.047106,1.04384133611691,1.04384133611691,,0.8326036949784997
0x079d33a472fc3e7e21c7f65402290e30db972fb0b262c2af730197038571ce65,46939458,1780668263,0xa7272afc21f9c321024ed93892a1abfeb621c374,0x1b18c1d3445630cfe6e0744e1b2d6ab7985d06ef,0x944263ed7db20091a728faccd56920159042d183,1.047106,1.04384133611691,1.04384133611691,,0.8326036949784997
0x22a3e2f71fc741a7b2eea6b0933c53a49c2a4e1a4d9745d235b74d519910a50d,46939458,1780668263,0xa7272afc21f9c321024ed93892a1abfeb621c374,0x1b18c1d3445630cfe6e0744e1b2d6ab7985d06ef,0xeafdc784772239dfcbd799776f4e5bc53d07a2dd,1.047106,1.04384133611691,1.04384133611691,,0.8326036949784997
0x56d811845bd690b54774362aea457481aef760e4f0b226507f5623d56597711f,46939458,1780668263,0xa7272afc21f9c321024ed93892a1abfeb621c374,0x1b18c1d3445630cfe6e0744e1b2d6ab7985d06ef,0x7b659ef971441dc81f6c9718bcaf978265673dec,1.047106,1.04384133611691,1.04384133611691,,0.8326036949784997
0xf88187ed9d0daa01c6097ced749fbed8ca9528a126180c3481b1874d52a357aa,46939468,1780668283,0x9ca1dad919221d920b889aacf3023a5cea23165f,0x218172c19435ba4adfe3d212f3fa9e4e329e782b,0x7aa0a887f03339d6296183cba37b1eac717364f8,1.043841,1.04384133611691,1.04384133611691,,0.8326036949784997
0xb197354a2482bdf929fd2f446b8d0ce2141eb95c58e6fcf04341f4f5cad9ff67,46939468,1780668283,0x9231db26a7a7a2bc81abb13331edae458b2871b6,0x218172c19435ba4adfe3d212f3fa9e4e329e782b,0x71bd581f22260906f38a032a869faf647b36d98d,1.043841,1.04384133611691,1.04384133611691,,0.8326036949784997
0x94bd5597b6c7827f35973f6bfdaa603d7190cce47c93b96d632c5151e4e6f677,46939468,1780668283,0x9ca1dad919221d920b889aacf3023a5cea23165f,0x218172c19435ba4adfe3d212f3fa9e4e329e782b,0x562d48f6801045453f9783a0922361ec1b7bf439,1.043841,1.04384133611691,1.04384133611691,,0.8326036949784997
0x4ea9195b8bb88fbceaa3d487da53b03e29e3b2c6d09f0e6c351358f33388daf5,46939468,1780668283,0x9231db26a7a7a2bc81abb13331edae458b2871b6,0x1b18c1d3445630cfe6e0744e1b2d6ab7985d06ef,0x4822529530ecc268b42f0fe76e9df03cde09d9a1,1.043841,1.04384133611691,1.04384133611691,,0.8326036949784997
0x7c83bdc4b86b281eeaa823d7da8cdd0c4b80270d050685c1ab36a025cbce7854,46939513,1780668373,0x9231db26a7a7a2bc81abb13331edae458b2871b6,0x1b18c1d3445630cfe6e0744e1b2d6ab7985d06ef,0x71bd581f22260906f38a032a869faf647b36d98d,1.047025,1.04384133611691,1.04384133611691,,0.8326036949784997
0x647f45b46ed0cdb536c7e3614a45550fa34fb2d85e4b414ef15286279cf43142,46939513,1780668373,0x9231db26a7a7a2bc81abb13331edae458b2871b6,0x1b18c1d3445630cfe6e0744e1b2d6ab7985d06ef,0x4822529530ecc268b42f0fe76e9df03cde09d9a1,1.047024,1.04384133611691,1.04384133611691,,0.8326036949784997
0x8a21be33d00a2c0e8bbec1d11b6aae9207a3c78a46ffdff3c0e3002ca2f2e703,46939532,1780668411,0x1d11866ca5b409b286e32c8279a84213ada1c399,0x1b18c1d3445630cfe6e0744e1b2d6ab7985d06ef,0xa9334a34f0fe9f6adb2eb532b3fc00e464cc9132,1.046316,1.04384133611691,1.04384133611691,,0.8326036949784997
0x15623ba023f9ca117c34535ab6c7d121b293ff8177a4d303ab9c9347d9d9b69d,46939532,1780668411,0xa7272afc21f9c321024ed93892a1abfeb621c374,0x1b18c1d3445630cfe6e0744e1b2d6ab7985d06ef,0xaec4ee9a108304fcc5cdc323d8a2a1d331c342b7,1.046316,1.04384133611691,1.04384133611691,,0.8326036949784997
0x59a796e0bd5df703969af21fb927fa2da35b130d6ceb8c3c0dbf2dccdd435973,46939532,1780668411,0xa7272afc21f9c321024ed93892a1abfeb621c374,0x1b18c1d3445630cfe6e0744e1b2d6ab7985d06ef,0xa6da7e3bfad3c8b20c4ac34b2ba055bed9e5d762,1.046316,1.04384133611691,1.04384133611691,,0.8326036949784997
0xc0f9f397e5469b8b2a78e44c46fd72d11de359c46822ce18a99fa46cc03690de,46939532,1780668411,0xa7272afc21f9c321024ed93892a1abfeb621c374,0x1b18c1d3445630cfe6e0744e1b2d6ab7985d06ef,0x76585fbba1eb984900eef32b48ec3560255c92d4,1.046316,1.04384133611691,1.04384133611691,,0.8326036949784997
0xa4e319b6bfe5eb3cff8ca0cac665f8085dd8eb795051015dc7f38ad9fe065104,46939532,1780668411,0xa7272afc21f9c321024ed93892a1abfeb621c374,0x1b18c1d3445630cfe6e0744e1b2d6ab7985d06ef,0x944263ed7db20091a728faccd56920159042d183,1.046316,1.04384133611691,1.04384133611691,,0.8326036949784997
0x1d33b5486af823572021b5880ec8e9d5677a12ea33e4bc463f537569940533c5,46939532,1780668411,0xa7272afc21f9c321024ed93892a1abfeb621c374,0x1b18c1d3445630cfe6e0744e1b2d6ab7985d06ef,0xeafdc784772239dfcbd799776f4e5bc53d07a2dd,1.046316,1.04384133611691,1.04384133611691,,0.8326036949784997
0x43ec3a3319524ce20e8e8e16ea13de1251b97e51caa43f570b491560fa90b27d,46939532,1780668411,0xa7272afc21f9c321024ed93892a1abfeb621c374,0x1b18c1d3445630cfe6e0744e1b2d6ab7985d06ef,0xacfa576aa81f7501e3dd1122eba67e3de7d5d5a3,1.046316,1.04384133611691,1.04384133611691,,0.8326036949784997
0x3c09aae49272584452e6f1994a243d2a29f8b74c436c35d29dc97f7532f6f9c3,46939532,1780668411,0xa7272afc21f9c321024ed93892a1abfeb621c374,0xf1ec45222bed5472804be6e67db740b738ce5198,0x7b659ef971441dc81f6c9718bcaf978265673dec,1.046316,1.04384133611691,1.04384133611691,,0.8326036949784997
0x67eb33a7238963018aa121a3e43cf5bb7d578b3f8cd3d690b5285789e9c69935,46939544,1780668435,0x9ca1dad919221d920b889aacf3023a5cea23165f,0x218172c19435ba4adfe3d212f3fa9e4e329e782b,0x7aa0a887f03339d6296183cba37b1eac717364f8,1.043841,1.04384133611691,1.04384133611691,,0.8326036949784997
0x833153c491df9dfec12672450edf644a998f29eda6b2da5efbe4ff8ab1172ace,46939544,1780668435,0x9231db26a7a7a2bc81abb13331edae458b2871b6,0x1b18c1d3445630cfe6e0744e1b2d6ab7985d06ef,0x71bd581f22260906f38a032a869faf647b36d98d,1.043841,1.04384133611691,1.04384133611691,,0.8326036949784997
0x80dc777b582c7d475b43ff720685397325da3241a58f406b5f982c4b86c7fba1,46939544,1780668435,0x9231db26a7a7a2bc81abb13331edae458b2871b6,0x1b18c1d3445630cfe6e0744e1b2d6ab7985d06ef,0x4822529530ecc268b42f0fe76e9df03cde09d9a1,1.043841,1.04384133611691,1.04384133611691,,0.8326036949784997
0x8869dfe115311b68e9ce451c7be7678203452a11da82fbeef301bb0f3c7590c7,46939544,1780668435,0x742d1c11c9cf4c84f1dda7b5c8ad8fc7bc708493,0x1b18c1d3445630cfe6e0744e1b2d6ab7985d06ef,0x97e7cf55540bc6ea10124edf71e6278b4c5093fb,1.043841,1.04384133611691,1.04384133611691,,0.8326036949784997
0xf96b5e20e640343b3eda4efc985f8d9db3184659ca9d14d3381f14d7d5ef78b2,46939544,1780668435,0x9ca1dad919221d920b889aacf3023a5cea23165f,0x218172c19435ba4adfe3d212f3fa9e4e329e782b,0x562d48f6801045453f9783a0922361ec1b7bf439,1.043841,1.04384133611691,1.04384133611691,,0.8326036949784997
0x87916367ef73f640385d021f2794f2bef3693cc755f6c1760b117a06df7c8772,46939807,1780668961,0x757624b9faca2792f24d311f0586182cbdf0eb18,0xe6e3f8b510fecab4b9f74df24cede54567ee2f14,0x0d0fc47b78ac40f04e9174bae226d1c830b32fea,1.011684,1.01,1.03,0.0842,0.75
0xe5e98c1b4611755a51bd83bfb81f3d7a843059b5bc4077a331dce3ae61789813,46940129,1780669605,0x9ca1dad919221d920b889aacf3023a5cea23165f,0x218172c19435ba4adfe3d212f3fa9e4e329e782b,0x7aa0a887f03339d6296183cba37b1eac717364f8,1.046675,1.04384133611691,1.04384133611691,,0.8326036949784997
0x0addad90869aa89afcd7b8d6d1d5a8f8d7a6a7ea2ffa6b50395550c5db0a120b,46940129,1780669605,0x9231db26a7a7a2bc81abb13331edae458b2871b6,0x218172c19435ba4adfe3d212f3fa9e4e329e782b,0x71bd581f22260906f38a032a869faf647b36d98d,1.046675,1.04384133611691,1.04384133611691,,0.8326036949784997
0x18c94f143710098bea42ea7479663f7fbd86ac823232d79d8e38ede13c1443b7,46940136,1780669619,0xa7272afc21f9c321024ed93892a1abfeb621c374,0xf1ec45222bed5472804be6e67db740b738ce5198,0x7b659ef971441dc81f6c9718bcaf978265673dec,1.043841,1.04384133611691,1.04384133611691,,0.8326036949784997
0x7001bb99ff6fe2b067c54d4e6517cd7cc2a4242fa1d8736634d13e975ff5fbb2,46940144,1780669635,0xa7272afc21f9c321024ed93892a1abfeb621c374,0x1b18c1d3445630cfe6e0744e1b2d6ab7985d06ef,0xaec4ee9a108304fcc5cdc323d8a2a1d331c342b7,1.043841,1.04384133611691,1.04384133611691,,0.8326036949784997
0xb325a6ca8191a21078196b3197ef996b7f27c9328eb8a1652884e2eae390f87d,46940144,1780669635,0xa7272afc21f9c321024ed93892a1abfeb621c374,0x1b18c1d3445630cfe6e0744e1b2d6ab7985d06ef,0xa6da7e3bfad3c8b20c4ac34b2ba055bed9e5d762,1.043841,1.04384133611691,1.04384133611691,,0.8326036949784997
0xbaeee710728f9504ceea34d0e0e297de2b68a30f2586745efe57ba8420e550de,46940144,1780669635,0xa7272afc21f9c321024ed93892a1abfeb621c374,0x1b18c1d3445630cfe6e0744e1b2d6ab7985d06ef,0x76585fbba1eb984900eef32b48ec3560255c92d4,1.043841,1.04384133611691,1.04384133611691,,0.8326036949784997
0x2f2e52f2989dee5dda09d0025c8920e186356de4568573de04c8b7106437c248,46940144,1780669635,0xa7272afc21f9c321024ed93892a1abfeb621c374,0x1b18c1d3445630cfe6e0744e1b2d6ab7985d06ef,0x944263ed7db20091a728faccd56920159042d183,1.043841,1.04384133611691,1.04384133611691,,0.8326036949784997
0xbbde3a09741e12ffa63b8021182a08fc30ac4c8e620d8c37a1c70bc0a16c7a35,46940148,1780669643,0xa7272afc21f9c321024ed93892a1abfeb621c374,0x1b18c1d3445630cfe6e0744e1b2d6ab7985d06ef,0xeafdc784772239dfcbd799776f4e5bc53d07a2dd,1.043841,1.04384133611691,1.04384133611691,,0.8326036949784997
0x1cfc28b708a93c60d45ff861683807c8d5d617879728ab8101732db41cb24036,46940148,1780669643,0x9231db26a7a7a2bc81abb13331edae458b2871b6,0x1b18c1d3445630cfe6e0744e1b2d6ab7985d06ef,0x4822529530ecc268b42f0fe76e9df03cde09d9a1,1.043841,1.04384133611691,1.04384133611691,,0.8326036949784997
0xd381162a7bb06e818d486ce6cc79f5d6eb6c5b78fe7e255d7734b18cb19be392,46940178,1780669703,0xa7272afc21f9c321024ed93892a1abfeb621c374,0x1b18c1d3445630cfe6e0744e1b2d6ab7985d06ef,0xaec4ee9a108304fcc5cdc323d8a2a1d331c342b7,1.046422,1.04384133611691,1.04384133611691,,0.8326036949784997
0x95180ec10b818772d33c5ec0dd592a148c3e3c6f6bbb29e5810525d7c5d2b35e,46940178,1780669703,0xa7272afc21f9c321024ed93892a1abfeb621c374,0x1b18c1d3445630cfe6e0744e1b2d6ab7985d06ef,0xa6da7e3bfad3c8b20c4ac34b2ba055bed9e5d762,1.046422,1.04384133611691,1.04384133611691,,0.8326036949784997
0xcd464dcea1da9a3951f0fd80189ec59b492b1199ecc960dd2918a720126d989a,46940178,1780669703,0xa7272afc21f9c321024ed93892a1abfeb621c374,0x1b18c1d3445630cfe6e0744e1b2d6ab7985d06ef,0x76585fbba1eb984900eef32b48ec3560255c92d4,1.046422,1.04384133611691,1.04384133611691,,0.8326036949784997
0x8e68362f15b0d8b8806a79cadfcbacfbe872c4a4512a5fc98416576e47860644,46940178,1780669703,0xa7272afc21f9c321024ed93892a1abfeb621c374,0x1b18c1d3445630cfe6e0744e1b2d6ab7985d06ef,0x7b659ef971441dc81f6c9718bcaf978265673dec,1.046422,1.04384133611691,1.04384133611691,,0.8326036949784997
0x75e6b77b7182ec924a8251b0ed58462c6fc3ec5920b8dfb150e05f51497697e7,46940178,1780669703,0xa7272afc21f9c321024ed93892a1abfeb621c374,0x1b18c1d3445630cfe6e0744e1b2d6ab7985d06ef,0x944263ed7db20091a728faccd56920159042d183,1.046422,1.04384133611691,1.04384133611691,,0.8326036949784997
0x845b3fb185f0dcbcea82e0c3e0496527d1995d92f85e7f5f77e85f803ed8f540,46940179,1780669705,0xa7272afc21f9c321024ed93892a1abfeb621c374,0x1b18c1d3445630cfe6e0744e1b2d6ab7985d06ef,0xeafdc784772239dfcbd799776f4e5bc53d07a2dd,1.043841,1.04384133611691,1.04384133611691,,0.8326036949784997
0xe7e5fdba4c6f28fc6fb34e0e1534a55a66a39b48e69404ed8d48ea970784a0e5,46940179,1780669705,0xa7272afc21f9c321024ed93892a1abfeb621c374,0x1b18c1d3445630cfe6e0744e1b2d6ab7985d06ef,0xacfa576aa81f7501e3dd1122eba67e3de7d5d5a3,1.043841,1.04384133611691,1.04384133611691,,0.8326036949784997
0xddc572c6ab4be6affd64c2e927abd394f6e30989ea85ab52e26b7ea4c61ff1b4,46940309,1780669965,0x9ca1dad919221d920b889aacf3023a5cea23165f,0x218172c19435ba4adfe3d212f3fa9e4e329e782b,0x7aa0a887f03339d6296183cba37b1eac717364f8,1.045493,1.04384133611691,1.04384133611691,,0.8326036949784997
0xb0feff26bf209ebd9936b621c3415addd36c882e221832c9a2f00dfe4d8da9d2,46940309,1780669965,0x9231db26a7a7a2bc81abb13331edae458b2871b6,0x218172c19435ba4adfe3d212f3fa9e4e329e782b,0x71bd581f22260906f38a032a869faf647b36d98d,1.045493,1.04384133611691,1.04384133611691,,0.8326036949784997
0x28bb1125673e6d6d3112e1567d543102177bb179bab14fd0315b7259ef74a3f1,46940309,1780669965,0x9ca1dad919221d920b889aacf3023a5cea23165f,0x218172c19435ba4adfe3d212f3fa9e4e329e782b,0x562d48f6801045453f9783a0922361ec1b7bf439,1.045493,1.04384133611691,1.04384133611691,,0.8326036949784997
0xd1ba015edc99f0f331e80c9863662ca093b537eb3a94f29643969f78750e1e0b,46940309,1780669965,0x9231db26a7a7a2bc81abb13331edae458b2871b6,0x1b18c1d3445630cfe6e0744e1b2d6ab7985d06ef,0x4822529530ecc268b42f0fe76e9df03cde09d9a1,1.045492,1.04384133611691,1.04384133611691,,0.8326036949784997
0x95c0a6b8117647dd64f9635402215fa7fc928e5101d918f8bbfc25616e00ff05,46941002,1780671351,0x9231db26a7a7a2bc81abb13331edae458b2871b6,0x1b18c1d3445630cfe6e0744e1b2d6ab7985d06ef,0x71bd581f22260906f38a032a869faf647b36d98d,1.046781,1.04384133611691,1.04384133611691,,0.8326036949784997
0x308c6eb21cbdad1ff93ad7e65e3148ffe25e2acc1918ecbda5e1a779a63de58b,46941002,1780671351,0x9231db26a7a7a2bc81abb13331edae458b2871b6,0x1b18c1d3445630cfe6e0744e1b2d6ab7985d06ef,0x4822529530ecc268b42f0fe76e9df03cde09d9a1,1.046781,1.04384133611691,1.04384133611691,,0.8326036949784997
0x07fa3c8bb8585f89a99bccdb3f229d8820bb0404d5631edea8922f8001be1bc9,46941002,1780671351,0x742d1c11c9cf4c84f1dda7b5c8ad8fc7bc708493,0x1b18c1d3445630cfe6e0744e1b2d6ab7985d06ef,0x97e7cf55540bc6ea10124edf71e6278b4c5093fb,1.04678,1.04384133611691,1.04384133611691,,0.8326036949784997
0x29b13e407b19aba7a78998ee755bcc7776c8c7b01e10e08f0579871c455bca3f,46941002,1780671351,0x9ca1dad919221d920b889aacf3023a5cea23165f,0x218172c19435ba4adfe3d212f3fa9e4e329e782b,0x7aa0a887f03339d6296183cba37b1eac717364f8,1.046781,1.04384133611691,1.04384133611691,,0.8326036949784997
0x88b011d0be8ba2317ffa1c6dc84f8434c85f96ee7302c3a9e098abe95661fae4,46941168,1780671683,0x9ca1dad919221d920b889aacf3023a5cea23165f,0x218172c19435ba4adfe3d212f3fa9e4e329e782b,0x562d48f6801045453f9783a0922361ec1b7bf439,1.047973,1.04384133611691,1.04384133611691,,0.8326036949784997
0xd16f03a7fc37e121871706bd833afd85e4238c7b91a0cdf1da53419a159da7d7,46941168,1780671683,0x9ca1dad919221d920b889aacf3023a5cea23165f,0x218172c19435ba4adfe3d212f3fa9e4e329e782b,0x7aa0a887f03339d6296183cba37b1eac717364f8,1.047973,1.04384133611691,1.04384133611691,,0.8326036949784997
0xfd7de416a2788b4e5fbdba7cc1c04e7ffef6444418130366d46d70f44461bf57,46941168,1780671683,0x9231db26a7a7a2bc81abb13331edae458b2871b6,0x1b18c1d3445630cfe6e0744e1b2d6ab7985d06ef,0x71bd581f22260906f38a032a869faf647b36d98d,1.047973,1.04384133611691,1.04384133611691,,0.8326036949784997
0x1a42966763952d7719180e5a9f2fe7aa2caa98f6034acfddc68a08e35faa5626,46941168,1780671683,0x9231db26a7a7a2bc81abb13331edae458b2871b6,0x1b18c1d3445630cfe6e0744e1b2d6ab7985d06ef,0x4822529530ecc268b42f0fe76e9df03cde09d9a1,1.047973,1.04384133611691,1.04384133611691,,0.8326036949784997
0xdba9a997490db6784b0a9eeae4701f9e503255860a95ee0000b34aabf8b77eaa,46941318,1780671983,0x9231db26a7a7a2bc81abb13331edae458b2871b6,0x1b18c1d3445630cfe6e0744e1b2d6ab7985d06ef,0x71bd581f22260906f38a032a869faf647b36d98d,1.043841,1.04384133611691,1.04384133611691,,0.8326036949784997
0xeaf3b72f5d5ed7656c32357bd198e043402b42dabb6815e99a80ce5329fe0858,46941318,1780671983,0x9231db26a7a7a2bc81abb13331edae458b2871b6,0x1b18c1d3445630cfe6e0744e1b2d6ab7985d06ef,0x4822529530ecc268b42f0fe76e9df03cde09d9a1,1.043841,1.04384133611691,1.04384133611691,,0.8326036949784997
0x8dd7062bb28fa0cbb72e105f200a39e3e6741ad310d9ce5323c29274bcb68c6c,46941318,1780671983,0x742d1c11c9cf4c84f1dda7b5c8ad8fc7bc708493,0x1b18c1d3445630cfe6e0744e1b2d6ab7985d06ef,0x97e7cf55540bc6ea10124edf71e6278b4c5093fb,1.043841,1.04384133611691,1.04384133611691,,0.8326036949784997
0x8066c149a5e16d9db31befb0264dda562299f35b8047ed7ebf42346a2b90a144,46941333,1780672013,0x9ca1dad919221d920b889aacf3023a5cea23165f,0x218172c19435ba4adfe3d212f3fa9e4e329e782b,0xfb76aa1a9ec52334f676ae2ad1165fb07551b3e6,1.042267,1.04384133611691,1.04384133611691,,0.8326036949784997
0x7964681a84dc5b93b49da0c3cff8900dde9a34b43aa932fc17f462d244e8d24c,46941408,1780672163,0x9231db26a7a7a2bc81abb13331edae458b2871b6,0x1b18c1d3445630cfe6e0744e1b2d6ab7985d06ef,0x71bd581f22260906f38a032a869faf647b36d98d,1.047792,1.04384133611691,1.04384133611691,,0.8326036949784997
0x3373ff0ed481a829eaf2a95beb44c2f24ad2393f176a7a982963410a38292c69,46941408,1780672163,0x9ca1dad919221d920b889aacf3023a5cea23165f,0x218172c19435ba4adfe3d212f3fa9e4e329e782b,0xfb76aa1a9ec52334f676ae2ad1165fb07551b3e6,1.047792,1.04384133611691,1.04384133611691,,0.8326036949784997
0xa1a02e4b752b51992de792ccc0bc9953cf4d69125ff458b638539a541cc4dfa7,46941408,1780672163,0x9ca1dad919221d920b889aacf3023a5cea23165f,0x218172c19435ba4adfe3d212f3fa9e4e329e782b,0x7aa0a887f03339d6296183cba37b1eac717364f8,1.047792,1.04384133611691,1.04384133611691,,0.8326036949784997
0x68d57a07a7511b76e249608a893c555eaade7b01ee156ae46fa40d4722e98bdb,46941408,1780672163,0x9ca1dad919221d920b889aacf3023a5cea23165f,0x218172c19435ba4adfe3d212f3fa9e4e329e782b,0x562d48f6801045453f9783a0922361ec1b7bf439,1.047792,1.04384133611691,1.04384133611691,,0.8326036949784997
0xb94b28446acd9895d8fd3507883ad198cf37a899f0ae49d220f372065cefdf15,46941409,1780672165,0x9231db26a7a7a2bc81abb13331edae458b2871b6,0x1b18c1d3445630cfe6e0744e1b2d6ab7985d06ef,0x4822529530ecc268b42f0fe76e9df03cde09d9a1,1.043841,1.04384133611691,1.04384133611691,,0.8326036949784997
0x08a70ea7344a89209f65c76e8fc0bfc703d7654fd425a10bc45d9e31eb5e1f7e,46941409,1780672165,0x742d1c11c9cf4c84f1dda7b5c8ad8fc7bc708493,0x1b18c1d3445630cfe6e0744e1b2d6ab7985d06ef,0x97e7cf55540bc6ea10124edf71e6278b4c5093fb,1.043841,1.04384133611691,1.04384133611691,,0.8326036949784997
0x7f22ce209b71fcae0e7d993de96624fc179e877c9e2506ef3dad005db8e07266,46941483,1780672313,0x9ca1dad919221d920b889aacf3023a5cea23165f,0x218172c19435ba4adfe3d212f3fa9e4e329e782b,0xfb76aa1a9ec52334f676ae2ad1165fb07551b3e6,1.045541,1.04384133611691,1.04384133611691,,0.8326036949784997
0x0927a85f44586ed16b4ed0007f81f5ccee1111caf1720652f335525f8a38a246,46941483,1780672313,0x9ca1dad919221d920b889aacf3023a5cea23165f,0x218172c19435ba4adfe3d212f3fa9e4e329e782b,0x7aa0a887f03339d6296183cba37b1eac717364f8,1.045541,1.04384133611691,1.04384133611691,,0.8326036949784997
0x032d09064114274d131cb04d0d449fbf5a36b1998de322402745949f5959da29,46941483,1780672313,0x9231db26a7a7a2bc81abb13331edae458b2871b6,0x218172c19435ba4adfe3d212f3fa9e4e329e782b,0x71bd581f22260906f38a032a869faf647b36d98d,1.045541,1.04384133611691,1.04384133611691,,0.8326036949784997
0xc2375acc547978455e6bb4385ec068a92cb87a8474120f6989985db05f359705,46941483,1780672313,0x9ca1dad919221d920b889aacf3023a5cea23165f,0x218172c19435ba4adfe3d212f3fa9e4e329e782b,0x562d48f6801045453f9783a0922361ec1b7bf439,1.045541,1.04384133611691,1.04384133611691,,0.8326036949784997
0x32de28ad74a69a54738792565865b383d9a93d0fe98733759a91919e88383a2b,46941485,1780672317,0x9231db26a7a7a2bc81abb13331edae458b2871b6,0x1b18c1d3445630cfe6e0744e1b2d6ab7985d06ef,0x4822529530ecc268b42f0fe76e9df03cde09d9a1,1.043841,1.04384133611691,1.04384133611691,,0.8326036949784997
0x449ef7548fd499313f4a8189df8a098d24140424ca2cede67d51859072285300,46941485,1780672317,0x742d1c11c9cf4c84f1dda7b5c8ad8fc7bc708493,0x1b18c1d3445630cfe6e0744e1b2d6ab7985d06ef,0x97e7cf55540bc6ea10124edf71e6278b4c5093fb,1.043841,1.04384133611691,1.04384133611691,,0.8326036949784997
0xdb5eafb765b0a42ea26ceaeb06383d49eac4307e09c16320bc4e400768ec3f75,46941543,1780672433,0x9ca1dad919221d920b889aacf3023a5cea23165f,0x218172c19435ba4adfe3d212f3fa9e4e329e782b,0xfb76aa1a9ec52334f676ae2ad1165fb07551b3e6,1.046318,1.04384133611691,1.04384133611691,,0.8326036949784997
0xb7706262085f6887d5f40559509c59e815b44ccdeb37ad8536730f64f50f7050,46941543,1780672433,0x9ca1dad919221d920b889aacf3023a5cea23165f,0x218172c19435ba4adfe3d212f3fa9e4e329e782b,0x7aa0a887f03339d6296183cba37b1eac717364f8,1.046318,1.04384133611691,1.04384133611691,,0.8326036949784997
0xf124f894e3ae88154d4e9c577b810d5d2ea34fe2b78e0510ee9dfdcdb1bf0ce2,46941543,1780672433,0x9231db26a7a7a2bc81abb13331edae458b2871b6,0x218172c19435ba4adfe3d212f3fa9e4e329e782b,0x71bd581f22260906f38a032a869faf647b36d98d,1.046318,1.04384133611691,1.04384133611691,,0.8326036949784997
0xfff64a7d543526794c6794e7c170cad6efbc93ac4d9ed7724af63d0ee76f433d,46941543,1780672433,0x9ca1dad919221d920b889aacf3023a5cea23165f,0x218172c19435ba4adfe3d212f3fa9e4e329e782b,0x562d48f6801045453f9783a0922361ec1b7bf439,1.046318,1.04384133611691,1.04384133611691,,0.8326036949784997
0x84edf4f5b9d99122be01bc3cd5902eacefa31b68e344510160519d26154d367e,46941546,1780672439,0x9231db26a7a7a2bc81abb13331edae458b2871b6,0x1b18c1d3445630cfe6e0744e1b2d6ab7985d06ef,0x4822529530ecc268b42f0fe76e9df03cde09d9a1,1.043841,1.04384133611691,1.04384133611691,,0.8326036949784997
0x42ed9144273c7d89ff9ed48e2857c502bea60ed2d479b14162900cdb256998f1,46941546,1780672439,0x742d1c11c9cf4c84f1dda7b5c8ad8fc7bc708493,0x1b18c1d3445630cfe6e0744e1b2d6ab7985d06ef,0x97e7cf55540bc6ea10124edf71e6278b4c5093fb,1.043841,1.04384133611691,1.04384133611691,,0.8326036949784997
0x05f2eb8e71f425fb037915f8a8d93bf6cd054ce7b72da30efb850cb4332e2f44,46941726,1780672799,0xbda8accce92506647378ff4456f24390431496c2,0x1b18c1d3445630cfe6e0744e1b2d6ab7985d06ef,0xe4593deeef3ee0769abc48fefd182c76d026e473,1.074113,1.0741138560687433,1.0741138560687433,,0.727366070175296
0x09f4121a80e4c5262c893e63f22dcf4220e5b0f3d7a70e4b89e37392b719fbcb,46942287,1780673921,0x9ca1dad919221d920b889aacf3023a5cea23165f,0x218172c19435ba4adfe3d212f3fa9e4e329e782b,0xfb76aa1a9ec52334f676ae2ad1165fb07551b3e6,1.043841,1.04384133611691,1.04384133611691,,0.8326036949784997
0x6f0650768a3cb50be70bc591f94636bf55586267d5633438a8ebc84577863a3d,46942287,1780673921,0x9ca1dad919221d920b889aacf3023a5cea23165f,0x218172c19435ba4adfe3d212f3fa9e4e329e782b,0x7aa0a887f03339d6296183cba37b1eac717364f8,1.043841,1.04384133611691,1.04384133611691,,0.8326036949784997
0xd297025bd816cb551f11c3d0074d7f2c5b2344480b9b4a008daaa10723321db6,46942287,1780673921,0x9231db26a7a7a2bc81abb13331edae458b2871b6,0x218172c19435ba4adfe3d212f3fa9e4e329e782b,0x71bd581f22260906f38a032a869faf647b36d98d,1.043841,1.04384133611691,1.04384133611691,,0.8326036949784997
0x10b52592d539f048c2b50b7c0e77d3601e39026adacd99366ff23ac758d14d3d,46942297,1780673941,0xa7272afc21f9c321024ed93892a1abfeb621c374,0x1b18c1d3445630cfe6e0744e1b2d6ab7985d06ef,0xaec4ee9a108304fcc5cdc323d8a2a1d331c342b7,1.046429,1.04384133611691,1.04384133611691,,0.8326036949784997
0xa383c6e6839c7b40d964d270d6876de55b8ea26cd87a1253eb2cc3f7e2d901e5,46942297,1780673941,0xa7272afc21f9c321024ed93892a1abfeb621c374,0x218172c19435ba4adfe3d212f3fa9e4e329e782b,0xa6da7e3bfad3c8b20c4ac34b2ba055bed9e5d762,1.046429,1.04384133611691,1.04384133611691,,0.8326036949784997
0x81364f1a208d0c9bc804714328d7c8664f850bece55895dfe35224847f075624,46942297,1780673941,0xa7272afc21f9c321024ed93892a1abfeb621c374,0x1b18c1d3445630cfe6e0744e1b2d6ab7985d06ef,0x76585fbba1eb984900eef32b48ec3560255c92d4,1.046429,1.04384133611691,1.04384133611691,,0.8326036949784997
0x11e41b193bd8c858b9a8886ff5cf22e937d57abfce46204dafb426b056470fef,46942297,1780673941,0xa7272afc21f9c321024ed93892a1abfeb621c374,0x1b18c1d3445630cfe6e0744e1b2d6ab7985d06ef,0x944263ed7db20091a728faccd56920159042d183,1.046429,1.04384133611691,1.04384133611691,,0.8326036949784997
0x0cb5153648ebd839a1bb4166999a57afd156123e5c70d70cfb5426d885222731,46942314,1780673975,0xa7272afc21f9c321024ed93892a1abfeb621c374,0x1b18c1d3445630cfe6e0744e1b2d6ab7985d06ef,0xeafdc784772239dfcbd799776f4e5bc53d07a2dd,1.043841,1.04384133611691,1.04384133611691,,0.8326036949784997
0x2d5efd46bdd23e58328d4db14ca04753701d5b0d72915bbf84d9f56f7938aa81,46942329,1780674005,0x9ca1dad919221d920b889aacf3023a5cea23165f,0x218172c19435ba4adfe3d212f3fa9e4e329e782b,0xfb76aa1a9ec52334f676ae2ad1165fb07551b3e6,1.048852,1.04384133611691,1.04384133611691,,0.8326036949784997
0x7b5d19a7774fec40e841f382a361db4f1d59a4f7c26dc9732d0c870e9b1b5251,46942329,1780674005,0x9ca1dad919221d920b889aacf3023a5cea23165f,0x218172c19435ba4adfe3d212f3fa9e4e329e782b,0x7aa0a887f03339d6296183cba37b1eac717364f8,1.048852,1.04384133611691,1.04384133611691,,0.8326036949784997
0x9d1f23c49c128996559aa60b07b7d9303e14ad19a33b763d19e9c01fbf856736,46942329,1780674005,0x9231db26a7a7a2bc81abb13331edae458b2871b6,0x218172c19435ba4adfe3d212f3fa9e4e329e782b,0x71bd581f22260906f38a032a869faf647b36d98d,1.048852,1.04384133611691,1.04384133611691,,0.8326036949784997
0xb098d42ddf56410fcf7d3ac15837a13fcee562d5cf42d519091c11c281f67e3d,46942329,1780674005,0x9ca1dad919221d920b889aacf3023a5cea23165f,0x218172c19435ba4adfe3d212f3fa9e4e329e782b,0x562d48f6801045453f9783a0922361ec1b7bf439,1.048852,1.04384133611691,1.04384133611691,,0.8326036949784997
0x4a11cbcc68ec5e81285e11539721671a7302f5c7a88bd5f7d83ba56221124d93,46942333,1780674013,0x1d11866ca5b409b286e32c8279a84213ada1c399,0xf1ec45222bed5472804be6e67db740b738ce5198,0xa9334a34f0fe9f6adb2eb532b3fc00e464cc9132,1.045671,1.04384133611691,1.04384133611691,,0.8326036949784997
0x44d9b34295e13554ba50dff04a9e4c0d6c425148bbea66a8832178230ccc5548,46942333,1780674013,0xa7272afc21f9c321024ed93892a1abfeb621c374,0x218172c19435ba4adfe3d212f3fa9e4e329e782b,0x76585fbba1eb984900eef32b48ec3560255c92d4,1.045671,1.04384133611691,1.04384133611691,,0.8326036949784997
0x4f097f8a9be8ba4d49489dc7d03d7553327bbd62f9cd966fc9107045933fa561,46942333,1780674013,0xa7272afc21f9c321024ed93892a1abfeb621c374,0x218172c19435ba4adfe3d212f3fa9e4e329e782b,0xaec4ee9a108304fcc5cdc323d8a2a1d331c342b7,1.045671,1.04384133611691,1.04384133611691,,0.8326036949784997
0x3de2d5bf71b175a107aa621879dc6fa116da3b3c07e9dff142b5c57e9eb47bb9,46942333,1780674013,0xa7272afc21f9c321024ed93892a1abfeb621c374,0x218172c19435ba4adfe3d212f3fa9e4e329e782b,0xa6da7e3bfad3c8b20c4ac34b2ba055bed9e5d762,1.045671,1.04384133611691,1.04384133611691,,0.8326036949784997
0xa521af4c385aa31e4c5191a8550226c2550e25aba2ee904422342b6764749017,46942333,1780674013,0xa7272afc21f9c321024ed93892a1abfeb621c374,0x218172c19435ba4adfe3d212f3fa9e4e329e782b,0x944263ed7db20091a728faccd56920159042d183,1.045671,1.04384133611691,1.04384133611691,,0.8326036949784997
0xddf23c7ae016e30daa4a277e1feab297305539ecfae04d07b2f3f5d1f43dc80c,46942346,1780674039,0xa7272afc21f9c321024ed93892a1abfeb621c374,0x1b18c1d3445630cfe6e0744e1b2d6ab7985d06ef,0xeafdc784772239dfcbd799776f4e5bc53d07a2dd,1.043841,1.04384133611691,1.04384133611691,,0.8326036949784997
0x93a979a74bd8927d5d6f413986d34cf758acfe896f42673248469c1005de3047,46942360,1780674067,0x9231db26a7a7a2bc81abb13331edae458b2871b6,0x1b18c1d3445630cfe6e0744e1b2d6ab7985d06ef,0x4822529530ecc268b42f0fe76e9df03cde09d9a1,1.043841,1.04384133611691,1.04384133611691,,0.8326036949784997
0x6bd7675f260548d44b206617d786c39e407e1e7916b0fa3392325265e70ec5e2,46942371,1780674089,0x9ca1dad919221d920b889aacf3023a5cea23165f,0x218172c19435ba4adfe3d212f3fa9e4e329e782b,0xfb76aa1a9ec52334f676ae2ad1165fb07551b3e6,1.043841,1.04384133611691,1.04384133611691,,0.8326036949784997
0xb186d651268ee477d068873efdd103c612c4870407dea81671980bdee043115c,46942371,1780674089,0x9ca1dad919221d920b889aacf3023a5cea23165f,0x218172c19435ba4adfe3d212f3fa9e4e329e782b,0x7aa0a887f03339d6296183cba37b1eac717364f8,1.043841,1.04384133611691,1.04384133611691,,0.8326036949784997
0xbfb9cb0c7cea56705d6283679aaba470e71a0c7ebbc52f3e0ec7e6cf444d4d27,46942371,1780674089,0x9231db26a7a7a2bc81abb13331edae458b2871b6,0x218172c19435ba4adfe3d212f3fa9e4e329e782b,0x71bd581f22260906f38a032a869faf647b36d98d,1.043841,1.04384133611691,1.04384133611691,,0.8326036949784997
0x21b1e7c06c130cc1c899e96b342c41ada7f92760fb63b007c8d645175930d3bd,46942371,1780674089,0x9ca1dad919221d920b889aacf3023a5cea23165f,0x218172c19435ba4adfe3d212f3fa9e4e329e782b,0x562d48f6801045453f9783a0922361ec1b7bf439,1.043841,1.04384133611691,1.04384133611691,,0.8326036949784997
0x1a3cf4fd1ad3732b930674d517b5a1ea30ff19c697fa4bf79f5a986280390966,46942371,1780674089,0xa7272afc21f9c321024ed93892a1abfeb621c374,0x218172c19435ba4adfe3d212f3fa9e4e329e782b,0xaec4ee9a108304fcc5cdc323d8a2a1d331c342b7,1.046115,1.04384133611691,1.04384133611691,,0.8326036949784997
0x85cba95e7b6d6cff16e13693104e30c2ebafb5f4fcccc56b9b131949dc2f3846,46942371,1780674089,0xa7272afc21f9c321024ed93892a1abfeb621c374,0x218172c19435ba4adfe3d212f3fa9e4e329e782b,0xa6da7e3bfad3c8b20c4ac34b2ba055bed9e5d762,1.046115,1.04384133611691,1.04384133611691,,0.8326036949784997
0xb3a566e4a65ea562acf87f8b80d22b221a8cab5e6781c37484d1fed5a70b813e,46942371,1780674089,0xa7272afc21f9c321024ed93892a1abfeb621c374,0x218172c19435ba4adfe3d212f3fa9e4e329e782b,0x76585fbba1eb984900eef32b48ec3560255c92d4,1.046115,1.04384133611691,1.04384133611691,,0.8326036949784997
0xe4ec4cf7c3350caadd78b507b00ed6642299c2358bd78c4e7dab9d66e00beaa4,46942371,1780674089,0xa7272afc21f9c321024ed93892a1abfeb621c374,0x218172c19435ba4adfe3d212f3fa9e4e329e782b,0x944263ed7db20091a728faccd56920159042d183,1.046115,1.04384133611691,1.04384133611691,,0.8326036949784997
0x074bee404b2e8f082fdc248227f0cd9a656281b3fc9c2e426423f989bbfec002,46942371,1780674089,0x1d11866ca5b409b286e32c8279a84213ada1c399,0x218172c19435ba4adfe3d212f3fa9e4e329e782b,0xa9334a34f0fe9f6adb2eb532b3fc00e464cc9132,1.046115,1.04384133611691,1.04384133611691,,0.8326036949784997
0x713a088ae9c86116fd1cfca5ea776b383743c4f53d34cb637b45a8659af4d898,46942374,1780674095,0xa7272afc21f9c321024ed93892a1abfeb621c374,0x1b18c1d3445630cfe6e0744e1b2d6ab7985d06ef,0xacfa576aa81f7501e3dd1122eba67e3de7d5d5a3,1.043841,1.04384133611691,1.04384133611691,,0.8326036949784997
0x9f15c154f714b3abde778d225e86171c3b117b48460240359ac737de5516f044,46942376,1780674099,0x742d1c11c9cf4c84f1dda7b5c8ad8fc7bc708493,0x1b18c1d3445630cfe6e0744e1b2d6ab7985d06ef,0x97e7cf55540bc6ea10124edf71e6278b4c5093fb,1.043841,1.04384133611691,1.04384133611691,,0.8326036949784997
0xa9ce8788380abda6a3ba72fde7dbf531df19c7d16c1ec1afd326b22ba1b5a3d9,46942385,1780674117,0xa7272afc21f9c321024ed93892a1abfeb621c374,0x1b18c1d3445630cfe6e0744e1b2d6ab7985d06ef,0xeafdc784772239dfcbd799776f4e5bc53d07a2dd,1.043841,1.04384133611691,1.04384133611691,,0.8326036949784997
0xc1d8cb09a9604f5faa3391a8e5a01feada9309403a8bb93b671a12eb54309064,46942385,1780674117,0x9231db26a7a7a2bc81abb13331edae458b2871b6,0x1b18c1d3445630cfe6e0744e1b2d6ab7985d06ef,0x4822529530ecc268b42f0fe76e9df03cde09d9a1,1.043841,1.04384133611691,1.04384133611691,,0.8326036949784997
0xfc40820e4e24dff4a5b5b600c2656ac52dbe5eb66c824cecff447b6ad226a527,46942971,1780675289,0x9231db26a7a7a2bc81abb13331edae458b2871b6,0x1b18c1d3445630cfe6e0744e1b2d6ab7985d06ef,0x71bd581f22260906f38a032a869faf647b36d98d,1.043841,1.04384133611691,1.04384133611691,,0.8326036949784997
0x01ed83b3a6dd2dfbdfb89a8e691e1357b798ce618ef4e63d072f1ff32ec86a85,46942990,1780675327,0x9231db26a7a7a2bc81abb13331edae458b2871b6,0xb7ea2b36a2c94f1b17939e77a20e0cf409c88bfa,0x4822529530ecc268b42f0fe76e9df03cde09d9a1,1.04384,1.04384133611691,1.04384133611691,,0.8326036949784997
0xc72140b924ca0a7b769ab6a71dac56b9fb1dd52d558dd93982cdeb368dffacaf,46943106,1780675559,0x9ca1dad919221d920b889aacf3023a5cea23165f,0x218172c19435ba4adfe3d212f3fa9e4e329e782b,0xfb76aa1a9ec52334f676ae2ad1165fb07551b3e6,1.045698,1.04384133611691,1.04384133611691,,0.8326036949784997
0xe8de77d4b915ca568d241e2af0d76af4b2b12802da4fb59a4e328c9309d94cf6,46943181,1780675709,0x9ca1dad919221d920b889aacf3023a5cea23165f,0x218172c19435ba4adfe3d212f3fa9e4e329e782b,0x7aa0a887f03339d6296183cba37b1eac717364f8,1.045524,1.04384133611691,1.04384133611691,,0.8326036949784997
0x2df2e208cf4148041aef84039017db299abdd9b090cac2699b3c60e837fed282,46943181,1780675709,0x9ca1dad919221d920b889aacf3023a5cea23165f,0x218172c19435ba4adfe3d212f3fa9e4e329e782b,0xfb76aa1a9ec52334f676ae2ad1165fb07551b3e6,1.045524,1.04384133611691,1.04384133611691,,0.8326036949784997
0xc856bf8dfebaba0444deb3c6b0572d52aeec990889c0b602894f90630421d31e,46943181,1780675709,0x9231db26a7a7a2bc81abb13331edae458b2871b6,0x218172c19435ba4adfe3d212f3fa9e4e329e782b,0x71bd581f22260906f38a032a869faf647b36d98d,1.045524,1.04384133611691,1.04384133611691,,0.8326036949784997
0x090d2029e24fffd51acc27ccd350a54392920d5029aa9d21c27a60dbf5aecd7c,46943183,1780675713,0x9231db26a7a7a2bc81abb13331edae458b2871b6,0x1b18c1d3445630cfe6e0744e1b2d6ab7985d06ef,0x4822529530ecc268b42f0fe76e9df03cde09d9a1,1.043841,1.04384133611691,1.04384133611691,,0.8326036949784997
0xd4523931a67be69e4772f98d07bbffafe7cec7f328861bffc965e9990ce51c56,46943199,1780675745,0x9ca1dad919221d920b889aacf3023a5cea23165f,0x218172c19435ba4adfe3d212f3fa9e4e329e782b,0xfb76aa1a9ec52334f676ae2ad1165fb07551b3e6,1.043841,1.04384133611691,1.04384133611691,,0.8326036949784997
0x7d05e76db70f09fc37018296a99acf61eb6c903ac948a62d8ff49cff499eee2c,46943199,1780675745,0x9ca1dad919221d920b889aacf3023a5cea23165f,0x218172c19435ba4adfe3d212f3fa9e4e329e782b,0x7aa0a887f03339d6296183cba37b1eac717364f8,1.043841,1.04384133611691,1.04384133611691,,0.8326036949784997
0xfa34e83c2ea4c4a1640a0b74fdc1f449acffb48e21ef1064fb7634cb45663961,46943199,1780675745,0x9231db26a7a7a2bc81abb13331edae458b2871b6,0x218172c19435ba4adfe3d212f3fa9e4e329e782b,0x71bd581f22260906f38a032a869faf647b36d98d,1.043841,1.04384133611691,1.04384133611691,,0.8326036949784997
0xa43c0e3bd0f3d5514019e59c7eee33ca37daba0168f01365e71867a984f91746,46943199,1780675745,0x9ca1dad919221d920b889aacf3023a5cea23165f,0x218172c19435ba4adfe3d212f3fa9e4e329e782b,0x562d48f6801045453f9783a0922361ec1b7bf439,1.043841,1.04384133611691,1.04384133611691,,0.8326036949784997
0x6b761c5198785250771930dba44870530ba41d9b0b509210325d0c9e3175f1ac,46943211,1780675769,0x9ca1dad919221d920b889aacf3023a5cea23165f,0x218172c19435ba4adfe3d212f3fa9e4e329e782b,0x7aa0a887f03339d6296183cba37b1eac717364f8,1.048205,1.04384133611691,1.04384133611691,,0.8326036949784997
0x9746e8b8f28dd2a0447ffe37093d42a0b0414ad1d3d4fe7324181c14c651b43f,46943211,1780675769,0x9231db26a7a7a2bc81abb13331edae458b2871b6,0x218172c19435ba4adfe3d212f3fa9e4e329e782b,0x71bd581f22260906f38a032a869faf647b36d98d,1.048205,1.04384133611691,1.04384133611691,,0.8326036949784997
0x63d621bea5258c9b080599f188e9405c23262ba337895b461b0165ff1c3db97a,46943211,1780675769,0x9ca1dad919221d920b889aacf3023a5cea23165f,0x218172c19435ba4adfe3d212f3fa9e4e329e782b,0x562d48f6801045453f9783a0922361ec1b7bf439,1.048205,1.04384133611691,1.04384133611691,,0.8326036949784997
0x0c97e2a885511525059f9bc57938b6128d17aed622bca4290d1d1ee5b31a6e67,46943217,1780675781,0x9231db26a7a7a2bc81abb13331edae458b2871b6,0x1b18c1d3445630cfe6e0744e1b2d6ab7985d06ef,0x4822529530ecc268b42f0fe76e9df03cde09d9a1,1.043841,1.04384133611691,1.04384133611691,,0.8326036949784997
0x8490bd5c9ed28d404b0d8c5c9eb3f294b786bc71edfe089af22153b90ebea90e,46943218,1780675783,0x742d1c11c9cf4c84f1dda7b5c8ad8fc7bc708493,0x1b18c1d3445630cfe6e0744e1b2d6ab7985d06ef,0x97e7cf55540bc6ea10124edf71e6278b4c5093fb,1.043841,1.04384133611691,1.04384133611691,,0.8326036949784997
0x242018ff7206e5846b0373f43b68ea0968e349ee9a0d2152df33b68989af2323,46943241,1780675829,0x9ca1dad919221d920b889aacf3023a5cea23165f,0x218172c19435ba4adfe3d212f3fa9e4e329e782b,0x7aa0a887f03339d6296183cba37b1eac717364f8,1.043841,1.04384133611691,1.04384133611691,,0.8326036949784997
0xece26e48bb457a01c5755d9e92eae09a4b1b66901a10210307f1dc7229e80f23,46943241,1780675829,0x9231db26a7a7a2bc81abb13331edae458b2871b6,0x218172c19435ba4adfe3d212f3fa9e4e329e782b,0x71bd581f22260906f38a032a869faf647b36d98d,1.043841,1.04384133611691,1.04384133611691,,0.8326036949784997
0x1f50f652934c194452e0399b76b8718e91a716b6a5757c92727097c599e326fc,46943242,1780675831,0x9231db26a7a7a2bc81abb13331edae458b2871b6,0x1b18c1d3445630cfe6e0744e1b2d6ab7985d06ef,0x4822529530ecc268b42f0fe76e9df03cde09d9a1,1.043841,1.04384133611691,1.04384133611691,,0.8326036949784997
0xf09bfc1e8fe5e84188ab46c20a8ca120389b0fb24e37863f563fc74a3de7606d,46943278,1780675903,0x9ca1dad919221d920b889aacf3023a5cea23165f,0x218172c19435ba4adfe3d212f3fa9e4e329e782b,0x7aa0a887f03339d6296183cba37b1eac717364f8,1.046038,1.04384133611691,1.04384133611691,,0.8326036949784997
0x64510575cdd297cc482bf3b98bd6224c444f7477608a3825d0d78f3b0a7b4259,46943278,1780675903,0x9ca1dad919221d920b889aacf3023a5cea23165f,0x218172c19435ba4adfe3d212f3fa9e4e329e782b,0x562d48f6801045453f9783a0922361ec1b7bf439,1.046038,1.04384133611691,1.04384133611691,,0.8326036949784997
0x5ae9b9f892cfdc724354b3ab9727b6eabd4f4f485dec09d1a3c9d5e3e590c3aa,46943278,1780675903,0x9231db26a7a7a2bc81abb13331edae458b2871b6,0x1b18c1d3445630cfe6e0744e1b2d6ab7985d06ef,0x71bd581f22260906f38a032a869faf647b36d98d,1.046038,1.04384133611691,1.04384133611691,,0.8326036949784997
0x593ea14d4ad2524bfc67f9b0d241299b88b2a3293b8249614cb476742815a110,46943279,1780675905,0x1d11866ca5b409b286e32c8279a84213ada1c399,0xf1ec45222bed5472804be6e67db740b738ce5198,0xa9334a34f0fe9f6adb2eb532b3fc00e464cc9132,1.043841,1.04384133611691,1.04384133611691,,0.8326036949784997
0x2c8fc4f73d871952f22605cf8df2b3c33ed95d2fb3d827b600de8e0b15d26096,46943280,1780675907,0xa7272afc21f9c321024ed93892a1abfeb621c374,0x1b18c1d3445630cfe6e0744e1b2d6ab7985d06ef,0xaec4ee9a108304fcc5cdc323d8a2a1d331c342b7,1.043841,1.04384133611691,1.04384133611691,,0.8326036949784997
0x7d7b5269e1c5338b870160f15485f72b47e7427b775a7325f9d0ff8c32aeaabc,46943280,1780675907,0xa7272afc21f9c321024ed93892a1abfeb621c374,0x1b18c1d3445630cfe6e0744e1b2d6ab7985d06ef,0xa6da7e3bfad3c8b20c4ac34b2ba055bed9e5d762,1.043841,1.04384133611691,1.04384133611691,,0.8326036949784997
0x7afc896db8bac027a1b44de735108818e15a4aad098565293115724c7a24af9d,46943280,1780675907,0xa7272afc21f9c321024ed93892a1abfeb621c374,0x1b18c1d3445630cfe6e0744e1b2d6ab7985d06ef,0x76585fbba1eb984900eef32b48ec3560255c92d4,1.043841,1.04384133611691,1.04384133611691,,0.8326036949784997
0x2d82294d219f38ea765c4143264f22c075de8c720fd95e6e0720bb87c27b4fba,46943280,1780675907,0xa7272afc21f9c321024ed93892a1abfeb621c374,0x1b18c1d3445630cfe6e0744e1b2d6ab7985d06ef,0x944263ed7db20091a728faccd56920159042d183,1.043841,1.04384133611691,1.04384133611691,,0.8326036949784997
0x5d19781534dbb24bd06645346e54088bbde73a9ccc70bfe8a5caab959143c895,46943280,1780675907,0xa7272afc21f9c321024ed93892a1abfeb621c374,0x1b18c1d3445630cfe6e0744e1b2d6ab7985d06ef,0xeafdc784772239dfcbd799776f4e5bc53d07a2dd,1.043841,1.04384133611691,1.04384133611691,,0.8326036949784997
0x7b942b2e51828516e7db82b55e8f0f5a639938d7f5168e49c28807d1b8cb91b2,46943282,1780675911,0x9231db26a7a7a2bc81abb13331edae458b2871b6,0x1b18c1d3445630cfe6e0744e1b2d6ab7985d06ef,0x4822529530ecc268b42f0fe76e9df03cde09d9a1,1.043841,1.04384133611691,1.04384133611691,,0.8326036949784997
0x6f94e57ee8c189c8db459101c77c08292cc15ee3450bc68cc3ef3f2b4c9aae8c,46943282,1780675911,0xa7272afc21f9c321024ed93892a1abfeb621c374,0x1b18c1d3445630cfe6e0744e1b2d6ab7985d06ef,0xacfa576aa81f7501e3dd1122eba67e3de7d5d5a3,1.043841,1.04384133611691,1.04384133611691,,0.8326036949784997
0xd605e28a3bed37725da0d36088f8c0dbb2256898aedef1bb03e965e0962b3dd4,46943282,1780675911,0x742d1c11c9cf4c84f1dda7b5c8ad8fc7bc708493,0x1b18c1d3445630cfe6e0744e1b2d6ab7985d06ef,0x97e7cf55540bc6ea10124edf71e6278b4c5093fb,1.043841,1.04384133611691,1.04384133611691,,0.8326036949784997
0x94223e90344e6e4aee51aa640fdbdaa5bf59fa98e108112b7010bd4310484270,46943286,1780675919,0x9231db26a7a7a2bc81abb13331edae458b2871b6,0x218172c19435ba4adfe3d212f3fa9e4e329e782b,0x71bd581f22260906f38a032a869faf647b36d98d,1.047338,1.04384133611691,1.04384133611691,,0.8326036949784997
0xf26a2d17dcaa402b2dab0ab3f096dc2cf43ab6f25ada375b872b7be9e6f05a06,46943286,1780675919,0x9ca1dad919221d920b889aacf3023a5cea23165f,0x218172c19435ba4adfe3d212f3fa9e4e329e782b,0x7aa0a887f03339d6296183cba37b1eac717364f8,1.047338,1.04384133611691,1.04384133611691,,0.8326036949784997
0x30915d9df6c5f13331c9679a1a8cf604b11187c5cce4184fa1333b46cadedde7,46943286,1780675919,0x9ca1dad919221d920b889aacf3023a5cea23165f,0x218172c19435ba4adfe3d212f3fa9e4e329e782b,0x562d48f6801045453f9783a0922361ec1b7bf439,1.047338,1.04384133611691,1.04384133611691,,0.8326036949784997
0x75ab612a4075f63f38d3a698d1f02a509205a3f04811e2478426decf41e7225c,46943296,1780675939,0x9231db26a7a7a2bc81abb13331edae458b2871b6,0x1b18c1d3445630cfe6e0744e1b2d6ab7985d06ef,0x4822529530ecc268b42f0fe76e9df03cde09d9a1,1.043841,1.04384133611691,1.04384133611691,,0.8326036949784997
0x58066e9f47052e00806eb2badf0b97921b758a393b54b01c2c86f4dd7ae371b7,46943301,1780675949,0x9ca1dad919221d920b889aacf3023a5cea23165f,0x218172c19435ba4adfe3d212f3fa9e4e329e782b,0x7aa0a887f03339d6296183cba37b1eac717364f8,1.04594,1.04384133611691,1.04384133611691,,0.8326036949784997
0xa40fe574b543f866b1d248351552b6af13ba432ca3a31d058b429d2cce8078f5,46943301,1780675949,0x9ca1dad919221d920b889aacf3023a5cea23165f,0xf1ec45222bed5472804be6e67db740b738ce5198,0xfb76aa1a9ec52334f676ae2ad1165fb07551b3e6,1.04594,1.04384133611691,1.04384133611691,,0.8326036949784997
0xdcfd66bee3725689047ae6e6c1878e30664fa519aeab2c9bb3f6b5c02e96dc9c,46943302,1780675951,0x9ca1dad919221d920b889aacf3023a5cea23165f,0xf1ec45222bed5472804be6e67db740b738ce5198,0xfb76aa1a9ec52334f676ae2ad1165fb07551b3e6,1.043841,1.04384133611691,1.04384133611691,,0.8326036949784997
0xd3113026773ac4cb1844800f9c1ec5f1856a92df93f5065f453bbdaaac3cf6f0,46943303,1780675953,0x742d1c11c9cf4c84f1dda7b5c8ad8fc7bc708493,0x1b18c1d3445630cfe6e0744e1b2d6ab7985d06ef,0x97e7cf55540bc6ea10124edf71e6278b4c5093fb,1.043841,1.04384133611691,1.04384133611691,,0.8326036949784997
0x0b3f16de1e9fe90803f1f4b1d87c07041fd1b6b6c8e1ae21e56cc84de620b7b8,46943303,1780675953,0x9231db26a7a7a2bc81abb13331edae458b2871b6,0x1b18c1d3445630cfe6e0744e1b2d6ab7985d06ef,0x71bd581f22260906f38a032a869faf647b36d98d,1.043841,1.04384133611691,1.04384133611691,,0.8326036949784997
0x0283143540835d575906eade7fe4ee7a65d8779b1096f52e993ec3df02ef78a1,46943303,1780675953,0x9231db26a7a7a2bc81abb13331edae458b2871b6,0x1b18c1d3445630cfe6e0744e1b2d6ab7985d06ef,0x4822529530ecc268b42f0fe76e9df03cde09d9a1,1.043841,1.04384133611691,1.04384133611691,,0.8326036949784997
0x49b54fbf452df221c6fbfb6dd34b846506289f23a323ed86318327ab7e9501d1,46947403,1780684153,0xbda8accce92506647378ff4456f24390431496c2,0xc41b1af25ea9ad03e81a4d551454e9f4f519ae4e,0xe4593deeef3ee0769abc48fefd182c76d026e473,1.074113,1.0741138560687433,1.0741138560687433,,0.727366070175296
0x7ab11ca6cd0e550e4368384e36561a8f05d81f12bb2badd575cd3616641c2959,46947851,1780685049,0xa7272afc21f9c321024ed93892a1abfeb621c374,0x218172c19435ba4adfe3d212f3fa9e4e329e782b,0xaec4ee9a108304fcc5cdc323d8a2a1d331c342b7,1.045337,1.04384133611691,1.04384133611691,,0.8326036949784997
0x7430c2aa781850ba9384719a9ec218040b39bf3ffce27d8a7bd14fa95ec43058,46947851,1780685049,0xa7272afc21f9c321024ed93892a1abfeb621c374,0x218172c19435ba4adfe3d212f3fa9e4e329e782b,0xa6da7e3bfad3c8b20c4ac34b2ba055bed9e5d762,1.045337,1.04384133611691,1.04384133611691,,0.8326036949784997
0x691d2f173eecbc29ad433c2ffc4fd5f1c1a6c1587a2d39d568f5aa4929b683cc,46947852,1780685051,0xa7272afc21f9c321024ed93892a1abfeb621c374,0x1b18c1d3445630cfe6e0744e1b2d6ab7985d06ef,0x76585fbba1eb984900eef32b48ec3560255c92d4,1.043841,1.04384133611691,1.04384133611691,,0.8326036949784997
0x358d48f0007d03561edcb979ec1534bbc699a3480cad058ea4f9fdb3d7858592,46947852,1780685051,0xa7272afc21f9c321024ed93892a1abfeb621c374,0x1b18c1d3445630cfe6e0744e1b2d6ab7985d06ef,0x944263ed7db20091a728faccd56920159042d183,1.043841,1.04384133611691,1.04384133611691,,0.8326036949784997
0x3846978497cfbf49882a3b35f357b38d9d3946aa7c208867147a2c2b14f90764,46947852,1780685051,0xa7272afc21f9c321024ed93892a1abfeb621c374,0x1b18c1d3445630cfe6e0744e1b2d6ab7985d06ef,0xeafdc784772239dfcbd799776f4e5bc53d07a2dd,1.043841,1.04384133611691,1.04384133611691,,0.8326036949784997
0x0f4d1f244127ea09cde15c68bb8cd6fce4db7026f520137eb4638b5c18019fa0,46947871,1780685089,0xa7272afc21f9c321024ed93892a1abfeb621c374,0x1b18c1d3445630cfe6e0744e1b2d6ab7985d06ef,0xa6da7e3bfad3c8b20c4ac34b2ba055bed9e5d762,1.046269,1.04384133611691,1.04384133611691,,0.8326036949784997
0xc1b020517aefa0b0f97ee3a2975640f773eb763fa6794de0991cf49cd2492a70,46947871,1780685089,0xa7272afc21f9c321024ed93892a1abfeb621c374,0x1b18c1d3445630cfe6e0744e1b2d6ab7985d06ef,0xacfa576aa81f7501e3dd1122eba67e3de7d5d5a3,1.046269,1.04384133611691,1.04384133611691,,0.8326036949784997
0xaa3c1838d035820e8dba0c3a7d30838ec7e1842d5a6c315b1e2556774f2f19b7,46947871,1780685089,0x1d11866ca5b409b286e32c8279a84213ada1c399,0x1b18c1d3445630cfe6e0744e1b2d6ab7985d06ef,0xa9334a34f0fe9f6adb2eb532b3fc00e464cc9132,1.046269,1.04384133611691,1.04384133611691,,0.8326036949784997
0x680276d31581b1e072db2a1e1dd9b2e617e8d277843b1ed5b4f7451a954d04c7,46947871,1780685089,0xa7272afc21f9c321024ed93892a1abfeb621c374,0x1b18c1d3445630cfe6e0744e1b2d6ab7985d06ef,0xaec4ee9a108304fcc5cdc323d8a2a1d331c342b7,1.046269,1.04384133611691,1.04384133611691,,0.8326036949784997
0x6641031294c123920fae21505137b6472585d1378e268ecc0d780cf7e1268536,46947871,1780685089,0xa7272afc21f9c321024ed93892a1abfeb621c374,0x1b18c1d3445630cfe6e0744e1b2d6ab7985d06ef,0x76585fbba1eb984900eef32b48ec3560255c92d4,1.046269,1.04384133611691,1.04384133611691,,0.8326036949784997
0xa9932ac110baf33caade72fad3d9ea25f687b29b27322aef93262461120f755e,46947871,1780685089,0xa7272afc21f9c321024ed93892a1abfeb621c374,0x1b18c1d3445630cfe6e0744e1b2d6ab7985d06ef,0x944263ed7db20091a728faccd56920159042d183,1.046269,1.04384133611691,1.04384133611691,,0.8326036949784997
0x66a49f7c55cc2339d64dba226ded903457141fdcafa8906d50e106b7198277fe,46947871,1780685089,0xa7272afc21f9c321024ed93892a1abfeb621c374,0x1b18c1d3445630cfe6e0744e1b2d6ab7985d06ef,0xeafdc784772239dfcbd799776f4e5bc53d07a2dd,1.046269,1.04384133611691,1.04384133611691,,0.8326036949784997
0xa4ee42ebd9c1a9ea9086d9dd5d287ef52f8b5e3ae853384397b2ada21b3db39c,46947955,1780685257,0x1d11866ca5b409b286e32c8279a84213ada1c399,0x1b18c1d3445630cfe6e0744e1b2d6ab7985d06ef,0xa9334a34f0fe9f6adb2eb532b3fc00e464cc9132,1.045157,1.04384133611691,1.04384133611691,,0.8326036949784997
0xd76d356767cd25ae714276655243c8745f122bbe28b5d375b5a4a666e5e3b87b,46947955,1780685257,0xa7272afc21f9c321024ed93892a1abfeb621c374,0x1b18c1d3445630cfe6e0744e1b2d6ab7985d06ef,0xaec4ee9a108304fcc5cdc323d8a2a1d331c342b7,1.045157,1.04384133611691,1.04384133611691,,0.8326036949784997
0x09a88183f4dd49b3c03aa6e7aa226843263be116194f18cdc47e403530291d28,46947955,1780685257,0xa7272afc21f9c321024ed93892a1abfeb621c374,0x1b18c1d3445630cfe6e0744e1b2d6ab7985d06ef,0xa6da7e3bfad3c8b20c4ac34b2ba055bed9e5d762,1.045157,1.04384133611691,1.04384133611691,,0.8326036949784997
0xf0eff70628deb72336312c0c7a66464a5c9c4a221025d8e044ba2621e980f3f2,46947955,1780685257,0xa7272afc21f9c321024ed93892a1abfeb621c374,0x1b18c1d3445630cfe6e0744e1b2d6ab7985d06ef,0x76585fbba1eb984900eef32b48ec3560255c92d4,1.045157,1.04384133611691,1.04384133611691,,0.8326036949784997
0x8fd93caf07a4c2e3193724fdf096b7db57fe7db36a2f9e622fde513d377cd1e3,46947955,1780685257,0xa7272afc21f9c321024ed93892a1abfeb621c374,0x1b18c1d3445630cfe6e0744e1b2d6ab7985d06ef,0x944263ed7db20091a728faccd56920159042d183,1.045157,1.04384133611691,1.04384133611691,,0.8326036949784997
0xbb358cef74ed6b6e0779e160238fe15b967e557b5b749558648ea07d95cc9118,46947955,1780685257,0xa7272afc21f9c321024ed93892a1abfeb621c374,0x1b18c1d3445630cfe6e0744e1b2d6ab7985d06ef,0xeafdc784772239dfcbd799776f4e5bc53d07a2dd,1.045156,1.04384133611691,1.04384133611691,,0.8326036949784997
0x7a9f4c720296c48583aebc20299ea6436e489dac5079ec3200c7cff2f1d91687,46948007,1780685361,0x1d11866ca5b409b286e32c8279a84213ada1c399,0x1b18c1d3445630cfe6e0744e1b2d6ab7985d06ef,0xa9334a34f0fe9f6adb2eb532b3fc00e464cc9132,1.043841,1.04384133611691,1.04384133611691,,0.8326036949784997
0x2520f30ef9fc7d1d9bee421b024e5bc98dd8a808073dc80d8f81d409dd09c96c,46948007,1780685361,0xa7272afc21f9c321024ed93892a1abfeb621c374,0x1b18c1d3445630cfe6e0744e1b2d6ab7985d06ef,0xaec4ee9a108304fcc5cdc323d8a2a1d331c342b7,1.043841,1.04384133611691,1.04384133611691,,0.8326036949784997
0xc46c308039a1666a8ed2899235acb541e0fbf28a384af3a26cfd5acb4ecde452,46948007,1780685361,0xa7272afc21f9c321024ed93892a1abfeb621c374,0x1b18c1d3445630cfe6e0744e1b2d6ab7985d06ef,0xa6da7e3bfad3c8b20c4ac34b2ba055bed9e5d762,1.043841,1.04384133611691,1.04384133611691,,0.8326036949784997
0xc9294a381e3c5398e6a41aa7fbad8b293033965bac1962266c6291fd9178c44f,46948007,1780685361,0xa7272afc21f9c321024ed93892a1abfeb621c374,0x1b18c1d3445630cfe6e0744e1b2d6ab7985d06ef,0x76585fbba1eb984900eef32b48ec3560255c92d4,1.043841,1.04384133611691,1.04384133611691,,0.8326036949784997
0x6a17f07d73aefa666ffcba05a4642d1ededda132d3fff359bbd138d387cf9bfe,46948007,1780685361,0xa7272afc21f9c321024ed93892a1abfeb621c374,0x1b18c1d3445630cfe6e0744e1b2d6ab7985d06ef,0x944263ed7db20091a728faccd56920159042d183,1.043841,1.04384133611691,1.04384133611691,,0.8326036949784997
0xd846db0900654160df8ec3413cf3ef846103fc12b1f252714d7d7bb8f9195f58,46948007,1780685361,0xa7272afc21f9c321024ed93892a1abfeb621c374,0x1b18c1d3445630cfe6e0744e1b2d6ab7985d06ef,0xeafdc784772239dfcbd799776f4e5bc53d07a2dd,1.043841,1.04384133611691,1.04384133611691,,0.8326036949784997
0x195d3a5daa5a19ac488da503bc1c884b622d886f086370732261063be2416e97,46948097,1780685541,0x1d11866ca5b409b286e32c8279a84213ada1c399,0x1b18c1d3445630cfe6e0744e1b2d6ab7985d06ef,0xa9334a34f0fe9f6adb2eb532b3fc00e464cc9132,1.046231,1.04384133611691,1.04384133611691,,0.8326036949784997
0x8c30b1a1011ffbf59dbb032dca42c310a1aa6b0f60290d8857261b05e3b5fd7c,46948097,1780685541,0xa7272afc21f9c321024ed93892a1abfeb621c374,0x1b18c1d3445630cfe6e0744e1b2d6ab7985d06ef,0xaec4ee9a108304fcc5cdc323d8a2a1d331c342b7,1.046231,1.04384133611691,1.04384133611691,,0.8326036949784997
0x7776b3c80031e2f5d9356c5633802f1a2b4ccc955ac3bbeb2fb105d5ca33f1e2,46948097,1780685541,0xa7272afc21f9c321024ed93892a1abfeb621c374,0x1b18c1d3445630cfe6e0744e1b2d6ab7985d06ef,0xa6da7e3bfad3c8b20c4ac34b2ba055bed9e5d762,1.046231,1.04384133611691,1.04384133611691,,0.8326036949784997
0xd906268eb0176208ea3e3f0aeef471e1430fddb30854ce098bfb849fa0aacba8,46948097,1780685541,0xa7272afc21f9c321024ed93892a1abfeb621c374,0x1b18c1d3445630cfe6e0744e1b2d6ab7985d06ef,0x76585fbba1eb984900eef32b48ec3560255c92d4,1.046231,1.04384133611691,1.04384133611691,,0.8326036949784997
0x14c0c8b5054c20296c984c9599e2697f3087ed21df99989f7ae4119b8eec8408,46948097,1780685541,0xa7272afc21f9c321024ed93892a1abfeb621c374,0x1b18c1d3445630cfe6e0744e1b2d6ab7985d06ef,0x944263ed7db20091a728faccd56920159042d183,1.046231,1.04384133611691,1.04384133611691,,0.8326036949784997
0x3f126d173e0cd209d7f2a9de86b8fd05d5db403141f48763e50d632ea81269c0,46948097,1780685541,0xa7272afc21f9c321024ed93892a1abfeb621c374,0x1b18c1d3445630cfe6e0744e1b2d6ab7985d06ef,0xacfa576aa81f7501e3dd1122eba67e3de7d5d5a3,1.04623,1.04384133611691,1.04384133611691,,0.8326036949784997
0x2d623de73c0ec0f1386bf69f5847c31b297e9209f9dfff78c771b4bc303e5c21,46948098,1780685543,0xa7272afc21f9c321024ed93892a1abfeb621c374,0x1b18c1d3445630cfe6e0744e1b2d6ab7985d06ef,0xeafdc784772239dfcbd799776f4e5bc53d07a2dd,1.043841,1.04384133611691,1.04384133611691,,0.8326036949784997
0xb8b8db028278c7fd00314dbd406f5f0aeb2dcb0cc5dcdc79631549338697fb30,46948113,1780685573,0xa7272afc21f9c321024ed93892a1abfeb621c374,0x1b18c1d3445630cfe6e0744e1b2d6ab7985d06ef,0xaec4ee9a108304fcc5cdc323d8a2a1d331c342b7,1.046082,1.04384133611691,1.04384133611691,,0.8326036949784997
0x4e4e53fcbe993dbd65d1e3c845b63f07563bc05a54b93b62d14ecc0d5637a8c8,46948113,1780685573,0xa7272afc21f9c321024ed93892a1abfeb621c374,0x1b18c1d3445630cfe6e0744e1b2d6ab7985d06ef,0xeafdc784772239dfcbd799776f4e5bc53d07a2dd,1.046081,1.04384133611691,1.04384133611691,,0.8326036949784997
0xce0e987a0eb7a057d33556b6a8750336000b779fdbe299550123c1a5e57b07da,46948113,1780685573,0xa7272afc21f9c321024ed93892a1abfeb621c374,0x1b18c1d3445630cfe6e0744e1b2d6ab7985d06ef,0xacfa576aa81f7501e3dd1122eba67e3de7d5d5a3,1.046081,1.04384133611691,1.04384133611691,,0.8326036949784997
0x4aab5104a53e2cfe0c02fb9bc9dba90e293bb2f7e2cc8d085776876a37141b06,46948113,1780685573,0x1d11866ca5b409b286e32c8279a84213ada1c399,0x1b18c1d3445630cfe6e0744e1b2d6ab7985d06ef,0xa9334a34f0fe9f6adb2eb532b3fc00e464cc9132,1.046082,1.04384133611691,1.04384133611691,,0.8326036949784997
0x7d478a3bfe88a138feee541dd99f9c4879f0f2b858d79fd3aa498b388d5f142f,46948113,1780685573,0xa7272afc21f9c321024ed93892a1abfeb621c374,0x1b18c1d3445630cfe6e0744e1b2d6ab7985d06ef,0xa6da7e3bfad3c8b20c4ac34b2ba055bed9e5d762,1.046082,1.04384133611691,1.04384133611691,,0.8326036949784997
0x5047f4af28b6c0394b8e8f0e04c63850674f6dca0727c82dd0ca6955a0ba6290,46948113,1780685573,0xa7272afc21f9c321024ed93892a1abfeb621c374,0x1b18c1d3445630cfe6e0744e1b2d6ab7985d06ef,0x76585fbba1eb984900eef32b48ec3560255c92d4,1.046082,1.04384133611691,1.04384133611691,,0.8326036949784997
0x0b7edbac4f85baf625004eeba08548d5e83a7dcf6a8def2c26c9f9fad4d8c66d,46948113,1780685573,0xa7272afc21f9c321024ed93892a1abfeb621c374,0x1b18c1d3445630cfe6e0744e1b2d6ab7985d06ef,0x944263ed7db20091a728faccd56920159042d183,1.046082,1.04384133611691,1.04384133611691,,0.8326036949784997
0x92469a1d527e1fbbee932758b9577ae50a2810f9619b39977f49ff784f5cc1ff,46948125,1780685597,0x1d11866ca5b409b286e32c8279a84213ada1c399,0x1b18c1d3445630cfe6e0744e1b2d6ab7985d06ef,0xa9334a34f0fe9f6adb2eb532b3fc00e464cc9132,1.043841,1.04384133611691,1.04384133611691,,0.8326036949784997
0xc0bf865ce104957c7cbb02f0088c47ff2f25ff180c5743f08a365585699a7243,46948125,1780685597,0xa7272afc21f9c321024ed93892a1abfeb621c374,0x1b18c1d3445630cfe6e0744e1b2d6ab7985d06ef,0xaec4ee9a108304fcc5cdc323d8a2a1d331c342b7,1.043841,1.04384133611691,1.04384133611691,,0.8326036949784997
0x2fdde394d778d14ad5fe5ef69a07a5ac82b2d8f789971fb472c4b3d97356fc94,46948125,1780685597,0xa7272afc21f9c321024ed93892a1abfeb621c374,0x1b18c1d3445630cfe6e0744e1b2d6ab7985d06ef,0xa6da7e3bfad3c8b20c4ac34b2ba055bed9e5d762,1.043841,1.04384133611691,1.04384133611691,,0.8326036949784997
0x63b18fa0064515b3e77fe3efa617ca66cf11d030dbc3d506d626665f52b403d2,46948125,1780685597,0xa7272afc21f9c321024ed93892a1abfeb621c374,0x1b18c1d3445630cfe6e0744e1b2d6ab7985d06ef,0x76585fbba1eb984900eef32b48ec3560255c92d4,1.043841,1.04384133611691,1.04384133611691,,0.8326036949784997
0x84e1c5aa7a25139f54b04efb40807cb9b5fa780d11931abc0b545144b0096fef,46948125,1780685597,0xa7272afc21f9c321024ed93892a1abfeb621c374,0x1b18c1d3445630cfe6e0744e1b2d6ab7985d06ef,0x944263ed7db20091a728faccd56920159042d183,1.043841,1.04384133611691,1.04384133611691,,0.8326036949784997
0x824076b674f5c1e8c51847760f7098290d433a2f57aaefd8362ad47cac2f2611,46948125,1780685597,0xa7272afc21f9c321024ed93892a1abfeb621c374,0x1b18c1d3445630cfe6e0744e1b2d6ab7985d06ef,0xeafdc784772239dfcbd799776f4e5bc53d07a2dd,1.043841,1.04384133611691,1.04384133611691,,0.8326036949784997
0xd35099dc552fb9a3f56a0e56f3618982ff6b4ef14b5a54a0c7e1915d0336af10,46948125,1780685597,0xa7272afc21f9c321024ed93892a1abfeb621c374,0x1b18c1d3445630cfe6e0744e1b2d6ab7985d06ef,0xacfa576aa81f7501e3dd1122eba67e3de7d5d5a3,1.04384,1.04384133611691,1.04384133611691,,0.8326036949784997
0x7e6fa1c26334f098ef07266206f27b5fe1d6db9a5d3d3e003f9be3a92be0299b,46948168,1780685683,0x1d11866ca5b409b286e32c8279a84213ada1c399,0xf1ec45222bed5472804be6e67db740b738ce5198,0xa9334a34f0fe9f6adb2eb532b3fc00e464cc9132,1.043841,1.04384133611691,1.04384133611691,,0.8326036949784997
0x87ca832a9d7a44047a3d15077ac95cea998502f5bd7ed86a6f5d2fd8216cf57f,46948171,1780685689,0xa7272afc21f9c321024ed93892a1abfeb621c374,0x1b18c1d3445630cfe6e0744e1b2d6ab7985d06ef,0xaec4ee9a108304fcc5cdc323d8a2a1d331c342b7,1.043841,1.04384133611691,1.04384133611691,,0.8326036949784997
0xf58ea30407c028e4f818f76ba98d0407ec3edb27e4d732be861794476d0e22d6,46948171,1780685689,0xa7272afc21f9c321024ed93892a1abfeb621c374,0x1b18c1d3445630cfe6e0744e1b2d6ab7985d06ef,0xa6da7e3bfad3c8b20c4ac34b2ba055bed9e5d762,1.043841,1.04384133611691,1.04384133611691,,0.8326036949784997
0x793ac7e90efc61570eba3f9812d66b781bf6bf8f8da7c73ea2cf337ffd5eb695,46948171,1780685689,0xa7272afc21f9c321024ed93892a1abfeb621c374,0x1b18c1d3445630cfe6e0744e1b2d6ab7985d06ef,0x76585fbba1eb984900eef32b48ec3560255c92d4,1.043841,1.04384133611691,1.04384133611691,,0.8326036949784997
0xf6f6056fbcd55c73c72088980a704a0a11aa24243142037ac749a10f0f02a48a,46948171,1780685689,0xa7272afc21f9c321024ed93892a1abfeb621c374,0x1b18c1d3445630cfe6e0744e1b2d6ab7985d06ef,0x944263ed7db20091a728faccd56920159042d183,1.043841,1.04384133611691,1.04384133611691,,0.8326036949784997
0xdc6ce12d1a7d0a616de85503541657563a506509f030dfadaaaa11e8baf087e7,46948171,1780685689,0xa7272afc21f9c321024ed93892a1abfeb621c374,0x1b18c1d3445630cfe6e0744e1b2d6ab7985d06ef,0xeafdc784772239dfcbd799776f4e5bc53d07a2dd,1.043841,1.04384133611691,1.04384133611691,,0.8326036949784997
0x69e49d4929955da2a9ae4341bb5d9a7a24d0f0ca60c278ca09e98a5867dc90b2,46948356,1780686059,0x9231db26a7a7a2bc81abb13331edae458b2871b6,0x1b18c1d3445630cfe6e0744e1b2d6ab7985d06ef,0x71bd581f22260906f38a032a869faf647b36d98d,1.048898,1.04384133611691,1.04384133611691,,0.8326036949784997
0x053a4941a99761fb517952a1b6a052a479ca9e9b71f5ee1f607279dd62a68032,46948356,1780686059,0x9231db26a7a7a2bc81abb13331edae458b2871b6,0x1b18c1d3445630cfe6e0744e1b2d6ab7985d06ef,0x4822529530ecc268b42f0fe76e9df03cde09d9a1,1.048897,1.04384133611691,1.04384133611691,,0.8326036949784997
0xeb27e1bf1f90c5e8d09fcca975a4208b80c69d9960d6fbda9ebc90000baf314d,46948356,1780686059,0x742d1c11c9cf4c84f1dda7b5c8ad8fc7bc708493,0x1b18c1d3445630cfe6e0744e1b2d6ab7985d06ef,0x97e7cf55540bc6ea10124edf71e6278b4c5093fb,1.048897,1.04384133611691,1.04384133611691,,0.8326036949784997
0x2a09f3754be145b88277bb52c272673761793f26c75ab8b15db23026a4258010,46948356,1780686059,0x9ca1dad919221d920b889aacf3023a5cea23165f,0x218172c19435ba4adfe3d212f3fa9e4e329e782b,0xfb76aa1a9ec52334f676ae2ad1165fb07551b3e6,1.048898,1.04384133611691,1.04384133611691,,0.8326036949784997
0x4fc57bd2286c067c428137f8e3a4ca5d75c853b2429727fac3a0490a06940b63,46948356,1780686059,0x9ca1dad919221d920b889aacf3023a5cea23165f,0x218172c19435ba4adfe3d212f3fa9e4e329e782b,0x7aa0a887f03339d6296183cba37b1eac717364f8,1.048898,1.04384133611691,1.04384133611691,,0.8326036949784997
0xb53d02937b9f520158ade31972f85d8f8dcece2c7baa5fa00edbcb74c40313ca,46948356,1780686059,0x9ca1dad919221d920b889aacf3023a5cea23165f,0x218172c19435ba4adfe3d212f3fa9e4e329e782b,0x562d48f6801045453f9783a0922361ec1b7bf439,1.048898,1.04384133611691,1.04384133611691,,0.8326036949784997
0x58ce89147bdd9bda6c6ace3362d37400bbfd5ce86f8144f6f01550a578b5aa32,46948885,1780687117,0xa7272afc21f9c321024ed93892a1abfeb621c374,0x1b18c1d3445630cfe6e0744e1b2d6ab7985d06ef,0xacfa576aa81f7501e3dd1122eba67e3de7d5d5a3,1.04384,1.04384133611691,1.04384133611691,,0.8326036949784997
0x6b8a6316a5dde54d96b02941ca01f492fa4ad36e40c977af76ef27cf027f2c80,46948885,1780687117,0x9231db26a7a7a2bc81abb13331edae458b2871b6,0x1b18c1d3445630cfe6e0744e1b2d6ab7985d06ef,0x71bd581f22260906f38a032a869faf647b36d98d,1.043841,1.04384133611691,1.04384133611691,,0.8326036949784997
0x1b7a7e337216b02e5857b36c5f71395b89c4a69a196b164abd548a68e295318a,46948885,1780687117,0x9231db26a7a7a2bc81abb13331edae458b2871b6,0x1b18c1d3445630cfe6e0744e1b2d6ab7985d06ef,0x4822529530ecc268b42f0fe76e9df03cde09d9a1,1.043841,1.04384133611691,1.04384133611691,,0.8326036949784997
0xab7a26891ad8bf6c308e3e8222c8768253867a7665985f55d05b7d4822fcf82e,46949640,1780688627,0xac22a6969c5925d660c95e2759deec313f86b14c,0xb7ea2b36a2c94f1b17939e77a20e0cf409c88bfa,0xc60c784a4556126720b113e12fe950163427499c,1.126743,1.1267605633802817,1.1267605633802817,,0.5625919504874457
0xed23aff8f050175344eb8339fba08b9c79df00e05668f8a9e0a4d27649d647a6,46949736,1780688819,0xbda8accce92506647378ff4456f24390431496c2,0x1b18c1d3445630cfe6e0744e1b2d6ab7985d06ef,0xe4593deeef3ee0769abc48fefd182c76d026e473,1.074113,1.0741138560687433,1.0741138560687433,,0.727366070175296
0x99220c63b64c0e87bbaa8388b7ee5523d4bee977cb3b0b79249f5e1f3795ac0f,46950324,1780689995,0xe0b8556b1d047eaeeec604843b0808e821986d48,0xb7ea2b36a2c94f1b17939e77a20e0cf409c88bfa,0xdfa5fe5bb24e53f313c481fbc9cb14f2fc9691a9,1.043841,1.04384133611691,1.04384133611691,,0.8326036949784997
0x3cb4257a7895fd39be898eb48fe4820b7d766fd92f619372e715391dbd794ceb,46950343,1780690033,0xbda8accce92506647378ff4456f24390431496c2,0xc41b1af25ea9ad03e81a4d551454e9f4f519ae4e,0xe4593deeef3ee0769abc48fefd182c76d026e473,1.074112,1.0741138560687433,1.0741138560687433,,0.727366070175296
0x39cdad08d0eab634145879f505e7e441c27c10a08a99ffed8fdb5b09fc31deee,46963797,1780716941,0xbda8accce92506647378ff4456f24390431496c2,0xc41b1af25ea9ad03e81a4d551454e9f4f519ae4e,0xe4593deeef3ee0769abc48fefd182c76d026e473,1.074111,1.0741138560687433,1.0741138560687433,,0.727366070175296
0x32df0dc8a08337df62f55764248d16cc91c0059ac9bc1b01259cc8bbd5e1fef3,46963797,1780716941,0xe0b8556b1d047eaeeec604843b0808e821986d48,0xb7ea2b36a2c94f1b17939e77a20e0cf409c88bfa,0xdfa5fe5bb24e53f313c481fbc9cb14f2fc9691a9,1.043841,1.04384133611691,1.04384133611691,,0.8326036949784997
0xc5d94cdcb8a16d74cb01e318d17f1216eb43de83463a73cf7d0e9541fac009f5,46964927,1780719201,0x9ca1dad919221d920b889aacf3023a5cea23165f,0x218172c19435ba4adfe3d212f3fa9e4e329e782b,0xfb76aa1a9ec52334f676ae2ad1165fb07551b3e6,1.045837,1.04384133611691,1.04384133611691,,0.8326036949784997
0xfa4ef144d103cdb1866d7c8d7aabeb6e48b4eb7f6b1234baaa64b44ec31c46f1,46964927,1780719201,0x9ca1dad919221d920b889aacf3023a5cea23165f,0x218172c19435ba4adfe3d212f3fa9e4e329e782b,0x7aa0a887f03339d6296183cba37b1eac717364f8,1.045837,1.04384133611691,1.04384133611691,,0.8326036949784997
0x50de99324ee264da0c1c7cce4b2d671b3d5b0a6dcfa17c3b01f2b90e01ac372d,46964943,1780719233,0x9231db26a7a7a2bc81abb13331edae458b2871b6,0x1b18c1d3445630cfe6e0744e1b2d6ab7985d06ef,0x71bd581f22260906f38a032a869faf647b36d98d,1.046638,1.04384133611691,1.04384133611691,,0.8326036949784997
0xb76e3d15392d38cf24fe6cd4d93a516c884a91775bd8e11beae909eec1727ecd,46964943,1780719233,0x9231db26a7a7a2bc81abb13331edae458b2871b6,0x1b18c1d3445630cfe6e0744e1b2d6ab7985d06ef,0x4822529530ecc268b42f0fe76e9df03cde09d9a1,1.046638,1.04384133611691,1.04384133611691,,0.8326036949784997
0xd8837457bab08f60c7385d7616eb2441cb98e2a12923d329ef9cac5469697fef,46964943,1780719233,0x742d1c11c9cf4c84f1dda7b5c8ad8fc7bc708493,0x1b18c1d3445630cfe6e0744e1b2d6ab7985d06ef,0x97e7cf55540bc6ea10124edf71e6278b4c5093fb,1.046637,1.04384133611691,1.04384133611691,,0.8326036949784997
0x5484fd2adf5035fe341c66af2401597a2620cbe880c901dbc10ce09c8fb00ae4,46964943,1780719233,0x9ca1dad919221d920b889aacf3023a5cea23165f,0x218172c19435ba4adfe3d212f3fa9e4e329e782b,0xfb76aa1a9ec52334f676ae2ad1165fb07551b3e6,1.046638,1.04384133611691,1.04384133611691,,0.8326036949784997
0x0d67aad2161fcc0128d17846b254dc10f3c48d1e13c047e4c52c7e67308fd02e,46964943,1780719233,0x9ca1dad919221d920b889aacf3023a5cea23165f,0x218172c19435ba4adfe3d212f3fa9e4e329e782b,0x7aa0a887f03339d6296183cba37b1eac717364f8,1.046638,1.04384133611691,1.04384133611691,,0.8326036949784997
0x245bf6af99d3cde996f12c91f9900f8e64040ee99c652dabba35cf1eee60c64e,46964943,1780719233,0x9ca1dad919221d920b889aacf3023a5cea23165f,0x218172c19435ba4adfe3d212f3fa9e4e329e782b,0x562d48f6801045453f9783a0922361ec1b7bf439,1.046638,1.04384133611691,1.04384133611691,,0.8326036949784997
0x6c1c92f8b947ec3dd906e9fd3ae388bed9b065c84ca93fea0620e6709acb7426,46965140,1780719627,0x9231db26a7a7a2bc81abb13331edae458b2871b6,0x218172c19435ba4adfe3d212f3fa9e4e329e782b,0x71bd581f22260906f38a032a869faf647b36d98d,1.043841,1.04384133611691,1.04384133611691,,0.8326036949784997
0x1b7b939427a1f7ffe62adb724951778a5528ee89390408cb855953713a415a00,46965141,1780719629,0x9231db26a7a7a2bc81abb13331edae458b2871b6,0x1b18c1d3445630cfe6e0744e1b2d6ab7985d06ef,0x4822529530ecc268b42f0fe76e9df03cde09d9a1,1.043841,1.04384133611691,1.04384133611691,,0.8326036949784997
0x57ea5cca019fe7238344e2da0eec78d7668b78f34df4eae3f70540da9a96faeb,46965143,1780719633,0x9ca1dad919221d920b889aacf3023a5cea23165f,0xe6e3f8b510fecab4b9f74df24cede54567ee2f14,0xfb76aa1a9ec52334f676ae2ad1165fb07551b3e6,1.043841,1.04384133611691,1.04384133611691,,0.8326036949784997
0x37b5b741663aad1d30d47fa8401103fdf4f1386c89dcadeebeb21e629fbb4413,46965143,1780719633,0x9ca1dad919221d920b889aacf3023a5cea23165f,0xc41b1af25ea9ad03e81a4d551454e9f4f519ae4e,0x562d48f6801045453f9783a0922361ec1b7bf439,1.043841,1.04384133611691,1.04384133611691,,0.8326036949784997
0xfa5d81ac523649371dfaa2771349f8aacec3fa07708f83c468c97d06d435d2b7,46965143,1780719633,0x9ca1dad919221d920b889aacf3023a5cea23165f,0xb7ea2b36a2c94f1b17939e77a20e0cf409c88bfa,0x7aa0a887f03339d6296183cba37b1eac717364f8,1.043841,1.04384133611691,1.04384133611691,,0.8326036949784997
0x0c230f1e47604ef505bc44c21e0c2b52a228b1c719cb6aaea30c701eb48eaf7c,46965254,1780719855,0xe0b8556b1d047eaeeec604843b0808e821986d48,0xb7ea2b36a2c94f1b17939e77a20e0cf409c88bfa,0xdfa5fe5bb24e53f313c481fbc9cb14f2fc9691a9,1.043841,1.04384133611691,1.04384133611691,,0.8326036949784997
0x6792f8679380bd931880982d2d8037a50d385ca363aa5a2b86f3cbb9020e8562,46965365,1780720077,0x9ca1dad919221d920b889aacf3023a5cea23165f,0x218172c19435ba4adfe3d212f3fa9e4e329e782b,0xfb76aa1a9ec52334f676ae2ad1165fb07551b3e6,1.052917,1.04384133611691,1.04384133611691,,0.8326036949784997
0x9d63ef6a1af509b30c0d2006adf7890263307e416b17a2578af89220376c77c5,46965365,1780720077,0x9ca1dad919221d920b889aacf3023a5cea23165f,0x218172c19435ba4adfe3d212f3fa9e4e329e782b,0x7aa0a887f03339d6296183cba37b1eac717364f8,1.052917,1.04384133611691,1.04384133611691,,0.8326036949784997
0x4e066bcc82c1fc5b8d8a9cef07cb2bb356eeb463d4f281a9839cc0fbd31b887d,46965365,1780720077,0x9231db26a7a7a2bc81abb13331edae458b2871b6,0x218172c19435ba4adfe3d212f3fa9e4e329e782b,0x71bd581f22260906f38a032a869faf647b36d98d,1.052917,1.04384133611691,1.04384133611691,,0.8326036949784997
0xf3da08dd2218b3b84c7c035e244a2560640ba38db737224d4291a044721638eb,46965365,1780720077,0x9ca1dad919221d920b889aacf3023a5cea23165f,0x218172c19435ba4adfe3d212f3fa9e4e329e782b,0x562d48f6801045453f9783a0922361ec1b7bf439,1.052917,1.04384133611691,1.04384133611691,,0.8326036949784997
0x1a420c8c8d5de1520040075c4b3238ca679bda8886662c7fc3bd9d35fddbc077,46965365,1780720077,0x9bfc0a7884cf6165dc0c2d105af307de056bfea7,0x218172c19435ba4adfe3d212f3fa9e4e329e782b,0x08ad0aedb4dbfcd93f999c0baadf2989af66c050,1.052917,1.04384133611691,1.04384133611691,,0.8326036949784997
0xd32597d0d316f3cfb17ce0e49906dac7571ea44b7486aa134a4191548f8f9c51,46965365,1780720077,0x742d1c11c9cf4c84f1dda7b5c8ad8fc7bc708493,0x1b18c1d3445630cfe6e0744e1b2d6ab7985d06ef,0x97e7cf55540bc6ea10124edf71e6278b4c5093fb,1.052917,1.04384133611691,1.04384133611691,,0.8326036949784997
0x056ffbc64c926088e1b4ce9b8cf92b2eb7e94b0e8ed2d3b31d84f663593fe265,46965365,1780720077,0x9231db26a7a7a2bc81abb13331edae458b2871b6,0x1b18c1d3445630cfe6e0744e1b2d6ab7985d06ef,0x4822529530ecc268b42f0fe76e9df03cde09d9a1,1.052917,1.04384133611691,1.04384133611691,,0.8326036949784997
0x20cdb8f3a963f56a2c17f2eb187fa465da718375bc57633d2760310550b846a7,46965418,1780720183,0xe0b8556b1d047eaeeec604843b0808e821986d48,0xb7ea2b36a2c94f1b17939e77a20e0cf409c88bfa,0xdfa5fe5bb24e53f313c481fbc9cb14f2fc9691a9,1.043841,1.04384133611691,1.04384133611691,,0.8326036949784997
0xd18ed32812b15f795bb3d9dda92655f19a6b18b0c1ecbc916c4b492f7758d2c4,46965471,1780720289,0x9ca1dad919221d920b889aacf3023a5cea23165f,0x218172c19435ba4adfe3d212f3fa9e4e329e782b,0xfb76aa1a9ec52334f676ae2ad1165fb07551b3e6,1.049466,1.04384133611691,1.04384133611691,,0.8326036949784997
0xb7a2e3fc3cfb7b5f95adbe3dd533ba3ef20d83d60cf6a605e73e9fc4a3735efd,46965471,1780720289,0x9ca1dad919221d920b889aacf3023a5cea23165f,0x218172c19435ba4adfe3d212f3fa9e4e329e782b,0x7aa0a887f03339d6296183cba37b1eac717364f8,1.049466,1.04384133611691,1.04384133611691,,0.8326036949784997
0x195270e8018697d2209a0274085984da47fd25726f2a8bfcc447d67c32e8d577,46965471,1780720289,0x9231db26a7a7a2bc81abb13331edae458b2871b6,0x218172c19435ba4adfe3d212f3fa9e4e329e782b,0x71bd581f22260906f38a032a869faf647b36d98d,1.049466,1.04384133611691,1.04384133611691,,0.8326036949784997
0xb03d7dfb39c6dda1dd044170b090ffaf36ff514b606bcd35b21ed516c2bcb433,46965471,1780720289,0x9bfc0a7884cf6165dc0c2d105af307de056bfea7,0x218172c19435ba4adfe3d212f3fa9e4e329e782b,0x08ad0aedb4dbfcd93f999c0baadf2989af66c050,1.049466,1.04384133611691,1.04384133611691,,0.8326036949784997
0xa11029cef828e7ef28f96ff7aae740ec1a763118a6ad15216b1d577d5563e5eb,46965471,1780720289,0x9ca1dad919221d920b889aacf3023a5cea23165f,0x218172c19435ba4adfe3d212f3fa9e4e329e782b,0x562d48f6801045453f9783a0922361ec1b7bf439,1.049466,1.04384133611691,1.04384133611691,,0.8326036949784997
0xb5cf7eefb29f15d7a7ea31d2b068c061ebdc5694acf869431ba2c8fbea84439f,46965471,1780720289,0x9231db26a7a7a2bc81abb13331edae458b2871b6,0x1b18c1d3445630cfe6e0744e1b2d6ab7985d06ef,0x4822529530ecc268b42f0fe76e9df03cde09d9a1,1.049466,1.04384133611691,1.04384133611691,,0.8326036949784997
0x3e9be97dced45f94c3d84ac92adf674fcf08861cf5b7a49afc650548c21ae8b2,46965471,1780720289,0x742d1c11c9cf4c84f1dda7b5c8ad8fc7bc708493,0x1b18c1d3445630cfe6e0744e1b2d6ab7985d06ef,0x97e7cf55540bc6ea10124edf71e6278b4c5093fb,1.049465,1.04384133611691,1.04384133611691,,0.8326036949784997
0x7614c77847d127bd69c7dc424598f1d85e36bdb13d8006d938e236ed7382474a,46965488,1780720323,0x9231db26a7a7a2bc81abb13331edae458b2871b6,0x1b18c1d3445630cfe6e0744e1b2d6ab7985d06ef,0x71bd581f22260906f38a032a869faf647b36d98d,1.043841,1.04384133611691,1.04384133611691,,0.8326036949784997
0x82c9584a1d3399887234332b1505a7666559915aad456f15b8b19c935fee2168,46965488,1780720323,0x9bfc0a7884cf6165dc0c2d105af307de056bfea7,0x1b18c1d3445630cfe6e0744e1b2d6ab7985d06ef,0x08ad0aedb4dbfcd93f999c0baadf2989af66c050,1.043841,1.04384133611691,1.04384133611691,,0.8326036949784997
0x6a5820115ac1061d5c0981752775e172ea021296fbedf9f63bb467cc9a2019eb,46965488,1780720323,0x9231db26a7a7a2bc81abb13331edae458b2871b6,0x1b18c1d3445630cfe6e0744e1b2d6ab7985d06ef,0x4822529530ecc268b42f0fe76e9df03cde09d9a1,1.043841,1.04384133611691,1.04384133611691,,0.8326036949784997
0xa9cfd66dd4ee42a69c1ff93262882753b898336d0343dfa3889c0f62720e622c,46965488,1780720323,0x742d1c11c9cf4c84f1dda7b5c8ad8fc7bc708493,0x1b18c1d3445630cfe6e0744e1b2d6ab7985d06ef,0x97e7cf55540bc6ea10124edf71e6278b4c5093fb,1.04384,1.04384133611691,1.04384133611691,,0.8326036949784997
0x03457c1664260cbfd6f8b5317de477ec82731f0b7649b3c4a851b598581b7093,46965491,1780720329,0xac22a6969c5925d660c95e2759deec313f86b14c,0xb7ea2b36a2c94f1b17939e77a20e0cf409c88bfa,0xc60c784a4556126720b113e12fe950163427499c,1.12674,1.1267605633802817,1.1267605633802817,,0.5625919504874457
0xabebc4841361db95e11972144e14f0d29a6f8d7010e352ce4a07ff5da09873e8,46965491,1780720329,0x9ca1dad919221d920b889aacf3023a5cea23165f,0xc41b1af25ea9ad03e81a4d551454e9f4f519ae4e,0x562d48f6801045453f9783a0922361ec1b7bf439,1.043841,1.04384133611691,1.04384133611691,,0.8326036949784997
0xbc3d49692e37804b00bfb3c41a5fcec461c0d356367306e732e3f99926937a8a,46965491,1780720329,0x9ca1dad919221d920b889aacf3023a5cea23165f,0xe6e3f8b510fecab4b9f74df24cede54567ee2f14,0xfb76aa1a9ec52334f676ae2ad1165fb07551b3e6,1.043841,1.04384133611691,1.04384133611691,,0.8326036949784997
0xee11f58016b387beb3dc51a0ae405cfe3299661b03db85d3bd859337c25923de,46965492,1780720331,0x9ca1dad919221d920b889aacf3023a5cea23165f,0xb7ea2b36a2c94f1b17939e77a20e0cf409c88bfa,0x7aa0a887f03339d6296183cba37b1eac717364f8,1.043841,1.04384133611691,1.04384133611691,,0.8326036949784997
0x903c12c700d03cdbf9a40dbc2e80500e835c17882bca40527bce4b4ebeac36cc,46965546,1780720439,0x9ca1dad919221d920b889aacf3023a5cea23165f,0x218172c19435ba4adfe3d212f3fa9e4e329e782b,0xfb76aa1a9ec52334f676ae2ad1165fb07551b3e6,1.043841,1.04384133611691,1.04384133611691,,0.8326036949784997
0x98c22fc48e9531cf73e334b41ed945fdde114a12d19975e3d78c61643032baba,46965546,1780720439,0x9ca1dad919221d920b889aacf3023a5cea23165f,0x218172c19435ba4adfe3d212f3fa9e4e329e782b,0x7aa0a887f03339d6296183cba37b1eac717364f8,1.043841,1.04384133611691,1.04384133611691,,0.8326036949784997
0x6868165ec05db50032e4944c6661bbac04a468e7e40f5f3ddffa621ee660f342,46965546,1780720439,0x9231db26a7a7a2bc81abb13331edae458b2871b6,0x218172c19435ba4adfe3d212f3fa9e4e329e782b,0x71bd581f22260906f38a032a869faf647b36d98d,1.043841,1.04384133611691,1.04384133611691,,0.8326036949784997
0x2117cfac70fc45f9697602995ecf5bbd166221b45e6d6427e97ebc2064c081b5,46965546,1780720439,0x9bfc0a7884cf6165dc0c2d105af307de056bfea7,0x218172c19435ba4adfe3d212f3fa9e4e329e782b,0x08ad0aedb4dbfcd93f999c0baadf2989af66c050,1.043841,1.04384133611691,1.04384133611691,,0.8326036949784997
0xe542899036b9a488ffca8de533c3712c0cd2458871cec199f5ae7b8650dd3c62,46965546,1780720439,0x9ca1dad919221d920b889aacf3023a5cea23165f,0x218172c19435ba4adfe3d212f3fa9e4e329e782b,0x562d48f6801045453f9783a0922361ec1b7bf439,1.043841,1.04384133611691,1.04384133611691,,0.8326036949784997
0x328b8c6a07285a74a87a19f904c56ac5cd871c50d202a4a9a59cb1ed06ef8aa9,46965546,1780720439,0x9231db26a7a7a2bc81abb13331edae458b2871b6,0x1b18c1d3445630cfe6e0744e1b2d6ab7985d06ef,0x4822529530ecc268b42f0fe76e9df03cde09d9a1,1.043841,1.04384133611691,1.04384133611691,,0.8326036949784997
0x884e8514e3d7eba28655a13756179424deab8f7214eacd329d5b8d6cf906d5fa,46965546,1780720439,0x742d1c11c9cf4c84f1dda7b5c8ad8fc7bc708493,0x1b18c1d3445630cfe6e0744e1b2d6ab7985d06ef,0x97e7cf55540bc6ea10124edf71e6278b4c5093fb,1.043841,1.04384133611691,1.04384133611691,,0.8326036949784997
0x495f65dafa4c4040b623135873a0489d054b3c400c7f9e644021729f2cd47571,46965552,1780720451,0xbda8accce92506647378ff4456f24390431496c2,0x6fc18d2d0b2b96922ceb4126812dacd1452576cc,0xe4593deeef3ee0769abc48fefd182c76d026e473,1.074114,1.0741138560687433,1.0741138560687433,,0.727366070175296
0xedbaab0e81dd40bc6a3032183ae2a21952290b59dd56631c65dec01c9b5e7c36,46965562,1780720471,0x9ca1dad919221d920b889aacf3023a5cea23165f,0x218172c19435ba4adfe3d212f3fa9e4e329e782b,0xfb76aa1a9ec52334f676ae2ad1165fb07551b3e6,1.043841,1.04384133611691,1.04384133611691,,0.8326036949784997
0x3b3127ad6c366484750732d2c5ae8263e049c564f6b3b39403af7b9298eff5ce,46965562,1780720471,0x9ca1dad919221d920b889aacf3023a5cea23165f,0x218172c19435ba4adfe3d212f3fa9e4e329e782b,0x7aa0a887f03339d6296183cba37b1eac717364f8,1.043841,1.04384133611691,1.04384133611691,,0.8326036949784997
0xd8ca4d2f1e1381ae2765bb593206179dd3e986735f2f7ecef275e65ea8ac29a8,46965562,1780720471,0x9231db26a7a7a2bc81abb13331edae458b2871b6,0x218172c19435ba4adfe3d212f3fa9e4e329e782b,0x71bd581f22260906f38a032a869faf647b36d98d,1.043841,1.04384133611691,1.04384133611691,,0.8326036949784997
0x30915a4d3b851b0042a520f861967e0a6fbf1e2dcac49773b1fa77a814edd06d,46965562,1780720471,0x9bfc0a7884cf6165dc0c2d105af307de056bfea7,0x218172c19435ba4adfe3d212f3fa9e4e329e782b,0x08ad0aedb4dbfcd93f999c0baadf2989af66c050,1.043841,1.04384133611691,1.04384133611691,,0.8326036949784997
0x2e96a44042fdb36a7a3b11a9d9c4af856f68410b0ee8dbd4bda6585c91d5d0e2,46965562,1780720471,0x9ca1dad919221d920b889aacf3023a5cea23165f,0x218172c19435ba4adfe3d212f3fa9e4e329e782b,0x562d48f6801045453f9783a0922361ec1b7bf439,1.043841,1.04384133611691,1.04384133611691,,0.8326036949784997
0x0b01eae5ce018b3d033e7162903e17007a9d133923aaff4c642d88cc1d20a4d7,46965562,1780720471,0x9231db26a7a7a2bc81abb13331edae458b2871b6,0x1b18c1d3445630cfe6e0744e1b2d6ab7985d06ef,0x4822529530ecc268b42f0fe76e9df03cde09d9a1,1.043841,1.04384133611691,1.04384133611691,,0.8326036949784997
0x47ff5189b54b28bd4acd7cecea9689e7b6545bef319101c0afce5ca15827f3fc,46965562,1780720471,0x742d1c11c9cf4c84f1dda7b5c8ad8fc7bc708493,0x1b18c1d3445630cfe6e0744e1b2d6ab7985d06ef,0x97e7cf55540bc6ea10124edf71e6278b4c5093fb,1.043841,1.04384133611691,1.04384133611691,,0.8326036949784997
0xb61d361dfe70fcb8e32edd665f7fb366213024d2d7b0f92e60c2fa88ee02bb64,46965646,1780720639,0xbda8accce92506647378ff4456f24390431496c2,0xc41b1af25ea9ad03e81a4d551454e9f4f519ae4e,0xe4593deeef3ee0769abc48fefd182c76d026e473,1.07411,1.0741138560687433,1.0741138560687433,,0.727366070175296
0x1175e8e8c19bbd48defb2beddb5246444abc0da7d28d822898d75bf895a76786,46965664,1780720675,0xe0b8556b1d047eaeeec604843b0808e821986d48,0xb7ea2b36a2c94f1b17939e77a20e0cf409c88bfa,0xdfa5fe5bb24e53f313c481fbc9cb14f2fc9691a9,1.043841,1.04384133611691,1.04384133611691,,0.8326036949784997
0xb2b60673612dafdd0ccc51fe77b7bb633d2e0d07750d998983e35d4e29b2a2b0,46965680,1780720707,0x9ca1dad919221d920b889aacf3023a5cea23165f,0x218172c19435ba4adfe3d212f3fa9e4e329e782b,0xfb76aa1a9ec52334f676ae2ad1165fb07551b3e6,1.049054,1.04384133611691,1.04384133611691,,0.8326036949784997
0x9528be4ae1f9c8f5f6e538503e92b4a3e401ee83d4646ea7b14c5ac7b3809ca2,46965680,1780720707,0x9ca1dad919221d920b889aacf3023a5cea23165f,0x218172c19435ba4adfe3d212f3fa9e4e329e782b,0x7aa0a887f03339d6296183cba37b1eac717364f8,1.049054,1.04384133611691,1.04384133611691,,0.8326036949784997
0xfec3d2dfd80687d3e4fefd691605e55dd0f910d435718bfb495aad154a049a9d,46965680,1780720707,0x9bfc0a7884cf6165dc0c2d105af307de056bfea7,0x218172c19435ba4adfe3d212f3fa9e4e329e782b,0x08ad0aedb4dbfcd93f999c0baadf2989af66c050,1.049054,1.04384133611691,1.04384133611691,,0.8326036949784997
0x90de86f02f2b947cbfb3ff4824ae2c358e467b2d7aaa9a0c32dbd855916fa0d3,46965680,1780720707,0x9231db26a7a7a2bc81abb13331edae458b2871b6,0x218172c19435ba4adfe3d212f3fa9e4e329e782b,0x71bd581f22260906f38a032a869faf647b36d98d,1.049054,1.04384133611691,1.04384133611691,,0.8326036949784997
0xecaaac6d6f848571f6a0d57b97366b87ac74d53a0e069470d9c09a0ffa7176a0,46965680,1780720707,0x9231db26a7a7a2bc81abb13331edae458b2871b6,0x1b18c1d3445630cfe6e0744e1b2d6ab7985d06ef,0x4822529530ecc268b42f0fe76e9df03cde09d9a1,1.049053,1.04384133611691,1.04384133611691,,0.8326036949784997
0x1ca354d1626f4a76a7d2938a3eacfe78a0ab6ec6690c52d11a09585588e655cd,46965758,1780720863,0xbda8accce92506647378ff4456f24390431496c2,0xc41b1af25ea9ad03e81a4d551454e9f4f519ae4e,0xe4593deeef3ee0769abc48fefd182c76d026e473,1.074113,1.0741138560687433,1.0741138560687433,,0.727366070175296
0x3f11852373d61469b64eb3f5be8cbfeb3b33ff1c24d37a24c06c0432934d6adc,46965924,1780721195,0x742d1c11c9cf4c84f1dda7b5c8ad8fc7bc708493,0xb7ea2b36a2c94f1b17939e77a20e0cf409c88bfa,0x97e7cf55540bc6ea10124edf71e6278b4c5093fb,1.043837,1.04384133611691,1.04384133611691,,0.8326036949784997
0x5c5bb2db8e802734ca08d9c0d60837aede32a0ed31ffda64a26882995f1229b5,46965924,1780721195,0x9ca1dad919221d920b889aacf3023a5cea23165f,0xc41b1af25ea9ad03e81a4d551454e9f4f519ae4e,0x562d48f6801045453f9783a0922361ec1b7bf439,1.043841,1.04384133611691,1.04384133611691,,0.8326036949784997
0x54a01d025c3ae0edb08f7be7eb8c17dbfbe2806c58a1313240b03ab5ba35b961,46965924,1780721195,0xe0b8556b1d047eaeeec604843b0808e821986d48,0xb7ea2b36a2c94f1b17939e77a20e0cf409c88bfa,0xdfa5fe5bb24e53f313c481fbc9cb14f2fc9691a9,1.043841,1.04384133611691,1.04384133611691,,0.8326036949784997
0xbbc75634b918ee0fbd4b94b180574cd729a91357354cef064a8aa40e67070e38,46966412,1780722171,0x9ca1dad919221d920b889aacf3023a5cea23165f,0x218172c19435ba4adfe3d212f3fa9e4e329e782b,0xfb76aa1a9ec52334f676ae2ad1165fb07551b3e6,1.048057,1.04384133611691,1.04384133611691,,0.8326036949784997
0x00b650ccecaa1a12174e92a79c038088b0861caf0cadadf2756794291d507885,46966412,1780722171,0x9ca1dad919221d920b889aacf3023a5cea23165f,0x218172c19435ba4adfe3d212f3fa9e4e329e782b,0x7aa0a887f03339d6296183cba37b1eac717364f8,1.048057,1.04384133611691,1.04384133611691,,0.8326036949784997
0x7b3674f3405af52797fdea775c790e87c7cacaf42c7a8a5b31f747ba2b2dda71,46966412,1780722171,0x9231db26a7a7a2bc81abb13331edae458b2871b6,0x218172c19435ba4adfe3d212f3fa9e4e329e782b,0x71bd581f22260906f38a032a869faf647b36d98d,1.048057,1.04384133611691,1.04384133611691,,0.8326036949784997
0xe7c05a3ae3375408066928c91208d82bea751f344c54ec0e7990f1c50aef91b5,46966412,1780722171,0x9bfc0a7884cf6165dc0c2d105af307de056bfea7,0x218172c19435ba4adfe3d212f3fa9e4e329e782b,0x08ad0aedb4dbfcd93f999c0baadf2989af66c050,1.048057,1.04384133611691,1.04384133611691,,0.8326036949784997
0xe86a224b32fb03b15160beecec0e5794f2e5bbdd99fb566cb825cb0fd68c0a02,46966412,1780722171,0x9ca1dad919221d920b889aacf3023a5cea23165f,0x218172c19435ba4adfe3d212f3fa9e4e329e782b,0x562d48f6801045453f9783a0922361ec1b7bf439,1.048057,1.04384133611691,1.04384133611691,,0.8326036949784997
0xb15183b5d04c21a1f5bef156ade8add48688c1d0e50f4e5d3133af750b0ff666,46966412,1780722171,0x9231db26a7a7a2bc81abb13331edae458b2871b6,0x1b18c1d3445630cfe6e0744e1b2d6ab7985d06ef,0x4822529530ecc268b42f0fe76e9df03cde09d9a1,1.048057,1.04384133611691,1.04384133611691,,0.8326036949784997
0x93b88bb98c5b86a4840421d4ad72dfa13b29eae284658d080f43bec4f61e9be1,46966412,1780722171,0x742d1c11c9cf4c84f1dda7b5c8ad8fc7bc708493,0x1b18c1d3445630cfe6e0744e1b2d6ab7985d06ef,0x97e7cf55540bc6ea10124edf71e6278b4c5093fb,1.048057,1.04384133611691,1.04384133611691,,0.8326036949784997
0x25209d27cd681b5dc0dd006627334977029fc77ebbf36250ec05dcd05fbfd811,47763643,1782316633,0xa7272afc21f9c321024ed93892a1abfeb621c374,0x71b0ea1404f654da7063484e719fc53198ef21d2,0xaec4ee9a108304fcc5cdc323d8a2a1d331c342b7,1.045301,1.04384133611691,1.04384133611691,,0.8326036949784997
0x91666f9716cef2bf6a148f4532e8a9f0a9cbff9c19d256e306c529fea12506f3,47763938,1782317223,0xa7272afc21f9c321024ed93892a1abfeb621c374,0x218172c19435ba4adfe3d212f3fa9e4e329e782b,0xaec4ee9a108304fcc5cdc323d8a2a1d331c342b7,1.045128,1.04384133611691,1.04384133611691,,0.8326036949784997
0xb201c34be1a5bc9f6503efcca39579d1529dfc676170a7cccaca0c3211ad619f,47765129,1782319605,0xa7272afc21f9c321024ed93892a1abfeb621c374,0x2134695f185027845d257bcd41cc403560cf60f6,0xaec4ee9a108304fcc5cdc323d8a2a1d331c342b7,1.045213,1.04384133611691,1.04384133611691,,0.8326036949784997
0xa9d9745de5ed8b0199e6dbc4f090ac54210bd78961339b4e62710c153354e10b,47765159,1782319665,0xa7272afc21f9c321024ed93892a1abfeb621c374,0x218172c19435ba4adfe3d212f3fa9e4e329e782b,0xaec4ee9a108304fcc5cdc323d8a2a1d331c342b7,1.045212,1.04384133611691,1.04384133611691,,0.8326036949784997
0xc30ac3ca98fef70873528da1e8c0e19b9a4484cc5527cf62d09611bb0f2d0aeb,47765173,1782319693,0xa7272afc21f9c321024ed93892a1abfeb621c374,0x218172c19435ba4adfe3d212f3fa9e4e329e782b,0xaec4ee9a108304fcc5cdc323d8a2a1d331c342b7,1.045006,1.04384133611691,1.04384133611691,,0.8326036949784997
0xd8c82973c09ee47d72a9ccdc39107251d61d44bb63a9818c3173088a0f620fba,47765294,1782319935,0xa7272afc21f9c321024ed93892a1abfeb621c374,0xf1ec45222bed5472804be6e67db740b738ce5198,0xaec4ee9a108304fcc5cdc323d8a2a1d331c342b7,1.043841,1.04384133611691,1.04384133611691,,0.8326036949784997
0x59be54596084832d66e77548cb216b08b553b42b39507ee91605524061bdb0c1,47766134,1782321615,0xa7272afc21f9c321024ed93892a1abfeb621c374,0x218172c19435ba4adfe3d212f3fa9e4e329e782b,0xaec4ee9a108304fcc5cdc323d8a2a1d331c342b7,1.045595,1.04384133611691,1.04384133611691,,0.8326036949784997
0x66e172f4255386699e52af15b3d38de3c56e0b19e961a99657018d9f4fab853f,47766160,1782321667,0xa7272afc21f9c321024ed93892a1abfeb621c374,0x1b18c1d3445630cfe6e0744e1b2d6ab7985d06ef,0xaec4ee9a108304fcc5cdc323d8a2a1d331c342b7,1.045098,1.04384133611691,1.04384133611691,,0.8326036949784997
0x9783049b38fb8aa88f7c6206f54197198d200e2c24981f69ef786f5a8f33006a,47766171,1782321689,0xa7272afc21f9c321024ed93892a1abfeb621c374,0x218172c19435ba4adfe3d212f3fa9e4e329e782b,0xaec4ee9a108304fcc5cdc323d8a2a1d331c342b7,1.045733,1.04384133611691,1.04384133611691,,0.8326036949784997
0x1a8dbe9ee76fb78b8fd0b997fa23892f3bea40347a92b1a1f4bf99a717394d6d,47766239,1782321825,0xa7272afc21f9c321024ed93892a1abfeb621c374,0x218172c19435ba4adfe3d212f3fa9e4e329e782b,0xaec4ee9a108304fcc5cdc323d8a2a1d331c342b7,1.045232,1.04384133611691,1.04384133611691,,0.8326036949784997
0x3453c1f1fcbfdcf2c31aee99695a53047a9b6c88f8e33df56a932dd562965b42,47766239,1782321825,0xa7272afc21f9c321024ed93892a1abfeb621c374,0x218172c19435ba4adfe3d212f3fa9e4e329e782b,0xa6da7e3bfad3c8b20c4ac34b2ba055bed9e5d762,1.045232,1.04384133611691,1.04384133611691,,0.8326036949784997
0x82f0b959ebb70a48b186521648366eee6fe3ad82230629d2a54eb99fbeb5db1e,47766239,1782321825,0xa7272afc21f9c321024ed93892a1abfeb621c374,0x1b18c1d3445630cfe6e0744e1b2d6ab7985d06ef,0x76585fbba1eb984900eef32b48ec3560255c92d4,1.045232,1.04384133611691,1.04384133611691,,0.8326036949784997
0x9165c1f817f93d480895c52fa85f143070167c624c4178b4e4e3d045b8989379,47766239,1782321825,0xa7272afc21f9c321024ed93892a1abfeb621c374,0x1b18c1d3445630cfe6e0744e1b2d6ab7985d06ef,0x944263ed7db20091a728faccd56920159042d183,1.045232,1.04384133611691,1.04384133611691,,0.8326036949784997
0xae0203a2337d8b6e231ee7e2a184b6decf35ef40d84ce33be00d8964935156be,47766239,1782321825,0xa7272afc21f9c321024ed93892a1abfeb621c374,0x1b18c1d3445630cfe6e0744e1b2d6ab7985d06ef,0xeafdc784772239dfcbd799776f4e5bc53d07a2dd,1.045232,1.04384133611691,1.04384133611691,,0.8326036949784997
0x7295dc067ecfea22bdbf987963c42161f9431e6cb80f4b3ce66f0aedda851b7c,47766917,1782323181,0xa7272afc21f9c321024ed93892a1abfeb621c374,0x218172c19435ba4adfe3d212f3fa9e4e329e782b,0xaec4ee9a108304fcc5cdc323d8a2a1d331c342b7,1.045024,1.04384133611691,1.04384133611691,,0.8326036949784997
0x6a819b30b0ee12962554d17aa0a90faecb65cab5a5b02d2dd0f886244a9bf821,47766917,1782323181,0xa7272afc21f9c321024ed93892a1abfeb621c374,0x218172c19435ba4adfe3d212f3fa9e4e329e782b,0xa6da7e3bfad3c8b20c4ac34b2ba055bed9e5d762,1.045024,1.04384133611691,1.04384133611691,,0.8326036949784997
0x87f915678ead62eb183bbe8b24935e49cf61698790200ac71070d207c709e22a,47766917,1782323181,0xa7272afc21f9c321024ed93892a1abfeb621c374,0x218172c19435ba4adfe3d212f3fa9e4e329e782b,0x76585fbba1eb984900eef32b48ec3560255c92d4,1.045024,1.04384133611691,1.04384133611691,,0.8326036949784997
0x81731a72d2d76051f6a92d59451476ae4c7f46519664dfb430412236acdf33ee,47766917,1782323181,0xa7272afc21f9c321024ed93892a1abfeb621c374,0x1b18c1d3445630cfe6e0744e1b2d6ab7985d06ef,0x944263ed7db20091a728faccd56920159042d183,1.045024,1.04384133611691,1.04384133611691,,0.8326036949784997
0xc8a05ae01512b01f6336f1c41b8ff52fba23a7628807c8189fb86ff4c4abe674,47766917,1782323181,0xa7272afc21f9c321024ed93892a1abfeb621c374,0x1b18c1d3445630cfe6e0744e1b2d6ab7985d06ef,0xeafdc784772239dfcbd799776f4e5bc53d07a2dd,1.045024,1.04384133611691,1.04384133611691,,0.8326036949784997
0x67528e34fb0058a7f63213240a1547b032543b9252a8c5dd103df700ed7da2f9,47766950,1782323247,0xa7272afc21f9c321024ed93892a1abfeb621c374,0x218172c19435ba4adfe3d212f3fa9e4e329e782b,0xaec4ee9a108304fcc5cdc323d8a2a1d331c342b7,1.045128,1.04384133611691,1.04384133611691,,0.8326036949784997
0xb36983e40e96e3e66c1bd0fb7567341aa3f7efc784b4dc907ceef1ef511409d9,47766950,1782323247,0xa7272afc21f9c321024ed93892a1abfeb621c374,0x218172c19435ba4adfe3d212f3fa9e4e329e782b,0x76585fbba1eb984900eef32b48ec3560255c92d4,1.045128,1.04384133611691,1.04384133611691,,0.8326036949784997
0xcbef30bdcb59c9ff5503de54cfd0ea0d114b8aa84ae879f5589f1c6847fe5946,47766950,1782323247,0xa7272afc21f9c321024ed93892a1abfeb621c374,0x218172c19435ba4adfe3d212f3fa9e4e329e782b,0xa6da7e3bfad3c8b20c4ac34b2ba055bed9e5d762,1.045128,1.04384133611691,1.04384133611691,,0.8326036949784997
0x05aafd159dbef70cb7c53c1fc344b0bf6c8eeb3d72027e23dd8d86baf68b8d99,47766950,1782323247,0xa7272afc21f9c321024ed93892a1abfeb621c374,0x1b18c1d3445630cfe6e0744e1b2d6ab7985d06ef,0x944263ed7db20091a728faccd56920159042d183,1.045128,1.04384133611691,1.04384133611691,,0.8326036949784997
0x5cfbe2835a33aadb6771d6ac4260f5171d6df5b15b7ad49b1a9ecd4e271c84b2,47766950,1782323247,0xa7272afc21f9c321024ed93892a1abfeb621c374,0x1b18c1d3445630cfe6e0744e1b2d6ab7985d06ef,0xeafdc784772239dfcbd799776f4e5bc53d07a2dd,1.045127,1.04384133611691,1.04384133611691,,0.8326036949784997
0xf88e29a59fb272084b00d0539efcb30549fa5cf13b6341f14178836d8fb3212b,47766950,1782323247,0xa7272afc21f9c321024ed93892a1abfeb621c374,0x1b18c1d3445630cfe6e0744e1b2d6ab7985d06ef,0xacfa576aa81f7501e3dd1122eba67e3de7d5d5a3,1.045127,1.04384133611691,1.04384133611691,,0.8326036949784997
0x6ac2abd4d8d2d26177f7e0f255a0b80a2f43d51cfb4984bc67602f307691380d,47766974,1782323295,0xa7272afc21f9c321024ed93892a1abfeb621c374,0x218172c19435ba4adfe3d212f3fa9e4e329e782b,0xa6da7e3bfad3c8b20c4ac34b2ba055bed9e5d762,1.045414,1.04384133611691,1.04384133611691,,0.8326036949784997
0x0f70e37a8bb464ede2c5330bd7433a9215e31d141e780cab6efd96c162997a05,47766974,1782323295,0xa7272afc21f9c321024ed93892a1abfeb621c374,0x218172c19435ba4adfe3d212f3fa9e4e329e782b,0xaec4ee9a108304fcc5cdc323d8a2a1d331c342b7,1.045414,1.04384133611691,1.04384133611691,,0.8326036949784997
0xf206e4a589c6fb551a3358086a16bc988eb7fee9a2e158b967ded3d3a1c57c7f,47766980,1782323307,0xa7272afc21f9c321024ed93892a1abfeb621c374,0x1b18c1d3445630cfe6e0744e1b2d6ab7985d06ef,0x76585fbba1eb984900eef32b48ec3560255c92d4,1.043841,1.04384133611691,1.04384133611691,,0.8326036949784997
0x0a766bf4049a204f5a66a857239c5dfc70b5724ba4bcd4fe36ae94666fb769a3,47766980,1782323307,0xa7272afc21f9c321024ed93892a1abfeb621c374,0x1b18c1d3445630cfe6e0744e1b2d6ab7985d06ef,0x944263ed7db20091a728faccd56920159042d183,1.043841,1.04384133611691,1.04384133611691,,0.8326036949784997
0x2833189df07f57b4326a6886defe40ddca2b4261cfe0745ac44cdfdf75396e2e,47766980,1782323307,0xa7272afc21f9c321024ed93892a1abfeb621c374,0x1b18c1d3445630cfe6e0744e1b2d6ab7985d06ef,0xeafdc784772239dfcbd799776f4e5bc53d07a2dd,1.043841,1.04384133611691,1.04384133611691,,0.8326036949784997
0xd3a753410f770464673f2631f442f5148c85c313aa43dca1f34b41bda06fdc8e,47803159,1782395665,0xa7272afc21f9c321024ed93892a1abfeb621c374,0x218172c19435ba4adfe3d212f3fa9e4e329e782b,0xa6da7e3bfad3c8b20c4ac34b2ba055bed9e5d762,1.043841,1.04384133611691,1.04384133611691,,0.8326036949784997
0xdcc24a1e24987d5349bdd39f6fdaebd17b128861df5e5674398bf4bec7f5c061,47803159,1782395665,0xa7272afc21f9c321024ed93892a1abfeb621c374,0x218172c19435ba4adfe3d212f3fa9e4e329e782b,0xaec4ee9a108304fcc5cdc323d8a2a1d331c342b7,1.043841,1.04384133611691,1.04384133611691,,0.8326036949784997
0x2ae17d10432140e3d61f946512290006b02d4d62e944e75e6a64c819f953629c,47803159,1782395665,0xa7272afc21f9c321024ed93892a1abfeb621c374,0x218172c19435ba4adfe3d212f3fa9e4e329e782b,0x76585fbba1eb984900eef32b48ec3560255c92d4,1.043841,1.04384133611691,1.04384133611691,,0.8326036949784997
0x0ac78e82ab97b79bf2c28f96cb561261120db5256e172d08dfa76fbf8c6901fc,47803159,1782395665,0xa7272afc21f9c321024ed93892a1abfeb621c374,0x218172c19435ba4adfe3d212f3fa9e4e329e782b,0xeafdc784772239dfcbd799776f4e5bc53d07a2dd,1.043841,1.04384133611691,1.04384133611691,,0.8326036949784997
0xe18c11dec3bfaa62d7ba6d222ca33836973488ec34bd9c53011069ff0be51321,47803169,1782395685,0xa7272afc21f9c321024ed93892a1abfeb621c374,0x1b18c1d3445630cfe6e0744e1b2d6ab7985d06ef,0xacfa576aa81f7501e3dd1122eba67e3de7d5d5a3,1.043841,1.04384133611691,1.04384133611691,,0.8326036949784997
0xa505ae7ad81ec461a03ff52ba072b4bbc0589d11e8b1b7607acea7498ee99b93,47803181,1782395709,0xd577d9dcff3e46e97d2b859df6d6c68a7dbb6612,0x218172c19435ba4adfe3d212f3fa9e4e329e782b,0x2cbbf4de26fbae69990aefac46f59ff6c918ab76,1.047331,1.04384133611691,1.04384133611691,,0.8326036949784997
0xa5d0b06cebd10016403ce3d7cef7254c831fa50c136c17a465c4b664587a9b36,47803183,1782395713,0xa7272afc21f9c321024ed93892a1abfeb621c374,0x218172c19435ba4adfe3d212f3fa9e4e329e782b,0xa6da7e3bfad3c8b20c4ac34b2ba055bed9e5d762,1.045541,1.04384133611691,1.04384133611691,,0.8326036949784997
0xbbcfe74ca9d87f63a9955685f0c2842834155ef369d7b06df7b466bd3f70ecf5,47803184,1782395715,0xa7272afc21f9c321024ed93892a1abfeb621c374,0x218172c19435ba4adfe3d212f3fa9e4e329e782b,0xaec4ee9a108304fcc5cdc323d8a2a1d331c342b7,1.043841,1.04384133611691,1.04384133611691,,0.8326036949784997
0x04c4dd038b46601f341483e3b9bc3c09e53b9650794dc5bb72a981ac4432832e,47803184,1782395715,0xa7272afc21f9c321024ed93892a1abfeb621c374,0x218172c19435ba4adfe3d212f3fa9e4e329e782b,0x76585fbba1eb984900eef32b48ec3560255c92d4,1.043841,1.04384133611691,1.04384133611691,,0.8326036949784997
0x5e552af3e163df58e8bc754a548181f9b71249fb0687e803cf0c217b87d3c2c2,47803188,1782395723,0xa7272afc21f9c321024ed93892a1abfeb621c374,0x1b18c1d3445630cfe6e0744e1b2d6ab7985d06ef,0xeafdc784772239dfcbd799776f4e5bc53d07a2dd,1.043841,1.04384133611691,1.04384133611691,,0.8326036949784997
0xd35699d48e9a5dca2cd78f14c9951727ec7743174c00acf85fa12b4279ebf308,47803213,1782395773,0xa7272afc21f9c321024ed93892a1abfeb621c374,0x1b18c1d3445630cfe6e0744e1b2d6ab7985d06ef,0xa6da7e3bfad3c8b20c4ac34b2ba055bed9e5d762,1.046749,1.04384133611691,1.04384133611691,,0.8326036949784997
0x42bce29d8a5ef20ced52f623a109f56d8f87545ab14aace6c3202c1a50cc7139,47803213,1782395773,0xa7272afc21f9c321024ed93892a1abfeb621c374,0x1b18c1d3445630cfe6e0744e1b2d6ab7985d06ef,0xaec4ee9a108304fcc5cdc323d8a2a1d331c342b7,1.046749,1.04384133611691,1.04384133611691,,0.8326036949784997
0x83d3feb69c964ea169bbe9cd8b155a01ec1e082acd83c7015f26e7974d7cfb07,47803213,1782395773,0xa7272afc21f9c321024ed93892a1abfeb621c374,0x1b18c1d3445630cfe6e0744e1b2d6ab7985d06ef,0x76585fbba1eb984900eef32b48ec3560255c92d4,1.046749,1.04384133611691,1.04384133611691,,0.8326036949784997
0xb0e3769ebda57263da4c7b1705e08adcdb3b45cc24678228be848a7bc6e4616a,47803213,1782395773,0xa7272afc21f9c321024ed93892a1abfeb621c374,0x1b18c1d3445630cfe6e0744e1b2d6ab7985d06ef,0xeafdc784772239dfcbd799776f4e5bc53d07a2dd,1.046749,1.04384133611691,1.04384133611691,,0.8326036949784997
0x065d255b11e7fec501fd603eb2153c6292cd9b882da96a603bf5cf72a271e653,47803213,1782395773,0xa7272afc21f9c321024ed93892a1abfeb621c374,0x1b18c1d3445630cfe6e0744e1b2d6ab7985d06ef,0xacfa576aa81f7501e3dd1122eba67e3de7d5d5a3,1.046749,1.04384133611691,1.04384133611691,,0.8326036949784997
0xfc7f1ac6f6fa73f16a4aa3ced59b799e1e15b709441b2b51b640d4d1328dc837,47803225,1782395797,0xd577d9dcff3e46e97d2b859df6d6c68a7dbb6612,0x1b18c1d3445630cfe6e0744e1b2d6ab7985d06ef,0x2cbbf4de26fbae69990aefac46f59ff6c918ab76,1.043841,1.04384133611691,1.04384133611691,,0.8326036949784997
0x5411b18156528f6ab5deb34069eaa2d0089767c90b3f303022f9aeb43dc23f8e,47803287,1782395921,0xa7272afc21f9c321024ed93892a1abfeb621c374,0x1b18c1d3445630cfe6e0744e1b2d6ab7985d06ef,0xa6da7e3bfad3c8b20c4ac34b2ba055bed9e5d762,1.046632,1.04384133611691,1.04384133611691,,0.8326036949784997
0x1650d570bda83b0dd091e31712dfb25f873a60db324001fdb48b64df60fde12b,47803287,1782395921,0xa7272afc21f9c321024ed93892a1abfeb621c374,0x1b18c1d3445630cfe6e0744e1b2d6ab7985d06ef,0xeafdc784772239dfcbd799776f4e5bc53d07a2dd,1.046632,1.04384133611691,1.04384133611691,,0.8326036949784997
0xfdac911214f10a38cff68a0e112284203b19beac9b0d999b7941aa411e527fcb,47803287,1782395921,0xa7272afc21f9c321024ed93892a1abfeb621c374,0x1b18c1d3445630cfe6e0744e1b2d6ab7985d06ef,0xaec4ee9a108304fcc5cdc323d8a2a1d331c342b7,1.046632,1.04384133611691,1.04384133611691,,0.8326036949784997
0x6ac9c740da6b69a4fad2da29e00bbba89cb89cc58027b06f43e9adea512677f4,47803287,1782395921,0xa7272afc21f9c321024ed93892a1abfeb621c374,0x1b18c1d3445630cfe6e0744e1b2d6ab7985d06ef,0x76585fbba1eb984900eef32b48ec3560255c92d4,1.046632,1.04384133611691,1.04384133611691,,0.8326036949784997
0x7949adda288c93b642041f53ff302965a8a58f01323b554aa8b31fb68cb3e5fc,47803294,1782395935,0xa7272afc21f9c321024ed93892a1abfeb621c374,0x1b18c1d3445630cfe6e0744e1b2d6ab7985d06ef,0xa6da7e3bfad3c8b20c4ac34b2ba055bed9e5d762,1.048589,1.04384133611691,1.04384133611691,,0.8326036949784997
0xa3adc08eea521092369f6c5ce11341d28cb21efa999e21aafa91de6a8295ac02,47803294,1782395935,0xa7272afc21f9c321024ed93892a1abfeb621c374,0x1b18c1d3445630cfe6e0744e1b2d6ab7985d06ef,0xaec4ee9a108304fcc5cdc323d8a2a1d331c342b7,1.048589,1.04384133611691,1.04384133611691,,0.8326036949784997
0x4ae694e9ca450977687c21221f6d01e44418c89f8479710f424b96efe9f7948a,47803294,1782395935,0xa7272afc21f9c321024ed93892a1abfeb621c374,0x1b18c1d3445630cfe6e0744e1b2d6ab7985d06ef,0x76585fbba1eb984900eef32b48ec3560255c92d4,1.048589,1.04384133611691,1.04384133611691,,0.8326036949784997
0xfd4ec0789633a649d9b495a1269ae8e99d0e888d4ae4ea56c28331e2827fc4d8,47803294,1782395935,0xa7272afc21f9c321024ed93892a1abfeb621c374,0x1b18c1d3445630cfe6e0744e1b2d6ab7985d06ef,0xeafdc784772239dfcbd799776f4e5bc53d07a2dd,1.048589,1.04384133611691,1.04384133611691,,0.8326036949784997
0xdd6e842a38da96f398674439b8b1dbb4cc31076d317ad8057f49aa743ddc7af8,47803295,1782395937,0xa7272afc21f9c321024ed93892a1abfeb621c374,0x1b18c1d3445630cfe6e0744e1b2d6ab7985d06ef,0xacfa576aa81f7501e3dd1122eba67e3de7d5d5a3,1.043841,1.04384133611691,1.04384133611691,,0.8326036949784997
0xe63ce734b3fef5d945b897a5c5c4fc76474df17982b4b726f918b32763d84d1a,47803314,1782395975,0xd577d9dcff3e46e97d2b859df6d6c68a7dbb6612,0x1b18c1d3445630cfe6e0744e1b2d6ab7985d06ef,0x2cbbf4de26fbae69990aefac46f59ff6c918ab76,1.048886,1.04384133611691,1.04384133611691,,0.8326036949784997
0x0715dab119c65f2c6ab126971eb05490564ef9436877969f05f35f2e468603ea,47803317,1782395981,0xa7272afc21f9c321024ed93892a1abfeb621c374,0x1b18c1d3445630cfe6e0744e1b2d6ab7985d06ef,0xa6da7e3bfad3c8b20c4ac34b2ba055bed9e5d762,1.045295,1.04384133611691,1.04384133611691,,0.8326036949784997
0xa529cea85970b101a8874a46f4fc69c3119b4d613dc692ad8dd9b4229b3699bc,47803317,1782395981,0xa7272afc21f9c321024ed93892a1abfeb621c374,0x1b18c1d3445630cfe6e0744e1b2d6ab7985d06ef,0xaec4ee9a108304fcc5cdc323d8a2a1d331c342b7,1.045295,1.04384133611691,1.04384133611691,,0.8326036949784997
0x9fefb0046d30e8caa89c9498eb7c6dadbd860131491f0318ea9f517e9c3fda56,47803317,1782395981,0xa7272afc21f9c321024ed93892a1abfeb621c374,0x1b18c1d3445630cfe6e0744e1b2d6ab7985d06ef,0x76585fbba1eb984900eef32b48ec3560255c92d4,1.045295,1.04384133611691,1.04384133611691,,0.8326036949784997
0x2aa05760cf996997c9e96ea09d26942f081983ceffe8cc8cf824a12fc9b11bbd,47803317,1782395981,0xa7272afc21f9c321024ed93892a1abfeb621c374,0x1b18c1d3445630cfe6e0744e1b2d6ab7985d06ef,0xeafdc784772239dfcbd799776f4e5bc53d07a2dd,1.045295,1.04384133611691,1.04384133611691,,0.8326036949784997
0xec698a387ad66294da45b176687180b611d4814ece9e7c35dd3e80052100dca3,47805221,1782399789,0x757624b9faca2792f24d311f0586182cbdf0eb18,0xe6e3f8b510fecab4b9f74df24cede54567ee2f14,0x0d0fc47b78ac40f04e9174bae226d1c830b32fea,1.011038,1.01,1.03,0.0519,0.75
0x13921167391232364cd86b3f601a4e4467b1669ebd86ec399395fc896be52745,47826829,1782443005,0x9ca1dad919221d920b889aacf3023a5cea23165f,0x218172c19435ba4adfe3d212f3fa9e4e329e782b,0xfb76aa1a9ec52334f676ae2ad1165fb07551b3e6,1.043841,1.04384133611691,1.04384133611691,,0.8326036949784997
0xe9d6a6db72af2a89ac9f5f909a9d61330c51ddbd685940a04cf21ba56afa9405,47826829,1782443005,0x9ca1dad919221d920b889aacf3023a5cea23165f,0x218172c19435ba4adfe3d212f3fa9e4e329e782b,0x7aa0a887f03339d6296183cba37b1eac717364f8,1.043841,1.04384133611691,1.04384133611691,,0.8326036949784997
0xa635058c58fed15608d6612e79d7796d860563344c35fe39d6b19b77f844f463,48021332,1782832011,0xd577d9dcff3e46e97d2b859df6d6c68a7dbb6612,0x218172c19435ba4adfe3d212f3fa9e4e329e782b,0x2cbbf4de26fbae69990aefac46f59ff6c918ab76,1.043841,1.04384133611691,1.04384133611691,,0.8326036949784997
0xc65b293a6370e3c27939bb894a952f5cabc27812d6a4e6ba70cee105ed00390f,48021332,1782832011,0xd577d9dcff3e46e97d2b859df6d6c68a7dbb6612,0x1b18c1d3445630cfe6e0744e1b2d6ab7985d06ef,0x2cbbf4de26fbae69990aefac46f59ff6c918ab76,1.043841,1.04384133611691,1.04384133611691,,0.8326036949784997
0xc365811e8a64c8ccd70faa83ae4b8afbfc6ec93c7ff8db08aec22c291acc104c,48039465,1782868277,0xa7272afc21f9c321024ed93892a1abfeb621c374,0x218172c19435ba4adfe3d212f3fa9e4e329e782b,0xa6da7e3bfad3c8b20c4ac34b2ba055bed9e5d762,1.04654,1.04384133611691,1.04384133611691,,0.8326036949784997
0x2531b88361e63ac5d9f6cfb65e650372a1875c9cfe03a166d019897518d6ebed,48039465,1782868277,0xa7272afc21f9c321024ed93892a1abfeb621c374,0x218172c19435ba4adfe3d212f3fa9e4e329e782b,0xaec4ee9a108304fcc5cdc323d8a2a1d331c342b7,1.04654,1.04384133611691,1.04384133611691,,0.8326036949784997
0xc89cd4789c82d19653cda1f756193e0ed218e5c975d2da5ddc65c6b4a757e6ce,48039465,1782868277,0xa7272afc21f9c321024ed93892a1abfeb621c374,0x218172c19435ba4adfe3d212f3fa9e4e329e782b,0x76585fbba1eb984900eef32b48ec3560255c92d4,1.04654,1.04384133611691,1.04384133611691,,0.8326036949784997
0x550fe756d1229686c14cdc831ae9f5dd132003eaa7444325b6312b736b561574,48039465,1782868277,0xa7272afc21f9c321024ed93892a1abfeb621c374,0x1b18c1d3445630cfe6e0744e1b2d6ab7985d06ef,0xeafdc784772239dfcbd799776f4e5bc53d07a2dd,1.04654,1.04384133611691,1.04384133611691,,0.8326036949784997
0x56638089f3986d3bbfef622f5ba099f4350605e3c53cf336d87c40e19d3e5846,48039465,1782868277,0xa7272afc21f9c321024ed93892a1abfeb621c374,0x1b18c1d3445630cfe6e0744e1b2d6ab7985d06ef,0xacfa576aa81f7501e3dd1122eba67e3de7d5d5a3,1.04654,1.04384133611691,1.04384133611691,,0.8326036949784997
0x636afbacc904c32e6d0347193d06b14030e34a7a3156cd17329a16e0bf015d18,48039528,1782868403,0xd577d9dcff3e46e97d2b859df6d6c68a7dbb6612,0x218172c19435ba4adfe3d212f3fa9e4e329e782b,0x2cbbf4de26fbae69990aefac46f59ff6c918ab76,1.048486,1.04384133611691,1.04384133611691,,0.8326036949784997
0x38e824bd2976c85d6c1b9959bc0bc0700e61fbdf2caecd94965ae2186db85cd7,48039561,1782868469,0xa7272afc21f9c321024ed93892a1abfeb621c374,0x218172c19435ba4adfe3d212f3fa9e4e329e782b,0xa6da7e3bfad3c8b20c4ac34b2ba055bed9e5d762,1.043841,1.04384133611691,1.04384133611691,,0.8326036949784997
0x8bd613eebaff756792d0e95296017716629a28cace4f32334638ac9fc71f2146,48039561,1782868469,0xa7272afc21f9c321024ed93892a1abfeb621c374,0x218172c19435ba4adfe3d212f3fa9e4e329e782b,0xaec4ee9a108304fcc5cdc323d8a2a1d331c342b7,1.043841,1.04384133611691,1.04384133611691,,0.8326036949784997
0x250afb473a57f1ba2e4f5e08ee57caf6258ef8ac50c2b2ff3f4df7c3c6361e3b,48039562,1782868471,0xa7272afc21f9c321024ed93892a1abfeb621c374,0x218172c19435ba4adfe3d212f3fa9e4e329e782b,0x76585fbba1eb984900eef32b48ec3560255c92d4,1.043841,1.04384133611691,1.04384133611691,,0.8326036949784997
0x5576fb6030902d930bcc24a35d78471bcfe4532b93b7163f2339f8e1f65c5dde,48039563,1782868473,0xa7272afc21f9c321024ed93892a1abfeb621c374,0x1b18c1d3445630cfe6e0744e1b2d6ab7985d06ef,0xeafdc784772239dfcbd799776f4e5bc53d07a2dd,1.043841,1.04384133611691,1.04384133611691,,0.8326036949784997
0x1338b5859c8254e490fa6b30292dd0e5ec04a3288710dfcc79480351b713bdc1,48039563,1782868473,0xa7272afc21f9c321024ed93892a1abfeb621c374,0x1b18c1d3445630cfe6e0744e1b2d6ab7985d06ef,0xfd588c58ba2793f2bc38f9f0ca64f3dde7ced96c,1.043841,1.04384133611691,1.04384133611691,,0.8326036949784997
0xb6c1a743b0e2acad497cfcf99fbe2682b546b654eb5637a746bca5bc67b14674,48039563,1782868473,0xa7272afc21f9c321024ed93892a1abfeb621c374,0x1b18c1d3445630cfe6e0744e1b2d6ab7985d06ef,0xacfa576aa81f7501e3dd1122eba67e3de7d5d5a3,1.043841,1.04384133611691,1.04384133611691,,0.8326036949784997
0xa8d73ec64db7a9e801ab78956133db0799e54e1a9c4a58231cd31ec3b90d9dc6,48720545,1784230437,0xa7272afc21f9c321024ed93892a1abfeb621c374,0x218172c19435ba4adfe3d212f3fa9e4e329e782b,0x7238baa516eee96e4bc1c1b85b21936f030c638e,1.043841,1.04384133611691,1.04384133611691,,0.8326036949784997
0x76a269f209bdaf2762bdb1481748c878915ea4aad546d18359be34bd594184b3,49810252,1786409851,0xa7272afc21f9c321024ed93892a1abfeb621c374,0x218172c19435ba4adfe3d212f3fa9e4e329e782b,0x7238baa516eee96e4bc1c1b85b21936f030c638e,1.043841,1.04384133611691,1.04384133611691,,0.8326036949784997
0x26a632e6f84e33c1c79579d4c710e13001454d76e15ef0cbcc49f8e218a31236,51233837,1789257021,0x5067a0fcbb81a2399908ee620aa2afffc9a541d9,0xe625d87ca5dd27428362b8595e2723012c13ce12,0xe625d87ca5dd27428362b8595e2723012c13ce12,1.009981,1.01,1.01,,0.3
0x8767a7ea268028ebbfe569ea4d3e8e02669df416b729a59c1dea33a6adf20b0b,51606456,1790002259,0x68cc71a31cec93b9c69de6bfa498d26222804287,0x1b18c1d3445630cfe6e0744e1b2d6ab7985d06ef,0x5a4b09693ccaa2c3218592d0bafa7788a01f4600,1.043841,1.04384133611691,1.04384133611691,,0.8326036949784997
0xdc975238b1d34d1cc98a65c5bf4fc4a330c6c98e2b9888a8d0b6079908793474,51608270,1790005887,0x68cc71a31cec93b9c69de6bfa498d26222804287,0x1b18c1d3445630cfe6e0744e1b2d6ab7985d06ef,0x5a4b09693ccaa2c3218592d0bafa7788a01f4600,1.043841,1.04384133611691,1.04384133611691,,0.8326036949784997
0xf233b4d3c925a9a1b8b6c1a6038b28d0973a0e7a6a6ae3c55fc90501a4414a21,51608276,1790005899,0x68cc71a31cec93b9c69de6bfa498d26222804287,0x1b18c1d3445630cfe6e0744e1b2d6ab7985d06ef,0x5a4b09693ccaa2c3218592d0bafa7788a01f4600,1.045897,1.04384133611691,1.04384133611691,,0.8326036949784997
0x4abf50208563135733d22a857ae0d1087181545694be445f999d732a1b6ad772,51609406,1790008159,0x68cc71a31cec93b9c69de6bfa498d26222804287,0x1b18c1d3445630cfe6e0744e1b2d6ab7985d06ef,0x5a4b09693ccaa2c3218592d0bafa7788a01f4600,1.043841,1.04384133611691,1.04384133611691,,0.8326036949784997
0x2dda97209e09c524c64c0f3e0bc930e2a04a61c1d8467e47cb47a39655926d55,51616132,1790021611,0x68cc71a31cec93b9c69de6bfa498d26222804287,0x1b18c1d3445630cfe6e0744e1b2d6ab7985d06ef,0x5a4b09693ccaa2c3218592d0bafa7788a01f4600,1.043841,1.04384133611691,1.04384133611691,,0.8326036949784997
0x61a1710b2826237c824ec4cf2e890a0d16ebc06bb7160064afdd34f5ca26dc91,51616276,1790021899,0x68cc71a31cec93b9c69de6bfa498d26222804287,0x1b18c1d3445630cfe6e0744e1b2d6ab7985d06ef,0x5a4b09693ccaa2c3218592d0bafa7788a01f4600,1.046132,1.04384133611691,1.04384133611691,,0.8326036949784997
0xbce3769127697f11380a3c21dc0046496363b5645c823f9a7033647fd06c5c93,51616355,1790022057,0x68cc71a31cec93b9c69de6bfa498d26222804287,0x1b18c1d3445630cfe6e0744e1b2d6ab7985d06ef,0x5a4b09693ccaa2c3218592d0bafa7788a01f4600,1.043841,1.04384133611691,1.04384133611691,,0.8326036949784997
0xf2609e7ed8cc4127874bea8a204cad05652600c8dc21c00f1c7acf912f19c7f7,51616666,1790022679,0x68cc71a31cec93b9c69de6bfa498d26222804287,0x1b18c1d3445630cfe6e0744e1b2d6ab7985d06ef,0x5a4b09693ccaa2c3218592d0bafa7788a01f4600,1.043841,1.04384133611691,1.04384133611691,,0.8326036949784997
